record_id,source_id,source_type,headline,body,published_at,timestamp_quality,simulated_at,is_synthetic,primary_entity_id,source_url
gd-000b9d172140,gdelt_gkg_v2,news,Retaining Amaravati as an ancient town,,2026-10-09T07:30:00Z,original,,false,,https://www.thehindu.com/opinion/columns/retaining-amaravati-as-an-ancient-town/article56846058.ece1
gd-008e7ddf1023,gdelt_gkg_v2,news,Drunk Frenchman drove on wrong side of Isle of Wight road | Isle of Wight County Press,,2026-10-09T07:30:00Z,original,,false,,https://www.countypress.co.uk/news/26614505.drunk-frenchman-drove-wrong-side-isle-wight-road/
gd-00b6c46065ac,gdelt_gkg_v2,news,'Please excuse us from writing these notes …' – Winnipeg Free Press,,2026-10-09T07:30:00Z,original,,false,,https://www.winnipegfreepress.com/opinion/editorials/2026/10/09/please-excuse-us-from-writing-these-notes
gd-019d9843d028,gdelt_gkg_v2,news,Zscaler (NASDAQ:ZS) Stock Gets Price Target Increase from Needham & Company LLC,,2026-10-09T07:30:00Z,original,,false,,https://www.dailypolitical.com/2026/10/08/zscaler-nasdaqzs-stock-gets-price-target-increase-from-needham-company-llc.html
gd-01be47d9e1f7,gdelt_gkg_v2,news,Update On ICE Shooting In New York City | KFYR 550 AM / 99.7 FM,,2026-10-09T07:30:00Z,original,,false,,https://kfyr.iheart.com/content/2026-10-08-update-on-ice-shooting-in-new-york-city/
gd-01e6c7e4bc38,gdelt_gkg_v2,news,Now Muslim bouncers barred from providing security to Hindu revelers,,2026-10-09T07:30:00Z,original,,false,,https://www.ummid.com/news/2026/10/9/now-muslim-bouncers-barred-from-providing-security-to-hindu-revelers.html
gd-02fbd344da13,gdelt_gkg_v2,news,"'Crazy Rich Asians' Series Greenlit. Constance Wu, Henry Golding, and Michelle Yeoh Returning",,2026-10-09T07:30:00Z,original,,false,,https://rollingstoneindia.com/crazy-rich-asians-series-greenlit-constance-wu-henry-golding-and-michelle-yeoh-returning/
gd-03cf0abd2d42,gdelt_gkg_v2,news,Teenager suffers serious injuries in New Forest after crash,,2026-10-09T07:30:00Z,original,,false,,https://www.bournemouthecho.co.uk/news/26621068.teenager-suffers-serious-injuries-new-forest-crash/
gd-03d10561f1ac,gdelt_gkg_v2,news,Amazon Alexa Tablets bring Nanomatte display to 12 Pro,,2026-10-09T07:30:00Z,original,,false,,https://www.el-balad.com/17056276
gd-03febfdae896,gdelt_gkg_v2,news,"Leadership and storytelling in election season, by Azu Ishiekwene",,2026-10-09T07:30:00Z,original,,false,,https://www.vanguardngr.com/2026/10/leadership-and-storytelling-in-election-season-by-azu-ishiekwene-2/
gd-045b405c4585,gdelt_gkg_v2,news,Page A1 | The Star e-Edition | kpcnews.com,,2026-10-09T07:30:00Z,original,,false,,https://www.kpcnews.com/eedition_new/eedition_star/page_227ce6bf-b983-5a34-a07c-0414a07764c4.html
gd-047f0ef84f2a,gdelt_gkg_v2,news,FIR registered after Kashmiri youth alleges assault at Connaught Place protest,,2026-10-09T07:30:00Z,original,,false,,https://timesofindia.indiatimes.com/india/fir-registered-after-kashmiri-youth-alleges-assault-at-connaught-place-protest/articleshow/134816243.cms
gd-04c3badcc1fe,gdelt_gkg_v2,news,SECRET ENERGY TALKS: U.S. And Russia Explore American Investment In Nord Stream Pipelines,,2026-10-09T07:30:00Z,original,,false,,https://www.theyeshivaworld.com/news/general/2607415/secret-energy-talks-u-s-and-russia-explore-american-investment-in-nord-stream-pipelines.html
gd-04cc70455df2,gdelt_gkg_v2,news,Before You Turn Up the Heat: What Is Your HVAC System Trying to Tell You?,,2026-10-09T07:30:00Z,original,,false,,http://www.dailyadvance.com/online_features/green_living/before-you-turn-up-the-heat-what-is-your-hvac-system-trying-to-tell-you/article_f0740c5c-2faa-515a-bd03-30cdf4d711cb.html
gd-058b6978f0ba,gdelt_gkg_v2,news,Australian Market Extends Early Gains In Mid-market,,2026-10-09T07:30:00Z,original,,false,,https://www.rttnews.com/story.aspx?Id=3697708
gd-05defce7b3f1,gdelt_gkg_v2,news,Cantourage and Green Karat deepen strategic partnership following EU-GMP certification,,2026-10-09T07:30:00Z,original,,false,,https://www.timminspress.com/press-releases/pr-newswire/cantourage-and-green-karat-deepen-strategic-partnership-following-eu-gmp-certification/
gd-05e96e62598a,gdelt_gkg_v2,news,"Huge rave to take place 1,375ft below abandoned Gwynedd mine",,2026-10-09T07:30:00Z,original,,false,,https://www.northwaleschronicle.co.uk/news/26619194.huge-rave-take-place-1-375ft-abandoned-gwynedd-mine/
gd-063b6a2c976d,gdelt_gkg_v2,news,KEEA Residents Prefer 'Free Range' To Proper Toilets –MCE - The Ghanaian Chronicle,,2026-10-09T07:30:00Z,original,,false,,https://thechronicle.com.gh/keea-residents-prefer-free-range-to-proper-toilets-mce/
gd-06a8228bc762,gdelt_gkg_v2,news,Navient Corporation (NASDAQ:NAVI) Stock Has Average Price Target of $8.08 According to Brokerages,,2026-10-09T07:30:00Z,original,,false,,https://www.themarketsdaily.com/2026/10/09/navient-corporation-nasdaqnavi-stock-has-average-price-target-of-8-08-according-to-brokerages.html
gd-0712fd4472d5,gdelt_gkg_v2,news,Original-Research: Verbio SE (von NuWays AG): BUY,,2026-10-09T07:30:00Z,original,,false,,https://www.finanznachrichten.de/nachrichten-2026-10/69795638-original-research-verbio-se-von-nuways-ag-buy-023.htm
gd-071e3486c36c,gdelt_gkg_v2,news,Never forget breakfast again with the new UNCLE TOBYS Oat Ring,,2026-10-09T07:30:00Z,original,,false,,http://www.sydneysun.com/news/279361108/never-forget-breakfast-again-with-the-new-uncle-tobys-oat-ring
gd-07abcd3ce68f,gdelt_gkg_v2,news,"Dutch café payment points pressure diners into excessive tipping, expert says",,2026-10-09T07:30:00Z,original,,false,,https://nltimes.nl/2026/10/09/dutch-cafe-payment-points-pressure-diners-excessive-tipping-expert-says
gd-080372d3d2dd,gdelt_gkg_v2,news,Cardinal swimmers pick up I-8 win at Marshall,,2026-10-09T07:30:00Z,original,,false,,https://wtvbam.com/2026/10/09/cardinal-swimmers-pick-up-i-8-win-at-marshall/
gd-084d203fdce1,gdelt_gkg_v2,news,3 Stocks Poised to Gain as Google Brings Its AI Chips to Market,,2026-10-09T07:30:00Z,original,,false,,https://www.fool.com/investing/2026/10/09/3-stocks-poised-to-gain-as-google-brings-its-ai-ch/
gd-08e4ccb9c6d2,gdelt_gkg_v2,news,The Future Is Printed: 66 Times People Used a 3D Printer to Solve Everything,,2026-10-09T07:30:00Z,original,,false,,https://www.boredpanda.com/useful-cool-3d-prints/?cexp_id=162731&_f=homepage_featured&cexp_var=22
gd-08ea2a9b3acd,gdelt_gkg_v2,news,"Europe Today: French students 'retake Bastille', Trump 'unwilling' to help Ukraine",,2026-10-09T07:30:00Z,original,,false,,https://www.euronews.com/2026/10/09/europe-today-french-students-retake-bastille-trump-unwilling-to-help-ukraine
gd-08f27579d840,gdelt_gkg_v2,news,C Spire Prepares Network for Hurricane Isaias,,2026-10-09T07:30:00Z,original,,false,,https://www.wtok.com/2026/10/09/c-spire-prepares-network-hurricane-isaias/
gd-08f6e5dceef3,gdelt_gkg_v2,news,An LPM beach concept is opening in Dubai this November,,2026-10-09T07:30:00Z,original,,false,,https://whatson.ae/2026/10/an-lpm-beach-concept-is-opening-in-dubai-this-november/
gd-091808c1b7cf,gdelt_gkg_v2,news,Alphabet Stock: A 'Strong Buy' Due To Its AI Compute Scale (NASDAQ:GOOG),,2026-10-09T07:30:00Z,original,,false,,https://seekingalpha.com/article/4952964-alphabet-stock-strong-buy-due-to-its-compute-scale
gd-09822c8e8352,gdelt_gkg_v2,news,"KSEAB SSLC, 2nd PUC timetable 2027 released: Check exam dates, schedule and PDF links",,2026-10-09T07:30:00Z,original,,false,,https://timesofindia.indiatimes.com/education/news/kseab-sslc-2nd-puc-timetable-2027-released-check-exam-dates-schedule-and-pdf-links/articleshow/134815640.cms
gd-0a78923c1690,gdelt_gkg_v2,news,NFU Cymru joins Plaid Cymru at the party's autumn conference,,2026-10-09T07:30:00Z,original,,false,,https://www.northwaleschronicle.co.uk/news/26618433.nfu-cymru-joins-plaid-cymru-partys-autumn-conference/
gd-0b0311fdfbe4,gdelt_gkg_v2,news,"Plans outlined for two key outdoor spaces in Callan, County Kilkenny",,2026-10-09T07:30:00Z,original,,false,,https://kclr96fm.com/plans-outlined-for-two-key-outdoor-spaces-in-callan-county-kilkenny/
gd-0b75c1a79921,gdelt_gkg_v2,news,CJP protest: Trains to two Delhi stations cancelled from 4 a.m. to 2 p.m. on Oct. 10,,2026-10-09T07:30:00Z,original,,false,,https://www.thehindu.com/news/cities/Delhi/all-trains-to-new-delhi-nizamuddin-stations-cancelled-on-oct-10-4-am-2-pm-cjp-protest/article71562934.ece
gd-0c1ceb3a3d2f,gdelt_gkg_v2,news,Editorial — Bloomberg Opinion: Congress ought to fix the flawed Saudi nuclear deal,,2026-10-09T07:30:00Z,original,,false,,https://www.thedailynewsonline.com/opinion/editorial-bloomberg-opinion-congress-ought-to-fix-the-flawed-saudi-nuclear-deal/article_6b5e82a9-9758-44ae-9406-bb9d00c27fec.html
gd-0cac5b3ee976,gdelt_gkg_v2,news,Bajaj ADV Launch With Multiple Engine Options - Brazil Head Confirms,,2026-10-09T07:30:00Z,original,,false,,https://www.rushlane.com/bajaj-adv-launch-with-multiple-engine-options-brazil-head-confirms-12557962.html
gd-0cedc416a9f0,gdelt_gkg_v2,news,Carlow and Kilkenny bracing for next week's planned strike action across public sector,,2026-10-09T07:30:00Z,original,,false,,https://kclr96fm.com/carlow-and-kilkenny-bracing-for-next-weeks-planned-strike-action-across-public-sector/
gd-0d0ee3d96b3b,gdelt_gkg_v2,news,"El-Sayed, Rogers Clash In Michigan Senate Debate",,2026-10-09T07:30:00Z,original,,false,,https://710wor.iheart.com/content/2026-10-09-el-sayed-rogers-clash-in-michigan-senate-debate/
gd-0d5c25bbc417,gdelt_gkg_v2,news,Editorial: Ghana Cannot Afford To Miss The AI Revolution - The Ghanaian Chronicle,,2026-10-09T07:30:00Z,original,,false,,https://thechronicle.com.gh/editorial-ghana-cannot-afford-to-miss-the-ai-revolution/
gd-0db4a2b61e70,gdelt_gkg_v2,news,"GPA: Partial road closure in Piti on Saturday, Sunday",,2026-10-09T07:30:00Z,original,,false,,https://www.guampdn.com/news/gpa-partial-road-closure-in-piti-on-saturday-sunday/article_bee75f92-330a-42c2-8898-dd319becc456.html
gd-0e248e62146f,gdelt_gkg_v2,news,Andy Burnham announces new 'free of charge' rule for passengers on all UK flights,,2026-10-09T07:30:00Z,original,,false,,https://www.nottinghampost.com/news/uk-world-news/andy-burnham-announces-new-free-11190728
gd-0e6bbf9bc2d8,gdelt_gkg_v2,news,October 7 massacre anniversary comes before Israel vote,,2026-10-09T07:30:00Z,original,,false,,http://www.parisguardian.com/news/279358022/october-7-massacre-anniversary-comes-before-israel-vote
gd-0f6b458ad804,gdelt_gkg_v2,news,Navy orders full military honours for late Commodore Adogu,,2026-10-09T07:30:00Z,original,,false,,https://www.vanguardngr.com/2026/10/navy-orders-full-military-honours-for-late-commodore-adogu/
gd-102c0877d7d7,gdelt_gkg_v2,news,Delhi Metro: 'Unruly mob movement': Why cops wants 57 Delhi metro stations to shut gates ahead of CJP stir | Delhi News,,2026-10-09T07:30:00Z,original,,false,,https://timesofindia.indiatimes.com/city/delhi/unruly-mob-movement-why-cops-wants-57-delhi-metro-stations-to-shut-gates-amid-cjp-stir/articleshow/134817382.cms
gd-1062d040b055,gdelt_gkg_v2,news,"Alberta feels the diesel squeeze, as report says inflation could spread beyond the pump",,2026-10-09T07:30:00Z,original,,false,,https://www.dailyheraldtribune.com:443/business/alberta-diesel-crude-oil-prices-inflation/wcm/814c71f1-827f-4f0f-8b24-13d6c63bdfe6
gd-108839887a30,gdelt_gkg_v2,news,Ministry of Energy and Infrastructure organises UAE-France Energy Forum to deepen cooperation,,2026-10-09T07:30:00Z,original,,false,,http://www.parisguardian.com/news/279361148/ministry-of-energy-and-infrastructure-organises-uae-france-energy-forum-to-deepen-cooperation
gd-10b66e1c9eaf,gdelt_gkg_v2,news,"2027 Elections: 84% Of Nigerians Willing To Vote, 61% Fear Violence -Yiaga Africa",,2026-10-09T07:30:00Z,original,,false,,https://thechronicle.com.gh/2027-elections-84-of-nigerians-willing-to-vote-61-fear-violence-yiaga-africa/
gd-11657843c67b,gdelt_gkg_v2,news,Best Buy To Offer Additional Switch 2 Zelda Units In-Store At Midnight Launch,,2026-10-09T07:30:00Z,original,,false,,https://www.nintendolife.com/news/2026/10/best-buy-to-offer-additional-switch-2-zelda-units-in-store-at-midnight-launch
gd-11b7061aed53,gdelt_gkg_v2,news,Linda Witchell called for greater understanding of pet grief,,2026-10-09T07:30:00Z,original,,false,,https://www.bournemouthecho.co.uk/news/26617926.linda-witchell-called-greater-understanding-pet-grief/
gd-12100cbcb04e,gdelt_gkg_v2,news,"Keighley women's centre expands after £164,000 funding",,2026-10-09T07:30:00Z,original,,false,,https://www.keighleynews.co.uk/news/26617875.keighley-womens-centre-expands-164-000-funding/
gd-12adf9c81cfd,gdelt_gkg_v2,news,US trade deficit widens 13.7% as imports hit record high,,2026-10-09T07:30:00Z,original,,false,,http://www.sydneysun.com/news/279355438/us-trade-deficit-widens-13-7-as-imports-hit-record-high
gd-1301fb2e09a7,gdelt_gkg_v2,news,US to livestream execution of Fort Hood mass shooter,,2026-10-09T07:30:00Z,original,,false,,https://www.rte.ie/news/us/2026/1009/1594653-us-execution/
gd-1399a47ea321,gdelt_gkg_v2,news,Pentagon says the firing squad execution of Fort Hood shooter will be livestreamed,,2026-10-09T07:30:00Z,original,,false,,https://www.wypr.org/2026-10-09/pentagon-says-the-firing-squad-execution-of-fort-hood-shooter-will-be-livestreamed
gd-140c2bf791a3,gdelt_gkg_v2,news,"World Bank Urges States to Prioritise Better Jobs, Human Capital, Services Amid 93% Revenue Rise – THISDAYLIVE",,2026-10-09T07:30:00Z,original,,false,,https://www.thisdaylive.com/2026/10/09/world-bank-urges-states-to-prioritise-better-jobs-human-capital-services-amid-93-revenue-rise/
gd-14ef999e3ade,gdelt_gkg_v2,news,Yellow Caravan Man makes return to Nottinghamshire yet again as he sets up camp,,2026-10-09T07:30:00Z,original,,false,,https://www.nottinghampost.com/news/nottingham-news/yellow-caravan-man-makes-return-11188834
gd-152d3fc90c0d,gdelt_gkg_v2,news,Sri Lanka's Coal Scandal: Commission Probe as Losses Reach Rs 17.965 Billion – Sri Lanka Guardian,,2026-10-09T07:30:00Z,original,,false,,https://slguardian.org/sri-lankas-coal-scandal-commission-probe-as-losses-reach-rs-17-965-billion/
gd-15920aed4a3b,gdelt_gkg_v2,news,"Eritrean Troops Reportedly Enter Ethiopia, Raising Fears of Renewed Horn of Africa War",,2026-10-09T07:30:00Z,original,,false,,https://slguardian.org/eritrean-troops-reportedly-enter-ethiopia-raising-fears-of-renewed-horn-of-africa-war/
gd-15a02d8d61f0,gdelt_gkg_v2,news,Spring into Yanchep National Park this month with free hut-building activities run by Educated by Nature,,2026-10-09T07:30:00Z,original,,false,,https://www.perthnow.com.au/wa/perth/north/spring-into-yanchep-national-park-this-month-with-free-hut-building-activities-run-by-educated-by-nature-c-22916446
gd-16fa5449997f,gdelt_gkg_v2,news,Kazakhstan drafts rules for digital asset issuance in financial markets,,2026-10-09T07:30:00Z,original,,false,,https://www.trend.az/casia/kazakhstan/4232788.html
gd-17e393a4d29a,gdelt_gkg_v2,news,Trump Accounts Could Put SSI At Risk,,2026-10-09T07:30:00Z,original,,false,,https://www.disabilityscoop.com/2026/10/09/trump-accounts-could-put-ssi-at-risk/32214/
gd-1820756c003e,gdelt_gkg_v2,news,Why Would we Trust You? | Elvis Duran and the Morning Show,,2026-10-09T07:30:00Z,original,,false,,https://elvisduran.iheart.com/featured/elvis-duran/content/2026-10-09-1014-elvis-duran-and-the-morni-why-would-we-trust-you/
gd-182b9263fbfc,gdelt_gkg_v2,news,Mefor: Anambra Shopping for Partners to Boost Off-Grid Electricity Generation – THISDAYLIVE,,2026-10-09T07:30:00Z,original,,false,,https://www.thisdaylive.com/2026/10/09/mefor-anambra-shopping-for-partners-to-boost-off-grid-electricity-generation/
gd-189fe98dd97d,gdelt_gkg_v2,news,Exhibitions open at Zeugma Museum,,2026-10-09T07:30:00Z,original,,false,,https://www.hurriyetdailynews.com/exhibitions-open-at-zeugma-museum-227899
gd-18b9cb8f7303,gdelt_gkg_v2,news,Traffic restrictions for Bucharest International Marathon and other social events,,2026-10-09T07:30:00Z,original,,false,,https://www.stiripesurse.ro/traffic-restrictions-for-bucharest-international-marathon-and-other-social-events_3927009
gd-18e5dc7a66a5,gdelt_gkg_v2,news,Casey Desantis and Hope Florida report ordered expunged,,2026-10-09T07:30:00Z,original,,false,,https://www.el-balad.com/17056275
gd-194213b5c158,gdelt_gkg_v2,news,Independent TV producers concerned over RTÉ funding cut,,2026-10-09T07:30:00Z,original,,false,,https://www.rte.ie/news/ireland/2026/1009/1594663-rte-funding/
gd-194c6b02f4cb,gdelt_gkg_v2,news,"Barclays Upgrades Bausch + Lomb (NYSE:BLCO) to ""Strong-Buy""",,2026-10-09T07:30:00Z,original,,false,,https://www.dailypolitical.com/2026/10/08/barclays-upgrades-bausch-lomb-nyseblco-to-strong-buy.html
gd-19d88b576a72,gdelt_gkg_v2,news,"Please, sir, can I have a walk? Dickens biographer finds likely inspiration for Oliver Twist",,2026-10-09T07:30:00Z,original,,false,,https://www.theguardian.com/books/2026/oct/09/dickens-book-oliver-twist-inspiration
gd-1a3756af4b39,gdelt_gkg_v2,news,Stanbic Bank Sensitizes SHS Girls On WiSTEMgh And Carrer Choice,,2026-10-09T07:30:00Z,original,,false,,https://thechronicle.com.gh/stanbic-bank-sensitizes-shs-girls-on-wistemgh-and-carrer-choice/
gd-1a95ccdfb949,gdelt_gkg_v2,news,Mexico murder trial: Parents of slain Australian surfers ask for maximum sentence,,2026-10-09T07:30:00Z,original,,false,,https://www.watoday.com.au/world/north-america/our-world-stopped-parents-of-slain-australian-surfers-ask-for-maximum-sentence-20261009-p61494.html
gd-1aa784288417,gdelt_gkg_v2,news,Page A1 | The Sun Chronicle | thesunchronicle.com,,2026-10-09T07:30:00Z,original,,false,,https://www.thesunchronicle.com/eedition/tsc/page-a1/page_131b608b-a10e-5f18-8226-77a7878b28fd.html
gd-1b22f59d3c44,gdelt_gkg_v2,news,Memphis Auld denied bail over alleged Tuggeranong sheep cruelty | Braidwood Times,,2026-10-09T07:30:00Z,original,,false,,https://www.braidwoodtimes.com.au/story/9365701/memphis-auld-denied-bail-over-alleged-tuggeranong-sheep-cruelty/
gd-1b67eec56ef1,gdelt_gkg_v2,news,"Compensation delays prevent plot allocation at Area 54, Dunduzu and Matindi",,2026-10-09T07:30:00Z,original,,false,,https://www.nyasatimes.com/compensation-delays-prevent-plot-allocation-at-area-54-dunduzu-and-matindi/
gd-1b6fe3178f89,gdelt_gkg_v2,news,Nuclear deterrence: who are the real Care Bears,,2026-10-09T07:30:00Z,original,,false,,http://www.cambodiantimes.com/news/279360870/nuclear-deterrence-who-are-the-real-care-bears
gd-1b8d629d501b,gdelt_gkg_v2,news,Queen Camilla continues her mission with important Clarence House meetings,,2026-10-09T07:30:00Z,original,,false,,https://www.geo.tv/latest/685694-queen-camilla-continues-her-mission-with-important-clarence-house-meetings
gd-1c7fba57df60,gdelt_gkg_v2,news,Aditya Sarpotdar on spotting Aneet Padda's talent before 'Saiyaara': 'Very few actresses possess this kind of range' |,,2026-10-09T07:30:00Z,original,,false,,https://timesofindia.indiatimes.com/entertainment/hindi/bollywood/news/aditya-sarpotdar-on-spotting-aneet-paddas-talent-before-saiyaara-very-few-actresses-possess-this-kind-of-range/articleshow/134816771.cms
gd-1c87789cdceb,gdelt_gkg_v2,news,Choosing 'The Chosen' for parish viewing | The Catholic Register,,2026-10-09T07:30:00Z,original,,false,,https://www.catholicregister.org/item/4487-from-the-chosen-season-seven-set
gd-1d6b9af84459,gdelt_gkg_v2,news,Nigeria's economy to grow at 4.3% in 2026 —World Bank,,2026-10-09T07:30:00Z,original,,false,,https://www.vanguardngr.com/2026/10/nigerias-economy-to-grow-at-4-3-in-2026-world-bank/
gd-1e38ad6e07bd,gdelt_gkg_v2,news,"Martin Lewis exposes 49-day rule for Octopus, EDF British Gas energy customers",,2026-10-09T07:30:00Z,original,,false,,https://www.dailypost.co.uk/news/cost-of-living/martin-lewis-exposes-49-day-34738713
gd-1e65da447ff9,gdelt_gkg_v2,news,Accountant (9318) - Λάρνακα,,2026-10-09T07:30:00Z,original,,false,,https://cyprusnews.eu/carierista/accountant-9318-larnaka-2/
gd-1fd1ed5d43a4,gdelt_gkg_v2,news,"Guy Gentile Introduces AI Trading Edge, a 25-Chapter Guide to Building Machine-Learning Systems for Real Markets",,2026-10-09T07:30:00Z,original,,false,,https://www.timminspress.com/press-releases/newsfile/guy-gentile-introduces-ai-trading-edge-a-25-chapter-guide-to-building-machine-learning-systems-for-real-markets/
gd-2004f30b1c06,gdelt_gkg_v2,news,Haze: MUET Speaking test postponed to November,,2026-10-09T07:30:00Z,original,,false,,https://www.thestar.com.my/news/nation/2026/10/09/haze-muet-speaking-test-postponed-to-november
gd-200756d7e78f,gdelt_gkg_v2,news,Oasis documentary Don't Look Back In Anger now streaming with major changes,,2026-10-09T07:30:00Z,original,,false,,https://www.chroniclelive.co.uk/whats-on/shopping/oasis-dont-look-back-anger-34731413
gd-208ebe180959,gdelt_gkg_v2,news,U.S. county sues to block Trump's Triumphal Arch project,,2026-10-09T07:30:00Z,original,,false,,http://en.people.cn/n3/2026/1009/c90000-20506514.html
gd-20b817796ebf,gdelt_gkg_v2,news,Nurseries urged to stop outdoor activities amid haze,,2026-10-09T07:30:00Z,original,,false,,https://www.thestar.com.my/news/nation/2026/10/09/nurseries-urged-to-stop-outdoor-activities-amid-haze
gd-21087d46c0d0,gdelt_gkg_v2,news,15 walks in Ireland that are worth braving the weather for,,2026-10-09T07:30:00Z,original,,false,,https://www.rte.ie/lifestyle/travel/2026/1009/1475751-15-walks-in-ireland-that-are-worth-braving-the-weather-for/
gd-220062a903dd,gdelt_gkg_v2,news,From mission to action – future of road safety in Tamil Nadu,,2026-10-09T07:30:00Z,original,,false,,https://www.thehindu.com/news/national/tamil-nadu/from-mission-to-action-future-of-road-safety-in-tamil-nadu/article71562858.ece
gd-22fe567b0512,gdelt_gkg_v2,news,Szczecin Match Race 2026 Kicks Off This Weekend,,2026-10-09T07:30:00Z,original,,false,,https://www.mysailing.com.au/szczecin-match-race-under-starters-orders/
gd-231ad6dcb7fc,gdelt_gkg_v2,news,How to buy Tyson Fury vs Anthony Joshua tickets as sale starts today,,2026-10-09T07:30:00Z,original,,false,,https://www.dailypost.co.uk/whats-on/shopping/tyson-fury-anthony-joshua-tickets-34734874
gd-231b967b08f4,gdelt_gkg_v2,news,Azerbaijan strengthens its position as one of the region's key transport hubs - President Ilham Aliyev,,2026-10-09T07:30:00Z,original,,false,,https://www.trend.az/azerbaijan/4232783.html
gd-231eda53e591,gdelt_gkg_v2,news,Carol Hyde - Daily Hampshire Gazette,,2026-10-09T07:30:00Z,original,,false,,https://gazettenet.com/2026/10/09/obit-carol-hyde-212562416/
gd-24c2d5c64f42,gdelt_gkg_v2,news,Documentary traces Musk's rise and embrace of right-wing,,2026-10-09T07:30:00Z,original,,false,,https://www.krwg.org/shows/newshour/clip/musk-1791500279
gd-25041607841d,gdelt_gkg_v2,news,Fading free trade - People's Daily Online,,2026-10-09T07:30:00Z,original,,false,,http://en.people.cn/n3/2026/1009/c90000-20506446.html
gd-254a051487d9,gdelt_gkg_v2,news,"Delhi Police deny permission for CJP's October 10 Jantar Mantar protest, cite breach of past undertaking",,2026-10-09T07:30:00Z,original,,false,,https://www.thehindu.com/todays-paper/tp-national/delhi-police-deny-cjps-october-10-jantar-mantar-protest/article71562901.ece
gd-25bb50bd863b,gdelt_gkg_v2,news,Trump Says US Won't Attack Iran Before Midterm Elections,,2026-10-09T07:30:00Z,original,,false,,http://www.parisguardian.com/news/279361043/trump-says-us-wont-attack-iran-before-midterm-elections
gd-25d8551bc2aa,gdelt_gkg_v2,news,Thanksgiving: What's open and what's closed in Niagara,,2026-10-09T07:30:00Z,original,,false,,https://www.stcatharinesstandard.ca/news/niagara-region/open-closed-businesses-niagara-thanksgiving-2026/article_8d0495a4-1d22-56c4-bd87-0691d6286195.html
gd-25fea748ea84,gdelt_gkg_v2,news,John Healey announces petrol station change with savings for drivers,,2026-10-09T07:30:00Z,original,,false,,https://www.nottinghampost.com/news/uk-world-news/john-healey-announces-petrol-station-11190699
gd-266705fb4f4c,gdelt_gkg_v2,news,Jack the Ripper inspector medal to be auctioned in November,,2026-10-09T07:30:00Z,original,,false,,https://www.bournemouthecho.co.uk/news/26618047.jack-ripper-inspector-medal-auctioned-november/
gd-2766499e8193,gdelt_gkg_v2,news,His Name Is 'Etched Into Supreme Court Jurisprudence',,2026-10-09T07:30:00Z,original,,false,,https://www.newser.com/story/397820/man-dies-7-years-after-scotus-tosses-his-death-sentence.html
gd-28f7a7ee470d,gdelt_gkg_v2,news,Sanibel Island Writers Conference returns this November,,2026-10-09T07:30:00Z,original,,false,,https://www.floridaweekly.com/naples/arts-entertainment/register-now-for-sanibel-island-writers-conference-workshops/article_9fa9fdef-70c3-4b1b-a286-d5f454744ea3.html
gd-29e0a52b545d,gdelt_gkg_v2,news,Labour retains Starmer's Holborn seat defeating Green leader Zack Polanski,,2026-10-09T07:30:00Z,original,,false,,https://www.clydebankpost.co.uk/news/national/26620984.labour-retains-starmers-holborn-seat-defeating-green-leader-zack-polanski/
gd-2b3810f11823,gdelt_gkg_v2,news,The miles behind the mission: How Team Reeve supports those affected by paralysis,,2026-10-09T07:30:00Z,original,,false,,http://www.dailyadvance.com/online_features/health_and_wellness/the-miles-behind-the-mission-how-team-reeve-supports-those-affected-by-paralysis/article_d1e15205-9431-5d57-917c-418711883ddc.html
gd-2b98d4258367,gdelt_gkg_v2,news,WSU Pullman enrollment down nearly 4%,,2026-10-09T07:30:00Z,original,,false,,https://dailyevergreen.com/199989/campus/wsu-pullman-down-nearly-4/
gd-2b9fd321f4eb,gdelt_gkg_v2,news,"Russian strike on buses kills at least 30, as deadly attacks on Ukraine surge",,2026-10-09T07:30:00Z,original,,false,,https://thechronicle.com.gh/russian-strike-on-buses-kills-at-least-30-as-deadly-attacks-on-ukraine-surge/
gd-2bb677ed2076,gdelt_gkg_v2,news,"FG working to bring down inflation, says Presidency",,2026-10-09T07:30:00Z,original,,false,,https://theeagleonline.com.ng/fg-working-to-bring-down-inflation-says-presidency/
gd-2bdbc375de9b,gdelt_gkg_v2,news,LIVE: Watch Budget 2027 as it happens,,2026-10-09T07:30:00Z,original,,false,,https://www.thestar.com.my/news/nation/2026/10/09/live-watch-budget-2027-as-it-happens
gd-2be099741ee7,gdelt_gkg_v2,news,Democrats sue President Trump over taxpayer-funded ad campaign,,2026-10-09T07:30:00Z,original,,false,,https://thechronicle.com.gh/democrats-sue-president-trump-over-taxpayer-funded-ad-campaign/
gd-2c05dcdd7e91,gdelt_gkg_v2,news,Isle of Wight ex-soldier caught with grenades and ammunition | Isle of Wight County Press,,2026-10-09T07:30:00Z,original,,false,,https://www.countypress.co.uk/news/26614817.isle-wight-ex-soldier-caught-grenades-ammunition/
gd-2cc3ecb30b9a,gdelt_gkg_v2,news,'Operation Trishul': candle rally taken out against drug abuse,,2026-10-09T07:30:00Z,original,,false,,https://www.thehindu.com/news/national/andhra-pradesh/operation-trishul-candle-rally-taken-out-against-drug-abuse/article71560689.ece
gd-2d244579ec0b,gdelt_gkg_v2,news,BELL: Alberta separatists stumble and stagger and Elon Musk won't help,,2026-10-09T07:30:00Z,original,,false,,https://calgarysun.com/opinion/columnists/bell-alberta-separatists-stumble-stagger-elon-musk-wont-help/wcm/d9d547ef-4212-492e-bfd1-7becfe40cf6c
gd-2daab60d6ca4,gdelt_gkg_v2,news,Pasadena Worker Accuses 9th Circ. Of 'Lies' In COVID Ruling,,2026-10-09T07:30:00Z,original,,false,,https://www.law360.com:443/articles/2535981
gd-2e124b402511,gdelt_gkg_v2,news,"Shenzhen Bowen Media Infotech Co.,Ltd.: ARC Stages Singapore's First Full-Sized Humanoid Fight Night Professional Martial Artists Pilot Robots REAL-TIME on Stage",,2026-10-09T07:30:00Z,original,,false,,https://www.finanznachrichten.de/nachrichten-2026-10/69795523-shenzhen-bowen-media-infotech-co-ltd-arc-stages-singapore-s-first-full-sized-humanoid-fight-night-professional-martial-artists-pilot-robots-real-ti-296.htm
gd-2e2a828a48e6,gdelt_gkg_v2,news,Batemans Bay Bushwalkers map 150 trails to save lost paths | Merimbula News Weekly,,2026-10-09T07:30:00Z,original,,false,,https://www.merimbulanewsweekly.com.au/story/9365865/batemans-bay-bushwalkers-map-150-trails-to-save-lost-paths/
gd-2e4d369afa83,gdelt_gkg_v2,news,Volunteers needed for the Pumpkin House,,2026-10-09T07:30:00Z,original,,false,,https://www.wsaz.com/2026/10/09/volunteers-needed-pumpkin-house/
gd-2e51c669a7aa,gdelt_gkg_v2,news,Today in Denmark: A roundup of the latest news on Friday,,2026-10-09T07:30:00Z,original,,false,,https://www.thelocal.dk/20261009/today-in-denmark-a-roundup-of-the-latest-news-on-friday-65
gd-2e6497ef6ce4,gdelt_gkg_v2,news,Briefings | Hydrogen Fuel News,,2026-10-09T07:30:00Z,original,,false,,https://www.hydrogenfuelnews.com/briefings
gd-2eef03c5eaf4,gdelt_gkg_v2,news,"Tyson, Pork Buyers Get Final OK For $48M Pork Price-Fix Deal",,2026-10-09T07:30:00Z,original,,false,,https://www.law360.com:443/articles/2536017
gd-2f1b20ef4e50,gdelt_gkg_v2,news,Council Bluffs firefighter dies after suffering medical emergency at fire scene,,2026-10-09T07:30:00Z,original,,false,,https://www.aol.com/article/m/council-bluffs-firefighter-dies-suffering-e8df0e1f-38c9-5d3f-85c9-0c8e60031449.html
gd-2fd883f9accb,gdelt_gkg_v2,news,How we paid millions for release of NYSC members — Parents,,2026-10-09T07:30:00Z,original,,false,,https://theeagleonline.com.ng/how-we-paid-millions-for-release-of-nysc-members-parents/
gd-305488c473f1,gdelt_gkg_v2,news,Additional charges filed in FD shooting,,2026-10-09T07:30:00Z,original,,false,,https://www.messengernews.net/news/local-news/2026/10/additional-charges-filed-in-fd-shooting/
gd-30735bde111f,gdelt_gkg_v2,news,Children among dead in Russian missile barrage,,2026-10-09T07:30:00Z,original,,false,,http://www.newyorkstatesman.com/news/279357994/children-among-dead-in-russian-missile-barrage
gd-31270bc7e769,gdelt_gkg_v2,news,Community - Western Neighborhoods Project - San Francisco History,,2026-10-09T07:30:00Z,original,,false,,"http://outsidelands.org/cgi-bin/mboard/stories2/thread.cgi?843,0"
gd-329bd0c1bed3,gdelt_gkg_v2,news,Aircraft crash: Army won't leave any stones unturned in investigation –Air chief assures,,2026-10-09T07:30:00Z,original,,false,,https://thechronicle.com.gh/aircraft-crash-army-wont-leave-any-stones-unturned-in-investigation-air-chief-assures/
gd-32b31e0b71a8,gdelt_gkg_v2,news,Polanski vows to carry on as Greens leader after by-election defeat to Labour,,2026-10-09T07:30:00Z,original,,false,,https://www.newhamrecorder.co.uk/news/national/26621021.polanski-vows-carry-greens-leader-by-election-defeat-labour/
gd-33e758506368,gdelt_gkg_v2,news,Andy Burnham unveils £48m partnership in bid to 'defeat' dementia,,2026-10-09T07:30:00Z,original,,false,,https://www.newhamrecorder.co.uk/news/national/26621033.andy-burnham-unveils-gbp48m-partnership-bid-defeat-dementia/
gd-34089e18b77a,gdelt_gkg_v2,news,Parliament votes to fly rainbow flag on Coming Out Day as schools join Purple Friday,,2026-10-09T07:30:00Z,original,,false,,https://nltimes.nl/2026/10/09/parliament-votes-fly-rainbow-flag-coming-day-schools-join-purple-friday
gd-346f8dd9b1f2,gdelt_gkg_v2,news,China opens military base at former CIA airfield in Laos,,2026-10-09T07:30:00Z,original,,false,,https://timesofindia.indiatimes.com/world/china/china-opens-military-base-at-former-cia-airfield-in-laos/articleshow/134806998.cms
gd-3504a485cb9d,gdelt_gkg_v2,news,Original-Research: Nexstim Oyj (von NuWays AG): BUY,,2026-10-09T07:30:00Z,original,,false,,https://www.finanznachrichten.de/nachrichten-2026-10/69795645-original-research-nexstim-oyj-von-nuways-ag-buy-023.htm
gd-35140d3f24a7,gdelt_gkg_v2,news,Labour retains Starmer's Holborn seat defeating Green leader Zack Polanski | East London and West Essex Guardian Series,,2026-10-09T07:30:00Z,original,,false,,https://www.guardian-series.co.uk/news/national/26620984.labour-retains-starmers-holborn-seat-defeating-green-leader-zack-polanski/
gd-3583fe0066f0,gdelt_gkg_v2,news,"NSDL hits new low, down 8% vs IPO; CDSL up 748%; analysts decode divergence",,2026-10-09T07:30:00Z,original,,false,,https://www.business-standard.com/markets/news/nsdl-hits-new-low-down-8-vs-ipo-cdsl-up-748-analysts-decode-divergence-126100900424_1.html
gd-359896f27c57,gdelt_gkg_v2,news,The Silk Road Has Reached South America,,2026-10-09T07:30:00Z,original,,false,,http://www.brazilsun.com/news/279360827/the-silk-road-has-reached-south-america
gd-35ae63cf0bea,gdelt_gkg_v2,news,Christa Pike is walking with help and eating after failed execution attempt,,2026-10-09T07:30:00Z,original,,false,,https://www.wypr.org/2026-10-09/christa-pike-is-walking-with-help-and-eating-after-failed-execution-attempt
gd-35ba4a4ac42c,gdelt_gkg_v2,news,"The YouTuber who offers 2 thousand euros to kill a bishop: ""Damn mice in cassocks""",,2026-10-09T07:30:00Z,original,,false,,https://www.thevermilion.com/the-youtuber-who-offers-2-thousand-euros-to-kill-a-bishop-damn-mice-in-cassocks/article_21486/
gd-35f6dfccdbcf,gdelt_gkg_v2,news,4 family members buried in Cebu City landslide,,2026-10-09T07:30:00Z,original,,false,,https://www.sunstar.com.ph/cebu/4-family-members-buried-in-cebu-city-landslide
gd-3603b7a1a940,gdelt_gkg_v2,news,DWP update on 'most important thing to know' about Andy Burnham state pension changes,,2026-10-09T07:30:00Z,original,,false,,https://www.dailypost.co.uk/news/cost-of-living/dwp-update-most-important-thing-34737934
gd-36163451bd45,gdelt_gkg_v2,news,Ghana not among Africa's AI leaders – World Bank - The Ghanaian Chronicle,,2026-10-09T07:30:00Z,original,,false,,https://thechronicle.com.gh/ghana-not-among-africas-ai-leaders-world-bank/
gd-365338316ff2,gdelt_gkg_v2,news,Tories renew calls for CFS inquiry – Brandon Sun,,2026-10-09T07:30:00Z,original,,false,,https://www.brandonsun.com/national/2026/10/09/tories-renew-calls-for-cfs-inquiry
gd-367ba1feb0cb,gdelt_gkg_v2,news,Verdict nears over Australian surfers' Mexico killings,,2026-10-09T07:30:00Z,original,,false,,https://www.newcastleherald.com.au/story/9365852/verdict-nears-over-australian-surfers-mexico-killings/
gd-36c9e803b86d,gdelt_gkg_v2,news,HORMUZ SHOWDOWN: Iran Threatens To Block Additional Shipping Routes As Tanker Attacks Intensify,,2026-10-09T07:30:00Z,original,,false,,https://www.theyeshivaworld.com/news/israel-news/2607417/hormuz-showdown-iran-threatens-to-block-additional-shipping-routes-as-tanker-attacks-intensify.html
gd-37059eb7d568,gdelt_gkg_v2,news,Health & Safety Officer - Olympic Lagoon Resort Ayia Napa - Αμμόχωστος,,2026-10-09T07:30:00Z,original,,false,,https://cyprusnews.eu/carierista/health-safety-officer-olympic-lagoon-resort-ayia-napa-ammochostos-2/
gd-3787674b56df,gdelt_gkg_v2,news,Ankara presses for halt to Black Sea ship attacks,,2026-10-09T07:30:00Z,original,,false,,https://www.hurriyetdailynews.com/ankara-presses-for-halt-to-black-sea-ship-attacks-227907
gd-37a0535d05ff,gdelt_gkg_v2,news,Person on e-bike hit by car in Charleston,,2026-10-09T07:30:00Z,original,,false,,https://www.wsaz.com/2026/10/09/person-e-bike-hit-by-car-charleston/
gd-37bec98a2c13,gdelt_gkg_v2,news,Wellington.Scoop » City Mission projects homelessness message on to Beehive,,2026-10-09T07:30:00Z,original,,false,,https://wellington.scoop.co.nz/?p=183797
gd-38282751e672,gdelt_gkg_v2,news,Brain haemorrhage and rudder loss at sea - Practical Boat Owner,,2026-10-09T07:30:00Z,original,,false,,https://www.pbo.co.uk/seamanship/alex-carter-emergencies-at-sea-107254
gd-3887812032c8,gdelt_gkg_v2,news,London Travel Disruption: Full List of TfL Tube and Train Closures This Weekend [October 10-11 2026],,2026-10-09T07:30:00Z,original,,false,,https://www.timeout.com:443/london/news/tfl-tube-train-closures-october-10-11-2026-100926
gd-38896e5eb79c,gdelt_gkg_v2,news,SETU to continue expanding access to higher education for people in custody,,2026-10-09T07:30:00Z,original,,false,,https://kclr96fm.com/setu-to-continue-expanding-access-to-higher-education-for-people-in-custody/
gd-38f7539c3ec0,gdelt_gkg_v2,news,"As US suspends IT majors from Green Card program, Karnataka Minister Priyank Kharge warns of",,2026-10-09T07:30:00Z,original,,false,,http://www.parisguardian.com/news/279360982/as-us-suspends-it-majors-from-green-card-program-karnataka-minister-priyank-kharge-warns-of-far-reaching-consequences
gd-3a6697eedc58,gdelt_gkg_v2,news,"Helicopters, military door knocks and 9pm curfews: Five years since Sydney's dystopian divide",,2026-10-09T07:30:00Z,original,,false,,https://www.smh.com.au/national/nsw/helicopters-military-door-knocks-and-9pm-curfews-five-years-since-sydney-s-dystopian-divide-20261009-p611gf.html
gd-3a9e661b85c1,gdelt_gkg_v2,news,Erie Election 2026: Town Council candidate Delaney Dreckman (District 2),,2026-10-09T07:30:00Z,original,,false,,https://www.coloradohometownweekly.com/2026/10/08/erie-election-2026-delaney-dreckman/
gd-3bd0e6ba51b8,gdelt_gkg_v2,news,"SafeNest, S.A.F.E House take different approaches to declining state funding",,2026-10-09T07:30:00Z,original,,false,,https://news3lv.com/news/local/safenest-safe-house-take-different-approaches-to-declining-state-funding
gd-3db7e40c1baa,gdelt_gkg_v2,news,Five Jacksonville residents arrested in theft of metal from cable company | The Arkansas Democrat-Gazette,,2026-10-09T07:30:00Z,original,,false,,https://www.arkansasonline.com/news/2026/oct/08/five-jacksonville-residents-arrested-in-theft-of/
gd-3deaa20aa36e,gdelt_gkg_v2,news,Update On ICE Shooting In New York City | News Radio 1410 WDOV,,2026-10-09T07:30:00Z,original,,false,,https://wdov.iheart.com/content/2026-10-08-update-on-ice-shooting-in-new-york-city/
gd-3ee9374bec6e,gdelt_gkg_v2,news,'Speechless' Bates after his historic provisional pole,,2026-10-09T07:30:00Z,original,,false,,https://www.smh.com.au/sport/motorsport/speechless-bates-after-his-historic-provisional-pole-20261009-p614be.html
gd-3eec77528d6d,gdelt_gkg_v2,news,"I am not aware of any ransom payment for release of abducted corps members, says Imo CP",,2026-10-09T07:30:00Z,original,,false,,https://theeagleonline.com.ng/i-am-not-aware-of-any-ransom-payment-for-release-of-abducted-corps-members-says-imo-cp/
gd-3f3a8cce1a5f,gdelt_gkg_v2,news,US visa curbs may shift higher-value tech work to India says former HCL Tech CEO Vineet Nayar,,2026-10-09T07:30:00Z,original,,false,,http://www.newyorkstatesman.com/news/279361118/us-visa-curbs-may-shift-higher-value-tech-work-to-india-says-former-hcl-tech-ceo-vineet-nayar
gd-3f6135f4bf04,gdelt_gkg_v2,news,How GLP-1s are reshaping cultural views on body image,,2026-10-09T07:30:00Z,original,,false,,https://www.krwg.org/shows/newshour/clip/how-glp-1s-are-reshaping-cultural-views-on-body-image-1791501167
gd-4040ff3740be,gdelt_gkg_v2,news,ARC Stages Singapore's First Full-Sized Humanoid Fight Night Professional Martial Artists Pilot Robots REAL-TIME on Stage,,2026-10-09T07:30:00Z,original,,false,,https://www.timminspress.com/press-releases/newsfile/arc-stages-singapores-first-full-sized-humanoid-fight-night-professional-martial-artists-pilot-robots-real-time-on-stage/
gd-413bf5a12046,gdelt_gkg_v2,news,"'Identify unlawful content, prioritise action': Govt advises social media platforms to swiftly act on unlawful posts related to protests",,2026-10-09T07:30:00Z,original,,false,,https://timesofindia.indiatimes.com/india/identify-unlawful-content-prioritise-action-govt-advises-social-media-platforms-to-swiftly-act-on-unlawful-posts-related-to-protests/articleshow/134815754.cms
gd-41a3dcf98a93,gdelt_gkg_v2,news,Public executions in the US were once a community spectacle and then they stopped,,2026-10-09T07:30:00Z,original,,false,,https://www.dailygazette.com/leader_herald/ap/national/public-executions-in-the-us-were-once-a-community-spectacle-and-then-they-stopped/article_1f4a2f73-595a-5a77-a5fb-f3857294189b.html
gd-42068035cc8c,gdelt_gkg_v2,news,US Investigates Nine Universities Over Alleged Visa Fraud and Chinese Influence,,2026-10-09T07:30:00Z,original,,false,,https://slguardian.org/us-investigates-nine-universities-over-alleged-visa-fraud-and-chinese-influence/
gd-42127b461fec,gdelt_gkg_v2,news,"Diamondback Energy, Inc. (NASDAQ:FANG) Stock Has Average Price Target of $228.90",,2026-10-09T07:30:00Z,original,,false,,https://www.dailypolitical.com/2026/10/08/diamondback-energy-inc-nasdaqfang-stock-has-average-price-target-of-228-90.html
gd-4261adb7ce98,gdelt_gkg_v2,news,Riverdahl students get perfect attendance awards,,2026-10-09T07:30:00Z,original,,false,,https://www.rockfordnewsfirst.com/2026/10/09/riverdahl-students-get-perfect-attendance-awards/
gd-42c730442d38,gdelt_gkg_v2,news,AOIFE O'DONOVAN  |  WDAV 89.9,,2026-10-09T07:30:00Z,original,,false,,https://wdav.org/event/aoife-odonovan/
gd-42ecf764119a,gdelt_gkg_v2,news,Beavers secure win over Blazers to close non-league slate,,2026-10-09T07:30:00Z,original,,false,,"http://www.chronline.com/stories/beavers-secure-win-over-blazers-to-close-non-league-slate,409700"
gd-42f1171ff967,gdelt_gkg_v2,news,Norske Skog to rebuild PM6 at Saugbrugs in Norway,,2026-10-09T07:30:00Z,original,,false,,https://www.pulpapernews.com/20261009/18271/norske-skog-rebuild-pm6-saugbrugs-norway
gd-4443ca2d7ce2,gdelt_gkg_v2,news,"GA GOP Senate Candidate Blames Inflation On ""Bidenomics"" | WJBO Newsradio 1150 AM & 98.7 FM",,2026-10-09T07:30:00Z,original,,false,,https://wjbo.iheart.com/content/2026-10-09-ga-gop-senate-candidate-blames-inflation-on-bidenomics/
gd-4448c1da7a29,gdelt_gkg_v2,news,Update On ICE Shooting In New York City,,2026-10-09T07:30:00Z,original,,false,,https://700wlw.iheart.com/content/2026-10-08-update-on-ice-shooting-in-new-york-city/
gd-44bef2df3d55,gdelt_gkg_v2,news,Okeanis Eco Tankers Corp. (NYSE:ECO) Stock Has Average Target Price of $67.85 According to Brokerages,,2026-10-09T07:30:00Z,original,,false,,https://www.dailypolitical.com/2026/10/08/okeanis-eco-tankers-corp-nyseeco-stock-has-average-target-price-of-67-85-according-to-brokerages.html
gd-44faaecf7466,gdelt_gkg_v2,news,Study highlights regional variations in coral bleaching across India,,2026-10-09T07:30:00Z,original,,false,,https://www.thehindu.com/sci-tech/study-highlights-regional-variations-in-coral-bleaching-across-india-calls-for-greater-focus-on-local-factors/article71559775.ece
gd-4565413acf30,gdelt_gkg_v2,news,Access earned: how your credential keeps up with your career,,2026-10-09T07:30:00Z,original,,false,,https://www.biometricupdate.com/202610/access-earned-how-your-credential-keeps-up-with-your-career
gd-457851ede266,gdelt_gkg_v2,news,"GA GOP Senate Candidate Blames Inflation On ""Bidenomics""",,2026-10-09T07:30:00Z,original,,false,,https://710wor.iheart.com/content/2026-10-09-ga-gop-senate-candidate-blames-inflation-on-bidenomics/
gd-45dbac25da06,gdelt_gkg_v2,news,The Brand With Four Stripes? Adidas Sues White Fox Over Design It Says Mimics Its Iconic Logo,,2026-10-09T07:30:00Z,original,,false,,https://www.ibtimes.co.uk/adidas-sues-white-fox-four-stripe-clothing-1824593
gd-45dd399e0f68,gdelt_gkg_v2,news,Nasscom says immigration and talent mobility not linked after US suspends tech majors from green card programme,,2026-10-09T07:30:00Z,original,,false,,http://www.newyorkstatesman.com/news/279360774/nasscom-says-immigration-and-talent-mobility-not-linked-after-us-suspends-tech-majors-from-green-card-programme
gd-46093b5f3236,gdelt_gkg_v2,news,The NPP Has Made Nonsense Of The Rule Of Law - The Ghanaian Chronicle,,2026-10-09T07:30:00Z,original,,false,,https://thechronicle.com.gh/the-npp-has-made-nonsense-of-the-rule-of-law/
gd-46380b880265,gdelt_gkg_v2,news,Wife present as online publishers honour ex-President Dotun Oladipo at GOCOP annual conference,,2026-10-09T07:30:00Z,original,,false,,https://theeagleonline.com.ng/wife-present-as-online-publishers-honour-ex-president-dotun-oladipo-at-gocop-annual-conference/
gd-481980b2bb48,gdelt_gkg_v2,news,Delivery Cravings Sorted: KFC Member's Day Buy 1 Free 1 Is Here,,2026-10-09T07:30:00Z,original,,false,,https://www.therakyatpost.com/taste/2026/10/09/delivery-cravings-sorted-kfc-members-day-buy-1-free-1-is-here/
gd-481ba463bfc3,gdelt_gkg_v2,news,"""No immediate impact, futuristic in nature"": TV Mohandas Pai on US barring IT majors from Green Card program",,2026-10-09T07:30:00Z,original,,false,,http://www.parisguardian.com/news/279361232/no-immediate-impact-futuristic-in-nature-tv-mohandas-pai-on-us-barring-it-majors-from-green-card-program
gd-48c9b2c52359,gdelt_gkg_v2,news,Shooting investigation goes on - Messenger News,,2026-10-09T07:30:00Z,original,,false,,https://www.messengernews.net/news/local-news/2026/10/shooting-investigation-goes-on/
gd-49367ba09ae3,gdelt_gkg_v2,news,Narelle Fraser: Former detective opens up on PTSD and trauma | Bendigo Advertiser,,2026-10-09T07:30:00Z,original,,false,,https://www.bendigoadvertiser.com.au/story/9363290/narelle-fraser-former-detective-opens-up-on-ptsd-and-trauma/
gd-49545b2c9e95,gdelt_gkg_v2,news,FD Farmers Market extends season - Messenger News,,2026-10-09T07:30:00Z,original,,false,,https://www.messengernews.net/news/local-news/2026/10/fd-farmers-market-extends-season/
gd-4a373ce469e1,gdelt_gkg_v2,news,Nigel Farage declines to rule out Reform-Tories post-election pact,,2026-10-09T07:30:00Z,original,,false,,https://www.bournemouthecho.co.uk/news/national/26621038.nigel-farage-declines-rule-reform-tories-post-election-pact/
gd-4a80659e549d,gdelt_gkg_v2,news,Indian Shares Rally After Trump's Remarks About Iran; IT Stocks Lead,,2026-10-09T07:30:00Z,original,,false,,https://www.rttnews.com/story.aspx?Id=3697717
gd-4b21a1828502,gdelt_gkg_v2,news,3 reasons artichokes should be the star of your next meal,,2026-10-09T07:30:00Z,original,,false,,http://www.dailyadvance.com/online_features/health_and_wellness/3-reasons-artichokes-should-be-the-star-of-your-next-meal/article_99a9e181-90ff-52fb-837c-825695f34ea1.html
gd-4b751c4c109f,gdelt_gkg_v2,news,"Las Vegas, Clark County clash over rising demand, fire service costs",,2026-10-09T07:30:00Z,original,,false,,https://news3lv.com/news/local/city-of-las-vegas-and-clark-county-spar-over-renewal-of-interlocal-fire-rescue-deal
gd-4b8f89a8790a,gdelt_gkg_v2,news,"Over the past years, the CIS has established itself as a demand-driven platform for maintaining political dialogue - President Ilham Aliyev",,2026-10-09T07:30:00Z,original,,false,,https://www.trend.az/azerbaijan/4232772.html
gd-4c1edab53daa,gdelt_gkg_v2,news,"Of riches, ruins and widows' war: How flashy William Chepkut fell",,2026-10-09T07:30:00Z,original,,false,,https://www.standardmedia.co.ke/national/article/2001559745/of-riches-ruins-and-widows-war-how-flashy-william-chepkut-fell
gd-4c6afbc4e575,gdelt_gkg_v2,news,UK drinks firm to close after 6 years as it enters liquidation,,2026-10-09T07:30:00Z,original,,false,,https://www.lancashiretelegraph.co.uk/news/national/uk-today/26621062.uk-drinks-firm-close-6-years-enters-liquidation/
gd-4e1414db255f,gdelt_gkg_v2,news,20 rescued prospective NYSC members reunite with families,,2026-10-09T07:30:00Z,original,,false,,https://theeagleonline.com.ng/20-rescued-prospective-nysc-members-reunite-with-families/
gd-4e59f197abab,gdelt_gkg_v2,news,72 Friendship Breakups That Prove Even The Closest Bonds Can Fall Apart,,2026-10-09T07:30:00Z,original,,false,,https://www.boredpanda.com/lifelong-friendships-end-stories/?cexp_id=162707&_f=homepage_featured&cexp_var=9
gd-4f766b55317a,gdelt_gkg_v2,news,Major report says ADHD and autism overdiagnosed as normal anxiety 'medicalised',,2026-10-09T07:30:00Z,original,,false,,https://www.dailypost.co.uk/news/health/major-report-says-adhd-autism-34738661
gd-4f96e4cb368e,gdelt_gkg_v2,news,Fighting with Swords - RELEVANT,,2026-10-09T07:30:00Z,original,,false,,https://relevantmagazine.com/faith/deeper-walk/1378-statement-fighting-with-swords-2/
gd-508712273e53,gdelt_gkg_v2,news,Insurers pay N347bn claims despite N10.9bn premium decline,,2026-10-09T07:30:00Z,original,,false,,https://www.vanguardngr.com/2026/10/insurers-pay-n347bn-claims-despite-n10-9bn-premium-decline-2/
gd-50eeaa943ace,gdelt_gkg_v2,news,Chasing the Crunch: Agoda Spotlights Under-the-Radar Asian Destinations for Autumn Foliage Season,,2026-10-09T07:30:00Z,original,,false,,http://www.sydneysun.com/news/279361110/chasing-the-crunch-agoda-spotlights-under-the-radar-asian-destinations-for-autumn-foliage-season
gd-512e29b38c5b,gdelt_gkg_v2,news,Lighthouse Poole staff to paddle around Brownsea Island,,2026-10-09T07:30:00Z,original,,false,,https://www.bournemouthecho.co.uk/news/26617539.lighthouse-poole-staff-paddle-around-brownsea-island/
gd-5173073851ef,gdelt_gkg_v2,news,TA Associates: TA Portfolio Company Rocscience to be Acquired by Hexagon,,2026-10-09T07:30:00Z,original,,false,,https://www.finanznachrichten.de/nachrichten-2026-10/69795375-ta-associates-ta-portfolio-company-rocscience-to-be-acquired-by-hexagon-004.htm
gd-5174846da630,gdelt_gkg_v2,news,Italy overhauls electoral system after fiercely contested debate,,2026-10-09T07:30:00Z,original,,false,,https://thechronicle.com.gh/italy-overhauls-electoral-system-after-fiercely-contested-debate/
gd-5178e569ead1,gdelt_gkg_v2,news,"El-Sayed, Rogers Clash In Michigan Senate Debate | WJBO Newsradio 1150 AM & 98.7 FM",,2026-10-09T07:30:00Z,original,,false,,https://wjbo.iheart.com/content/2026-10-09-el-sayed-rogers-clash-in-michigan-senate-debate/
gd-52384a915b42,gdelt_gkg_v2,news,'Brooklyn Nine-Nine' at New York Comic Con Recap: Crime-Fighters Cry Too,,2026-10-09T07:30:00Z,original,,false,,https://www.cracked.com/article_50021_brooklyn-nine-nine-at-new-york-comic-con-recap-crime-fighters-cry-too.html
gd-5274088bb95b,gdelt_gkg_v2,news,'I told you so' - Michael's debt warning comes home to roost,,2026-10-09T07:30:00Z,original,,false,,https://www.2gb.com/i-told-you-so-michaels-debt-warning-comes-home-to-roost/
gd-5296d53cd6b8,gdelt_gkg_v2,news,France faces perfect storm of student unrest and economic turmoil,,2026-10-09T07:30:00Z,original,,false,,https://www.euronews.com/2026/10/09/france-faces-perfect-storm-of-student-unrest-and-economic-turmoil
gd-537158135804,gdelt_gkg_v2,news,South Sudan steps up Ebola alert after Kenya case,,2026-10-09T07:30:00Z,original,,false,,http://www.kenyastar.com/news/279360954/south-sudan-steps-up-ebola-alert-after-kenya-case
gd-5387afdf3c47,gdelt_gkg_v2,news,Nayax's 2026 Outlook: Integrated Platform Expansion Targets $85 Billion Market Opportunity,,2026-10-09T07:30:00Z,original,,false,,https://www.fool.com/coverage/moneyball/2026/10/09/nayaxs-2026-outlook-integrated-platform-expansion-targets-85-billion-market-opportunity/
gd-560686468f1c,gdelt_gkg_v2,news,Sarah Snook & 'Game Of Thrones' Stars Shows Adapted As Microdramas,,2026-10-09T07:30:00Z,original,,false,,https://deadline.com/2026/10/snips-microdramas-succession-game-of-thrones-stars-adapted-1237150762/
gd-5686bb0a2f78,gdelt_gkg_v2,news,Critical Comparison: Twilio (NYSE:TWLO) and Indra Sistemas (OTCMKTS:ISMAY),,2026-10-09T07:30:00Z,original,,false,,https://www.themarketsdaily.com/2026/10/09/critical-comparison-twilio-nysetwlo-and-indra-sistemas-otcmktsismay.html
gd-5692ef926c2a,gdelt_gkg_v2,news,Trump Says Melania Corrected His 'Vaygan' Slip as Critics Question Why He Quoted His Wife Calling Him 'Sir',,2026-10-09T07:30:00Z,original,,false,,https://www.ibtimes.co.uk/trump-melania-vaygan-pronunciation-texas-rally-1824610
gd-56b2cffc6198,gdelt_gkg_v2,news,Taro Pharma Says MDL Deal Bars States' Duplicative Claims,,2026-10-09T07:30:00Z,original,,false,,https://www.law360.com:443/articles/2535670
gd-574c3d778733,gdelt_gkg_v2,news,Why a French crop works well for men with thinning hair,,2026-10-09T07:30:00Z,original,,false,,https://timesofindia.indiatimes.com/life-style/beauty/the-french-crop-the-ultimate-haircut-for-men-with-thinning-hair/articleshow/134726934.cms
gd-577e035b2b23,gdelt_gkg_v2,news,ITV GMB warns US hurricane could bring UK storms next week,,2026-10-09T07:30:00Z,original,,false,,https://www.keighleynews.co.uk/news/national/uk-today/26621110.itv-gmb-warns-us-hurricane-bring-uk-storms-next-week/
gd-5848db2b07ab,gdelt_gkg_v2,news,Teads (NASDAQ:TEAD) versus Zhihu (NYSE:ZH) Critical Survey,,2026-10-09T07:30:00Z,original,,false,,https://www.dailypolitical.com/2026/10/08/teads-nasdaqtead-versus-zhihu-nysezh-critical-survey.html
gd-5a71a8c669c0,gdelt_gkg_v2,news,Big 8 Girls Volleyball: Bronson's Wagaman reaches career milestone | WTVB | 1590 AM · 95.5 FM,,2026-10-09T07:30:00Z,original,,false,,https://wtvbam.com/2026/10/09/big-8-girls-volleyball-bronsons-wagaman-reaches-career-milestone/
gd-5bb2648805dd,gdelt_gkg_v2,news,Anne Carson: The Art of Breaking Rules,,2026-10-09T07:30:00Z,original,,false,,https://slguardian.org/anne-carson-the-art-of-breaking-rules/
gd-5bd8cd8ff622,gdelt_gkg_v2,news,Recreational Manager - Alexander the Great Hotel Paphos - Πάφος,,2026-10-09T07:30:00Z,original,,false,,https://cyprusnews.eu/carierista/recreational-manager-alexander-the-great-hotel-paphos-pafos/
gd-5c3a6c3df062,gdelt_gkg_v2,news,Kazakhstan's Nuclear Legacy Offers Lessons in Age of AI and Geopolitical Rivalry,,2026-10-09T07:30:00Z,original,,false,,https://astanatimes.com/2026/10/kazakhstans-nuclear-legacy-offers-lessons-in-age-of-ai-and-geopolitical-rivalry/
gd-5c73f3187df5,gdelt_gkg_v2,news,Smoke plume over Amsterdam due to fire at Olympic Stadium; Blaze under control,,2026-10-09T07:30:00Z,original,,false,,https://nltimes.nl/2026/10/09/smoke-plume-amsterdam-due-fire-olympic-stadium-blaze-control
gd-5c75b278a69c,gdelt_gkg_v2,news,I'm Not Aware Ransom Was Paid For Release Of Abducted Corps Members-Imo Police Commissioner,,2026-10-09T07:30:00Z,original,,false,,https://thechronicle.com.gh/im-not-aware-ransom-was-paid-for-release-of-abducted-corps-members-imo-police-commissioner/
gd-5cb0ccc490f2,gdelt_gkg_v2,news,"Las Vegas Rescue Mission joins ""Conversations on a Bench"" on homelessness, addiction",,2026-10-09T07:30:00Z,original,,false,,https://news3lv.com/news/local/las-vegas-rescue-mission-joins-conversations-on-a-bench-on-homelessness-addiction
gd-5e8ff5496366,gdelt_gkg_v2,news,Ruling party lawmaker criticizes Korean defense firms for insufficient social contributions,,2026-10-09T07:30:00Z,original,,false,,https://www.koreaherald.com/article/10897853
gd-5f12210f0a85,gdelt_gkg_v2,news,Molly Mae Hague revisits her old family home after £5m mansion move,,2026-10-09T07:30:00Z,original,,false,,https://www.geo.tv/latest/685707-molly-mae-hague-revisits-her-old-family-home-after-moving-out-in
gd-6049453e510f,gdelt_gkg_v2,news,"Tooth study shows T. Rex was warmblooded, with human-like temperature",,2026-10-09T07:30:00Z,original,,false,,https://www.thestar.com.my/lifestyle/living/2026/09/24/tooth-study-shows-t-rex-was-warmblooded-with-human-like-temperature
gd-60b989a5c4a8,gdelt_gkg_v2,news,Winning the Battle With Grace,,2026-10-09T07:30:00Z,original,,false,,https://relevantmagazine.com/faith/deeper-walk/1227-five-smooth-stones-2/
gd-612900907a35,gdelt_gkg_v2,news,Teacher allegedly filmed hundreds of kids using toilets,,2026-10-09T07:30:00Z,original,,false,,https://www.braidwoodtimes.com.au/story/9365879/teacher-allegedly-filmed-hundreds-of-kids-using-toilets/
gd-617fff48c18c,gdelt_gkg_v2,news,The Dolphin launched donation drive for MYTIME Young Carers,,2026-10-09T07:30:00Z,original,,false,,https://www.bournemouthecho.co.uk/news/26617511.dolphin-launched-donation-drive-mytime-young-carers/
gd-62a95c75cb84,gdelt_gkg_v2,news,Andy Burnham unveils £48m partnership in bid to 'defeat' dementia | East London and West Essex Guardian Series,,2026-10-09T07:30:00Z,original,,false,,https://www.guardian-series.co.uk/news/national/26621033.andy-burnham-unveils-gbp48m-partnership-bid-defeat-dementia/
gd-62cbbd8fcee5,gdelt_gkg_v2,news,Miao grandma walks Miao embroidery onto the world stage - People's Daily Online,,2026-10-09T07:30:00Z,original,,false,,https://en.people.cn/n3/2026/1009/c90000-20506418.html
gd-63036025de32,gdelt_gkg_v2,news,Somali Piracy Surges as Regional Wars Divert Naval Forces and Threaten Global Shipping,,2026-10-09T07:30:00Z,original,,false,,https://slguardian.org/somali-piracy-surges-as-regional-wars-divert-naval-forces-and-threaten-global-shipping/
gd-63d160a0fb7c,gdelt_gkg_v2,news,75 Funny And Unhinged News Headlines That Actually Got Published,,2026-10-09T07:30:00Z,original,,false,,https://www.boredpanda.com/crazy-funny-news-headlines/?cexp_id=162732&_f=homepage_featured&cexp_var=17
gd-64247ecb75b6,gdelt_gkg_v2,news,Akasa Air extends Riyadh flight cancellation till Oct 10 amid evolving security situation,,2026-10-09T07:30:00Z,original,,false,,http://www.middleeaststar.com/news/279361204/akasa-air-extends-riyadh-flight-cancellation-till-oct-10-amid-evolving-security-situation
gd-64c093a799b7,gdelt_gkg_v2,news,A Fast Approach - RELEVANT,,2026-10-09T07:30:00Z,original,,false,,https://relevantmagazine.com/faith/deeper-walk/344-deep-thoughts-on-fasting-2/
gd-65068dfa0536,gdelt_gkg_v2,news,Old National Bancorp (NASDAQ:ONB) Stock Has Average Price Target of $29.92 According to Analysts,,2026-10-09T07:30:00Z,original,,false,,https://www.dailypolitical.com/2026/10/08/old-national-bancorp-nasdaqonb-stock-has-average-price-target-of-29-92-according-to-analysts.html
gd-65467719d5fd,gdelt_gkg_v2,news,Jacksonville man faces felony charge after vehicle damaged War of 1812 monument on state Capitol grounds | The Arkansas Democrat-Gazette,,2026-10-09T07:30:00Z,original,,false,,https://www.arkansasonline.com/news/2026/oct/08/jacksonville-man-faces-felony-charge-after/
gd-655f0e3c4b7b,gdelt_gkg_v2,news,A US charity plans to use AI to monitor its Gaza classrooms for 'hateful' speech,,2026-10-09T07:30:00Z,original,,false,,https://www.dailygazette.com/leader_herald/ap/business/a-us-charity-plans-to-use-ai-to-monitor-its-gaza-classrooms-for-hateful-speech/article_af27b5b5-310a-5f85-905f-22a59175f181.html
gd-6565158a175a,gdelt_gkg_v2,news,Asian Markets Trade Mixed,,2026-10-09T07:30:00Z,original,,false,,https://www.rttnews.com/story.aspx?Id=3697703
gd-658c9a376a56,gdelt_gkg_v2,news,"Horoscope today: Your daily guide for Friday, October 9, 2026",,2026-10-09T07:30:00Z,original,,false,,https://www.standard.co.uk/horoscopes/horoscope-daily-claire-petulengro-friday-october-9-2026-b1299747.html
gd-65f6caeb4eb3,gdelt_gkg_v2,news,Man shot in car by ICE agents in New York: mayor,,2026-10-09T07:30:00Z,original,,false,,https://www.bendigoadvertiser.com.au/story/9365567/man-shot-in-car-by-ice-agents-in-new-york-mayor/
gd-665c556aee95,gdelt_gkg_v2,news,New USPTO GC Vows Government Won't 'Micromanage' IP,,2026-10-09T07:30:00Z,original,,false,,https://www.law360.com:443/articles/2504992/new-uspto-gc-vows-government-won-t-micromanage-ip
gd-6735e6f30ba6,gdelt_gkg_v2,news,Sacha Baron Cohen Mocks Ali G Film Boycott With Fake Activist's Plea: 'Obtain Consent Before You Laugh',,2026-10-09T07:30:00Z,original,,false,,https://www.ibtimes.co.uk/sacha-baron-cohen-mocks-ali-g-film-boycott-fake-activists-plea-obtain-consent-before-you-laugh-1824621
gd-673c84211e59,gdelt_gkg_v2,news,Susquehanna Has Lowered Expectations for Alaska Air Group (NYSE:ALK) Stock Price,,2026-10-09T07:30:00Z,original,,false,,https://www.dailypolitical.com/2026/10/08/susquehanna-has-lowered-expectations-for-alaska-air-group-nysealk-stock-price.html
gd-67e3495f201b,gdelt_gkg_v2,news,Recapitalisation: Labour Ministry charges banks to protect workers,,2026-10-09T07:30:00Z,original,,false,,https://www.vanguardngr.com/2026/10/recapitalisation-labour-ministry-charges-banks-to-protect-workers/
gd-6846329f2394,gdelt_gkg_v2,news,"Freshpet, Inc. (NASDAQ:FRPT) Stock Has Consensus Price Target of $75.75",,2026-10-09T07:30:00Z,original,,false,,https://www.dailypolitical.com/2026/10/09/freshpet-inc-nasdaqfrpt-stock-has-consensus-price-target-of-75-75.html
gd-689e8d89c22b,gdelt_gkg_v2,news,The future is here: AI taking technologies to new heights,,2026-10-09T07:30:00Z,original,,false,,https://en.people.cn/n3/2026/1009/c98649-20506513.html
gd-6980554e2d8a,gdelt_gkg_v2,news,Casino volunteers plant trees in Council Bluffs neighborhood,,2026-10-09T07:30:00Z,original,,false,,https://www.aol.com/article/m/casino-volunteers-plant-trees-council-686e7669-8544-5db1-86d2-6845dd56b50e.html
gd-6a04b530a0a0,gdelt_gkg_v2,news,"£60,000 appeal launched for Corfe Castle station canopy",,2026-10-09T07:30:00Z,original,,false,,https://www.bournemouthecho.co.uk/news/26617885.60-000-appeal-launched-corfe-castle-station-canopy/
gd-6aa3a694560a,gdelt_gkg_v2,news,'Careless use of AI is the real threat - not the ghost stories',,2026-10-09T07:30:00Z,original,,false,,https://www.bbc.co.uk/news/articles/cjzxz9yp1kq9o
gd-6b3bbf3432ae,gdelt_gkg_v2,news,"Gold and Silver Prices Today, October 9, 2026: Check City-Wise Rates",,2026-10-09T07:30:00Z,original,,false,,https://www.sakshipost.com/news/business/gold-and-silver-prices-today-october-9-2026-check-city-wise-rates-482617
gd-6bf6d0be83ff,gdelt_gkg_v2,news,Wingstop Inc. (NASDAQ:WING) Stock Has Consensus Target Price of $236.44 According to Brokerages,,2026-10-09T07:30:00Z,original,,false,,https://www.dailypolitical.com/2026/10/08/wingstop-inc-nasdaqwing-stock-has-consensus-target-price-of-236-44-according-to-brokerages.html
gd-6c61dcdb8d79,gdelt_gkg_v2,news,Justice Nagu recuses from hearing Punjab appeal against HC order for CBI probe into corruption allegations,,2026-10-09T07:30:00Z,original,,false,,https://www.thehindu.com/news/national/justice-nagu-recuses-from-hearing-punjab-appeal-against-hc-order-for-cbi-probe-into-corruption-allegations/article71562905.ece
gd-6ded9e54412c,gdelt_gkg_v2,news,Le Roy's No Finer Diner announces return to ice cream,,2026-10-09T07:30:00Z,original,,false,,https://www.thedailynewsonline.com/news/le-roys-no-finer-diner-announces-return-to-ice-cream/article_88387b5c-92d8-4a79-9767-536b6d640dab.html
gd-6e224e36ae52,gdelt_gkg_v2,news,Atmos Energy's (ATO) Buy Rating Reiterated at Argus,,2026-10-09T07:30:00Z,original,,false,,https://www.dailypolitical.com/2026/10/08/atmos-energys-ato-buy-rating-reiterated-at-argus.html
gd-6e5cfebdfff6,gdelt_gkg_v2,news,7 cool things to do this weekend in Abu Dhabi: October 9 to 11,,2026-10-09T07:30:00Z,original,,false,,https://whatson.ae/2026/10/7-cool-things-to-do-this-weekend-in-abu-dhabi-october-9-to-11/
gd-6ea43d20393c,gdelt_gkg_v2,news,"El-Sayed, Rogers Clash In Michigan Senate Debate | News Radio 1410 WDOV",,2026-10-09T07:30:00Z,original,,false,,https://wdov.iheart.com/content/2026-10-09-el-sayed-rogers-clash-in-michigan-senate-debate/
gd-6ecc365e1cf5,gdelt_gkg_v2,news,Student union polls deferred after bombing in VN College,,2026-10-09T07:30:00Z,original,,false,,https://www.orissapost.com/student-union-polls-deferred-after-bombing-in-vn-college/
gd-6ee27d0c1a5c,gdelt_gkg_v2,news,Page A1 | e-Edition | thedailynewsonline.com,,2026-10-09T07:30:00Z,original,,false,,https://www.thedailynewsonline.com/eedition/page-a1/page_1f7f81e5-bf8c-5f70-97de-f97c2f2634ea.html
gd-6f07d02d83db,gdelt_gkg_v2,news,Diddy Release Date Delayed Following Reports of Lavish Prison Life,,2026-10-09T07:30:00Z,original,,false,,https://thechronicle.com.gh/diddy-release-date-delayed-following-reports-of-lavish-prison-life/
gd-6f1bba161bdb,gdelt_gkg_v2,news,stained bamboo and concealed storage shape MK designers' handle table,,2026-10-09T07:30:00Z,original,,false,,https://www.designboom.com/design/stained-bamboo-concealed-storage-mk-designers-handle-table/
gd-6f56a3e8f4e8,gdelt_gkg_v2,news,Unlocking Wealth: Zodiac Signs Most Likely to Become Rich |,,2026-10-09T07:30:00Z,original,,false,,https://timesofindia.indiatimes.com/life-style/soul-search/which-zodiac-signs-are-most-likely-to-become-rich-astrology-explains-the-traits-linked-with-money-and-wealth/articleshow/134785668.cms
gd-6f6a84a87adf,gdelt_gkg_v2,news,"Turkmenistan, IOM discuss migration management and legal framework",,2026-10-09T07:30:00Z,original,,false,,https://www.trend.az/casia/turkmenistan/4232813.html
gd-6f703eeb9766,gdelt_gkg_v2,news,"El Niño has strengthened to strongest on record, Japan weather agency says",,2026-10-09T07:30:00Z,original,,false,,https://wiky.com/2026/10/09/el-nino-has-strengthened-to-strongest-on-record-japan-weather-agency-says/
gd-71fba90ed4ff,gdelt_gkg_v2,news,Review: Le Piaf Dubai brings a new dinner and a show concept to DIFC,,2026-10-09T07:30:00Z,original,,false,,https://whatson.ae/2026/10/review-le-piaf/
gd-720def5ebc03,gdelt_gkg_v2,news,"Uzbekistan, JBIC eye PPP projects in healthcare and energy",,2026-10-09T07:30:00Z,original,,false,,https://www.trend.az/casia/uzbekistan/4232832.html
gd-728175b986ba,gdelt_gkg_v2,news,Look for the Legends in the Best Rock Album Race at 2027 Grammys,,2026-10-09T07:30:00Z,original,,false,,https://rollingstoneindia.com/look-for-the-legends-in-the-best-rock-album-race-at-2027-grammys/
gd-72c0392c666c,gdelt_gkg_v2,news,Katseye's Sophia Laforteza to Return to Group in January,,2026-10-09T07:30:00Z,original,,false,,https://rollingstoneindia.com/katseyes-sophia-laforteza-to-return-to-group-in-january/
gd-72dc9d3ee003,gdelt_gkg_v2,news,"Dollar to Naira exchange rate today, October 9, 2026",,2026-10-09T07:30:00Z,original,,false,,https://www.vanguardngr.com/2026/10/dollar-to-naira-exchange-rate-today-october-9-2026/
gd-7330b663cd71,gdelt_gkg_v2,news,Sarawak-Born Elite College Founder On Trial Over Alleged £5 Million Fraud In UK,,2026-10-09T07:30:00Z,original,,false,,https://www.therakyatpost.com/news/2026/10/09/sarawak-born-elite-college-founder-on-trial-over-alleged-5-million-fraud-in-uk/
gd-73f45690ff01,gdelt_gkg_v2,news,City Gardens demolished: The wild history of Trenton's punk club,,2026-10-09T07:30:00Z,original,,false,,https://nj1015.com/city-gardens-rock-club-demolished/
gd-742305ff9261,gdelt_gkg_v2,news,Prison riot in Mexico's violence-plagued Sinaloa state kills 10 and leaves 16 injured,,2026-10-09T07:30:00Z,original,,false,,https://www.clickondetroit.com/news/world/2026/10/09/prison-riot-in-mexicos-violence-plagued-sinaloa-state-kills-10-and-leaves-16-injured/
gd-74287876bf88,gdelt_gkg_v2,news,A factory worker's journey to becoming a baking champion,,2026-10-09T07:30:00Z,original,,false,,https://en.people.cn/n3/2026/1009/c90000-20506424.html
gd-74fd748a7529,gdelt_gkg_v2,news,Glaukos Corporation (NYSE:GKOS) Stock Has Average Price Target of $180.54,,2026-10-09T07:30:00Z,original,,false,,https://www.dailypolitical.com/2026/10/08/glaukos-corporation-nysegkos-stock-has-average-price-target-of-180-54.html
gd-75593117a714,gdelt_gkg_v2,news,Indian police's most wanted student protester is an unlikely heroine,,2026-10-09T07:30:00Z,original,,false,,https://www.thestar.com.my/aseanplus/aseanplus-news/2026/10/09/indian-polices-most-wanted-student-protester-is-an-unlikely-heroine
gd-7583a30e26ce,gdelt_gkg_v2,news,"Caterer remanded over alleged possession, sale of narcotic drugs",,2026-10-09T07:30:00Z,original,,false,,https://thechronicle.com.gh/caterer-remanded-over-alleged-possession-sale-of-narcotic-drugs/
gd-76489d75ecc9,gdelt_gkg_v2,news,UBS Group Cuts Equity Lifestyle Properties (NYSE:ELS) Price Target to $67.00,,2026-10-09T07:30:00Z,original,,false,,https://www.dailypolitical.com/2026/10/08/ubs-group-cuts-equity-lifestyle-properties-nyseels-price-target-to-67-00.html
gd-772e6cde0f78,gdelt_gkg_v2,news,Treasurer swipes left on tax office credit card ban,,2026-10-09T07:30:00Z,original,,false,,https://www.areanews.com.au/story/9365558/treasurer-swipes-left-on-tax-office-credit-card-ban/
gd-77d441d73709,gdelt_gkg_v2,news,Richard E Grant's fate revealed on The Celebrity Traitors,,2026-10-09T07:30:00Z,original,,false,,https://www.rte.ie/entertainment/2026/1008/1594645-richard-e-grants-fate-revealed-on-the-celebrity-traitors/
gd-7925f3f46eb5,gdelt_gkg_v2,news,OpenAI caught Russians and Iranians using ChatGPT for influence campaigns,,2026-10-09T07:30:00Z,original,,false,,https://www.mynspr.org/npr-news/2026-10-08/openai-caught-russians-and-iranians-using-chatgpt-for-influence-campaigns
gd-7979021c8dd3,gdelt_gkg_v2,news,"IBS iTABLE maXX enables annual savings of 865,000 €",,2026-10-09T07:30:00Z,original,,false,,https://www.pulpapernews.com/20261009/18269/ibs-itable-maxx-enables-annual-savings-865000-eu
gd-7a1eacd45496,gdelt_gkg_v2,news,"As Da Nang's MICE Ambitions Rise, Courtyard by Marriott Danang Han River Puts a New Spin on Business Events",,2026-10-09T07:30:00Z,original,,false,,http://www.sydneysun.com/news/279360894/as-da-nang-mice-ambitions-rise-courtyard-by-marriott-danang-han-river-puts-a-new-spin-on-business-events
gd-7a3431d6df45,gdelt_gkg_v2,news,"Man shot by ICE agents with child present, Mamdani says",,2026-10-09T07:30:00Z,original,,false,,https://www.rte.ie/news/us/2026/1009/1594664-new-york-ice-shooting/
gd-7a6df45ca88f,gdelt_gkg_v2,news,"Man remanded over alleged GH¢124,400 import scam - The Ghanaian Chronicle",,2026-10-09T07:30:00Z,original,,false,,https://thechronicle.com.gh/man-remanded-over-alleged-gh%C2%A2124400-import-scam/
gd-7b29f045c06e,gdelt_gkg_v2,news,Urgent flu jab appeal issued as experts predict early season,,2026-10-09T07:30:00Z,original,,false,,https://www.express.co.uk/life-style/health/2255614/flu-jab-vaccine-NHS-health
gd-7b68b87e0097,gdelt_gkg_v2,news,USDA awards $26.5 million grant to West Virginia State University,,2026-10-09T07:30:00Z,original,,false,,https://www.wsaz.com/2026/10/09/usda-awards-265-million-grant-west-virginia-state-university/
gd-7bcd43bdddf7,gdelt_gkg_v2,news,Andy Burnham announces £48m research fund after death of his father,,2026-10-09T07:30:00Z,original,,false,,https://www.dailypost.co.uk/news/health/andy-burnham-announces-48m-research-34738667
gd-7c1a28e74873,gdelt_gkg_v2,news,Folk musician Jon Wilks to perform at Isle of Wight bookshop | Isle of Wight County Press,,2026-10-09T07:30:00Z,original,,false,,https://www.countypress.co.uk/news/26611689.folk-musician-jon-wilks-perform-isle-wight-bookshop/
gd-7c4792de5a34,gdelt_gkg_v2,news,Pakistan pledges 'resolute' commitment to Saudi Arabia's security under Makkah pact,,2026-10-09T07:30:00Z,original,,false,,https://www.geo.tv/latest/685704-pakistan-pledges-resolute-commitment-to-saudi-arabias-security-under-makkah-pact
gd-7c8a0580e73b,gdelt_gkg_v2,news,"Opposition unleashed, by Donu Kogbara",,2026-10-09T07:30:00Z,original,,false,,https://www.vanguardngr.com/2026/10/opposition-unleashed-by-donu-kogbara/
gd-7d12d2941815,gdelt_gkg_v2,news,SpaceX Is Worth About $800 Billion More Than Tesla on Less Than a Quarter of Its Sales,,2026-10-09T07:30:00Z,original,,false,,https://www.fool.com/investing/2026/10/09/spacex-is-worth-about-usd800-billion-more-than-tesla-on-less-than-a-quarter-of-its-sales/
gd-7ddf7526d03a,gdelt_gkg_v2,news,"El-Sayed, Rogers Clash In Michigan Senate Debate | KFYR 550 AM / 99.7 FM",,2026-10-09T07:30:00Z,original,,false,,https://kfyr.iheart.com/content/2026-10-09-el-sayed-rogers-clash-in-michigan-senate-debate/
gd-7e24a4775da7,gdelt_gkg_v2,news,Page A1 | The News Sun e-Edition,,2026-10-09T07:30:00Z,original,,false,,https://www.kpcnews.com/eedition_new/eedition_news_sun/page_c2dff38d-136a-563a-9e21-0d41324fc22f.html
gd-7e7fd20f0e7b,gdelt_gkg_v2,news,"CFO Corner: Oliver Gloe, Latham Group",,2026-10-09T07:30:00Z,original,,false,,https://gfmag.com/executive-interviews/1026_an-cfo-corner-oliver-gloe-latham-group-inc/
gd-7e808e1bddae,gdelt_gkg_v2,news,We cannot rent our future,,2026-10-09T07:30:00Z,original,,false,,https://www.geo.tv/latest/685701-we-cannot-rent-our-future
gd-7ec4aab16745,gdelt_gkg_v2,news,"Tipu Sultan: a secular internationalist, not a bigot",,2026-10-09T07:30:00Z,original,,false,,https://www.thehindu.com/news/national/karnataka/tipu-sultan-a-secular-internationalist-not-a-bigot/article56845131.ece1
gd-7ecf04d3c461,gdelt_gkg_v2,news,Two Views: Trump's name belongs on the building he is saving | Columns,,2026-10-09T07:30:00Z,original,,false,,https://www.thesunchronicle.com/opinion/columns/two-views-trump-s-name-belongs-on-the-building-he-is-saving/article_3c8c8ed5-52a4-4b41-94da-ec4785b46539.html
gd-7f0587e13948,gdelt_gkg_v2,news,Indonesian Business Owner Giving Free KN-95 Masks At TRX In Solidarity,,2026-10-09T07:30:00Z,original,,false,,https://www.therakyatpost.com/news/2026/10/09/indonesian-business-owner-giving-free-kn-95-masks-at-trx-in-solidarity/
gd-7f9a2d6f7ea3,gdelt_gkg_v2,news,Microsoft 365 Family subscribers will finally be able to share AI benefits,,2026-10-09T07:30:00Z,original,,false,,https://www.theverge.com/news/1008581/microsoft-365-family-premium-shared-ai-features-storage-changes
gd-7fa52600bda3,gdelt_gkg_v2,news,Manufacturing sector sales rise 9.9% to RM185.bil in August 2026 - DOSM,,2026-10-09T07:30:00Z,original,,false,,https://www.thestar.com.my/business/business-news/2026/10/09/manufacturing-sector-sales-rise-99-to-rm185bil-in-august-2026---dosm
gd-7fca579c5ac6,gdelt_gkg_v2,news,"America Wants To Turn An Execution Into ""Must-See TV""",,2026-10-09T07:30:00Z,original,,false,,https://www.therakyatpost.com/news/2026/10/09/america-wants-to-turn-an-execution-into-must-see-tv/
gd-809b2d8bd1f4,gdelt_gkg_v2,news,INFiLED Launches NX Series for Stage Productions,,2026-10-09T07:30:00Z,original,,false,,http://www.sydneysun.com/news/279360895/infiled-launches-nx-series-for-stage-productions
gd-817c51e87dcb,gdelt_gkg_v2,news,"Surgery, weight-loss devices not recommended for children: WHO's new obesity guideline focuses on treatment, mental health, stigma and support for children and teens",,2026-10-09T07:30:00Z,original,,false,,https://timesofindia.indiatimes.com/health/surgery-weight-loss-devices-not-recommended-for-children-whos-new-obesity-guideline-focuses-on-treatment-mental-health-stigma-and-support-for-children-and-teens/articleshow/134817110.cms
gd-81ae145412ae,gdelt_gkg_v2,news,"Creatorville, Homecoming Studios to collaborate on true crime docs | News",,2026-10-09T07:30:00Z,original,,false,,https://www.c21media.net/news/creatorville-homecoming-studios-to-collaborate-on-true-crime-docs/
gd-81d3a3e358ea,gdelt_gkg_v2,news,Istanbul air pollution linked to more hospital visits,,2026-10-09T07:30:00Z,original,,false,,https://www.hurriyetdailynews.com/istanbul-air-pollution-linked-to-more-hospital-visits-227882
gd-8203ac074b5e,gdelt_gkg_v2,news,"Elevance Health, Inc. (NYSE:ELV) Stock Has Consensus Price Target of $440.90 According to Brokerages",,2026-10-09T07:30:00Z,original,,false,,https://www.dailypolitical.com/2026/10/08/elevance-health-inc-nyseelv-stock-has-consensus-price-target-of-440-90-according-to-brokerages.html
gd-827557b64b76,gdelt_gkg_v2,news,Tag: los_angeles_county_district_attorney_s_office,,2026-10-09T07:30:00Z,original,,false,,https://newsroomamerica.com/tag/los_angeles_county_district_attorney_s_office
gd-827586c39455,gdelt_gkg_v2,news,SKYX Platforms Eyes Deako Merger to Expand Smart-Home Builder Reach,,2026-10-09T07:30:00Z,original,,false,,https://www.dailypolitical.com/2026/10/09/skyx-platforms-eyes-deako-merger-to-expand-smart-home-builder-reach.html
gd-8280eb5c0495,gdelt_gkg_v2,news,Bus hits truck parked on highway near Belagavi; one dead,,2026-10-09T07:30:00Z,original,,false,,https://www.thehindu.com/news/national/karnataka/bus-hits-truck-parked-on-highway-near-belagavi-one-dead-12-injured/article71562853.ece
gd-828272c88abb,gdelt_gkg_v2,news,Ninth Conference on Transit Ticketing & Fare Collection APAC 2026,,2026-10-09T07:30:00Z,original,,false,,https://www.biometricupdate.com/202607/ninth-conference-on-transit-ticketing-fare-collection-apac-2026
gd-82f11f095ba6,gdelt_gkg_v2,news,New Asia Forum Targets US$30 Billion in Investment into the New Asia at Its Inaugural Edition in Bali,,2026-10-09T07:30:00Z,original,,false,,https://www.timminspress.com/press-releases/pr-newswire/new-asia-forum-targets-us30-billion-in-investment-into-the-new-asia-at-its-inaugural-edition-in-bali/
gd-82f3d8aa72b1,gdelt_gkg_v2,news,"'Come back, let's build India': Zoho founder Sridhar Vembu reacts to US barring IT majors from Green Card program",,2026-10-09T07:30:00Z,original,,false,,http://www.middleeaststar.com/news/279361235/come-back-let-build-india-zoho-founder-sridhar-vembu-reacts-to-us-barring-it-majors-from-green-card-program
gd-8380c2e85004,gdelt_gkg_v2,news,Jobless man jailed 15 years for murder in Melaka,,2026-10-09T07:30:00Z,original,,false,,https://www.thestar.com.my/news/nation/2026/10/09/jobless-man-jailed-15-years-for-murder-in-melaka
gd-838e66739a01,gdelt_gkg_v2,news,Complaint: Burglary suspect found sleeping with meth pipe in his lap,,2026-10-09T07:30:00Z,original,,false,,https://www.guampdn.com/news/complaint-burglary-suspect-found-sleeping-with-meth-pipe-in-his-lap/article_9816bff0-9535-40fa-be57-4303952bee3f.html
gd-83a9065706c9,gdelt_gkg_v2,news,"Las Vegas police investigate motorcycle-pedestrian crash on Boulder Hwy, E Harmon Ave",,2026-10-09T07:30:00Z,original,,false,,https://news3lv.com/news/local/las-vegas-police-investigate-motorcycle-pedestrian-crash-on-boulder-hwy-e-harmon-ave
gd-840bd9884658,gdelt_gkg_v2,news,Column: China's quiet rise in global appeal,,2026-10-09T07:30:00Z,original,,false,,http://www.middleeaststar.com/news/279361067/column-china-quiet-rise-in-global-appeal
gd-84954d8d1c3f,gdelt_gkg_v2,news,"Tested by mud and water, in Bundelkhand",,2026-10-09T07:30:00Z,original,,false,,https://www.thehindu.com/news/national/madhya-pradesh/tested-by-mud-and-water-in-bundelkhand/article71559245.ece
gd-852295ae1d4e,gdelt_gkg_v2,news,"Shell (LON:SHEL) Stock Keeps ""Buy"" Rating at Jefferies Financial Group",,2026-10-09T07:30:00Z,original,,false,,https://www.dailypolitical.com/2026/10/08/shell-lonshel-stock-keeps-buy-rating-at-jefferies-financial-group.html
gd-853c4bde5d2a,gdelt_gkg_v2,news,Fake cop sentenced to 4 years for raping international student,,2026-10-09T07:30:00Z,original,,false,,https://nltimes.nl/2026/10/09/fake-cop-sentenced-4-years-raping-international-student
gd-85c2931906a4,gdelt_gkg_v2,news,Tops Day Nurseries and Shoots Training hosted annual awards,,2026-10-09T07:30:00Z,original,,false,,https://www.bournemouthecho.co.uk/news/26618811.tops-day-nurseries-shoots-training-hosted-annual-awards/
gd-85ec1640ff81,gdelt_gkg_v2,news,Category: drug_trafficking,,2026-10-09T07:30:00Z,original,,false,,https://newsroomamerica.com/category/drug_trafficking
gd-873fa5efa887,gdelt_gkg_v2,news,Asian shares are mixed and crude prices fall after an unsettled day on Wall St,,2026-10-09T07:30:00Z,original,,false,,http://www.dailyadvance.com/news/national/asian-shares-are-mixed-and-crude-prices-fall-after-an-unsettled-day-on-wall-st/article_ec189cb2-58af-59b8-ba32-73e2d584c1ff.html
gd-876503765263,gdelt_gkg_v2,news,"""ICE is rotten to its core"": NYC Mayor Mamdani slams federal agency after Bronx shooting; claims presence of 5-year-old in car",,2026-10-09T07:30:00Z,original,,false,,http://www.middleeaststar.com/news/279361050/ice-is-rotten-to-its-core-nyc-mayor-mamdani-slams-federal-agency-after-bronx-shooting-claims-presence-of-5-year-old-in-car
gd-87c0ab202741,gdelt_gkg_v2,news,Colours of music - The Hindu,,2026-10-09T07:30:00Z,original,,false,,https://www.thehindu.com/features/metroplus/events/colours-of-music/article56846764.ece1
gd-8860f5627571,gdelt_gkg_v2,news,Wyoming Launches Casper Aviation Helibase To Accelerate Wildfire Response Times,,2026-10-09T07:30:00Z,original,,false,,https://aero-news.net:443/index.cfm?do=main.textpost&id=27F65B66-7E37-407A-855E-766E66C43BF2
gd-88659c382bee,gdelt_gkg_v2,news,Coiled embroidery of Tu ethnic group weaves a thriving industry,,2026-10-09T07:30:00Z,original,,false,,https://en.people.cn/n3/2026/1009/c90000-20506529.html
gd-88752d9db60d,gdelt_gkg_v2,news,"US Green Card suspension may trigger talent shifts across IT firms, says Harish Bijoor",,2026-10-09T07:30:00Z,original,,false,,http://www.newyorkstatesman.com/news/279361177/us-green-card-suspension-may-trigger-talent-shifts-across-it-firms-says-harish-bijoor
gd-88cf76278f69,gdelt_gkg_v2,news,'Literature is as much in homes & shrines as in books & libraries',,2026-10-09T07:30:00Z,original,,false,,https://timesofindia.indiatimes.com/city/srinagar/literature-is-as-much-in-homes-shrines-as-in-books-libraries/articleshow/134816038.cms
gd-8a155f7b065e,gdelt_gkg_v2,news,"EQS Newswire: Shenzhen Bowen Media Infotech Co,: Global Food Security Summit Concludes in Abu Dhabi with Renewed Commitment to Strengthening Global Food Security",,2026-10-09T07:30:00Z,original,,false,,https://www.finanznachrichten.de/nachrichten-2026-10/69795396-eqs-newswire-shenzhen-bowen-media-infotech-co-global-food-security-summit-concludes-in-abu-dhabi-with-renewed-commitment-to-strengthening-global-fo-023.htm
gd-8abd9e8a7c3f,gdelt_gkg_v2,news,"65 People Spill The Secrets They Were Gatekeeping, From Money-Saving Tricks To Everyday Shortcuts",,2026-10-09T07:30:00Z,original,,false,,https://www.boredpanda.com/intriguing-secrets-people-gatekeeping/?cexp_id=162738&_f=homepage_featured&cexp_var=8
gd-8ba290943410,gdelt_gkg_v2,news,'Evil' dentist Maged Fouad Farag jailed for sexually abusing three women at Sydney clinic,,2026-10-09T07:30:00Z,original,,false,,https://www.perthnow.com.au/news/crime/evil-dentist-maged-fouad-farag-jailed-for-sexually-abusing-three-women-at-sydney-clinic-c-22994520
gd-8bc8e4cebf0c,gdelt_gkg_v2,news,Orelia: Man's twin in custody after body found in Perth backyard,,2026-10-09T07:30:00Z,original,,false,,https://www.watoday.com.au/national/western-australia/man-s-twin-in-custody-after-body-found-in-perth-backyard-20261009-p614bg.html
gd-8cc6b0f8b8b5,gdelt_gkg_v2,news,TEJUNTO Festival Brings Generations of Tejano and Conjunto Music Together in Mission on Oct. 10 | Tejano 1600,,2026-10-09T07:30:00Z,original,,false,,https://tejano1600.iheart.com/featured/tejano-nation-news/content/tejano-nation-news-tejunto-festival-brings-generations-of-tejano-and-conjunto-music-together-in-mission-on-oct-10/
gd-8d0b4c1d166e,gdelt_gkg_v2,news,New Forest District Council launch 27/28 budget consultation,,2026-10-09T07:30:00Z,original,,false,,https://www.bournemouthecho.co.uk/news/26619916.new-forest-district-council-launch-27-28-budget-consultation/
gd-8d2afd7ac74a,gdelt_gkg_v2,news,Armenia-Azerbaijan peace is an accomplished fact – Pashinyan,,2026-10-09T07:30:00Z,original,,false,,https://www.trend.az/scaucasus/armenia/4232765.html
gd-8d5e9c72de58,gdelt_gkg_v2,news,Nigerian-Born AI Professor Earns Global Recognition in Artificial Intelligence in Healthcare – THISDAYLIVE,,2026-10-09T07:30:00Z,original,,false,,https://www.thisdaylive.com/2026/10/09/nigerian-born-ai-professor-earns-global-recognition-in-artificial-intelligence-in-healthcare/
gd-8dc36811916e,gdelt_gkg_v2,news,"ReleasePR.com: Guy Gentile Introduces AI Trading Edge, a 25-Chapter Guide to Building Machine-Learning Systems for Real Markets",,2026-10-09T07:30:00Z,original,,false,,https://www.finanznachrichten.de/nachrichten-2026-10/69795246-releasepr-com-guy-gentile-introduces-ai-trading-edge-a-25-chapter-guide-to-building-machine-learning-systems-for-real-markets-296.htm
gd-8e562f03033d,gdelt_gkg_v2,news,Tag: non_consensual_intimate_images,,2026-10-09T07:30:00Z,original,,false,,https://newsroomamerica.com/tag/non_consensual_intimate_images
gd-8e88ed73aabe,gdelt_gkg_v2,news,Fuel Price: FG Offers 30-day Discount at NNPC Stations – THISDAYLIVE,,2026-10-09T07:30:00Z,original,,false,,https://www.thisdaylive.com/2026/10/09/fuel-price-fg-offers-30-day-discount-at-nnpc-stations/
gd-8f149bfe0e95,gdelt_gkg_v2,news,UM to implement hybrid classes from Monday amid haze,,2026-10-09T07:30:00Z,original,,false,,https://www.thestar.com.my/news/nation/2026/10/09/um-to-implement-hybrid-classes-from-monday-amid-haze
gd-8f3f49b32199,gdelt_gkg_v2,news,Tropfest scores $2.7m boost as stars back Aussie talent,,2026-10-09T07:30:00Z,original,,false,,https://www.nynganobserver.com.au/story/9365831/tropfest-scores-27m-boost-as-stars-back-aussie-talent/
gd-8f6e51586659,gdelt_gkg_v2,news,Tag: smilow_center_for_precision_therapeutics,,2026-10-09T07:30:00Z,original,,false,,https://newsroomamerica.com/tag/smilow_center_for_precision_therapeutics
gd-902fcdb290d2,gdelt_gkg_v2,news,DIPLOMATIC REVERSAL: Trump Administration Opens Direct Talks With Myanmar's Military Government – The Yeshiva World,,2026-10-09T07:30:00Z,original,,false,,https://www.theyeshivaworld.com/news/general/2607243/diplomatic-reversal-trump-administration-opens-direct-talks-with-myanmars-military-government.html
gd-90b4182858e0,gdelt_gkg_v2,news,"West Hennepin Public Safety reports, Sept. 19-21",,2026-10-09T07:30:00Z,original,,false,,https://www.hometownsource.com/press_and_news/news/publicsafety/west-hennepin-public-safety-reports-sept-19-21/article_b7d388cb-2bee-4adb-b088-141bfce5307b.html
gd-90f3933a52a2,gdelt_gkg_v2,news,"Kogi 2027- Abejide Pledges N500m Youth Empowerment, Backs Tinubu, Ododo Re-election  - Ben Television | Breaking",,2026-10-09T07:30:00Z,original,,false,,https://bentelevision.com/kogi-2027-abejide-pledges-n500m-youth-empowerment-backs-tinubu-ododo-re-election/
gd-9108fb0fe689,gdelt_gkg_v2,news,"John Mayer Reveals Real Reason He Wrote 'Daughters,' Says Younger Self Was a 'Weird Messenger'",,2026-10-09T07:30:00Z,original,,false,,https://www.complex.com/music/a/will-lavin/john-mayer-daughters-heartbreak-real-reason-weird-messenger
gd-91c2f463a142,gdelt_gkg_v2,news,"Children damaged in rush to diagnose ADHD and autism, review warns",,2026-10-09T07:30:00Z,original,,false,,https://www.express.co.uk/life-style/health/2255712/adhd-autism-review-finds-misdiagnosis
gd-921673403748,gdelt_gkg_v2,news,"Before Christa Pike Became A Criminal, Her Mother Subjected Her To A Life No Daughter Should Ever Endure",,2026-10-09T07:30:00Z,original,,false,,https://2.boredpanda.com/christa-pike-tennessee-history/?cexp_id=162740&_f=featured&cexp_var=15
gd-92d6bca0e8a5,gdelt_gkg_v2,news,10 dead after prison riot in Mexico's Sinaloa state,,2026-10-09T07:30:00Z,original,,false,,https://www.lancashiretelegraph.co.uk/news/national/26621124.10-dead-prison-riot-mexicos-sinaloa-state/
gd-9367ab60034a,gdelt_gkg_v2,news,2027: Tinubu's Track Record as an Edge over Other Presidential Candidates – THISDAYLIVE,,2026-10-09T07:30:00Z,original,,false,,https://www.thisdaylive.com/2026/10/09/2027-tinubus-track-record-as-an-edge-over-other-presidential-candidates/
gd-94090a341484,gdelt_gkg_v2,news,Coffee lovers save £100s on Starbucks and Costa with £65 off 'easy to use' machine,,2026-10-09T07:30:00Z,original,,false,,https://www.dailypost.co.uk/whats-on/shopping/tassimo-coffee-machine-bundle-deal-34729741
gd-9490c98aeb67,gdelt_gkg_v2,news,"Ashok Anand: NR Congress candidate Ashok Anand wins Thattanchavady bypoll in Puducherry by 8,500 votes | Puducherry News",,2026-10-09T07:30:00Z,original,,false,,https://timesofindia.indiatimes.com/city/puducherry/nr-congress-candidate-ashok-anand-wins-thattanchavady-bypoll-in-puducherry-by-8500-votes/articleshow/134814684.cms
gd-94e4569ca4ae,gdelt_gkg_v2,news,Update On ICE Shooting In New York City | WJBO Newsradio 1150 AM & 98.7 FM,,2026-10-09T07:30:00Z,original,,false,,https://wjbo.iheart.com/content/2026-10-08-update-on-ice-shooting-in-new-york-city/
gd-957451a450e5,gdelt_gkg_v2,news,Guinness-certified! This 'horse' really does generate electricity,,2026-10-09T07:30:00Z,original,,false,,https://en.people.cn/n3/2026/1009/c90000-20506414.html
gd-959582d9fde0,gdelt_gkg_v2,news,Elon Musk's borrowing spree tests Wall Street as AI debt machine roars on,,2026-10-09T07:30:00Z,original,,false,,https://www.watoday.com.au/business/markets/the-world-s-richest-person-is-testing-wall-street-s-limits-20261009-p613qf.html
gd-95ab87c3d92c,gdelt_gkg_v2,news,Harley-Davidson Sprint 440 New Teaser Out - Gets Cruiser Design,,2026-10-09T07:30:00Z,original,,false,,https://www.rushlane.com/harley-davidson-sprint-440-new-teaser-out-gets-cruiser-design-12557957.html
gd-95b7819d469e,gdelt_gkg_v2,news,Autumn grain harvest in full swing across China - People's Daily Online,,2026-10-09T07:30:00Z,original,,false,,https://en.people.cn/n3/2026/1009/c90000-20506337.html
gd-95cb9776db2b,gdelt_gkg_v2,news,"45 True Stories So Creepy, You'll Probably Want To Sleep With The Lights On",,2026-10-09T07:30:00Z,original,,false,,https://www.boredpanda.com/true-scariest-stories-people/?cexp_id=162725&_f=homepage_featured&cexp_var=12
gd-95f9e81cb7ae,gdelt_gkg_v2,news,Tom Blyth leads A Few Good Men at Vivian Beaumont Theatre,,2026-10-09T07:30:00Z,original,,false,,https://www.el-balad.com/17056278
gd-970741b6e819,gdelt_gkg_v2,news,"Uzbekistan, UAE companies discuss water, gas and logistics projects",,2026-10-09T07:30:00Z,original,,false,,https://www.trend.az/casia/uzbekistan/4232795.html
gd-9799ba7a1fbf,gdelt_gkg_v2,news,Vatican newspaper highlights Russian attacks on Ukrainian civilians | News Headlines,,2026-10-09T07:30:00Z,original,,false,,https://www.catholicculture.org/news/headlines/index.cfm?storyid=70902
gd-982ad1044cbf,gdelt_gkg_v2,news,Original-Research: HausVorteil AG (von NuWays AG): BUY,,2026-10-09T07:30:00Z,original,,false,,https://www.finanznachrichten.de/nachrichten-2026-10/69795642-original-research-hausvorteil-ag-von-nuways-ag-buy-023.htm
gd-9938c39a2fd9,gdelt_gkg_v2,news,Odisha student union polls: Nomination process begins ahead of October 15 voting,,2026-10-09T07:30:00Z,original,,false,,https://www.orissapost.com/odisha-student-union-polls-nomination-process-begins-ahead-of-october-15-voting/
gd-99fb774e362c,gdelt_gkg_v2,news,Bands gearing up for ISSMA competition,,2026-10-09T07:30:00Z,original,,false,,https://www.kpcnews.com/thestar/article_b95983a9-fe68-4c1c-9856-0a88ab27035e.html
gd-9a16926a12db,gdelt_gkg_v2,news,"Two men charged with alleged $3m Medicare, NDIS rorts",,2026-10-09T07:30:00Z,original,,false,,https://www.areanews.com.au/story/9365505/two-men-charged-with-alleged-3m-medicare-ndis-rorts/
gd-9a666e7780eb,gdelt_gkg_v2,news,Barratt David Wilson Homes backing Gillingham Carnival,,2026-10-09T07:30:00Z,original,,false,,https://www.bournemouthecho.co.uk/news/26617985.barratt-david-wilson-homes-backing-gillingham-carnival/
gd-9ac89ea27a24,gdelt_gkg_v2,news,Here's how you can watch the Orionids meteor shower in Dubai,,2026-10-09T07:30:00Z,original,,false,,https://whatson.ae/2026/10/heres-how-you-can-watch-the-orionids-meteor-shower-in-dubai-2026/
gd-9b4f42ece8ef,gdelt_gkg_v2,news,Sagal Abdi-Wali says Labour by-election victory is testament to diversity,,2026-10-09T07:30:00Z,original,,false,,https://www.countypress.co.uk/news/national/26621020.sagal-abdi-wali-says-labour-by-election-victory-testament-diversity/
gd-9b6606ca2f78,gdelt_gkg_v2,news,DWP confirms 45 eye conditions that qualify for £114 weekly PIP payment,,2026-10-09T07:30:00Z,original,,false,,https://www.dailypost.co.uk/news/north-wales-news/dwp-confirms-45-eye-conditions-34738164
gd-9b9ed3a8a690,gdelt_gkg_v2,news,UM program guides rural students to healthcare careers,,2026-10-09T07:30:00Z,original,,false,,https://helenair.com/news/community/article_23261819-914c-52f6-a42c-28a6abb7467f.html
gd-9c1616c4894c,gdelt_gkg_v2,news,"Zara Qairina inquest: Mother refuses to believe daughter jumped, cites cheerful demeanour",,2026-10-09T07:30:00Z,original,,false,,https://www.thestar.com.my/news/nation/2026/10/09/zara-qairina-inquest-mother-refuses-to-believe-daughter-jumped-cites-cheerful-demeanour
gd-9c995eeb40a5,gdelt_gkg_v2,news,Reviewing Stellus Capital Investment (NYSE:SCM) & DigitalBridge Group (NYSE:DBRG),,2026-10-09T07:30:00Z,original,,false,,https://www.themarketsdaily.com/2026/10/09/reviewing-stellus-capital-investment-nysescm-digitalbridge-group-nysedbrg.html
gd-9cda620481ba,gdelt_gkg_v2,news,How John Lewis became cool again: High street giant rivals Zara and Mango as THE place to shop at any age - and the 22 picks our fashion stylist says are a must-have this season,,2026-10-09T07:30:00Z,original,,false,,https://www.dailymail.com/lifestyle/article-16111887/fashion-insiders-guide-new-John-Lewis-AW26.html
gd-9d23986e91eb,gdelt_gkg_v2,news,Kapital Bank expands access to international investment markets through bond placement,,2026-10-09T07:30:00Z,original,,false,,https://www.trend.az/azerbaijan/4232816.html
gd-9dee2dedbfa0,gdelt_gkg_v2,news,Russia slashes cancer care as defence spending hits post-Soviet record,,2026-10-09T07:30:00Z,original,,false,,https://www.euronews.com/2026/10/09/russia-slashes-cancer-care-as-defence-spending-hits-post-soviet-record
gd-9ec6ba6a71c5,gdelt_gkg_v2,news,Charming North Wales seaside town with beautiful beach and barely any tourists in autumn,,2026-10-09T07:30:00Z,original,,false,,https://www.dailypost.co.uk/whats-on/trips-breaks/charming-north-wales-seaside-town-34727617
gd-9f3de866212c,gdelt_gkg_v2,news,"DELSEY PARIS celebrates 80 years of travel, perfected - BusinessWorld Online",,2026-10-09T07:30:00Z,original,,false,,https://bworldonline.com/spotlight/2026/10/09/785806/delsey-paris-celebrates-80-years-of-travel-perfected/
gd-9f73323d22cc,gdelt_gkg_v2,news,"Events in Lachin, declared the Commonwealth's Cultural Capital, offered an opportunity to become better acquainted with the region's rich and ancient history - President Ilham Aliyev",,2026-10-09T07:30:00Z,original,,false,,https://www.trend.az/azerbaijan/4232777.html
gd-9f7bdadcf4fd,gdelt_gkg_v2,news,Security forces neutralise seven India-backed terrorists in North Waziristan IBO: sources,,2026-10-09T07:30:00Z,original,,false,,https://www.geo.tv/latest/685715-security-forces-neutralise-seven-india-backed-terrorists-in-north-waziristan-ibo-sources
gd-a015ba093a87,gdelt_gkg_v2,news,A wink and a smile – shark attack survivor reveals details of mauling,,2026-10-09T07:30:00Z,original,,false,,https://www.guardian-series.co.uk/news/national/26621096.wink-smile---shark-attack-survivor-reveals-details-mauling/
gd-a0314e345d14,gdelt_gkg_v2,news,Weekend to come with the first storm of winter,,2026-10-09T07:30:00Z,original,,false,,https://bnn-news.com/social/weekend-to-come-with-the-first-storm-of-winter-2tw56s7
gd-a09135a51646,gdelt_gkg_v2,news,East Mediterranean ministers talk up gas collaboration,,2026-10-09T07:30:00Z,original,,false,,https://www.upstreamonline.com/field-development/east-mediterranean-ministers-talk-up-gas-collaboration/2-1-2056028
gd-a15b90a51521,gdelt_gkg_v2,news,Firmus fizzles out: AI factory firm pulls $44b float,,2026-10-09T07:30:00Z,original,,false,,https://www.nynganobserver.com.au/story/9365446/firmus-fizzles-out-ai-factory-firm-pulls-44b-float/
gd-a199ea9419f9,gdelt_gkg_v2,news,Tag: cardiovascular_disease,,2026-10-09T07:30:00Z,original,,false,,https://newsroomamerica.com/tag/cardiovascular_disease
gd-a1ecef0cafca,gdelt_gkg_v2,news,"Woman charged with money laundering, fraud and theft",,2026-10-09T07:30:00Z,original,,false,,https://www.kpcnews.com/heraldrepublican/article_cb81d491-fdd6-4de2-a0b4-d7394c496a6b.html
gd-a2398cab11db,gdelt_gkg_v2,news,Former Albany budget director Gideon Grande hired as Schenectady County budget chief,,2026-10-09T07:30:00Z,original,,false,,https://cbs6albany.com/news/local/former-albany-budget-director-gideon-grande-hired-as-schenectady-county-budget-chief
gd-a267bb359c0e,gdelt_gkg_v2,news,Update On ICE Shooting In New York City | Newsradio 92.7 WBEX,,2026-10-09T07:30:00Z,original,,false,,https://wbex.iheart.com/content/2026-10-08-update-on-ice-shooting-in-new-york-city/
gd-a26ad8b4b4dc,gdelt_gkg_v2,news,"Pawan Khera targets PM Modi over US barring IT majors from green card program, says he is being",,2026-10-09T07:30:00Z,original,,false,,http://www.newyorkstatesman.com/news/279360978/pawan-khera-targets-pm-modi-over-us-barring-it-majors-from-green-card-program-says-he-is-being-bullied-by-trump
gd-a31ee5e42427,gdelt_gkg_v2,news,IIIT-H study caution doctors against relying entirely on AI for medical diagnosis,,2026-10-09T07:30:00Z,original,,false,,https://www.thehindu.com/news/cities/Hyderabad/iiit-h-study-caution-doctors-against-relying-entirely-on-ai-for-medical-diagnosis/article71562754.ece
gd-a3e09bea73a9,gdelt_gkg_v2,news,"Businessman claims trial to RM101,679 CBT charge",,2026-10-09T07:30:00Z,original,,false,,https://www.thestar.com.my/news/nation/2026/10/09/businessman-claims-trial-to-rm101679-cbt-charge
gd-a3ed142c78af,gdelt_gkg_v2,news,"Help Businesses Scale Up To Raise Wages, Says Economist",,2026-10-09T07:30:00Z,original,,false,,https://www.therakyatpost.com/news/2026/10/09/help-businesses-scale-up-to-raise-wages-says-economist/
gd-a49f2671feb0,gdelt_gkg_v2,news,Dorset History Centre inviting residents to Pride exhibition,,2026-10-09T07:30:00Z,original,,false,,https://www.bournemouthecho.co.uk/news/26619867.dorset-history-centre-inviting-residents-pride-exhibition/
gd-a4bce4f57031,gdelt_gkg_v2,news,Bega police arrest man after alleged knife robbery at bank | Merimbula News Weekly,,2026-10-09T07:30:00Z,original,,false,,https://www.merimbulanewsweekly.com.au/story/9365849/bega-police-arrest-man-after-alleged-knife-robbery-at-bank/
gd-a599dafb473e,gdelt_gkg_v2,news,AI brings Korean fortune-telling to screen,,2026-10-09T07:30:00Z,original,,false,,https://www.koreaherald.com/article/10897856
gd-a5a9403cf9b3,gdelt_gkg_v2,news,"If the Experts Are Correct, Here's How Much Your Social Security Checks Might Rise in 2027",,2026-10-09T07:30:00Z,original,,false,,https://www.fool.com/retirement/2026/10/09/if-the-experts-are-correct-here-s-how-much-your-social-security-checks-might-rise-in-2027/
gd-a6d588d5b3e0,gdelt_gkg_v2,news,"Letters, Oct. 9 – Winnipeg Free Press",,2026-10-09T07:30:00Z,original,,false,,https://www.winnipegfreepress.com/opinion/letters-to-the-editor/2026/10/09/letters-oct-9-6
gd-a71622c517ed,gdelt_gkg_v2,news,"Armenia, Iran review progress on agreements reached in Tehran",,2026-10-09T07:30:00Z,original,,false,,https://www.pan.am/en/626135
gd-a77db728013a,gdelt_gkg_v2,news,Boone County school board approves closures of schools,,2026-10-09T07:30:00Z,original,,false,,https://www.wsaz.com/2026/10/09/boone-county-school-board-approves-closures-schools/
gd-a78e77f1da22,gdelt_gkg_v2,news,"Philippines, Japan strengthen Asia's clean energy cooperation",,2026-10-09T07:30:00Z,original,,false,,https://bworldonline.com/spotlight/2026/10/09/785852/philippines-japan-strengthen-asias-clean-energy-cooperation/
gd-a796193a109f,gdelt_gkg_v2,news,Tampa Bay storm drains tested by heavy rain ahead of Hurricane Isaias,,2026-10-09T07:30:00Z,original,,false,,https://www.fox13news.com/news/tampa-bay-storm-drains-tested-heavy-rain-ahead-hurricane-isaias
gd-a7a37ffbdfe5,gdelt_gkg_v2,news,Four CRPF personnel injured in blast during explosives disposal in Sukma,,2026-10-09T07:30:00Z,original,,false,,https://www.thehindu.com/news/national/chhattisgarh/four-crpf-personnel-injured-in-blast-during-explosives-disposal-in-sukma/article71562794.ece
gd-a7af68414c1d,gdelt_gkg_v2,news,"Elon Musk Challenges Mukesh Ambani Over Starlink Delay in India, Sparking Political Row",,2026-10-09T07:30:00Z,original,,false,,https://slguardian.org/elon-musk-challenges-mukesh-ambani-over-starlink-delay-in-india-sparking-political-row/
gd-a82bc074b7fc,gdelt_gkg_v2,news,Why should you avoid eating meat at night?,,2026-10-09T07:30:00Z,original,,false,,https://timesofindia.indiatimes.com/etimes/wellness/why-should-you-avoid-eating-meat-at-night/articleshow/134815636.cms
gd-a82d5ec1694a,gdelt_gkg_v2,news,White ensign flag relic from First World War rediscovered,,2026-10-09T07:30:00Z,original,,false,,https://www.bournemouthecho.co.uk/news/26618968.white-ensign-flag-relic-first-world-war-rediscovered/
gd-a93e24db2b52,gdelt_gkg_v2,news,Drivers warned heavy keyrings can cause irreversible damage,,2026-10-09T07:30:00Z,original,,false,,https://www.lancashiretelegraph.co.uk/news/national/uk-today/26621037.drivers-warned-heavy-keyrings-can-cause-irreversible-damage/
gd-a9757f1bae4f,gdelt_gkg_v2,news,GMH gets $21M for new health record system after bill signing,,2026-10-09T07:30:00Z,original,,false,,https://www.guampdn.com/news/gmh-gets-21m-for-new-health-record-system-after-bill-signing/article_15844326-b97e-42c9-93bc-62bee071d074.html
gd-a98232d0f423,gdelt_gkg_v2,news,43 Depressing Posts About Women Trying To Exist But Men Are In The Way,,2026-10-09T07:30:00Z,original,,false,,https://www.boredpanda.com/entitled-men-angry-women-posts/?cexp_id=162736&_f=homepage_featured&cexp_var=6
gd-a9a4caa088f6,gdelt_gkg_v2,news,Michelle Collins & Alison Steadman in Dorchester at weekend,,2026-10-09T07:30:00Z,original,,false,,https://www.bournemouthecho.co.uk/news/26621066.michelle-collins-alison-steadman-dorchester-weekend/
gd-a9dcccac6dd7,gdelt_gkg_v2,news,"Trump's memorial arch faces new lawsuit from Arlington County, Virginia",,2026-10-09T07:30:00Z,original,,false,,https://www.stcatharinesstandard.ca/news/world/united-states/trump-s-memorial-arch-faces-new-lawsuit-from-arlington-county-virginia/article_ff2d97a1-a97e-58b7-9487-07e50fc036f2.html
gd-aa0937a74918,gdelt_gkg_v2,news,What's on in Bournemouth and Poole cinemas this weekend,,2026-10-09T07:30:00Z,original,,false,,https://www.bournemouthecho.co.uk/news/26619568.bournemouth-poole-cinemas-weekend/
gd-ab20bd8e66d0,gdelt_gkg_v2,news,Toys R Us to open store in the Northwest Arkansas Mall | The Arkansas Democrat-Gazette,,2026-10-09T07:30:00Z,original,,false,,https://www.arkansasonline.com/news/2026/oct/09/toys-r-us-to-open-store-in-the-northwest-arkansas/
gd-ab3b280a2d16,gdelt_gkg_v2,news,New Hero Xtreme 160R Teased - Launch Soon,,2026-10-09T07:30:00Z,original,,false,,https://www.rushlane.com/new-hero-xtreme-160r-teased-launch-soon-12557964.html
gd-aba201974d99,gdelt_gkg_v2,news,Bit of creepy consultation could go a long way – Winnipeg Free Press,,2026-10-09T07:30:00Z,original,,false,,https://www.winnipegfreepress.com/arts-and-life/diversions/2026/10/09/bit-of-creepy-consultation-could-go-a-long-way
gd-abb443a0355e,gdelt_gkg_v2,news,"NDIC Disburses N1.48 Billion to 10,312 Depositors of Failed Microfinance Banks – THISDAYLIVE",,2026-10-09T07:30:00Z,original,,false,,https://www.thisdaylive.com/2026/10/09/ndic-disburses-n1-48-billion-to-10312-depositors-of-failed-microfinance-banks/
gd-ac575276b8c1,gdelt_gkg_v2,news,69 Funny Examples Of Accidental Camouflage,,2026-10-09T07:30:00Z,original,,false,,https://www.boredpanda.com/hilarious-accidental-camouflage-examples/?cexp_id=162730&_f=homepage_featured&cexp_var=12
gd-ae8ae3107396,gdelt_gkg_v2,news,Karl settles podcast dispute days before court date,,2026-10-09T07:30:00Z,original,,false,,https://www.areanews.com.au/story/9365844/karl-settles-podcast-dispute-days-before-court-date/
gd-ae9ce47efb36,gdelt_gkg_v2,news,Kidnapped Corps Members: Mother paid ₦3m ransom,,2026-10-09T07:30:00Z,original,,false,,https://www.vanguardngr.com/2026/10/kidnapped-corps-members-mother-paid-%E2%82%A63m-ransom/
gd-af12046741c9,gdelt_gkg_v2,news,'Modern-day Thomas Edison': Trump awards Elon Musk top US science medal,,2026-10-09T07:30:00Z,original,,false,,https://www.euronews.com/2026/10/09/modern-day-thomas-edison-trump-awards-elon-musk-top-us-science-medal
gd-af5a4fa9d165,gdelt_gkg_v2,news,"Honor Flight Boise Takes Idaho Veterans to Washington, DC",,2026-10-09T07:30:00Z,original,,false,,https://mix106radio.com/ixp/658/p/honor-flight-boise-veterans-washington/
gd-afd8181d23c4,gdelt_gkg_v2,news,What would it take to live 194 years? Scientists uncover a hidden barrier that could stand in the way of human longevity,,2026-10-09T07:30:00Z,original,,false,,https://timesofindia.indiatimes.com/etimes/wellness/what-would-it-take-to-live-194-years-scientists-uncover-a-hidden-barrier-that-could-stand-in-the-way-of-human-longevity/photostory/134810973.cms
gd-afdbdb4d8209,gdelt_gkg_v2,news,Sri Lanka's Parliament Passes Amended Anti-Corruption Bill to Strengthen Investigative Powers – Sri Lanka Guardian,,2026-10-09T07:30:00Z,original,,false,,https://slguardian.org/sri-lankas-parliament-passes-amended-anti-corruption-bill-to-strengthen-investigative-powers/
gd-b0068dbb668f,gdelt_gkg_v2,news,"Living in denial with loans and unimplemented budgets, by Adekunle Adekoya",,2026-10-09T07:30:00Z,original,,false,,https://www.vanguardngr.com/2026/10/living-in-denial-with-loans-and-unimplemented-budgets-by-adekunle-adekoya/
gd-b0a725696bb9,gdelt_gkg_v2,news,Dollar General (NYSE:DG) Upgraded at Gordon Haskett,,2026-10-09T07:30:00Z,original,,false,,https://www.dailypolitical.com/2026/10/08/dollar-general-nysedg-upgraded-at-gordon-haskett.html
gd-b1556fe45827,gdelt_gkg_v2,news,Thermal energy storage delivers industrial heat but can solve grid issues too,,2026-10-09T07:30:00Z,original,,false,,https://www.finanznachrichten.de/nachrichten-2026-10/69795657-thermal-energy-storage-delivers-industrial-heat-but-can-solve-grid-issues-too-451.htm
gd-b16175f82262,gdelt_gkg_v2,news,Telecoms drop on SpaceX deal; quant system highlights top buys,,2026-10-09T07:30:00Z,original,,false,,https://seekingalpha.com/news/4651650-spacex-spectrum-deal-triggers-telecom-selloff-how-t-vz-and-tmus-rank-on-quant
gd-b1e29a94bd8a,gdelt_gkg_v2,news,Woman killed in N.H. officer-involved shooting,,2026-10-09T07:30:00Z,original,,false,,https://www.wcax.com/2026/10/09/woman-killed-new-hampshire-officer-involved-shooting/
gd-b2468d23006f,gdelt_gkg_v2,news,Starbucks Says NLRB Ignored Repeat Dress Code Violations,,2026-10-09T07:30:00Z,original,,false,,https://www.law360.com:443/articles/2535996
gd-b29cb91ac733,gdelt_gkg_v2,news,Reaching Milestones of Faith,,2026-10-09T07:30:00Z,original,,false,,https://relevantmagazine.com/faith/deeper-walk/1012-faith/
gd-b2f356f64115,gdelt_gkg_v2,news,Comparing Data I/O (NASDAQ:DAIO) & Sanmina (NASDAQ:SANM),,2026-10-09T07:30:00Z,original,,false,,https://www.themarketsdaily.com/2026/10/09/comparing-data-i-o-nasdaqdaio-sanmina-nasdaqsanm.html
gd-b35126a75d62,gdelt_gkg_v2,news,Personal Assistant (9321) - Λευκωσία,,2026-10-09T07:30:00Z,original,,false,,https://cyprusnews.eu/carierista/personal-assistant-9321-lefkosia-2/
gd-b361684d63af,gdelt_gkg_v2,news,"Nominations open for Pearson Plumbing ""Operation Warm Home""",,2026-10-09T07:30:00Z,original,,false,,https://www.rockfordnewsfirst.com/2026/10/09/nominations-open-pearson-plumbing-operation-warm-home/
gd-b427b3622e7b,gdelt_gkg_v2,news,"4 candidates run for 2 Winnebago Co. Forest Preserve Board seats, address potential data center",,2026-10-09T07:30:00Z,original,,false,,https://www.rockfordnewsfirst.com/2026/10/09/4-candidates-run-2-winnebago-co-forest-preserve-board-seats-address-potential-data-center/
gd-b47ad91c94b2,gdelt_gkg_v2,news,Zandra Rhodes: The British icon with India on her mind,,2026-10-09T07:30:00Z,original,,false,,https://www.thehindu.com/life-and-style/fashion/zandra-rhodes-india-on-her-mind-tambour-annie-titus-mammen-shawls/article71555362.ece
gd-b49ec6aa7cb3,gdelt_gkg_v2,news,The 25th NextGen Payments and RegTech Forum,,2026-10-09T07:30:00Z,original,,false,,https://www.biometricupdate.com/202608/the-25th-nextgen-payments-and-regtech-forum
gd-b4aef1902442,gdelt_gkg_v2,news,Authorities preliminarily grant Manson cult member parole,,2026-10-09T07:30:00Z,original,,false,,https://www.rte.ie/news/2026/1009/1594656-patricia-krenwinkel-us/
gd-b4de5e8f25a3,gdelt_gkg_v2,news,Digital Transformation EXPO (DTX) London 2026,,2026-10-09T07:30:00Z,original,,false,,https://www.biometricupdate.com/202608/digital-transformation-expo-dtx-london-2026
gd-b4e59390a161,gdelt_gkg_v2,news,The TJ Ritchie Show: Nidal Hasan's Planned Execution,,2026-10-09T07:30:00Z,original,,false,,https://wbt.com/1651145/the-tj-ritchie-show-nidal-hasans-planned-execution/
gd-b4fa5c0c6ec0,gdelt_gkg_v2,news,"Needed: better urban planning, not mass culling of dogs",,2026-10-09T07:30:00Z,original,,false,,https://www.thehindu.com/news/national/kerala/needed-better-urban-planning-not-mass-culling-of-dogs/article56845962.ece1
gd-b517db2a3692,gdelt_gkg_v2,news,"How California is bracing for a winter of floods, fires and extreme storms all at once",,2026-10-09T07:30:00Z,original,,false,,https://www.theguardian.com/environment/2026/oct/08/how-california-is-bracing-for-a-winter-of-floods-fires-and-extreme-storms-all-at-once
gd-b521a6f72824,gdelt_gkg_v2,news,Baker backs relaxed Warwoven to join elite company in Caulfield Guineas,,2026-10-09T07:30:00Z,original,,false,,https://www.smh.com.au/sport/racing/baker-backs-relaxed-warwoven-to-join-elite-company-in-caulfield-guineas-20261009-p6144t.html
gd-b5abca27ac0f,gdelt_gkg_v2,news,On the Beach Group (LON:OTB) Stock Price Target Lowered at Berenberg Bank,,2026-10-09T07:30:00Z,original,,false,,https://www.dailypolitical.com/2026/10/08/on-the-beach-group-lonotb-stock-price-target-lowered-at-berenberg-bank.html
gd-b5b7335c39c5,gdelt_gkg_v2,news,"Saratoga Springs proposes 18 percent property tax increase, staffing cuts",,2026-10-09T07:30:00Z,original,,false,,https://cbs6albany.com/news/local/saratoga-springs-proposes-18-percent-property-tax-increase-staffing-cuts
gd-b5fa438a9343,gdelt_gkg_v2,news,Azeri Light price surpasses $133 per barrel,,2026-10-09T07:30:00Z,original,,false,,https://www.trend.az/azerbaijan/4232751.html
gd-b629d7ae4c42,gdelt_gkg_v2,news,"""Appeasement of bullies never pays"": Jairam Ramesh targets Centre after US bars several IT majors from Green Card program",,2026-10-09T07:30:00Z,original,,false,,http://www.newyorkstatesman.com/news/279361049/appeasement-of-bullies-never-pays-jairam-ramesh-targets-centre-after-us-bars-several-it-majors-from-green-card-program
gd-b649bc342bec,gdelt_gkg_v2,news,Charity welcomed end of Supported Housing Work Disincentive,,2026-10-09T07:30:00Z,original,,false,,https://www.bournemouthecho.co.uk/news/26619698.charity-welcomed-end-supported-housing-work-disincentive/
gd-b70fa3eb5be1,gdelt_gkg_v2,news,"Kochi Corporation, BPCL-KR at odds over Brahmapuram CBG plant performance",,2026-10-09T07:30:00Z,original,,false,,https://www.thehindu.com/news/national/kerala/kochi-corporation-bpcl-kr-at-odds-over-brahmapuram-cbg-plant-performance/article71562717.ece
gd-b718a33161dd,gdelt_gkg_v2,news,Head of HR & Recruitment (Shipping) (9320) - Λεμεσός,,2026-10-09T07:30:00Z,original,,false,,https://cyprusnews.eu/carierista/head-of-hr-recruitment-shipping-9320-lemesos-2/
gd-b7962930c7e6,gdelt_gkg_v2,news,Anthony Albanese stars in Swag On The Beat comedy sketch as protective father: 'If you break her heart',,2026-10-09T07:30:00Z,original,,false,,https://www.perthnow.com.au/news/politics/anthony-albanese-stars-in-swag-on-the-beat-comedy-sketch-as-protective-father-if-you-break-her-heart-c-22994420
gd-b85a1f1ec4c0,gdelt_gkg_v2,news,Caroline County seminar offers stories of survival and support,,2026-10-09T07:30:00Z,original,,false,,https://www.wtvr.com/news/local-news/bringing-abuse-out-of-the-shadows-caroline-county-seminar-offers-stories-of-survival-and-support
gd-b865dca2f6fe,gdelt_gkg_v2,news,Securitize debuts onchain trading of blue-chip US stocks with entitlements,,2026-10-09T07:30:00Z,original,,false,,https://www.fow.com/insights/securitize-debuts-onchain-trading-of-blue-chip-us-stocks-with-entitlements
gd-b8c39798b4c1,gdelt_gkg_v2,news,Building public confidence is key to effective police protection in Bor,,2026-10-09T07:30:00Z,original,,false,,https://unmiss.unmissions.org/en/news/building-public-confidence-is-key-to-effective-police-protection-in-bor
gd-b8effdb5a973,gdelt_gkg_v2,news,10 dead after prison riot in Mexico's Sinaloa state | North Wales Chronicle,,2026-10-09T07:30:00Z,original,,false,,https://www.northwaleschronicle.co.uk/news/national/26621124.10-dead-prison-riot-mexicos-sinaloa-state/
gd-b9f502191c21,gdelt_gkg_v2,news,Democrats bet on pastors and ministers in midterms,,2026-10-09T07:30:00Z,original,,false,,https://www.krwg.org/shows/newshour/clip/democrats-bet-on-pastors-and-ministers-in-midterms-1791500087
gd-ba8ee07d0fef,gdelt_gkg_v2,news,Ukhsa Weekly Winter Virus Statistics: Norovirus Reports 9.8% Lower,,2026-10-09T07:30:00Z,original,,false,,https://www.el-balad.com/17056274
gd-ba97c3865822,gdelt_gkg_v2,news,Critical Review: Valens Semiconductor (NYSE:VLN) versus Universal Display (NASDAQ:OLED),,2026-10-09T07:30:00Z,original,,false,,https://www.dailypolitical.com/2026/10/08/critical-review-valens-semiconductor-nysevln-versus-universal-display-nasdaqoled.html
gd-bae70a77cb64,gdelt_gkg_v2,news,"'Canada can work': Premier Smith voted for stay option in referendum, wants Albertans to follow suit",,2026-10-09T07:30:00Z,original,,false,,https://www.dailyheraldtribune.com:443/news/premier-danielle-smith-alberta-separation-referendum/wcm/751c17e1-ec48-4a13-b1f3-bfee843c29d6
gd-baf0a8864edc,gdelt_gkg_v2,news,"Hamilton County parent questions special education model, urges more support for teachers",,2026-10-09T07:30:00Z,original,,false,,https://newschannel9.com/news/local/hamilton-county-parent-questions-special-education-model-urges-more-support-for-teachers
gd-bb970bbe37f9,gdelt_gkg_v2,news,Makinde urges Oyo indigenes to enlist in Nigerian army - The Ghanaian Chronicle,,2026-10-09T07:30:00Z,original,,false,,https://thechronicle.com.gh/makinde-urges-oyo-indigenes-to-enlist-in-nigerian-army/
gd-bc0d967f125f,gdelt_gkg_v2,news,Data centres emerge as bipartisan concern in US midterms,,2026-10-09T07:30:00Z,original,,false,,https://www.rte.ie/news/world/2026/1009/1594643-us-midterms-data-centres/
gd-bc50b0a4976f,gdelt_gkg_v2,news,Opera Ballet to take center stage in Anatolian districts,,2026-10-09T07:30:00Z,original,,false,,https://www.hurriyetdailynews.com/opera-ballet-to-take-center-stage-in-anatolian-districts-227895
gd-bdc0e9d4cdb3,gdelt_gkg_v2,news,Characterization Of PFAS Extractables In Gas Filtration Devices,,2026-10-09T07:30:00Z,original,,false,,https://www.pharmaceuticalonline.com/doc/characterization-of-pfas-extractables-in-gas-filtration-devices-0001
gd-bdfb977a74d6,gdelt_gkg_v2,news,Nigeria loses $2bn yearly to cocoa value addition gap — FG,,2026-10-09T07:30:00Z,original,,false,,https://www.vanguardngr.com/2026/10/nigeria-loses-2bn-yearly-to-cocoa-value-addition-gap-fg/
gd-bea5165d0df7,gdelt_gkg_v2,news,"Kia Expands Buyback Plans Across Range - Petrol, Diesel, Hybrid, EV",,2026-10-09T07:30:00Z,original,,false,,https://www.rushlane.com/kia-expands-buyback-plans-across-range-petrol-diesel-hybrid-ev-12557985.html
gd-bf0c96a63038,gdelt_gkg_v2,news,SFC chief details how structural reforms have driven liquidity in Hong Kong's capital markets,,2026-10-09T07:30:00Z,original,,false,,https://www.fow.com/insights/sfc-chief-details-how-structural-reforms-have-driven-liquidity-in-hong-kongs-capital-markets
gd-bf8b09b2a035,gdelt_gkg_v2,news,The Mathematical Certainty Of The Coming Debt Storm,,2026-10-09T07:30:00Z,original,,false,,https://seekingalpha.com/article/4952968-mathematical-certainty-of-coming-debt-storm
gd-c018cff82b9c,gdelt_gkg_v2,news,SK chief eyes Gwangju chip fabs alongside Yongin cluster,,2026-10-09T07:30:00Z,original,,false,,https://www.koreaherald.com/article/10897855
gd-c09c9831a069,gdelt_gkg_v2,news,"72 Cringey, Infuriating And Stupid Wedding Photos That Might Make You Want To Just Elope",,2026-10-09T07:30:00Z,original,,false,,https://www.boredpanda.com/infuriating-wedding-pics/?cexp_id=162734&_f=homepage_featured&cexp_var=31
gd-c18d344f0446,gdelt_gkg_v2,news,"US, Ukraine, Europeans to discuss 'new ideas' to end war",,2026-10-09T07:30:00Z,original,,false,,https://www.rte.ie/news/ukraine/2026/1009/1594657-ukraine-russia/
gd-c214f1a38bf1,gdelt_gkg_v2,news,Everyone urged to get jab after 28 UK deaths as American Covid cases surge,,2026-10-09T07:30:00Z,original,,false,,https://www.dailypost.co.uk/news/health/everyone-urged-jab-after-28-34738816
gd-c24ae1d28fb1,gdelt_gkg_v2,news,US military will livestream the firing squad execution of Fort Hood shooter,,2026-10-09T07:30:00Z,original,,false,,https://www.euronews.com/2026/10/09/us-military-will-livestream-the-firing-squad-execution-of-fort-hood-shooter
gd-c2541b99672e,gdelt_gkg_v2,news,SpaceXAI's Grok Sued For Breaking Ill. Law With Face Scans,,2026-10-09T07:30:00Z,original,,false,,https://www.law360.com:443/articles/2535696
gd-c317828c80b3,gdelt_gkg_v2,news,Pentagon says execution will be livestreamed – Brandon Sun,,2026-10-09T07:30:00Z,original,,false,,https://www.brandonsun.com/national/2026/10/09/pentagon-says-execution-will-be-livestreamed
gd-c379ed3d3283,gdelt_gkg_v2,news,Kazakhstan reconstructs over 22 km of heating networks in Stepnogorsk,,2026-10-09T07:30:00Z,original,,false,,https://www.trend.az/casia/kazakhstan/4232804.html
gd-c49ce553ec27,gdelt_gkg_v2,news,Telangana RTC union polls underway; results on October 17,,2026-10-09T07:30:00Z,original,,false,,https://www.thehindu.com/news/national/telangana/telangana-rtc-union-polls-underway-results-on-october-17/article71562916.ece
gd-c4e99d6236e4,gdelt_gkg_v2,news,"Wright County Sheriff reports, Sept. 21-27",,2026-10-09T07:30:00Z,original,,false,,https://www.hometownsource.com/press_and_news/news/publicsafety/wright-county-sheriff-reports-sept-21-27/article_77b01476-3ac6-4d3f-a74d-4fd5cea2d81f.html
gd-c57cb843223b,gdelt_gkg_v2,news,Barbara Laband - Daily Hampshire Gazette,,2026-10-09T07:30:00Z,original,,false,,https://gazettenet.com/2026/10/09/obit-barbara-laband-212557333/
gd-c5ca1ece9a23,gdelt_gkg_v2,news,Bond icon Daniel Craig buys 18th-century pub in London with three friends and says it's 'haunted by Spectre',,2026-10-09T07:30:00Z,original,,false,,https://www.dailymail.com/tvshowbiz/article-16195391/Bond-icon-Daniel-Craig-buys-18th-century-pub-London-three-friends-says-haunted-Spectre.html
gd-c65dcf563316,gdelt_gkg_v2,news,"Nifty, Sensex open higher, IT stocks jump 2.73% despite US action against outsourcing firms",,2026-10-09T07:30:00Z,original,,false,,http://www.middleeaststar.com/news/279361048/nifty-sensex-open-higher-it-stocks-jump-273-despite-us-action-against-outsourcing-firms
gd-c690d4dc6420,gdelt_gkg_v2,news,"Türkiye, Syria review integration efforts in Ankara",,2026-10-09T07:30:00Z,original,,false,,https://www.hurriyetdailynews.com/turkiye-syria-review-integration-efforts-in-ankara-227908
gd-c69a22107d8f,gdelt_gkg_v2,news,Ladies in Property Dorset celebrated its first anniversary,,2026-10-09T07:30:00Z,original,,false,,https://www.bournemouthecho.co.uk/news/26619764.ladies-property-dorset-celebrated-first-anniversary/
gd-c78cfb1675b9,gdelt_gkg_v2,news,East Asian tourists fuel autumn tourism boom in Cappadocia,,2026-10-09T07:30:00Z,original,,false,,https://www.hurriyetdailynews.com/east-asian-tourists-fuel-autumn-tourism-boom-in-cappadocia-227898
gd-c8240c64038c,gdelt_gkg_v2,news,Local couple's West End move tied to two of September's top five home sales,,2026-10-09T07:30:00Z,original,,false,,https://richmondbizsense.com/2026/10/09/local-couples-west-end-move-tied-to-two-of-septembers-top-five-home-sales/
gd-c86dafff74c8,gdelt_gkg_v2,news,DOLE halts work at cosmetic surgery clinic,,2026-10-09T07:30:00Z,original,,false,,https://www.sunstar.com.ph/manila/dole-halts-work-at-cosmetic-surgery-clinic
gd-c8e485d0a6b4,gdelt_gkg_v2,news,Local police officers make four arrests,,2026-10-09T07:30:00Z,original,,false,,https://www.kpcnews.com/thestar/article_82c1e623-c46b-4adc-a9af-f692765604cd.html
gd-c901a23f4bb1,gdelt_gkg_v2,news,Trump bought up to $5M SpaceX bonds two days before signing U.S. space policy,,2026-10-09T07:30:00Z,original,,false,,https://seekingalpha.com/news/4651630-trump-bought-up-to-5m-spacex-bonds-two-days-before-signing-us-space-policy
gd-c94077184c9d,gdelt_gkg_v2,news,Harry Styles credits ex-girlfriend with helping him overcome anxiety,,2026-10-09T07:30:00Z,original,,false,,https://www.perthnow.com.au/entertainment/celebrity-gossip/harry-styles-credits-ex-girlfriend-with-helping-him-overcome-anxiety-c-22994334
gd-c999f8429604,gdelt_gkg_v2,news,"Marvel's 'Zodiac' series to be released in 2028, see logo",,2026-10-09T07:30:00Z,original,,false,,http://www.newyorkstatesman.com/news/279360979/marvel-zodiac-series-to-be-released-in-2028-see-logo
gd-c9cbc7b04239,gdelt_gkg_v2,news,Motorcycle chase ends in crash just off I-64,,2026-10-09T07:30:00Z,original,,false,,https://www.wsaz.com/2026/10/09/motorcycle-chase-ends-crash-just-off-i-64/
gd-c9cdf068dc65,gdelt_gkg_v2,news,Nobel Peace Prize to be awarded in Norway,,2026-10-09T07:30:00Z,original,,false,,https://www.clickondetroit.com/news/world/2026/10/09/nobel-peace-prize-to-be-awarded-in-norway/
gd-ca28a981d6fb,gdelt_gkg_v2,news,Air Peace Boosts Fleet Expansion with Acquisition of Another Embraer 190 – THISDAYLIVE,,2026-10-09T07:30:00Z,original,,false,,https://www.thisdaylive.com/2026/10/09/air-peace-boosts-fleet-expansion-with-acquisition-of-another-embraer-190/
gd-ca53f271a30a,gdelt_gkg_v2,news,"Mississippi Power Mobilizes More Than 1,000 for Isaias Response",,2026-10-09T07:30:00Z,original,,false,,https://www.wtok.com/2026/10/09/mississippi-power-mobilizes-more-than-1000-isaias-response/
gd-ca5e6d415b4d,gdelt_gkg_v2,news,Sam Wood held in high-security prison after failed bid for freedom,,2026-10-09T07:30:00Z,original,,false,,https://www.watoday.com.au/national/queensland/sam-wood-held-in-high-security-prison-after-failed-bid-for-freedom-20261009-p6145a.html
gd-ca60276641cc,gdelt_gkg_v2,news,Isle of Wight event to celebrate inspirational women | Isle of Wight County Press,,2026-10-09T07:30:00Z,original,,false,,https://www.countypress.co.uk/news/26614023.isle-wight-event-celebrate-inspirational-women/
gd-ca7e46d712eb,gdelt_gkg_v2,news,2027: Only mad people will vote for Tinubu – Amaechi,,2026-10-09T07:30:00Z,original,,false,,https://theeagleonline.com.ng/2027-only-mad-people-will-vote-for-tinubu-amaechi/
gd-cb0c4b5140d3,gdelt_gkg_v2,news,"US government to livestream firing squad execution of Fort Hood shooter, Pentagon says",,2026-10-09T07:30:00Z,original,,false,,https://www.thejournal.ie/us-government-livestream-firing-squad-nidal-hasan-7187652-Oct2026/
gd-cb596820a1da,gdelt_gkg_v2,news,"CMRL-Exalogic case: CPI(M) accuses UDF of aiding 'BJP-controlled ED', withholding facts to 'mislead' Kerala HC",,2026-10-09T07:30:00Z,original,,false,,https://www.thehindu.com/news/national/kerala/cmrl-exalogic-case-cpim-accuses-udf-of-aiding-bjp-controlled-ed-withholding-facts-to-mislead-kerala-hc/article71562881.ece
gd-cb8a348e14ba,gdelt_gkg_v2,news,New careers guide distributed to 200 schools in Wales,,2026-10-09T07:30:00Z,original,,false,,https://www.northwaleschronicle.co.uk/news/26620639.new-careers-guide-distributed-200-schools-wales/
gd-cb96c03062d7,gdelt_gkg_v2,news,"CBN engages Singapore's MAS, signs innovation MoU with GFTN",,2026-10-09T07:30:00Z,original,,false,,https://www.vanguardngr.com/2026/10/cbn-engages-singapores-mas-signs-innovation-mou-with-gftn/
gd-cbb19602d967,gdelt_gkg_v2,news,Bisa Kdei to launch annual Highlife music event 'The Convention',,2026-10-09T07:30:00Z,original,,false,,https://thechronicle.com.gh/bisa-kdei-to-launch-annual-highlife-music-event-the-convention/
gd-cc177f7d7eba,gdelt_gkg_v2,news,London skyscraper drama as window cleaners rescued from 15th floor after cradle malfunctions,,2026-10-09T07:30:00Z,original,,false,,https://www.standard.co.uk/news/london/skyscraper-rescue-southwark-window-cleaners-london-fire-brigade-b1300093.html
gd-cc2cd30bc31b,gdelt_gkg_v2,news,Gianforte strengthens Montana-Boeing partnership in India,,2026-10-09T07:30:00Z,original,,false,,https://helenair.com/news/community/article_678d87ad-9724-5ec3-bf86-85224dea39c4.html
gd-cccb1eea1aa2,gdelt_gkg_v2,news,Answers due over Molly's murder with no appeal lodged,,2026-10-09T07:30:00Z,original,,false,,https://www.perthnow.com.au/news/crime/answers-due-over-mollys-murder-with-no-appeal-lodged-c-22994744
gd-cdc0285ca24b,gdelt_gkg_v2,news,Thief steals $35K in camera gear containing East Bay couple's wedding photos,,2026-10-09T07:30:00Z,original,,false,,https://www.ktvu.com/news/thief-oakland-steals-photogs-cameras-gear-couples-wedding-photos
gd-cde870c6c1c8,gdelt_gkg_v2,news,Milestone in decommissioning of nuclear power station,,2026-10-09T07:30:00Z,original,,false,,https://www.northwaleschronicle.co.uk/news/26620371.milestone-decommissioning-nuclear-power-station/
gd-ce2654867d9e,gdelt_gkg_v2,news,Northern Stakeholders Support ACReSAL's $500m Additional Financing – THISDAYLIVE,,2026-10-09T07:30:00Z,original,,false,,https://www.thisdaylive.com/2026/10/09/northern-stakeholders-support-acresals-500m-additional-financing-2/
gd-ce8a69816a6b,gdelt_gkg_v2,news,"Uzbekistan, Japan's JBIC discuss financing for private-sector projects",,2026-10-09T07:30:00Z,original,,false,,https://www.trend.az/casia/uzbekistan/4232761.html
gd-ceaebbacc530,gdelt_gkg_v2,news,Gold IRA Pros and Cons Comparison Guide (2026) Released by Experts,,2026-10-09T07:30:00Z,original,,false,,http://www.dailyadvance.com/news/national/gold-ira-pros-and-cons-comparison-guide-2026-released-by-experts/article_2bdb83a5-27f8-58ba-a2f2-72d4ee0e6a98.html
gd-cedb5aae4d36,gdelt_gkg_v2,news,Foucault's Unpublished Work Examines the Policing of Sex and Gender – Sri Lanka Guardian,,2026-10-09T07:30:00Z,original,,false,,https://slguardian.org/foucaults-unpublished-work-examines-the-policing-of-sex-and-gender/
gd-cf19ca23f171,gdelt_gkg_v2,news,"Uzbekistan, EBRD discuss mining, geology cooperation",,2026-10-09T07:30:00Z,original,,false,,https://www.trend.az/casia/uzbekistan/4232742.html
gd-cf19f6720506,gdelt_gkg_v2,news,"INEC Insists on Supreme Court Verdict, Says Erring Parties Won't Field Candidates – THISDAYLIVE",,2026-10-09T07:30:00Z,original,,false,,https://www.thisdaylive.com/2026/10/09/inec-insists-on-supreme-court-verdict-says-erring-parties-wont-field-candidates/
gd-cf32e88bc0f2,gdelt_gkg_v2,news,"Renault Duster Hybrid Mileage 29 Kmpl (More Than Vitara, Hyryder)",,2026-10-09T07:30:00Z,original,,false,,https://www.rushlane.com/renault-duster-hybrid-mileage-29-kmpl-bookings-open-12557976.html
gd-cf3c914959ea,gdelt_gkg_v2,news,Azerbaijan's state budget revenues exceed $17.2B in nine months,,2026-10-09T07:30:00Z,original,,false,,https://www.trend.az/azerbaijan/4232794.html
gd-cf9efc6257f2,gdelt_gkg_v2,news,Polanski vows to stay Greens leader despite election loss,,2026-10-09T07:30:00Z,original,,false,,https://www.rte.ie/news/2026/1009/1594655-holborn-st-pancras-by-election/
gd-cfcb905a6c39,gdelt_gkg_v2,news,Apple Music celebrates Céline Dion's return to the stage  - The Ghanaian Chronicle,,2026-10-09T07:30:00Z,original,,false,,https://thechronicle.com.gh/apple-music-celebrates-celine-dions-return-to-the-stage/
gd-d078f8f7eeae,gdelt_gkg_v2,news,"Gujarat Accident: 7 killed, over 20 injured in truck-pickup collision in Gujarat | Ahmedabad News",,2026-10-09T07:30:00Z,original,,false,,https://timesofindia.indiatimes.com/city/ahmedabad/7-killed-20-injured-in-accident-involving-2-vehicles-in-gujarats-kutch/articleshow/134815665.cms
gd-d13a3b2ac7f6,gdelt_gkg_v2,news,"China Studies Ukraine's Drone War, but Turning Lessons into Military Readiness Takes Years – Sri Lanka Guardian",,2026-10-09T07:30:00Z,original,,false,,https://slguardian.org/china-studies-ukraines-drone-war-but-turning-lessons-into-military-readiness-takes-years/
gd-d153d3f5724b,gdelt_gkg_v2,news,"Go and Do: Oct. 9, 2026 - Messenger News",,2026-10-09T07:30:00Z,original,,false,,https://www.messengernews.net/news/local-news/2026/10/go-and-do-oct-9-2026/
gd-d18e84c312e4,gdelt_gkg_v2,news,Bladen County Military Aircraft Fire Update: What Caused Marine Osprey to Catch Fire With Four Aboard?,,2026-10-09T07:30:00Z,original,,false,,https://www.ibtimes.co.uk/marine-corps-osprey-fire-north-carolina-training-1824602
gd-d1c31d5332c9,gdelt_gkg_v2,news,Azets: Businesses in Dorset are 'drowning in tax complexity',,2026-10-09T07:30:00Z,original,,false,,https://www.bournemouthecho.co.uk/news/26618881.azets-businesses-dorset-drowning-tax-complexity/
gd-d1c51d96c65d,gdelt_gkg_v2,news,US Gulf Coast battens down as Hurricane Isaias nears,,2026-10-09T07:30:00Z,original,,false,,https://www.bendigoadvertiser.com.au/story/9365885/us-gulf-coast-battens-down-as-hurricane-isaias-nears/
gd-d398a0629657,gdelt_gkg_v2,news,Zillow Says Court Misread Case Law In Realtors' Antitrust Suit,,2026-10-09T07:30:00Z,original,,false,,https://www.law360.com:443/articles/2535925
gd-d4ada36f362c,gdelt_gkg_v2,news,PhilFIDA seeks wider market for Philippine fibers at HABI fair,,2026-10-09T07:30:00Z,original,,false,,https://bworldonline.com/agribusiness/2026/10/09/785863/philfida-seeks-wider-market-for-philippine-fibers-at-habi-fair/
gd-d4b0e4a33135,gdelt_gkg_v2,news,Azerbaijan is also ready to assume the CIS chairmanship in 2028 - President Ilham Aliyev,,2026-10-09T07:30:00Z,original,,false,,https://www.trend.az/azerbaijan/4232786.html
gd-d546e3cdb2a9,gdelt_gkg_v2,news,West Bengal SIR: Supreme Court mulls having tribunals first hear deleted voters seeking re-inclusion,,2026-10-09T07:30:00Z,original,,false,,https://www.thehindu.com/news/national/west-bengal/west-bengal-sir-supreme-court-mulls-having-tribunals-first-hear-deleted-voters-seeking-re-inclusion/article71562834.ece
gd-d56ef8a8e31b,gdelt_gkg_v2,news,"""You don't make America stronger by shutting door on talent"": California Governor Newsom criticises Trump's immigration policy",,2026-10-09T07:30:00Z,original,,false,,http://www.newyorkstatesman.com/news/279360897/you-dont-make-america-stronger-by-shutting-door-on-talent-california-governor-newsom-criticises-trump-immigration-policy
gd-d5fc4c27d010,gdelt_gkg_v2,news,Mother pays tribute to son who died from rare cancer,,2026-10-09T07:30:00Z,original,,false,,https://www.bournemouthecho.co.uk/news/26621060.mother-pays-tribute-son-died-rare-cancer/
gd-d677acd3f551,gdelt_gkg_v2,news,Baku hosts conference on educating youth in national and moral values (PHOTO),,2026-10-09T07:30:00Z,original,,false,,https://www.trend.az/azerbaijan/society/4232779.html
gd-d6cbd31b44ee,gdelt_gkg_v2,news,US and Iran Prepare for Renewed War as Diplomacy Stalls and Military Forces Build Up,,2026-10-09T07:30:00Z,original,,false,,https://slguardian.org/us-and-iran-prepare-for-renewed-war-as-diplomacy-stalls-and-military-forces-build-up/
gd-d7e57b4bd6c8,gdelt_gkg_v2,news,MP says energy diversification strategic priority for Armenia,,2026-10-09T07:30:00Z,original,,false,,https://www.pan.am/en/626133
gd-d867fa56d599,gdelt_gkg_v2,news,"Job fair for graduates to take place at 63 venues; almost 16,300 jobs available",,2026-10-09T07:30:00Z,original,,false,,https://www.stiripesurse.ro/job-fair-for-graduates-to-take-place-at-63-venues-almost-16300-jobs-available_3927004
gd-d8a7d43f209e,gdelt_gkg_v2,news,"Campaign 2026:DiNapoli, Hernandez on Medicaid, auditing, municipalities, State spending",,2026-10-09T07:30:00Z,original,,false,,https://cbs6albany.com/news/power-and-politics/campaign-2026dinapoli-hernandez-on-medicaid-auditing-municipalities-state-spending
gd-d914488d8e0d,gdelt_gkg_v2,news,Carlota Pereda's Found Alive Opens Sitges Festival – Sri Lanka Guardian,,2026-10-09T07:30:00Z,original,,false,,https://slguardian.org/carlota-peredas-found-alive-opens-sitges-festival/
gd-d919ccdf2cc2,gdelt_gkg_v2,news,Terra Forma Landscaping acquires local competitor John Richmond,,2026-10-09T07:30:00Z,original,,false,,https://richmondbizsense.com/2026/10/09/terra-forma-landscaping-acquires-local-competitor-john-richmond/
gd-d94e01e6ffee,gdelt_gkg_v2,news,Page A1 | The Herald Republican e-Edition,,2026-10-09T07:30:00Z,original,,false,,https://www.kpcnews.com/eedition_new/eedition_herald_republican/page_e6d6bd9b-a916-58d3-8741-db36204c14c2.html
gd-d983d68839ee,gdelt_gkg_v2,news,'Indian 3' revival confirmed: Here's what we know about Kamal Haasan and Shankar's film production and release plan-exclusive | Tamil Movie News,,2026-10-09T07:30:00Z,original,,false,,https://timesofindia.indiatimes.com/entertainment/tamil/movies/news/indian-3-revival-confirmed-heres-what-we-know-about-kamal-haasan-and-shankars-film-production-and-release-plan-exclusive/articleshow/134816924.cms
gd-d9bb53036361,gdelt_gkg_v2,news,"TCS responds to US move to bar it from Green Card program, says workforce strategy in US anchored in hiring local talent",,2026-10-09T07:30:00Z,original,,false,,http://www.parisguardian.com/news/279360911/tcs-responds-to-us-move-to-bar-it-from-green-card-program-says-workforce-strategy-in-us-anchored-in-hiring-local-talent
gd-d9e3d8abcbfd,gdelt_gkg_v2,news,Global data breaches expose 320 million people since September: Report,,2026-10-09T07:30:00Z,original,,false,,https://www.business-standard.com/technology/tech-news/global-data-breaches-320-million-people-september-india-cyber-attacks-126100900461_1.html
gd-d9e6c7c10c64,gdelt_gkg_v2,news,"Maharashtra BUMS, BAMS, BHMS 2026 2nd Selection List - Time, Link to Check",,2026-10-09T07:30:00Z,original,,false,,https://www.ummid.com/news/2026/10/9/maharashtra-bums-bams-bhms-2026-2nd-selection-list-time-link-to-check.html
gd-da1ff04c27bb,gdelt_gkg_v2,news,Nasdaq CEO: Tokenization could unlock tens of billions in trapped capital,,2026-10-09T07:30:00Z,original,,false,,https://seekingalpha.com/news/4651647-nasdaq-ceo-tokenization-could-unlock-tens-of-billions-in-trapped-capital
gd-da99634daa47,gdelt_gkg_v2,news,Vatican diplomat calls for reform of international financial architecture | News Headlines,,2026-10-09T07:30:00Z,original,,false,,https://www.catholicculture.org/news/headlines/index.cfm?storyid=70903
gd-dabb2d89468d,gdelt_gkg_v2,news,The Culture 5 - your cultural highlights for the next seven days,,2026-10-09T07:30:00Z,original,,false,,https://www.rte.ie/culture/2026/1009/1593346-the-culture-5-your-cultural-highlights-for-the-next-seven-days/
gd-dac2b710ad53,gdelt_gkg_v2,news,Big changes in mental health services are needed says new report,,2026-10-09T07:30:00Z,original,,false,,https://www.express.co.uk/life-style/health/2255641/mental-health-review-fonagy-autism-adhd
gd-db080114f944,gdelt_gkg_v2,news,Businessman charged with threatening magistrate,,2026-10-09T07:30:00Z,original,,false,,https://www.standardmedia.co.ke/crime-and-justice/article/2001559751/businessman-charged-with-threatening-magistrate
gd-db7a04a5974f,gdelt_gkg_v2,news,2027: Gathering Political Storm to Unseat Bago in Niger – THISDAYLIVE,,2026-10-09T07:30:00Z,original,,false,,https://www.thisdaylive.com/2026/10/09/2027-gathering-political-storm-to-unseat-bago-in-niger/
gd-dca5f2b6d53b,gdelt_gkg_v2,news,Are you due a tax refund? 3 tax credits you may not know about,,2026-10-09T07:30:00Z,original,,false,,https://www.rte.ie/brainstorm/2026/1009/1567875-tax-refunds-credits-medical-expenses-rent-college-tuition-fees/
gd-dcdea49a1535,gdelt_gkg_v2,news,Entrepreneurs will sign documents on Etender.gov.az using SİMA İmza,,2026-10-09T07:30:00Z,original,,false,,https://www.trend.az/azerbaijan/4232822.html
gd-dceb1a112ee1,gdelt_gkg_v2,news,You Garden offers 300 spring-flowering bulbs for £14.99...a £15 saving,,2026-10-09T07:30:00Z,original,,false,,https://www.newhamrecorder.co.uk/offers/26607858.garden-offers-300-spring-flowering-bulbs-14-99-15-saving/
gd-dd62c37d58d0,gdelt_gkg_v2,news,US Diplomat Says Markets Overstate Risk of China Attacking Taiwan by 2027,,2026-10-09T07:30:00Z,original,,false,,https://slguardian.org/us-diplomat-says-markets-overstate-risk-of-china-attacking-taiwan-by-2027/
gd-de2068ce3dea,gdelt_gkg_v2,news,$25M Smilow Foundation Gift Establishes Precision Therapeutics Center at Penn Medicine,,2026-10-09T07:30:00Z,original,,false,,https://newsroomamerica.com/a/Jun4tFjwwt9tv8hCQjlFtMTB8iB/a_25_million_gift_from_the_smilow_foundation_establishes_the_smilow_center_for_precision_therapeutics_at_penn_medicine_advancing_gene_editing_and_precision_therapies_for_cardiovascular_disease.html
gd-ded7a7c6fb5b,gdelt_gkg_v2,news,"National Drug Enforcement Authority, UAE University discuss cooperation",,2026-10-09T07:30:00Z,original,,false,,http://www.middleeaststar.com/news/279361252/national-drug-enforcement-authority-uae-university-discuss-cooperation
gd-df83cd9e6517,gdelt_gkg_v2,news,CJP protest: What's open and what's closed in Delhi on October 10 | Delhi News,,2026-10-09T07:30:00Z,original,,false,,https://timesofindia.indiatimes.com/city/delhi/cjp-protest-whats-open-and-whats-closed-on-october-10/articleshow/134809193.cms
gd-e0b94f579a67,gdelt_gkg_v2,news,October 7 Attacks Reshaped Israel's Global Standing but Left Palestinian Statehood Further Out of Reach – Sri Lanka Guardian,,2026-10-09T07:30:00Z,original,,false,,https://slguardian.org/october-7-attacks-reshaped-israels-global-standing-but-left-palestinian-statehood-further-out-of-reach/
gd-e1cadf36c3cb,gdelt_gkg_v2,news,The funniest animal photos of 2026: Nikon Comedy Wildlife Awards finalists revealed,,2026-10-09T07:30:00Z,original,,false,,https://www.euronews.com/2026/10/09/the-funniest-animal-photos-of-2026-nikon-comedy-wildlife-awards-finalists-revealed
gd-e214544491d3,gdelt_gkg_v2,news,Maflex's Evolution in Industrial Log Saws – The New LADON Evo,,2026-10-09T07:30:00Z,original,,false,,https://www.pulpapernews.com/20261009/18270/maflexs-evolution-industrial-log-saws-new-ladon-evo
gd-e224f7f18519,gdelt_gkg_v2,news,Frank R. Hugus II - Daily Hampshire Gazette,,2026-10-09T07:30:00Z,original,,false,,https://gazettenet.com/2026/10/09/obit-frank-r-hugus-ii-212530675/
gd-e26b3ba2ecf3,gdelt_gkg_v2,news,Britain Closes Historic Jerusalem Consulate After Israeli Pressure Over Settlement Sanctions,,2026-10-09T07:30:00Z,original,,false,,https://slguardian.org/britain-closes-historic-jerusalem-consulate-after-israeli-pressure-over-settlement-sanctions/
gd-e40b747f4f09,gdelt_gkg_v2,news,International students face Australia's migration churn - Academia,,2026-10-09T07:30:00Z,original,,false,,http://www.thejakartapost.com/opinion/2026/10/09/international-students-face-australias-migration-churn
gd-e47810df0c50,gdelt_gkg_v2,news,US Fraternities Face Renewed Scrutiny as Research Links Campus Culture to Sexual Violence,,2026-10-09T07:30:00Z,original,,false,,https://slguardian.org/us-fraternities-face-renewed-scrutiny-as-research-links-campus-culture-to-sexual-violence/
gd-e48e2bbd50a2,gdelt_gkg_v2,news,Sensitive-skin shopper credits £27 serum for smoothing wrinkles in 'under a week',,2026-10-09T07:30:00Z,original,,false,,https://www.chroniclelive.co.uk/whats-on/shopping/sensitive-skin-shopper-credits-27-34736958
gd-e65d9818e258,gdelt_gkg_v2,news,"Here's What $1,000 in These 6 Energy Dividend Stocks Could Pay You in a Year",,2026-10-09T07:30:00Z,original,,false,,https://www.fool.com/investing/2026/10/09/heres-what-1000-in-these-6-energy-dividend-stocks/
gd-e678c81eedf7,gdelt_gkg_v2,news,M&S and Tesco food pulled from shelves with 'isolate for 48 hours' alert,,2026-10-09T07:30:00Z,original,,false,,https://www.dailypost.co.uk/news/health/ms-tesco-food-pulled-shelves-34738640
gd-e6a00a57f4e7,gdelt_gkg_v2,news,Japan has become prominent factor threatening regional peace and stability: Chinese envoy,,2026-10-09T07:30:00Z,original,,false,,http://en.people.cn/n3/2026/1009/c90000-20506568.html
gd-e6f3ddf57122,gdelt_gkg_v2,news,3rd international agro business forum opens in Baku (PHOTO),,2026-10-09T07:30:00Z,original,,false,,https://www.trend.az/business/4232768.html
gd-e7fe0310cae0,gdelt_gkg_v2,news,"Adedokun: BPP Working to Digitise Procurement Process, Improve Access to Information – THISDAYLIVE",,2026-10-09T07:30:00Z,original,,false,,https://www.thisdaylive.com/2026/10/09/adedokun-bpp-working-to-digitise-procurement-process-improve-access-to-information/
gd-e87625b899b6,gdelt_gkg_v2,news,When Do The Clocks Go Back? Daylight saving time ends Nov. 1 at 2 a.m.,,2026-10-09T07:30:00Z,original,,false,,https://www.el-balad.com/17056277
gd-e8b74d471964,gdelt_gkg_v2,news,"Fearing taxi crunch, inconvenience to passengers amid CJP protest: Indian Railways on why they cancellled all trains to New Delhi, Nizamuddin between 4am and 2pm on October 10",,2026-10-09T07:30:00Z,original,,false,,https://timesofindia.indiatimes.com/city/delhi/fearing-taxi-crunch-inconvenience-to-passengers-amid-cjp-protest-indian-railways-on-why-they-cancellled-all-trains-to-new-delhi-nizamuddin-between-4am-and-2pm-on-october-10/articleshow/134816729.cms
gd-e8ba24973e2c,gdelt_gkg_v2,news,Amex Fined $350M Over Anti-Money Laundering Lapses,,2026-10-09T07:30:00Z,original,,false,,https://www.law360.com:443/articles/2535990
gd-e938b4c30f10,gdelt_gkg_v2,news,Love Island's Georgia Steel announces pregnancy with emotional message,,2026-10-09T07:30:00Z,original,,false,,https://www.geo.tv/latest/685705-love-islands-georgia-steel
gd-e9f13cc03549,gdelt_gkg_v2,news,Azerbaijan can expand agricultural exports – business association,,2026-10-09T07:30:00Z,original,,false,,https://www.trend.az/business/4232799.html
gd-ea047c6ea814,gdelt_gkg_v2,news,Grant applications available to downtown Attleboro business owners for sign and facade improvements,,2026-10-09T07:30:00Z,original,,false,,https://www.thesunchronicle.com/news/local_news/grant-applications-available-to-downtown-attleboro-business-owners-for-sign-and-facade-improvements/article_90501e66-4b21-4a22-9e57-468d5de4e129.html
gd-ea9705993e1f,gdelt_gkg_v2,news,Australian shark attack survivor says predator was 'winking back' at him as he fought it off,,2026-10-09T07:30:00Z,original,,false,,http://www.goskagit.com/news/world/australian-shark-attack-survivor-says-predator-was-winking-back-at-him-as-he-fought-it/article_7bf68baf-d115-5aa1-b141-df7d88e13e03.html
gd-ea9c5d8f8a98,gdelt_gkg_v2,news,Tag: northern_france_arrest,,2026-10-09T07:30:00Z,original,,false,,https://newsroomamerica.com/tag/northern_france_arrest
gd-eb20ea51d9ac,gdelt_gkg_v2,news,Russia Seeks Handover of ICC President Tomoko Akane After Moscow Conviction,,2026-10-09T07:30:00Z,original,,false,,https://slguardian.org/russia-seeks-handover-of-icc-president-tomoko-akane-after-moscow-conviction/
gd-ec2fe9fc633b,gdelt_gkg_v2,news,White House orders Microsoft to halt hiring from abroad,,2026-10-09T07:30:00Z,original,,false,,https://bnn-news.com/world/white-house-orders-microsoft-to-halt-hiring-from-abroad-2kbrzgf
gd-ed21accc1ecc,gdelt_gkg_v2,news,"Roundup Is The Cancer Culprit For 3 Plaintiffs, Jury Hears",,2026-10-09T07:30:00Z,original,,false,,https://www.law360.com:443/articles/2536029
gd-ed33f4660323,gdelt_gkg_v2,news,Albemarle Corporation (NYSE:ALB) Stock Has Consensus Target Price of $186.57 According to Analysts,,2026-10-09T07:30:00Z,original,,false,,https://www.themarketsdaily.com/2026/10/09/albemarle-corporation-nysealb-stock-has-consensus-target-price-of-186-57-according-to-analysts.html
gd-edf8304b8809,gdelt_gkg_v2,news,Welsh Government's £6m towards North Wales rail line extension and city centre plan,,2026-10-09T07:30:00Z,original,,false,,https://www.dailypost.co.uk/news/north-wales-news/welsh-governments-6m-towards-north-34738016
gd-ee2399f3fdce,gdelt_gkg_v2,news,Original-Research: MHP Hotel AG (von NuWays AG): BUY,,2026-10-09T07:30:00Z,original,,false,,https://www.finanznachrichten.de/nachrichten-2026-10/69795643-original-research-mhp-hotel-ag-von-nuways-ag-buy-023.htm
gd-ee727617c1b7,gdelt_gkg_v2,news,"One-on-one with Mike Beltran: Ending sugar subsidies, flood insurance and restricting federal power",,2026-10-09T07:30:00Z,original,,false,,https://www.fox13news.com/news/one-on-one-mike-beltran-ending-sugar-subsidies-flood-insurance-restricting-federal-power
gd-ef6a49d5b5cb,gdelt_gkg_v2,news,Buffalo Man Sentenced to 10 Years in Prison on Meth Charge,,2026-10-09T07:30:00Z,original,,false,,https://newsroomamerica.com/a/P660NvCPqrY3X5pI9aRoCRb34un/julius_m_hatten_36_of_buffalo_was_sentenced_to_120_months_for_possession_with_intent_to_distribute_methamphetamine_after_a_search_seized_drugs_ammunition_and_21_740_in_cash.html
gd-efd20820477a,gdelt_gkg_v2,news,525 rare manuscripts from scholar İsmail Erünsal made available online,,2026-10-09T07:30:00Z,original,,false,,https://www.hurriyetdailynews.com/525-rare-manuscripts-from-scholar-ismail-erunsal-made-available-online-227881
gd-f0015b8cf499,gdelt_gkg_v2,news,Crystal Hefner Urges Jessica Biel to Rethink 'Playmates' Role,,2026-10-09T07:30:00Z,original,,false,,https://b100quadcities.com/ixp/252/p/crystal-hefner-jessica-biel-playmates-movie/
gd-f06581e0c20f,gdelt_gkg_v2,news,'Creative' Laws Underpin LatAm's Fintech Expansion | Global Finance Magazine,,2026-10-09T07:30:00Z,original,,false,,https://gfmag.com/features/creative-laws-underpin-latams-fintech-expansion/
gd-f0a19efe70de,gdelt_gkg_v2,news,Court rules seizure of Samvel Shahramanyan's phone unlawful (PAN.am),,2026-10-09T07:30:00Z,original,,false,,https://www.pan.am/en/626137
gd-f0d24c84e19a,gdelt_gkg_v2,news,Rohit Barker is betting big on house and Latin music with his new club in the heart of Bengaluru,,2026-10-09T07:30:00Z,original,,false,,https://www.thehindu.com/food/features/rohit-barker-is-betting-big-on-house-and-latin-music-with-his-new-club-in-the-heart-of-bengaluru/article71554688.ece
gd-f0feabd70c22,gdelt_gkg_v2,news,Queenies in Kingston to close as hospitality pressures bite | Braidwood Times,,2026-10-09T07:30:00Z,original,,false,,https://www.braidwoodtimes.com.au/story/9365723/queenies-in-kingston-to-close-as-hospitality-pressures-bite/
gd-f1473c58a022,gdelt_gkg_v2,news,"Gianforte promotes Montana quantum, photonics ties in India",,2026-10-09T07:30:00Z,original,,false,,https://helenair.com/news/community/article_b2f866d4-3b2f-5544-953c-5fcb80727f0f.html
gd-f153bfb75ac8,gdelt_gkg_v2,news,Anne Hathaway's 'final verdict' for Tom Cruise surprise fans,,2026-10-09T07:30:00Z,original,,false,,https://www.geo.tv/latest/685703-anne-hathaways-final-verdict-for-tom-cruise-surprises-fans
gd-f1ac3cdd57b5,gdelt_gkg_v2,news,Did Royal Mail Revive BBC & 'Paddington' Voiceover Star With AI?,,2026-10-09T07:30:00Z,original,,false,,https://deadline.com/2026/10/paul-vaughan-bbc-paddington-ai-royal-mail-1237149879/
gd-f1f0229f8f31,gdelt_gkg_v2,news,"Lottie Moss has revealed she spent her entire modelling fortune paying for friends' rent, holidays and flights, leaving her with nothing from the career that made her famous - 09-Oct-2026",,2026-10-09T07:30:00Z,original,,false,,"https://home.nzcity.co.nz/news/article.aspx?id=455636&fm=psp,tst"
gd-f2034691fb22,gdelt_gkg_v2,news,"Congress MP Jebi Mather backs Rahul Gandhi's reply to Musk, says protest against CEC to continue",,2026-10-09T07:30:00Z,original,,false,,http://www.middleeaststar.com/news/279361218/congress-mp-jebi-mather-backs-rahul-gandhi-reply-to-musk-says-protest-against-cec-to-continue
gd-f21416334b81,gdelt_gkg_v2,news,$1 Trillion Economy: FG Targets 10.34% Growth By 2030 – THISDAYLIVE,,2026-10-09T07:30:00Z,original,,false,,https://www.thisdaylive.com/2026/10/09/1-trillion-economy-fg-targets-10-34-growth-by-2030/
gd-f21663728a24,gdelt_gkg_v2,news,Cascades new emission targets approved by SBti,,2026-10-09T07:30:00Z,original,,false,,https://www.pulpapernews.com/20261009/18273/cascades-new-emission-targets-approved-sbti
gd-f3e7ecf45426,gdelt_gkg_v2,news,Colten Care employees honoured for two decades of service,,2026-10-09T07:30:00Z,original,,false,,https://www.bournemouthecho.co.uk/news/26617485.colten-care-employees-honoured-two-decades-service/
gd-f46232e0c407,gdelt_gkg_v2,news,Gov. Gavin Newsom weighs mass commutation of California's death row sentences,,2026-10-09T07:30:00Z,original,,false,,https://www.ktvu.com/news/gavin-newsom-weighs-mass-commutation-californias-death-row-sentences
gd-f5303abcb7d7,gdelt_gkg_v2,news,My London: Chris van Tulleken,,2026-10-09T07:30:00Z,original,,false,,https://www.standard.co.uk/lifestyle/london-life/chris-van-tulleken-london-de-beauvoir-b1299707.html
gd-f5cfaf0ab8c2,gdelt_gkg_v2,news,"2 Ex-Convicts, another granted GH¢150k bail over Nungua MoMo shop robbery",,2026-10-09T07:30:00Z,original,,false,,https://thechronicle.com.gh/2-ex-convicts-another-granted-gh%C2%A2150k-bail-over-nungua-momo-shop-robbery/
gd-f726aea967d8,gdelt_gkg_v2,news,Celebrity Traitors contestant breaks silence on Maya Jama 'betrayal',,2026-10-09T07:30:00Z,original,,false,,https://www.standard.co.uk/showbiz/celebrity-traitors-richard-grant-maya-jama-b1300115.html
gd-f76fd9a2aa15,gdelt_gkg_v2,news,Christa Pike Walks With Help and Eats After Botched Execution; Lawyers Cite 'Profound Psychological Trauma',,2026-10-09T07:30:00Z,original,,false,,https://www.ibtimes.co.uk/christa-pike-walks-help-eats-after-botched-execution-lawyers-cite-profound-psychological-trauma-1824626
gd-f7ebd15850fa,gdelt_gkg_v2,news,"CCPI presses PHL to diversify growth, build self-sufficient industries",,2026-10-09T07:30:00Z,original,,false,,https://bworldonline.com/top-stories/2026/10/09/785860/ccpi-presses-phl-to-diversify-growth-build-self-sufficient-industries/
gd-f9fd5afda5cf,gdelt_gkg_v2,news,QAD | Redzone Partners with PwC Belgium to Accelerate Manufacturing Transformation Across Europe,,2026-10-09T07:30:00Z,original,,false,,https://www.finanznachrichten.de/nachrichten-2026-10/69795663-qad-redzone-partners-with-pwc-belgium-to-accelerate-manufacturing-transformation-across-europe-004.htm
gd-fa0690be2c2d,gdelt_gkg_v2,news,Financial Review: Ralliant (NYSE:RAL) vs. Omron (OTCMKTS:OMRNY),,2026-10-09T07:30:00Z,original,,false,,https://www.dailypolitical.com/2026/10/09/financial-review-ralliant-nyseral-vs-omron-otcmktsomrny.html
gd-fa1d1e994fad,gdelt_gkg_v2,news,FBI Busts 130 Ghanaian Scammers … $10m Losses Identified - The Ghanaian Chronicle,,2026-10-09T07:30:00Z,original,,false,,https://thechronicle.com.gh/fbi-busts-130-ghanaian-scammers-10m-losses-identified/
gd-fa25751a456f,gdelt_gkg_v2,news,Hainan offshore duty-free shopping booms during National Day holiday,,2026-10-09T07:30:00Z,original,,false,,https://en.people.cn/n3/2026/1009/c90000-20506342.html
gd-fa8501d46383,gdelt_gkg_v2,news,City of Rockford holds Riverfront project open house,,2026-10-09T07:30:00Z,original,,false,,https://www.rockfordnewsfirst.com/2026/10/09/city-rockford-holds-riverfront-project-open-house/
gd-fac3d3e34a2c,gdelt_gkg_v2,news,Arkansas State University's livestream of 1st Congressional District debate ends early over technical issues | The Arkansas Democrat-Gazette,,2026-10-09T07:30:00Z,original,,false,,https://www.arkansasonline.com/news/2026/oct/08/arkansas-state-universitys-livestream-of-1st/
gd-fae671f1f4fa,gdelt_gkg_v2,news,Why the Rome Film Fest Matters,,2026-10-09T07:30:00Z,original,,false,,https://www.wantedinrome.com/news/why-the-rome-film-fest-matters.html
gd-fb01f6953cc0,gdelt_gkg_v2,news,Pashinyan to Pezeshkian: Iranian companies involved in strategic projects in Armenia,,2026-10-09T07:30:00Z,original,,false,,https://arka.am/en/news/politics/pashinyan-to-pezeshkian-iranian-companies-involved-in-strategic-projects-in-armenia/
gd-fb5e3dad1b20,gdelt_gkg_v2,news,Revitalization of UNGA should be part of broader UN reforms: India's MP CP Joshi at UNGA plenary,,2026-10-09T07:30:00Z,original,,false,,http://www.newyorkstatesman.com/news/279360992/revitalization-of-unga-should-be-part-of-broader-un-reforms-india-mp-cp-joshi-at-unga-plenary
gd-fb7c2676668e,gdelt_gkg_v2,news,"Misconceptions about HIV still fuel discrimination, says APSACS chief at Red Run in Vijayawada",,2026-10-09T07:30:00Z,original,,false,,https://www.thehindu.com/news/national/andhra-pradesh/misconceptions-about-hiv-still-fuel-discrimination-says-apsacs-chief-at-red-run-in-vijayawada/article71560043.ece
gd-fbc6d6d25a32,gdelt_gkg_v2,news,New restaurant coming to Main Street in Point Pleasant,,2026-10-09T07:30:00Z,original,,false,,https://www.wsaz.com/2026/10/09/new-restaurant-coming-main-street-point-pleasant/
gd-fbdacd7d50f9,gdelt_gkg_v2,news,Drones tackle toughest rural delivery stretches in China,,2026-10-09T07:30:00Z,original,,false,,http://en.people.cn/n3/2026/1009/c90000-20506498.html
gd-fc37a87ca29a,gdelt_gkg_v2,news,"Western records 3,191 GBV cases in nine months",,2026-10-09T07:30:00Z,original,,false,,https://www.standardmedia.co.ke/western/article/2001559752/western-records-3191-gbv-cases-in-nine-months
gd-fc50cb4b2a1d,gdelt_gkg_v2,news,Asian markets mixed following tech selloff as OpenAI revenue concerns,,2026-10-09T07:30:00Z,original,,false,,https://seekingalpha.com/news/4651637-asian-markets-mixed-following-tech-selloff-as-openai-revenue-concerns-weigh
gd-fc5a8658416a,gdelt_gkg_v2,news,"TOI Medithon: What India's leading cardiologists said about younger patients, warning signs and new care",,2026-10-09T07:30:00Z,original,,false,,https://timesofindia.indiatimes.com/health/toi-medithon-what-indias-leading-cardiologists-said-about-younger-patients-warning-signs-and-new-care/articleshow/134817778.cms
gd-fc7bc94ce13b,gdelt_gkg_v2,news,DWP autism and dyslexia update as questions raised over plan to get more people into work,,2026-10-09T07:30:00Z,original,,false,,https://www.walesonline.co.uk/news/health/dwp-autism-dyslexia-update-questions-34737104
gd-fda7afaff33b,gdelt_gkg_v2,news,Dell expands AI platform with semantic layer for agents,,2026-10-09T07:30:00Z,original,,false,,https://itbrief.co.nz/story/dell-expands-ai-platform-with-semantic-layer-for-agents
gd-fdbb70348f8b,gdelt_gkg_v2,news,Upper Crust owner sees sharp drop in passengers around Middle East travel hubs,,2026-10-09T07:30:00Z,original,,false,,https://www.standard.co.uk/business/business-news/middle-east-upper-crust-ireland-burger-king-starbucks-b1300117.html
gd-fdfa2a883390,gdelt_gkg_v2,news,AFL Trade Period pick swap,,2026-10-09T07:30:00Z,original,,false,,https://www.portadelaidefc.com.au/news/2148917/afl-trade-period-pick-swap
gd-fe634fd6e74c,gdelt_gkg_v2,news,"""Never-ending flow of cheap labour"": JD Vance reiterates US stand on barring Tech majors from green card program",,2026-10-09T07:30:00Z,original,,false,,http://www.newyorkstatesman.com/news/279360821/never-ending-flow-of-cheap-labour-jd-vance-reiterates-us-stand-on-barring-tech-majors-from-green-card-program
gd-feb4ec39f925,gdelt_gkg_v2,news,Indian opposition leader Rahul Gandhi detained over election protest,,2026-10-09T07:30:00Z,original,,false,,https://thechronicle.com.gh/indian-opposition-leader-rahul-gandhi-detained-over-election-protest/
gd-fec70375728e,gdelt_gkg_v2,news,Antengene to Present Latest Preclinical Results of ATG-207 (CD3-TGF- Bifunctional Fusion Protein) at ACR 2026,,2026-10-09T07:30:00Z,original,,false,,http://www.sydneysun.com/news/279361109/antengene-to-present-latest-preclinical-results-of-atg-207-cd3-tgf-bifunctional-fusion-protein-at-acr-2026
gd-fed448859288,gdelt_gkg_v2,news,Lucknow Metro Card: Lucknow Metro extends free GoSmart card exchange till Oct 16 | Delhi News,,2026-10-09T07:30:00Z,original,,false,,https://timesofindia.indiatimes.com/city/delhi/lucknow-metro-extends-free-gosmart-card-exchange-till-oct-16/articleshow/134817229.cms
gd-ff8001983f7d,gdelt_gkg_v2,news,South Korea Struggles to Stop Online Sexual Exploitation a Decade After Soranet Shutdown,,2026-10-09T07:30:00Z,original,,false,,https://slguardian.org/south-korea-struggles-to-stop-online-sexual-exploitation-a-decade-after-soranet-shutdown/
gd-007e7809b73d,gdelt_gkg_v2,news,Blindsided by Big Solar: $1.7B energy project under construction outside Aggieland,,2026-10-09T07:45:00Z,original,,false,,https://www.kbtx.com/2026/10/09/blindsided-by-big-solar-17b-energy-project-under-construction-outside-aggieland/
gd-0089538760f9,gdelt_gkg_v2,news,Nivin Pauly's Bethlehem Kudumba Unit sets JioHotstar record for highest day 1 watch time,,2026-10-09T07:45:00Z,original,,false,,https://www.moneycontrol.com/entertainment/ott/nivin-pauly-s-bethlehem-kudumba-unit-sets-jiohotstar-record-for-highest-day-1-watch-time-article-14048418.html
gd-00a5d61c34e4,gdelt_gkg_v2,news,Court grants Brij Bhushan time to file reply against appeal challenging his acquittal,,2026-10-09T07:45:00Z,original,,false,,https://aninews.in/news/national/general-news/court-grants-brij-bhushan-time-to-file-reply-against-appeal-challenging-his-acquittal20261009112959/
gd-012437dddb24,gdelt_gkg_v2,news,Trump wants the Nobel Peace Prize. What does it actually take to win?,,2026-10-09T07:45:00Z,original,,false,,https://bdnews24.com/world/0o9a04601a
gd-02196b511db6,gdelt_gkg_v2,news,"90s art scene in the UK: An international, edgy trendsetter",,2026-10-09T07:45:00Z,original,,false,,https://www.dw.com/en/90s-art-scene-in-the-uk-an-international-edgy-trendsetter/a-79581777
gd-028e8e14959f,gdelt_gkg_v2,news,Heybridge drug driver jailed for causing horror crash,,2026-10-09T07:45:00Z,original,,false,,https://www.gazette-news.co.uk/news/26616476.heybridge-drug-driver-jailed-causing-horror-crash/
gd-02c5683304af,gdelt_gkg_v2,news,Visible progress for Wagga's Cassidy rail footbridge construction | The Daily Advertiser,,2026-10-09T07:45:00Z,original,,false,,https://www.dailyadvertiser.com.au/story/9365562/visible-progress-for-waggas-cassidy-rail-footbridge-construction/
gd-030e3229a679,gdelt_gkg_v2,news,"Quint Studer: High performance starts with clarity, rigor, and accountability",,2026-10-09T07:45:00Z,original,,false,,http://www.gazettextra.com/opinion/columns/quint-studer-high-performance-starts-with-clarity-rigor-and-accountability/article_90994a55-63b1-5399-b539-50fe1e065ced.html
gd-03151c6a8c9a,gdelt_gkg_v2,news,Chelmsford man detained and taken to hospital after incident,,2026-10-09T07:45:00Z,original,,false,,https://www.echo-news.co.uk/news/26621089.chelmsford-man-detained-taken-hospital-incident/
gd-037a7b485cfc,gdelt_gkg_v2,news,Air1's Verse of the Day | Air1 Worship Music,,2026-10-09T07:45:00Z,original,,false,,https://www.air1.com/faith/votd?d=2026-10-09
gd-037f8ded7ce4,gdelt_gkg_v2,news,Hawks Ombud calls for more powers for his office,,2026-10-09T07:45:00Z,original,,false,,https://www.ewn.co.za/2026/10/09/hawks-ombud-calls-for-more-powers-for-his-office
gd-0395a1f670e6,gdelt_gkg_v2,news,Birmingham teacher murder probe update after city man arrested,,2026-10-09T07:45:00Z,original,,false,,https://www.birminghammail.co.uk/news/midlands-news/birmingham-teacher-murder-probe-update-34738709
gd-04b6f17c62c8,gdelt_gkg_v2,news,Supreme Court Dismisses Andhra Pradesh Govt Plea Against HC Quashing 34% Backward Class Quota In Local Body Elections,,2026-10-09T07:45:00Z,original,,false,,https://www.livelaw.in/top-stories/supreme-court-dismisses-andhra-pradesh-govt-plea-against-hc-quashing-34-backward-class-quota-in-local-body-elections-553849
gd-05201b15e912,gdelt_gkg_v2,news,"Households with £4,000 savings hit with penalties under rule",,2026-10-09T07:45:00Z,original,,false,,https://www.birminghammail.co.uk/news/cost-of-living/households-4000-savings-hit-penalties-34738791
gd-052ebc6cc190,gdelt_gkg_v2,news,"Vijay Deverakonda calls out trolls over Ranabaali and Jailer 2 clash, deems them 'manufactured hate'",,2026-10-09T07:45:00Z,original,,false,,https://www.pinkvilla.com/entertainment/south/vijay-deverakonda-calls-out-trolls-over-ranabaali-and-jailer-2-clash-deems-them-manufactured-hate-1405817
gd-052f8200a766,gdelt_gkg_v2,news,Delhi High Court Declines Urgent Hearing Of Indian Youth Congress' Plea Over Denial Of Permission To Protest Against CEC Gyanesh Kumar,,2026-10-09T07:45:00Z,original,,false,,https://www.livelaw.in/high-court/delhi-high-court/delhi-high-court-declines-urgent-hearing-of-indian-youth-congress-plea-over-denial-of-permission-to-protest-against-cec-gyanesh-kumar-553846
gd-059ca8a15f90,gdelt_gkg_v2,news,Devizes traders fear roadworks will hurt town centre,,2026-10-09T07:45:00Z,original,,false,,https://www.wiltshiretimes.co.uk/news/26620642.devizes-traders-fear-roadworks-will-hurt-town-centre/
gd-07dc8181398a,gdelt_gkg_v2,news,Tyson Miller | IPS Inter Press Service | News Agency | Journalism & Communication for Global Change,,2026-10-09T07:45:00Z,original,,false,,https://www.ipsnews.net/author/tyson-miller/
gd-07ff0a4957ca,gdelt_gkg_v2,news,Cars torched and shops looted as anti-migrant violence erupts in South Africa,,2026-10-09T07:45:00Z,original,,false,,https://www.newzimbabwe.com/cars-torched-and-shops-looted-as-anti-migrant-violence-erupts-in-south-africa/
gd-095eea216be5,gdelt_gkg_v2,news,Virginia county challenges Trump memorial arch project,,2026-10-09T07:45:00Z,original,,false,,https://www.wesh.com/article/trump-arch-lawsuit-arlington-county-virginia/74086079
gd-0a4019269031,gdelt_gkg_v2,news,Rooted in care: a remarkable first year for Oliver's Highland Pet Crematorium,,2026-10-09T07:45:00Z,original,,false,,https://www.northern-times.co.uk/news/rooted-in-care-a-remarkable-first-year-for-oliver-s-highlan-447008/
gd-0ae087fbea99,gdelt_gkg_v2,news,NLC Seeks Public Input on New Historical Land Injustices Regulations,,2026-10-09T07:45:00Z,original,,false,,https://capitalfm.africa/nlc-seeks-public-input-on-new-historical-land-injustices-regulations/
gd-0b032c6c3a41,gdelt_gkg_v2,news,Tyson to VisionQuest: the seven best shows to stream this week,,2026-10-09T07:45:00Z,original,,false,,https://www.theguardian.com/tv-and-radio/2026/oct/09/tyson-to-visionquest-the-seven-best-shows-to-stream-this-week
gd-0b3917dfa40a,gdelt_gkg_v2,news,"Gold Loan Valuation: How Purity, Weight and LTV Determine Your Loan Amount | Indiablooms - First Portal on Digital News Management",,2026-10-09T07:45:00Z,original,,false,,https://www.indiablooms.com/finance/gold-loan-valuation-how-is-your-gold-evaluated-before-you-borrow/details
gd-0bedbc178385,gdelt_gkg_v2,news,"""Doesn't know whether going left or right"": Jyotiraditya Scindia hits back at Rahul Gandhi over Starlink stand",,2026-10-09T07:45:00Z,original,,false,,https://aninews.in/news/national/general-news/8220doesn8217t-know-whether-going-left-or-right8221-jyotiraditya-scindia-hits-back-at-rahul-gandhi-over-starlink-stand20261009123258/
gd-0cb5c39401e8,gdelt_gkg_v2,news,PDP leader Abdul Kabir arrested for calling slain Hizbul commander Burhan Wani 'martyr',,2026-10-09T07:45:00Z,original,,false,,https://www.moneycontrol.com/news/india/pdp-leader-abdul-kabir-arrested-for-calling-slain-hizbul-commander-burhan-wani-martyr-14048436.html
gd-0cb95df0fb82,gdelt_gkg_v2,news,Azerbaijani oil price exceeds $133,,2026-10-09T07:45:00Z,original,,false,,https://en.apa.az/energy-and-industry/azerbaijani-oil-price-exceeds-133-529022
gd-0cf231125180,gdelt_gkg_v2,news,Hawkenbury Inn braces for 17th closure of Hawkenbury Road - this time for three-week repairs on crash-hit bridge,,2026-10-09T07:45:00Z,original,,false,,https://www.kentonline.co.uk/weald/news/sort-it-out-pub-faces-17th-road-closure-in-two-years-foll-346041/
gd-0d21c9909d72,gdelt_gkg_v2,news,44 Times People Incorrectly Corrected Someone And Got Proven Wrong,,2026-10-09T07:45:00Z,original,,false,,https://www.boredpanda.com/funny-people-incorrectly-correcting-others-pics/?cexp_id=162728&_f=homepage_featured&cexp_var=5
gd-0d8cc3c3377c,gdelt_gkg_v2,news,'Besharam' actress Pallavi Sharda recalls longing for India while growing up in Australia,,2026-10-09T07:45:00Z,original,,false,,https://ianslive.in/besharam-actress-pallavi-sharda-recalls-longing-for-india-while-growing-up-in-australia--20261009101712
gd-0e53bf2e4dc3,gdelt_gkg_v2,news,Armidale Car Meets raises $1600 for hospital oncology unit | Tenterfield Star,,2026-10-09T07:45:00Z,original,,false,,https://www.tenterfieldstar.com.au/story/9365775/armidale-car-meets-raises-1600-for-hospital-oncology-unit/
gd-0e8471860600,gdelt_gkg_v2,news,President Ilham Aliyev arrived at Awaza Complex to attend meeting of CIS Council of Heads of State,,2026-10-09T07:45:00Z,original,,false,,https://en.apa.az/official-news/president-ilham-aliyev-arrived-at-awaza-complex-to-attend-meeting-of-cis-council-of-heads-of-state-updated-529016
gd-0ec9b6461082,gdelt_gkg_v2,news,Delhi HC declines urgent hearing on activist Nadeem Khan's plea alleging illegal detention,,2026-10-09T07:45:00Z,original,,false,,https://aninews.in/news/national/general-news/delhi-hc-declines-urgent-hearing-on-activist-nadeem-khan8217s-plea-alleging-illegal-detention20261009123143/
gd-10238d64070f,gdelt_gkg_v2,news,"Ossoff, Collins debate healthcare, tariffs, gas prices",,2026-10-09T07:45:00Z,original,,false,,https://www.lebanondemocrat.com/hartsville/news/national/ossoff-collins-debate-healthcare-tariffs-gas-prices/article_dc0aadf6-a6bf-5883-8437-3f1385a61db9.html
gd-1131b1f7ba14,gdelt_gkg_v2,news,"Uzbekistan, GCF discuss climate finance and investment projects",,2026-10-09T07:45:00Z,original,,false,,https://www.trend.az/casia/uzbekistan/4232838.html
gd-13a39539e90c,gdelt_gkg_v2,news,PhonePe and DPCGC forge partnership to drive regulatory compliance in the OTT ecosystem,,2026-10-09T07:45:00Z,original,,false,,https://ianslive.in/phonepe-and-dpcgc-forge-partnership-to-drive-regulatory-compliance-in-the-ott-ecosystem--20261009113100
gd-148ad5128938,gdelt_gkg_v2,news,Is your fire extinguisher ready for action?,,2026-10-09T07:45:00Z,original,,false,,https://www.gettysburgtimes.com/opinion/staff_columns/is-your-fire-extinguisher-ready-for-action/article_5f154b3a-870b-4535-9d2c-f08e9a88fdea.html
gd-1516f908fd55,gdelt_gkg_v2,news,"5Paisa Launches 'Investor Connect' – Financial Planning Program for Over 5,000 CBSE Teachers",,2026-10-09T07:45:00Z,original,,false,,https://aninews.in/news/business/5paisa-launches-investor-connect-8211-financial-planning-program-for-over-5000-cbse-teachers20261009113115/
gd-1620b98f61ac,gdelt_gkg_v2,news,Pentagon signs $6.3 billion missile contract with Raytheon,,2026-10-09T07:45:00Z,original,,false,,https://en.apa.az/america/pentagon-signs-63-billion-missile-contract-with-raytheon-529001
gd-1682bf62015b,gdelt_gkg_v2,news,One Killed in Multivehicle Crash on 14 Freeway in Santa Clarita,,2026-10-09T07:45:00Z,original,,false,,https://mynewsla.com/business/2026/10/08/one-killed-in-multivehicle-crash-on-14-freeway-in-santa-clarita/
gd-16bec59d7172,gdelt_gkg_v2,news,"Halloween spider web decorations can trap and kill bats, experts warn",,2026-10-09T07:45:00Z,original,,false,,https://www.cbsnews.com/sacramento/news/halloween-spider-web-decorations-animal-dangers/
gd-17de353ca5d6,gdelt_gkg_v2,news,Doraemon Castle of the Undersea Devil Box Office Collections: Anime film wraps first week at Rs 13.50 crore in India,,2026-10-09T07:45:00Z,original,,false,,https://www.pinkvilla.com/entertainment/box-office/doraemon-castle-of-the-undersea-devil-box-office-collections-anime-film-wraps-first-week-at-rs-13-50-crore-in-india-1405820
gd-17ff61f4bebc,gdelt_gkg_v2,news,Clacton man found guilty of sexually abusing young girl,,2026-10-09T07:45:00Z,original,,false,,https://www.gazette-news.co.uk/news/26616969.clacton-man-found-guilty-sexually-abusing-young-girl/
gd-1868cc792f61,gdelt_gkg_v2,news,Andy Burnham government tells shops to tighten sales around 1 item,,2026-10-09T07:45:00Z,original,,false,,https://www.birminghammail.co.uk/news/midlands-news/andy-burnham-government-tells-shops-34738590
gd-18e722f81b1c,gdelt_gkg_v2,news,HSE West warns of significant service disruption during next week's strikes,,2026-10-09T07:45:00Z,original,,false,,https://www.galwaybayfm.ie/galway-bay-fm-news-desk/hse-west-warns-of-significant-service-disruption-during-next-weeks-strikes-231635
gd-18f39ba6731a,gdelt_gkg_v2,news,Dengue claims 3 more lives at Mymensingh hospital in a day,,2026-10-09T07:45:00Z,original,,false,,https://bdnews24.com/health/1kmnepzzn1
gd-18f7e9d30fba,gdelt_gkg_v2,news,Former Hayden Panettiere Fiance Named Temporary Guardian of Daughter's Estate,,2026-10-09T07:45:00Z,original,,false,,https://mynewsla.com/life/2026/10/08/former-hayden-panettiere-fiance-named-temporary-guardian-of-daughters-estate/
gd-192ab33dedcd,gdelt_gkg_v2,news,Azerbaijan's strategic foreign exchange reserves increase by nearly 10%,,2026-10-09T07:45:00Z,original,,false,,https://en.apa.az/finance/azerbaijans-strategic-foreign-exchange-reserves-increase-by-nearly-10-529056
gd-19f6a41cde42,gdelt_gkg_v2,news,Youngstown board moves $1M in ARP funding to residential facade program,,2026-10-09T07:45:00Z,original,,false,,https://www.vindy.com/news/local-news/2026/10/youngstown-board-moves-1m-in-arp-funding-to-residential-facade-program/
gd-1ae00c0325d0,gdelt_gkg_v2,news,Madhu Rao | IPS Inter Press Service | News Agency | Journalism & Communication for Global Change,,2026-10-09T07:45:00Z,original,,false,,https://www.ipsnews.net/author/madhu-rao/
gd-1b33c11b1a37,gdelt_gkg_v2,news,"Woman pulled from burning car in Fruitport Township, police say",,2026-10-09T07:45:00Z,original,,false,,https://wwmt.com/news/local/burning-car-east-broadway-avenue-fruitport-township-woman-saved-injury-hospital-investigation-police-muskegon-county-west-michigan
gd-1be2b54274b5,gdelt_gkg_v2,news,Book examines how AI experts communicate their work,,2026-10-09T07:45:00Z,original,,false,,https://pantagraph.com/news/community/article_90b8e001-5fe3-5e84-b6b3-07a5cabb97e1.html
gd-1d7696d18fbe,gdelt_gkg_v2,news,"Borrower alleges UWM ignored her billing dispute, then wrecked her credit",,2026-10-09T07:45:00Z,original,,false,,https://www.mpamag.com/us/specialty/wholesale/borrower-alleges-uwm-ignored-her-billing-dispute-then-wrecked-her-credit/592866
gd-1d9eed24d698,gdelt_gkg_v2,news,"A Blue Ribbon exhibition: 'Basquiat, the Blue Ribbon Paintings, and the Art of Reproduction'",,2026-10-09T07:45:00Z,original,,false,,https://www.dailyprincetonian.com/article/2026/10/blue-ribbon-exhibition-basquiat-blue-ribbon-paintings-art-of-reproduction
gd-1de6b18b549b,gdelt_gkg_v2,news,Free self-serve sandbag stations open ahead of expected rainfall,,2026-10-09T07:45:00Z,original,,false,,https://www.yumasun.com/news/free-self-serve-sandbag-stations-open-ahead-of-expected-rainfall/article_695cef5a-e431-402a-9784-63bf3cf555fe.html
gd-1eb957616278,gdelt_gkg_v2,news,Sheriff's Office notifies public of new address for sex offender,,2026-10-09T07:45:00Z,original,,false,,https://www.yumasun.com/news/sheriffs-office-notifies-public-of-new-address-for-sex-offender/article_b9cfb516-d1a3-4a90-9898-0c539d778aa7.html
gd-1f572c713315,gdelt_gkg_v2,news,"Jordan Collins Sr. found guilty of murdering his 16-year-old son, dumping body in Twin Cities landfill",,2026-10-09T07:45:00Z,original,,false,,https://www.kimt.com/news/jordan-collins-sr-found-guilty-of-murdering-his-16-year-old-son-dumping-body-in/article_6cc1891e-9ce8-5176-b20d-f0060ddbb989.html
gd-1fff70807457,gdelt_gkg_v2,news,"Mitsotakis, in Halkidiki, Opens Skouries Gold Mine and Asks Voters for a Governing Majority",,2026-10-09T07:45:00Z,original,,false,,https://www.inewsgr.com/184/Mitsotakis-in-Halkidiki-Opens-Skouries-Gold-Mine-and-Asks-Voters-for-a-Governing-Majority.htm
gd-201789eecc7c,gdelt_gkg_v2,news,'Mindset Needs To Change': Bombay High Court Criticises Practice Of Prosecutors 'Vehemently' Opposing Bail Despite Long Incarceration,,2026-10-09T07:45:00Z,original,,false,,https://www.livelaw.in/high-court/bombay-high-court/mindset-needs-to-change-bombay-high-court-criticises-practice-of-prosecutors-vehemently-opposing-bail-despite-long-incarceration-553805
gd-2088e92d154d,gdelt_gkg_v2,news,"Delhi HC declines to list IYC protest plea today, fixes hearing for Monday",,2026-10-09T07:45:00Z,original,,false,,https://aninews.in/news/national/general-news/delhi-hc-declines-to-list-iyc-protest-plea-today-fixes-hearing-for-monday20261009115609/
gd-20899531e6a6,gdelt_gkg_v2,news,11 Things People With Charmed Lives Have In Their Home,,2026-10-09T07:45:00Z,original,,false,,https://www.yourtango.com/self/things-people-charmed-lives-have-home
gd-216b49b7e35b,gdelt_gkg_v2,news,AICWA slams Tanushree Dutta over 'evil dead' remark on Nana Patekar; actor refuses to back down | Indiablooms,,2026-10-09T07:45:00Z,original,,false,,https://www.indiablooms.com/showbiz/aicwa-slams-tanushree-dutta-over-evil-dead-remark-on-nana-patekar-actor-refuses-to-back-down/details
gd-21e908687a9b,gdelt_gkg_v2,news,Health workforce speak at wellbeing conference,,2026-10-09T07:45:00Z,original,,false,,https://guernseypress.com/news/2026/10/09/health-workforce-speak-at-wellbeing-conference
gd-2230ef3d4c14,gdelt_gkg_v2,news,Mike Rogers Opens the Door for AIPAC Support,,2026-10-09T07:45:00Z,original,,false,,https://politicalwire.com/2026/10/08/mike-rogers-opens-the-door-for-aipac-support/
gd-231edb0566f8,gdelt_gkg_v2,news,Ukraine fortifies its filling stations against Russian attacks,,2026-10-09T07:45:00Z,original,,false,,https://bdnews24.com/world/europe/mfpeeim0r3
gd-232baa98d5be,gdelt_gkg_v2,news,"Supreme Court To Consider Plea To Prioritise SIR-Deleted Voters' Appeals Ahead Of Kolkata, Howrah Municipal Elections",,2026-10-09T07:45:00Z,original,,false,,https://www.livelaw.in/top-stories/we-are-conscious-supreme-court-to-consider-plea-to-prioritise-sir-deleted-voters-appeals-ahead-of-kolkata-howrah-municipal-elections-553845
gd-23828139f504,gdelt_gkg_v2,news,"NHS issues update to 7 million people on waiting list after 42,000 added",,2026-10-09T07:45:00Z,original,,false,,https://www.birminghammail.co.uk/news/midlands-news/nhs-issues-update-7-million-34738717
gd-23c21b851c00,gdelt_gkg_v2,news,Why Women Should Find Out Their Breast Cancer Risk Earlier than You Think,,2026-10-09T07:45:00Z,original,,false,,https://www.daytonatimes.com/online_features/health_and_wellness/why-women-should-find-out-their-breast-cancer-risk-earlier-than-you-think/article_34c4b724-1d30-52b7-842b-938385cb88d7.html
gd-2440950cce4b,gdelt_gkg_v2,news,"Kasoa Uber Driver Reportedly Receives GHÂ¢105,600 Compensation in East Legon Assault Case – Ghanamma.com",,2026-10-09T07:45:00Z,original,,false,,https://www.ghanamma.com/2026/10/09/kasoa-uber-driver-reportedly-receives-gh%C2%A2105600-compensation-in-east-legon-assault-case/
gd-24e006854a4f,gdelt_gkg_v2,news,Pashinyan: Almaty Declaration played key role in establishing peace between Armenia and Azerbaijan,,2026-10-09T07:45:00Z,original,,false,,https://en.apa.az/foreign-policy/pashinyan-almaty-declaration-played-key-role-in-establishing-peace-between-armenia-and-azerbaijan-529028
gd-24fbf6b54724,gdelt_gkg_v2,news,Swindon and Salisbury Magistrates Courts' latest cases,,2026-10-09T07:45:00Z,original,,false,,https://www.wiltshiretimes.co.uk/news/26615512.swindon-salisbury-magistrates-courts-latest-cases/
gd-251c724b1dbb,gdelt_gkg_v2,news,Town trying to figure out wildlife-friendly fencing,,2026-10-09T07:45:00Z,original,,false,,https://www.jhnewsandguide.com/news/town_county/local/town-trying-to-figure-out-wildlife-friendly-fencing/article_65e8a3ce-04b2-4ff2-9750-4771b02403f8.html
gd-2662713d52fe,gdelt_gkg_v2,news,Justice Sheel Nagu Recuses From Punjab Govt Plea Against CBI Probe Into CM Office Graft Allegations,,2026-10-09T07:45:00Z,original,,false,,https://www.livelaw.in/top-stories/justice-sheel-nagu-recuses-from-punjab-govt-plea-against-cbi-probe-into-cm-office-graft-allegations-553857
gd-275dba608f4f,gdelt_gkg_v2,news,'Dangerous' Wiltshire festival can go ahead despite failings,,2026-10-09T07:45:00Z,original,,false,,https://www.wiltshiretimes.co.uk/news/26616164.dangerous-wiltshire-festival-can-go-ahead-despite-failings/
gd-2772878b5d27,gdelt_gkg_v2,news,Azerbaijan to have four days off in November for Victory Day and State Flag Day,,2026-10-09T07:45:00Z,original,,false,,https://en.apa.az/social/azerbaijan-to-have-four-days-off-in-november-for-victory-day-and-state-flag-day-529010
gd-287159182a7b,gdelt_gkg_v2,news,Saudi Arabia intercepts three ballistic missiles launched by Houthis,,2026-10-09T07:45:00Z,original,,false,,https://tradearabia.com:443/News/487738/Saudi-Arabia-intercepts-three-ballistic-missiles-launched-by-Houthis/MISC
gd-2913b8e483bb,gdelt_gkg_v2,news,"Wajir Patient Tests Negative for Ebola, Positive for Malaria, Duale Says",,2026-10-09T07:45:00Z,original,,false,,https://capitalfm.africa/wajir-patient-tests-negative-for-ebola-positive-for-malaria-duale-says/
gd-294fa5c212d3,gdelt_gkg_v2,news,President Ilham Aliyev attends restricted-format meeting of CIS Council of Heads of State - UPDATED-1,,2026-10-09T07:45:00Z,original,,false,,https://en.apa.az/official-news/president-ilham-aliyev-attends-restricted-format-meeting-of-cis-council-of-heads-of-state-updated-1-photo-529027
gd-29751208ea26,gdelt_gkg_v2,news,"Kerala High Court Directs FIR Against Ex-CM Pinarayi Vijayan, Daughter Based On ED Information In CMRL-Exalogic Case",,2026-10-09T07:45:00Z,original,,false,,https://www.livelaw.in/high-court/kerala-high-court/kerala-high-court-directs-fir-against-ex-cm-pinarayi-vijayan-daughter-based-on-ed-information-in-cmrl-exalogic-case-553824
gd-2a1f6f855a6b,gdelt_gkg_v2,news,Making movement speak with Choreographer Bree Tipoki,,2026-10-09T07:45:00Z,original,,false,,https://www.sbs.com.au/language/nitv-radio/en/podcast-episode/making-movement-speak-with-choreographer-bree-tipoki/bijd98hy8
gd-2a69a398a210,gdelt_gkg_v2,news,Lee Kum Kee Gluten Free Soy Sauce Wins Healthy Food Guide 2026 Award,,2026-10-09T07:45:00Z,original,,false,,https://www.manilatimes.net/2026/10/09/tmt-newswire/media-outreach-newswire/lee-kum-kee-gluten-free-soy-sauce-wins-healthy-food-guide-2026-award/2442419
gd-2aeefc3067c2,gdelt_gkg_v2,news,"Rupee jumps by 23 paise in early deals on soft dollar, RBI support",,2026-10-09T07:45:00Z,original,,false,,https://ianslive.in/rupee-jumps-by-23-paise-in-early-deals-on-soft-dollar-rbi-support--20261009111756
gd-2b6b82eec4d0,gdelt_gkg_v2,news,"80-year-old man goes missing in Ocoee, police say",,2026-10-09T07:45:00Z,original,,false,,https://www.wesh.com/article/80-year-old-man-goes-missing-in-ocoee-police-say/74086229
gd-2c1177a0e8cb,gdelt_gkg_v2,news,Historic downtown Shreveport church unveils multi-million-dollar expansion plans,,2026-10-09T07:45:00Z,original,,false,,https://www.westcentralsbest.com/news/state/historic-downtown-shreveport-church-unveils-multi-million-dollar-expansion-plans/article_c6a70792-ad41-50a8-8acc-39243ab3a31f.html
gd-2c128f2ff2f4,gdelt_gkg_v2,news,"GSIS reaffirms stronger support for more than 600,000 pensioners",,2026-10-09T07:45:00Z,original,,false,,https://www.manilatimes.net/2026/10/09/tmt-newswire/gsis-reaffirms-stronger-support-for-more-than-600000-pensioners/2442437
gd-2c2ee18bc8e4,gdelt_gkg_v2,news,Big issues and on-farm insights: Cattle Connect heads to Wagga,,2026-10-09T07:45:00Z,original,,false,,https://www.beefcentral.com/news/big-issues-and-on-farm-insights-cattle-connect-heads-to-wagga/
gd-2cf777582beb,gdelt_gkg_v2,news,BYWA National Icon Award 2026 to Have Mahesh Toshniwal as Special Guest,,2026-10-09T07:45:00Z,original,,false,,https://aninews.in/news/business/bywa-national-icon-award-2026-to-have-mahesh-toshniwal-as-special-guest20261009125158/
gd-2d3a4a843888,gdelt_gkg_v2,news,"Hotdesk.com Expands to 1,700+ US Locations, Now Its Fastest-Growing Market",,2026-10-09T07:45:00Z,original,,false,,https://www.manilatimes.net/2026/10/09/tmt-newswire/globenewswire/hotdeskcom-expands-to-1700-us-locations-now-its-fastest-growing-market/2442417
gd-2d8ace13fd5d,gdelt_gkg_v2,news,Your supplier has a password. Your business has the problem,,2026-10-09T07:45:00Z,original,,false,,https://it-online.co.za/2026/10/09/your-supplier-has-a-password-your-business-has-the-problem/
gd-2df29430a8bd,gdelt_gkg_v2,news,Spanish Lake study looks to make most of northeast St. Louis County's potential,,2026-10-09T07:45:00Z,original,,false,,https://www.firstalert4.com/2026/10/09/spanish-lake-study-looks-make-most-northeast-st-louis-countys-potential/
gd-2e014114db29,gdelt_gkg_v2,news,Billericay incident saw woman 'fall' into oncoming bin lorry,,2026-10-09T07:45:00Z,original,,false,,https://www.echo-news.co.uk/news/26621041.billericay-incident-saw-woman-fall-oncoming-bin-lorry/
gd-2e6087a422cb,gdelt_gkg_v2,news,"""I Spent So Much On You I Won't Let You Go till You Pay Me GH¢190,000""— Man to Girlfriend on Live TV – Ghanamma.com",,2026-10-09T07:45:00Z,original,,false,,https://www.ghanamma.com/2026/10/09/i-spent-so-much-on-you-i-wont-let-you-go-till-you-pay-me-gh%C2%A2190000-man-to-girlfriend-on-live-tv-17/
gd-2e78b428fde1,gdelt_gkg_v2,news,"Access Partnership, AfriTrade Team Up to Support Kenya's Digital Infrastructure Projects – Capital FM Kenya",,2026-10-09T07:45:00Z,original,,false,,https://capitalfm.africa/access-partnership-afritrade-team-up-to-support-kenyas-digital-infrastructure-projects/
gd-2edf76a21bd1,gdelt_gkg_v2,news,"""Appropriate legal action will be taken"": Delhi Police issue stern warning, reject plea for Oct 10 CEC row",,2026-10-09T07:45:00Z,original,,false,,https://aninews.in/news/national/general-news/appropriate-legal-action-will-be-taken-delhi-police-issue-stern-warning-reject-plea-for-oct-10-cec-row20261009123354/
gd-2ef29f94d742,gdelt_gkg_v2,news,Ballygar Garda had to hitch lift to emergency after EV battery ran low,,2026-10-09T07:45:00Z,original,,false,,https://www.galwaybayfm.ie/galway-bay-fm-news-desk/ballygar-garda-had-to-hitch-lift-to-emergency-after-ev-battery-ran-low-231638
gd-2f977f83a632,gdelt_gkg_v2,news,Guest Column: President Trump versus the First Amendment,,2026-10-09T07:45:00Z,original,,false,,https://www.yumasun.com/opinion/guest-column-president-trump-versus-the-first-amendment/article_a0307969-9ea8-4d4f-bdb8-5f1f5a907a32.html
gd-30648691e4d7,gdelt_gkg_v2,news,Get dark money out of Montana's elections,,2026-10-09T07:45:00Z,original,,false,,http://www.bozemandailychronicle.com/opinion/letters-to-the-editor/get-dark-money-out-of-montanas-elections/article_9e22e40d-0577-4095-ae56-cd3f8d906305.html
gd-307e005db9e8,gdelt_gkg_v2,news,75 Relatable Memes That Perfectly Describe The Chaos Of Everyday Life,,2026-10-09T07:45:00Z,original,,false,,https://www.boredpanda.com/daily-life-relatable-memes/?cexp_id=162724&_f=homepage_featured&cexp_var=10
gd-30a520586204,gdelt_gkg_v2,news,Your 20s workout may not work in your 30s: Fitness expert Deepti Sharma explains how to adjust your routine to suit your body's needs,,2026-10-09T07:45:00Z,original,,false,,https://www.hindustantimes.com/lifestyle/health/your-20s-workout-may-not-work-for-your-30s-fitness-expert-deepti-sharma-explains-how-to-adjust-your-routine-to-suit-your-bodys-needs-101791528848734.html
gd-30d9d570a701,gdelt_gkg_v2,news,Uniqlo parent company posts fifth year of 'record' profits,,2026-10-09T07:45:00Z,original,,false,,https://www.drapersonline.com/news/uniqlo-parent-company-posts-fifth-year-of-record-profits
gd-30da978e7fe4,gdelt_gkg_v2,news,A new INVL fund of up to EUR 200 million will invest in Central and Eastern European banks,,2026-10-09T07:45:00Z,original,,false,,https://www.manilatimes.net/2026/10/09/tmt-newswire/globenewswire/a-new-invl-fund-of-up-to-eur-200-million-will-invest-in-central-and-eastern-european-banks/2442422
gd-32941e5c8d21,gdelt_gkg_v2,news,"Russell Peters bought a 1.5-acre Hidden Hills estate for $6.45 million in 2017; three years later, he sold the 11,600-square-foot mansion for $7.8 million",,2026-10-09T07:45:00Z,original,,false,,https://timesofindia.indiatimes.com/real-estate/news/russell-peters-bought-a-1-5-acre-hidden-hills-estate-for-6-45-million-in-2017-three-years-later-he-sold-the-11600-square-foot-mansion-for-7-8-million/articleshow/134817497.cms
gd-32c7d681971e,gdelt_gkg_v2,news,"Kering: Saint Laurent announces the departure of Its creative director, anthony Vaccarello",,2026-10-09T07:45:00Z,original,,false,,https://www.manilatimes.net/2026/10/09/tmt-newswire/globenewswire/kering-saint-laurent-announces-the-departure-of-its-creative-director-anthony-vaccarello/2442423
gd-33427d1f68c8,gdelt_gkg_v2,news,"3 minors, 1 adult die in Ekurhuleni informal settle fire",,2026-10-09T07:45:00Z,original,,false,,https://www.ewn.co.za/2026/10/09/3-minors-1-adult-die-in-ekurhuleni-informal-settle-fire
gd-33f7e22fea9f,gdelt_gkg_v2,news,Abilene Zoo Adds Halloween Night To Boo At The Zoo,,2026-10-09T07:45:00Z,original,,false,,https://103kkcn.com/ixp/114/p/abilene-zoo-october-halloween-activities/
gd-3529e13263e5,gdelt_gkg_v2,news,"President Trump Rules Out Iran Strikes Before November Elections, Citing Progress in Talks",,2026-10-09T07:45:00Z,original,,false,,https://themedialine.org/headlines/president-trump-rules-out-iran-strikes-before-november-elections-citing-progress-in-talks/
gd-355fd2e8c82d,gdelt_gkg_v2,news,Dinas Cross home with simply gorgeous Cardigan Bay views,,2026-10-09T07:45:00Z,original,,false,,https://www.westerntelegraph.co.uk/news/26601481.dinas-cross-home-cardigan-bay-views-500k/
gd-3690529608bc,gdelt_gkg_v2,news,S6 EP33: What can the beef industry learn from military approach to operations management?,,2026-10-09T07:45:00Z,original,,false,,https://www.beefcentral.com/weekly-grill/s6-ep33-what-can-the-beef-industry-learn-from-military-approach-to-operations-management/
gd-36c5a44c8d95,gdelt_gkg_v2,news,"Deen Castronovo, drummer for Journey suffers 'medical emergency' during show – 95.3 and 101.1 FM The Eagle",,2026-10-09T07:45:00Z,original,,false,,https://www.eagledayton.com/entertainment/deen-castronovo-drummer-journey-suffers-medical-emergency-during-show/7OQZPINLBZHT5LHHOPKXV4NQCM/
gd-36ece1153986,gdelt_gkg_v2,news,Youth Violence Prevention; Why Government Processes Move Slowly | Built Different,,2026-10-09T07:45:00Z,original,,false,,https://www.bctv.org/episode/youth-violence-prevention-why-government-processes-move-slowly-built-different/
gd-3718c7c620d6,gdelt_gkg_v2,news,Assistant prosecutor fired over lunches with juror,,2026-10-09T07:45:00Z,original,,false,,https://www.vindy.com/news/2026/10/assistant-prosecutor-fired-over-lunches-with-juror/
gd-37a72b307ae9,gdelt_gkg_v2,news,Herzog honors six heroes who saved flydubai flight from disaster,,2026-10-09T07:45:00Z,original,,false,,https://www.clevelandjewishnews.com/jns/herzog-honors-six-heroes-who-saved-flydubai-flight-from-disaster/article_675f6e6a-76b1-561b-9b55-500beaa368ee.html
gd-37ad83800d42,gdelt_gkg_v2,news,Statement of the Commission on Human Rights on World Teachers' Day and the culmination of National Teachers' Month,,2026-10-09T07:45:00Z,original,,false,,https://www.manilatimes.net/2026/10/09/tmt-newswire/statement-of-the-commission-on-human-rights-on-world-teachers-day-and-the-culmination-of-national-teachers-month/2442433
gd-385e13480d4e,gdelt_gkg_v2,news,Port Moody holds off on changing 2050 population projection,,2026-10-09T07:45:00Z,original,,false,,https://www.niagarafallsreview.ca/news/canada/port-moody-holds-off-on-changing-2050-population-projection/article_210532b2-e32c-5051-8059-2560dac44d10.html
gd-38cbf61d6eee,gdelt_gkg_v2,news,Kingstown floods leave District Stairs with costly damage,,2026-10-09T07:45:00Z,original,,false,,https://thevincentian.com/kingstown-floods-leave-district-stairs-with-costly-damage-p33969-97.htm
gd-3962e22a6a32,gdelt_gkg_v2,news,22 Kids and Counting star breaks down after 'struggling with postnatal depression',,2026-10-09T07:45:00Z,original,,false,,https://www.manchestereveningnews.co.uk/news/tv/22-kids-counting-star-breaks-34735814
gd-3996392583f5,gdelt_gkg_v2,news,"Madhuri Dixit remembers late star Nana Patekar, he was set to appear on 'Kon Honar Crorepati'",,2026-10-09T07:45:00Z,original,,false,,https://ianslive.in/madhuri-dixit-remembers-late-star-nana-patekar-he-was-set-to-appear-on-kon-honar-crorepati--20261009123338
gd-39c1c4b628b5,gdelt_gkg_v2,news,Elon Musk's net worth slips below $1 trillion mark again,,2026-10-09T07:45:00Z,original,,false,,https://ianslive.in/elon-musks-net-worth-slips-below-1-trillion-mark--20261009122001
gd-39da6d0b8a3d,gdelt_gkg_v2,news,SC rejects plea for independent probe into CJP's July protest,,2026-10-09T07:45:00Z,original,,false,,https://www.hindustantimes.com/india-news/sc-rejects-plea-for-independent-probe-into-cjp-s-july-protest-101791530828084.html
gd-3a400cd0a0fe,gdelt_gkg_v2,news,Police arrest 24-year-old and recover stolen quad bike in Ceredigion,,2026-10-09T07:45:00Z,original,,false,,https://www.westerntelegraph.co.uk/news/26621112.police-arrest-24-year-old-recover-stolen-quad-bike-ceredigion/
gd-3a80c31f93df,gdelt_gkg_v2,news,Photos And Identity Of 21-Year Lady Lecturer Died On Top Of During Hotel Encounter Surfaces Online – Ghanamma.com,,2026-10-09T07:45:00Z,original,,false,,https://www.ghanamma.com/2026/10/09/photos-and-identity-of-21-year-lady-lecturer-died-on-top-of-during-hotel-encounter-surfaces-online-38/
gd-3abdf7e2bb58,gdelt_gkg_v2,news,Turkmenistan's President: CIS countries have all necessary opportunities to develop cooperation,,2026-10-09T07:45:00Z,original,,false,,https://en.apa.az/foreign-policy/turkmenistans-president-cis-countries-have-all-necessary-opportunities-to-develop-cooperation-529023
gd-3ac8255ef14c,gdelt_gkg_v2,news,Astute signs Samwha Capacitor ⋆ Electronics Weekly,,2026-10-09T07:45:00Z,original,,false,,https://www.electronicsweekly.com/news/business/astute-signs-samwha-capacitor-2026-10/
gd-3ae14bb427a2,gdelt_gkg_v2,news,"Attacks, accusations fly between Abdul El-Sayed and Mike Rogers in U.S. Senate debate",,2026-10-09T07:45:00Z,original,,false,,https://wwmt.com/news/michigan-politics/abdul-el-sayed-mike-rogers-us-senate-debate-election-midterms-politics-election-government-congress
gd-3af71ae37535,gdelt_gkg_v2,news,"Planning Commission punts development over alley, traffic concerns",,2026-10-09T07:45:00Z,original,,false,,https://www.jhnewsandguide.com/news/town_county/local/planning-commission-punts-development-over-alley-traffic-concerns/article_8d715b70-3f19-4f81-8f4a-35638c851bbe.html
gd-3b3b8670840b,gdelt_gkg_v2,news,Oil prices decline again on global markets,,2026-10-09T07:45:00Z,original,,false,,https://en.apa.az/energy-and-industry/oil-prices-decline-again-on-global-markets-529015
gd-3b6b1f3a508f,gdelt_gkg_v2,news,World Record reading attempt held at La Mare Primary,,2026-10-09T07:45:00Z,original,,false,,https://guernseypress.com/news/2026/10/09/world-record-reading-attempt-held-at-la-mare-primary
gd-3c33de188394,gdelt_gkg_v2,news,GB News suddenly stopped for breaking alert as Zack Polanski suffers brutal blow,,2026-10-09T07:45:00Z,original,,false,,https://www.aol.co.uk/articles/gb-news-suddenly-stopped-breaking-065400000.html
gd-3d289b6ee96d,gdelt_gkg_v2,news,Calcutta High Court Directs Police Protection For Interfaith Couple Facing Threats Over Marriage,,2026-10-09T07:45:00Z,original,,false,,https://www.livelaw.in/high-court/calcutta-high-court/calcutta-high-court-directs-police-protection-for-interfaith-couple-facing-threats-over-marriage-553841
gd-3e1a7ade03ea,gdelt_gkg_v2,news,"Research Assistants, High Court Of Jammu & Kashmir And Ladakh, Job",,2026-10-09T07:45:00Z,original,,false,,https://www.livelaw.in/job-updates/research-assistants-vacancy-at-high-court-of-jammu-kashmir-and-ladakh-553807
gd-3e80f081b34e,gdelt_gkg_v2,news,Andy Burnham government considering new rules for 5 million renters in England,,2026-10-09T07:45:00Z,original,,false,,https://www.birminghammail.co.uk/news/midlands-news/andy-burnham-government-considering-new-34738636
gd-3e88e5fbd1f9,gdelt_gkg_v2,news,"Kerala High Court Directs Police To Strictly Enforce Public Smoking Ban, Calls For Awareness Drives",,2026-10-09T07:45:00Z,original,,false,,https://www.livelaw.in/high-court/kerala-high-court/kerala-high-court-police-enforce-public-smoking-ban-awareness-programmes-553839
gd-3ed4bc4eeaaa,gdelt_gkg_v2,news,St Peter's Hospital rehab classes move amid faulty boiler,,2026-10-09T07:45:00Z,original,,false,,https://www.essexcountynews.co.uk/news/26616748.st-peters-hospital-rehab-classes-move-amid-faulty-boiler/
gd-3f1ed7aaa306,gdelt_gkg_v2,news,"7,000 CRPF personnel being moved from Bengal, Chhattisgarh to Delhi ahead of CJP protest",,2026-10-09T07:45:00Z,original,,false,,https://www.moneycontrol.com/news/india/7-000-crpf-personnel-being-moved-from-bengal-chhattisgarh-to-delhi-ahead-of-cjp-protest-14048283.html
gd-3fabc4cdbadd,gdelt_gkg_v2,news,HSBC Continental Europe: Post Stabilisation Notice,,2026-10-09T07:45:00Z,original,,false,,https://www.manilatimes.net/2026/10/09/tmt-newswire/globenewswire/hsbc-continental-europe-post-stabilisation-notice/2442431
gd-3fc4944d082e,gdelt_gkg_v2,news,"Delhi Police denies CJP permission for October 10 Jantar Mantar protest, cites maintenance of public safety",,2026-10-09T07:45:00Z,original,,false,,https://aninews.in/news/national/general-news/delhi-police-denies-cjp-permission-for-october-10-jantar-mantar-protest-cites-maintenance-of-public-safety20261009120456/
gd-3ffb9e321321,gdelt_gkg_v2,news,'Trying To Sail In Two Boats': Rajasthan High Court Rejects Doctor's Plea To Retain Lien In Two Govt Services While Pursuing Higher Studies,,2026-10-09T07:45:00Z,original,,false,,https://www.livelaw.in/high-court/rajasthan-high-court/rajasthan-high-court-joining-extension-retain-multiple-employment-pursuing-higher-studies-govt-servant-553819
gd-404de2ffc418,gdelt_gkg_v2,news,Madras High Court Permits First Death Anniversary Rites Of Prime Accused In BSP Leader Armstrong Murder Case,,2026-10-09T07:45:00Z,original,,false,,https://www.livelaw.in/high-court/madras-high-court/madras-high-court-armstrong-murder-first-accused-customary-remembrance-permitted-553844
gd-4071f729568f,gdelt_gkg_v2,news,"NPS Swasthya explained: Get up to Rs 30 lakh insurance cover, but watch out for the deductible",,2026-10-09T07:45:00Z,original,,false,,https://www.moneycontrol.com/news/business/personal-finance/nps-swasthya-explained-get-up-to-rs-30-lakh-insurance-cover-but-watch-out-for-the-deductible-14048391.html
gd-41452a497676,gdelt_gkg_v2,news,"The Last Word in Astrology: FRIDAY, OCTOBER 9, 2026",,2026-10-09T07:45:00Z,original,,false,,https://www.yumasun.com/features/the-last-word-in-astrology-friday-october-9-2026/article_2c795c68-eca0-49c5-af12-5f6c87b0e5f9.html
gd-419f4ce95004,gdelt_gkg_v2,news,Warehouse Theatre Company Hosts Pre-Halloween Yard Sale,,2026-10-09T07:45:00Z,original,,false,,https://newstalkkit.com/warehouse-theatre-company-yard-sale-yakima/
gd-43751d44c798,gdelt_gkg_v2,news,Delhi High Court Stays Order Making Aadhaar-Based Biometric Attendance Mandatory For Public Prosecutors,,2026-10-09T07:45:00Z,original,,false,,https://www.livelaw.in/high-court/delhi-high-court/delhi-high-court-stays-order-making-aadhaar-based-biometric-attendance-mandatory-for-public-prosecutors-553871
gd-43d9ce2b5e29,gdelt_gkg_v2,news,Qualcomm vs Arm (Day 4) ⋆ Electronics Weekly,,2026-10-09T07:45:00Z,original,,false,,https://www.electronicsweekly.com/news/business/qualcomm-vs-arm-day-4-2026-10/
gd-44496223153d,gdelt_gkg_v2,news,Waitrose confirms 20p rule in stores with shoppers left unimpressed,,2026-10-09T07:45:00Z,original,,false,,https://www.birminghammail.co.uk/whats-on/shopping/waitrose-confirms-20p-rule-stores-34736833
gd-44522a60e183,gdelt_gkg_v2,news,'Lessons learnt': Rajkummar Rao says about makers of Sourav Ganguly biopic after poster criticism,,2026-10-09T07:45:00Z,original,,false,,https://bdnews24.com/entertainment/y8ut3ksjh0
gd-4460dcfb7025,gdelt_gkg_v2,news,McKinsey flags looming AI spending surge for US agencies as subsidised deals give way to market pricing,,2026-10-09T07:45:00Z,original,,false,,https://aninews.in/news/business/mckinsey-flags-looming-ai-spending-surge-for-us-agencies-as-subsidised-deals-give-way-to-market-pricing20261009114421/
gd-448df5751678,gdelt_gkg_v2,news,Victim Also Has Right To Seek Speedy Trial Like Accused : Supreme Court,,2026-10-09T07:45:00Z,original,,false,,https://www.livelaw.in/top-stories/supreme-court-speedy-trial-right-exclusive-prerogative-accused-553834
gd-44c23b22facc,gdelt_gkg_v2,news,"In 'Always Lalisa,' K-pop superstar Lisa comes of age and embarks on a new career in acting",,2026-10-09T07:45:00Z,original,,false,,https://www.manilatimes.net/2026/10/09/entertainment-lifestyle/in-always-lalisa-k-pop-superstar-lisa-comes-of-age-and-embarks-on-a-new-career-in-acting/2442439
gd-44ce67693712,gdelt_gkg_v2,news,Homeowner hits Fay Servicing with $25m suit alleging dual tracking,,2026-10-09T07:45:00Z,original,,false,,https://www.mpamag.com/us/mortgage-industry/industry-trends/homeowner-hits-fay-servicing-with-25m-suit-alleging-dual-tracking/592868
gd-44d71b7ccbef,gdelt_gkg_v2,news,Palantir's Tom Watson says 'mob rule' must not dictate awarding of government contracts,,2026-10-09T07:45:00Z,original,,false,,https://www.aol.co.uk/articles/palantir-tom-watson-says-mob-072033000.html
gd-44d8a0bdd94d,gdelt_gkg_v2,news,El Dorado County school employee arrested on child sexual abuse material charges,,2026-10-09T07:45:00Z,original,,false,,https://www.cbsnews.com/sacramento/news/paraprofessional-aide-arrested-in-cool-on-csam-charges/
gd-459c30bd3d81,gdelt_gkg_v2,news,"Para Legal Volunteer, Taluk Legal Services Committee, Begunia, Job",,2026-10-09T07:45:00Z,original,,false,,https://www.livelaw.in/job-updates/para-legal-volunteer-vacancy-at-taluk-legal-services-committee-begunia-553809
gd-45e3cad2d4d7,gdelt_gkg_v2,news,Ella Langley 'Somethin' Simple': Lyrics + Meaning,,2026-10-09T07:45:00Z,original,,false,,https://981thehawk.com/ixp/204/p/ella-langley-somethin-simple-meaning-lyrics/
gd-47150ffab30d,gdelt_gkg_v2,news,"Trowbridge Link supports flu clinic attended by 1,100",,2026-10-09T07:45:00Z,original,,false,,https://www.wiltshiretimes.co.uk/news/26618559.trowbridge-link-supports-flu-clinic-attended-1-100/
gd-487ce4654ab2,gdelt_gkg_v2,news,US green-card freeze a warning for Indian IT industry against wider curbs: GTRI,,2026-10-09T07:45:00Z,original,,false,,https://aninews.in/news/business/us-green-card-freeze-a-warning-for-indian-it-industry-against-wider-curbs-gtri20261009113845/
gd-48928116fb7c,gdelt_gkg_v2,news,Vetri-starrer Buried's first look out,,2026-10-09T07:45:00Z,original,,false,,https://ianslive.in/vetri-starrer-burieds-first-look-out--20261009123420
gd-494718a7a654,gdelt_gkg_v2,news,"DWP plans five changes for benefits claimants with autism, ADHD, dyslexia",,2026-10-09T07:45:00Z,original,,false,,https://www.birminghammail.co.uk/news/cost-of-living/dwp-plans-five-changes-benefits-34738739
gd-495368308d3d,gdelt_gkg_v2,news,Alivunja Ndoa Yangu! Heartbroken Kalenjin man parades a PHOTO of the man who snatched his wife,,2026-10-09T07:45:00Z,original,,false,,https://www.kenyan-post.com/2026/10/alivunja-ndoa-yangu-heartbroken.html
gd-495402208faa,gdelt_gkg_v2,news,'Israel honours your bravery': Indian Pilot Smit Machchhar to get top civilian award | Indiablooms,,2026-10-09T07:45:00Z,original,,false,,https://www.indiablooms.com/news/israel-honours-your-bravery-indian-pilot-smit-machchhar-to-get-top-civilian-award/details
gd-4ac2afb1518e,gdelt_gkg_v2,news,Radley taps new licensing partner,,2026-10-09T07:45:00Z,original,,false,,https://www.drapersonline.com/news/radley-taps-new-licensing-partner
gd-4b05c8f1b67f,gdelt_gkg_v2,news,New teen survey raises concerns for parents,,2026-10-09T07:45:00Z,original,,false,,https://guernseypress.com/news/2026/10/09/new-teen-survey-raises-concerns-for-parents
gd-4b072fd42aae,gdelt_gkg_v2,news,Malvi Malhotra on working in her Telugu film 'Baa Baa Black Sheep': Language changes the way you express an emotion!,,2026-10-09T07:45:00Z,original,,false,,https://ianslive.in/malvi-malhotra-on-working-in-her-telugu-film-baa-baa-black-sheep-language-changes-the-way-you-express-an-emotion--20261009112836
gd-4ba9832c2222,gdelt_gkg_v2,news,"Vice President Say Government Cannot Pay Teachers Because They're Too Many,Interestingâ€""PK – Ghanamma.com",,2026-10-09T07:45:00Z,original,,false,,https://www.ghanamma.com/2026/10/09/vice-president-say-government-cannot-pay-teachers-because-theyre-too-manyinteresting-pk-92/
gd-4c1312dcc34a,gdelt_gkg_v2,news,Group gift busts budget of family member,,2026-10-09T07:45:00Z,original,,false,,https://www.vindy.com/life/lifestyles/2026/10/group-gift-busts-budget-of-family-member/
gd-4c60c6b3d266,gdelt_gkg_v2,news,AAA Gas Check: Arizona gas prices slightly fall but remain historically high,,2026-10-09T07:45:00Z,original,,false,,https://www.yumasun.com/news/aaa-gas-check-arizona-gas-prices-slightly-fall-but-remain-historically-high/article_21fcf978-f258-4870-b36e-a4f009d865df.html
gd-4cc19780ad07,gdelt_gkg_v2,news,Sky-high dream realised as local pilot lands contract for Bathurst 1000,,2026-10-09T07:45:00Z,original,,false,,https://www.blayneychronicle.com.au/story/9364607/sky-high-dream-realised-as-local-pilot-lands-contract-for-bathurst-1000/
gd-4daba5f6fc8e,gdelt_gkg_v2,news,"""Decision will be taken through rules"": BJP's Ram Madhav slams Rahul Gandhi over Starlink stand",,2026-10-09T07:45:00Z,original,,false,,https://aninews.in/news/national/politics/decision-will-taken-through-rules-bjp8217s-ram-madhav-slams-rahul-gandhi-over-starlink-stand20261009113917/
gd-4de4d70ca2d9,gdelt_gkg_v2,news,Carry as many pumpkins as you can for just $5 at Hooper Pick UR Pumpkin patch,,2026-10-09T07:45:00Z,original,,false,,https://www.fox13now.com/news/local-news/weber-county/carry-as-many-pumpkins-as-you-can-for-just-five-dollars-at-hooper-pick-ur-pumpkin-patch
gd-4ee6317108a2,gdelt_gkg_v2,news,"Academy condemns Will Smith's actions at Oscars, launches review – Daily Press",,2026-10-09T07:45:00Z,original,,false,,https://www.dailypress.com/2022/03/28/academy-condemns-will-smiths-actions-at-oscars-launches-review/
gd-4f512474d4d9,gdelt_gkg_v2,news,Ex-prince Andrew raid warrants ruled 'unlawful' but UK police maintain probe,,2026-10-09T07:45:00Z,original,,false,,https://www.manilatimes.net/2026/10/09/world/americas-emea/ex-prince-andrew-raid-warrants-ruled-unlawful-but-uk-police-maintain-probe/2442436
gd-4f690b98fad3,gdelt_gkg_v2,news,"Saudi, UAE sign MoU to boost rail connectivity, infrastructure integration",,2026-10-09T07:45:00Z,original,,false,,https://tradearabia.com:443/News/487736/Saudi-UAE-sign-MoU-to-boost-rail-connectivity-infrastructure-integration
gd-4f941890fc4e,gdelt_gkg_v2,news,FG Announces 30-Day Discount On Petrol Sold By NNPC - Information Nigeria,,2026-10-09T07:45:00Z,original,,false,,https://www.informationng.com/2026/10/fg-announces-30-day-discount-on-petrol-sold-by-nnpc.html
gd-4fe5bb20912e,gdelt_gkg_v2,news,Elmstead Market roadworks cause delays of up to 50 minutes,,2026-10-09T07:45:00Z,original,,false,,https://www.gazette-news.co.uk/news/26612985.elmstead-market-roadworks-cause-delays-50-minutes/
gd-51dc2048de58,gdelt_gkg_v2,news,Judge grants intervenor status to two SOBE customers,,2026-10-09T07:45:00Z,original,,false,,https://www.vindy.com/news/2026/10/judge-grants-intervenor-status-to-two-sobe-customers/
gd-5218deb5b0b1,gdelt_gkg_v2,news,Exciting News: MSU Dairy Store Is Coming to Flint,,2026-10-09T07:45:00Z,original,,false,,https://wmmq.com/ixp/694/p/msu-dairy-store-flint/
gd-523069b83da2,gdelt_gkg_v2,news,"US green card freeze: Cognizant, Infosys, TCS, Wipro, HCL among 8 IT firms suspended; impact on Indian jobs",,2026-10-09T07:45:00Z,original,,false,,https://www.ibtimes.co.in/us-green-card-freeze-cognizant-infosys-tcs-wipro-hcl-among-8-it-firms-suspended-impact-907193
gd-5356c2f09882,gdelt_gkg_v2,news,IDF officer killed in Humvee accident in Southern Lebanon,,2026-10-09T07:45:00Z,original,,false,,https://www.clevelandjewishnews.com/jns/idf-officer-killed-in-humvee-accident-in-southern-lebanon/article_f8761145-5922-5469-ad43-65a9188737f0.html
gd-539ce1e46954,gdelt_gkg_v2,news,Veterans in Des Moines receive AI glasses to improve daily life,,2026-10-09T07:45:00Z,original,,false,,https://www.kimt.com/news/veterans-in-des-moines-receive-ai-glasses-to-improve-daily-life/article_90b36df7-2f64-5da4-a0ec-faffd10510bb.html
gd-53b726b76d11,gdelt_gkg_v2,news,NITV Radio News - 09/10/2026,,2026-10-09T07:45:00Z,original,,false,,https://www.sbs.com.au/language/nitv-radio/en/podcast-episode/nitv-radio-news-09-10-2026/6vuf5o6xp
gd-53d7799d7696,gdelt_gkg_v2,news,Woman who've lived on farms since childhood faces eviction: 'Where do I have to go to?',,2026-10-09T07:45:00Z,original,,false,,https://www.ewn.co.za/2026/10/09/woman-whove-lived-on-farms-since-childhood-faces-eviction-where-do-i-have-to-go-to
gd-53eaba2a49de,gdelt_gkg_v2,news,Punjab Govt appoints Gaurav Yadav as DGP with two-year tenure,,2026-10-09T07:45:00Z,original,,false,,https://aninews.in/news/national/general-news/punjab-govt-appoints-gaurav-yadav-as-dgp-with-two-year-tenure20261009120938/
gd-54e4e6361785,gdelt_gkg_v2,news,CMRL-Exalogic case: HC orders Kerala Police to file FIR on ED's recommendation,,2026-10-09T07:45:00Z,original,,false,,https://ianslive.in/shocker-for-pinarayi-vijayan-kerala-hc-orders-fir-to-be-registered-in-cmrl-exalogic-case--20261009110353
gd-5579eaf04106,gdelt_gkg_v2,news,Riley Green Duets With 'The Voice' Contestant Isabella Juliet,,2026-10-09T07:45:00Z,original,,false,,https://981thehawk.com/ixp/204/p/riley-green-isabella-taylor-the-voice-duet/
gd-562f74a44ce2,gdelt_gkg_v2,news,Azerbaijan's economy grows by 1.5%,,2026-10-09T07:45:00Z,original,,false,,https://en.apa.az/energy-and-industry/azerbaijans-economy-grows-by-15-529055
gd-56953bd66337,gdelt_gkg_v2,news,Spirit of Yumanity: Cristina McInnes gives back to Yuma as a transplant,,2026-10-09T07:45:00Z,original,,false,,https://www.yumasun.com/yumanity/spirit-of-yumanity-cristina-mcinnes-gives-back-to-yuma-as-a-transplant/article_53b2723a-4293-4d66-8470-22b22d90a2c6.html
gd-573d13302ba2,gdelt_gkg_v2,news,Mari Grug launches T-shirt raising cancer research funds,,2026-10-09T07:45:00Z,original,,false,,https://www.westerntelegraph.co.uk/news/26619224.mari-grug-launches-t-shirt-raising-cancer-research-funds/
gd-587dd1007a3b,gdelt_gkg_v2,news,Hawke's Bay Church leader admits 88 tax evasion charges,,2026-10-09T07:45:00Z,original,,false,,https://www.indianweekender.co.nz/news/hawkes-bay-church-leader-admits-88-tax-evasion-charges
gd-5898b34ec742,gdelt_gkg_v2,news,Tankers reportedly hit mines in Strait of Hormuz,,2026-10-09T07:45:00Z,original,,false,,https://en.apa.az/asia/tankers-reportedly-hit-mines-in-strait-of-hormuz-529037
gd-5a06c8cf5ec1,gdelt_gkg_v2,news,Department for Education confirms GCSE changes in England from September 2027,,2026-10-09T07:45:00Z,original,,false,,https://www.birminghammail.co.uk/news/midlands-news/department-education-confirms-gcse-changes-34738633
gd-5af0c3d4a620,gdelt_gkg_v2,news,"""Steps by US don't advance shared ambitions"": MEA responds to US barring Tech majors from Green Card program",,2026-10-09T07:45:00Z,original,,false,,https://aninews.in/news/business/steps-by-us-dont-advance-shared-ambitions-mea-responds-to-us-barring-tech-majors-from-green-card-program20261009125434/
gd-5b017bd0ed2c,gdelt_gkg_v2,news,Shostakovich Symphony No 8 album review – composer's cry of despair in a remarkable and resonant new recording | Classical music,,2026-10-09T07:45:00Z,original,,false,,https://www.theguardian.com/music/2026/oct/09/shostakovich-symphony-no-8-album-review
gd-5b20b734ec61,gdelt_gkg_v2,news,Holborn and St Pancras byelection loss will disappoint Greens – but there may also be relief,,2026-10-09T07:45:00Z,original,,false,,https://www.theguardian.com/politics/2026/oct/09/holborn-st-pancras-byelection-greens-zack-polanski
gd-5bf5ed81b948,gdelt_gkg_v2,news,"Deputy Manager (Risk Management), Deloitte Touche Tohmatsu India LLP, Job",,2026-10-09T07:45:00Z,original,,false,,https://www.livelaw.in/job-updates/deputy-manager-risk-management-vacancy-at-deloitte-touche-tohmatsu-india-llp-553821
gd-5d1a63326893,gdelt_gkg_v2,news,Coastal Flood Advisory issued October 9 at 2:21AM EDT until October 9 at 11:00AM EDT by NWS Wilmington NC,,2026-10-09T07:45:00Z,original,,false,,https://www.wgni.com/2026/10/09/coastal-flood-advisory-issued-october-9-at-221am-edt-until-october-9-at-1100am-edt-by-nws-wilmington-nc/
gd-5d63be772a28,gdelt_gkg_v2,news,BitRaser Gets Frost & Sullivan's 2026 Global Customer Value Leadership Award for Data Erasure,,2026-10-09T07:45:00Z,original,,false,,https://aninews.in/news/business/bitraser-gets-frost-amp-sullivan8217s-2026-global-customer-value-leadership-award-for-data-erasure20261009105337/
gd-5d84d5c8694c,gdelt_gkg_v2,news,Mother's chilling final words before she plunged from 15th floor apartment while holding baby,,2026-10-09T07:45:00Z,original,,false,,https://www.mirror.co.uk/news/us-news/nathaly-ramirez-baby-fall-death-37752288
gd-5d9fdbdccd4a,gdelt_gkg_v2,news,Chinese Bridge world final for secondary school students wraps up in Tianjin,,2026-10-09T07:45:00Z,original,,false,,https://www.manilatimes.net/2026/10/09/tmt-newswire/globenewswire/chinese-bridge-world-final-for-secondary-school-students-wraps-up-in-tianjin/2442440
gd-5da972567cb5,gdelt_gkg_v2,news,Delhi Court Grants Time To Brij Bhushan Sharan Singh To Respond To Women Wrestlers' Appeal Against Acquittal In Sexual Harassment Case,,2026-10-09T07:45:00Z,original,,false,,https://www.livelaw.in/news-updates/delhi-court-grants-time-to-brij-bhushan-sharan-singh-to-respond-to-women-wrestlers-appeal-against-acquittal-in-sexual-harassment-case-553853
gd-5dd5bdfdef39,gdelt_gkg_v2,news,Pentagon Says Execution Will Be Livestreamed,,2026-10-09T07:45:00Z,original,,false,,https://politicalwire.com/2026/10/08/pentagon-says-execution-will-be-livestreamed/
gd-5e1115706bab,gdelt_gkg_v2,news,"US targets Microsoft, Infosys, Tata in green card crackdown: What does it mean for Indian IT workers? | Indiablooms",,2026-10-09T07:45:00Z,original,,false,,https://www.indiablooms.com/world/us-targets-microsoft-infosys-tata-in-green-card-crackdown-what-does-it-mean-for-indian-it-workers/details
gd-5e48980d303d,gdelt_gkg_v2,news,Bega police arrest man after alleged knife robbery at bank | Bega District News,,2026-10-09T07:45:00Z,original,,false,,https://www.begadistrictnews.com.au/story/9365849/bega-police-arrest-man-after-alleged-knife-robbery-at-bank/
gd-5e51982793f9,gdelt_gkg_v2,news,"Microsoft defends H-1B hiring amid US action, says 80% of applications were for existing employees",,2026-10-09T07:45:00Z,original,,false,,https://www.ibtimes.co.in/microsoft-defends-h-1b-hiring-amid-us-action-says-80-applications-were-existing-employees-907219
gd-5ec716922886,gdelt_gkg_v2,news,"North Words: ""Masquerade"" is ""Phantom of the Opera"" like you've never seen it before",,2026-10-09T07:45:00Z,original,,false,,https://www.northcountrypublicradio.org/news/story/54057/20261009/north-words-masquerade-is-phantom-of-the-opera-like-you-ve-never-seen-it-before
gd-5ee2f8e7bb1b,gdelt_gkg_v2,news,"With office vacancies at a six-year low, workplace data matters more",,2026-10-09T07:45:00Z,original,,false,,https://it-online.co.za/2026/10/09/with-office-vacancies-at-a-six-year-low-workplace-data-matters-more/
gd-5f327316d77b,gdelt_gkg_v2,news,Zimbabwe's Kundizeza wins 2026 Caine Prize for African Writing,,2026-10-09T07:45:00Z,original,,false,,https://www.newzimbabwe.com/zimbabwes-kundizeza-wins-2026-caine-prize-for-african-writing/
gd-5f614ffe65b9,gdelt_gkg_v2,news,"Kyptec LifeStyle® 620 Bluetooth Headphones Combine Hybrid Active Noise Cancellation, Powerful Bass and 50 Hour Battery Life for Music, Work and Travel",,2026-10-09T07:45:00Z,original,,false,,https://aninews.in/news/business/kyptec-lifestyle174-620-bluetooth-headphones-combine-hybrid-active-noise-cancellation-powerful-bass-and-50-hour-battery-life-for-music-work-and-travel20261009113818/
gd-6056b5a81288,gdelt_gkg_v2,news,Putin crony shares vile Russian plan for Kyiv as population urged to leave,,2026-10-09T07:45:00Z,original,,false,,https://www.mirror.co.uk/news/world-news/putin-kyiv-sewage-vitali-klitschko-37750122
gd-60c76bdafd89,gdelt_gkg_v2,news,MOD solar farm to be built just metres from family homes,,2026-10-09T07:45:00Z,original,,false,,https://www.wiltshiretimes.co.uk/news/26614898.mod-solar-farm-built-just-metres-family-homes/
gd-60fcf1a241eb,gdelt_gkg_v2,news,El Niño's storm-killer winds and climate's warming waters in fight over future of Hurricane Isaias,,2026-10-09T07:45:00Z,original,,false,,http://www.bozemandailychronicle.com/wire/news/el-ni-os-storm-killer-winds-and-climates-warming-waters-in-fight-over-future-of/article_fedf7e32-9e95-542d-adf4-574ba5208906.html
gd-626cf34aa5a4,gdelt_gkg_v2,news,Wiltshire school gets new car park after fire engine chaos,,2026-10-09T07:45:00Z,original,,false,,https://www.wiltshiretimes.co.uk/news/26614513.wiltshire-school-gets-new-car-park-fire-engine-chaos/
gd-62d571189d57,gdelt_gkg_v2,news,Port Moody puts neighbourhood energy utility plans on hold,,2026-10-09T07:45:00Z,original,,false,,https://www.niagarafallsreview.ca/news/canada/port-moody-puts-neighbourhood-energy-utility-plans-on-hold/article_18f93466-422b-5a3d-9850-b631ecb2c700.html
gd-64071c05a243,gdelt_gkg_v2,news,Delta flight leaves Boston travelers stranded for hours,,2026-10-09T07:45:00Z,original,,false,,https://www.wesh.com/article/delta-flight-diverted-bermuda-boston-passengers/74086655
gd-64122caa1968,gdelt_gkg_v2,news,Sgs wins Saf Supply Chain Excellence Award at India Saf Conclave & Awards 2026,,2026-10-09T07:45:00Z,original,,false,,https://aninews.in/news/business/sgs-wins-saf-supply-chain-excellence-award-at-india-saf-conclave-amp-awards-202620261009114554/
gd-6461d7a2e34d,gdelt_gkg_v2,news,Page A1 | e-Edition | dentonrc.com,,2026-10-09T07:45:00Z,original,,false,,https://dentonrc.com/eedition/page-a1/page_aa9407e6-54a7-567c-8ff1-a21baef93e9c.html
gd-64b5cef5c54d,gdelt_gkg_v2,news,Woodward Middle School food pantry drive seeks community support,,2026-10-09T07:45:00Z,original,,false,,https://www.woodwardnews.net/news/woodward-middle-school-food-pantry-drive-seeks-community-support/article_39b8eab3-dcc1-4ffe-8934-2f335b11992b.html
gd-64d518a78c78,gdelt_gkg_v2,news,"Fort Hood attacker's execution by firing squad will be livestreamed, Pentagon says – Capital FM Kenya",,2026-10-09T07:45:00Z,original,,false,,https://capitalfm.africa/fort-hood-attackers-execution-by-firing-squad-will-be-livestreamed-pentagon-says/
gd-64da7f892e8b,gdelt_gkg_v2,news,'I haven't used deodorant for two years because I only eat food one way',,2026-10-09T07:45:00Z,original,,false,,https://www.mirror.co.uk/news/uk-news/i-havent-used-deodorant-two-37752331
gd-652c4f49aad6,gdelt_gkg_v2,news,MAGA Powerbroker's Nepo Baby Busted Sucking Up to Putin Ally,,2026-10-09T07:45:00Z,original,,false,,https://www.thedailybeast.com/maga-powerbrokers-nepo-baby-busted-sucking-up-to-putin-ally
gd-65803af35520,gdelt_gkg_v2,news,"DWP Work Capability Assessment warning for 350,000 benefits claimants",,2026-10-09T07:45:00Z,original,,false,,https://www.birminghammail.co.uk/news/cost-of-living/dwp-work-capability-assessment-warning-34738593
gd-66043f946af1,gdelt_gkg_v2,news,Mother of 6-year-old who shot Virginia teacher charged,,2026-10-09T07:45:00Z,original,,false,,https://www.dailypress.com/2023/04/10/mother-of-6-year-old-richneck-shooter-charged-prosecutors-look-to-further-investigate-security-issues/
gd-663678ffc707,gdelt_gkg_v2,news,"Martin Lewis urges homeowners to do check after £20,000 success",,2026-10-09T07:45:00Z,original,,false,,https://www.mirror.co.uk/money/martin-lewis-urges-homeowners-check-37749376
gd-665b497bbdc0,gdelt_gkg_v2,news,GrAudio Flash delle 07:50 del 9 ottobre,,2026-10-09T07:45:00Z,original,,false,,https://www.savonanews.it/2026/10/09/leggi-notizia/argomenti/graudio/articolo/graudio-flash-delle-0750-del-9-ottobre-1.html
gd-66951deb93be,gdelt_gkg_v2,news,Chris Mason: Questions remain for Green Party leader Zack Polanski,,2026-10-09T07:45:00Z,original,,false,,https://www.bbc.co.uk/news/videos/cxly4jy042eno
gd-68c61e80223f,gdelt_gkg_v2,news,"Meet Thailand's ravishing Queen Suthida, the 'first and only queen in the world' to fly a fighter jet solo",,2026-10-09T07:45:00Z,original,,false,,https://timesofindia.indiatimes.com/life-style/people/meet-thailands-ravishing-queen-suthida-the-first-and-only-queen-in-the-world-to-fly-a-fighter-jet-solo/articleshow/134818689.cms
gd-6972d529c7cc,gdelt_gkg_v2,news,"Caregivers need to take care of themselves, too",,2026-10-09T07:45:00Z,original,,false,,https://www.vindy.com/life/lifestyles/2026/10/caregivers-need-to-take-care-of-themselves-too/
gd-6a42740689f2,gdelt_gkg_v2,news,Colonisation of Australia led to big increase in wildfire danger,,2026-10-09T07:45:00Z,original,,false,,https://www.newscientist.com/article/2592220-colonisation-of-australia-led-to-big-increase-in-wildfire-danger/
gd-6af05d0e2a2e,gdelt_gkg_v2,news,Construction on Princeton's Schmidt Hall enters demolition phase,,2026-10-09T07:45:00Z,original,,false,,https://www.dailyprincetonian.com/article/2026/10/princeton-news-adpol-construction-princeton-schmidt-hall-demolition-phase
gd-6b8a8e450de7,gdelt_gkg_v2,news,"Premada Oorali Box Office Colections: Kannada film emerges BIG SUCCESS, collects Rs 33 crore in two weeks",,2026-10-09T07:45:00Z,original,,false,,https://www.pinkvilla.com/entertainment/box-office/premada-oorali-box-office-colections-kannada-film-emerges-big-success-collects-rs-33-crore-in-two-weeks-1405819
gd-6bcf60bcdf5e,gdelt_gkg_v2,news,"DOF, ADB boost financial protections for Filipinos and businesses from financial crime",,2026-10-09T07:45:00Z,original,,false,,https://www.manilatimes.net/2026/10/09/tmt-newswire/dof-adb-boost-financial-protections-for-filipinos-and-businesses-from-financial-crime/2442432
gd-6c27450347c5,gdelt_gkg_v2,news,"CAD Forum - -4480 OR | CAD tips for AutoCAD, LT, Inventor, Revit, Fusion, Autodesk",,2026-10-09T07:45:00Z,original,,false,,https://www.cadforum.cz/en/tips.asp?t=-4480+OR
gd-6cbc60b52659,gdelt_gkg_v2,news,"Crazy Rich Asians gets HBO series adaptation with Constance Wu, Henry Golding and Michelle Yeoh; Production to begin in 2027",,2026-10-09T07:45:00Z,original,,false,,https://www.moneycontrol.com/entertainment/hollywood/crazy-rich-asians-gets-hbo-series-adaptation-with-constance-wu-henry-golding-and-michelle-yeoh-production-to-begin-in-2027-article-14048379.html
gd-6d1ddf38e8db,gdelt_gkg_v2,news,"Luck Is Everywhere For 3 Zodiac Signs From October 12 - 18, 2026",,2026-10-09T07:45:00Z,original,,false,,https://www.yourtango.com/2026401453/zodiac-signs-good-luck-october-12-18-2026
gd-6d378124e05f,gdelt_gkg_v2,news,"""Illuminations"" by Artist Jordan Eagles ⋆ Princeton, NJ local news",,2026-10-09T07:45:00Z,original,,false,,https://planetprinceton.com/event/illuminations-by-artist-jordan-eagles/2026-10-09/
gd-6df6bcbb029e,gdelt_gkg_v2,news,Govt Pays Sh83.65mn to 259 Victims of Human Rights Violations in Phase VI Compensation,,2026-10-09T07:45:00Z,original,,false,,https://capitalfm.africa/govt-pays-sh83-65mn-to-259-victims-of-human-rights-violations-in-phase-vi-compensation/
gd-6e8d1194032a,gdelt_gkg_v2,news,Question Time viewers fume at 'worst episode ever' as small boat row erupts,,2026-10-09T07:45:00Z,original,,false,,https://www.aol.co.uk/articles/time-viewers-fume-worst-episode-065100000.html
gd-6ed237188ec4,gdelt_gkg_v2,news,Trump Blasts Dem for Not Switching Parties After Pardon,,2026-10-09T07:45:00Z,original,,false,,https://politicalwire.com/2026/10/08/trump-blasts-dem-for-not-switching-parties-after-pardon/
gd-7023c041295a,gdelt_gkg_v2,news,"'It gave me a superpower – question everything': ​as punk turns 50, bands from China to Greenland explain how it fires up their lives | Punk",,2026-10-09T07:45:00Z,original,,false,,https://www.theguardian.com/music/2026/oct/09/global-bands-on-how-punk-fires-up-their-lives
gd-70516b6c6efa,gdelt_gkg_v2,news,"How India's Fast-Growing Healthcare Company Is Transforming B2B Pharmaceutical Supply Through Direct Retailer Connections, Technology and Innovation",,2026-10-09T07:45:00Z,original,,false,,https://aninews.in/news/business/how-indias-fast-growing-healthcare-company-is-transforming-b2b-pharmaceutical-supply-through-direct-retailer-connections-technology-and-innovation20261009123511/
gd-705b40f2fc03,gdelt_gkg_v2,news,President: Azerbaijan is also ready to assume the CIS chairmanship in 2028,,2026-10-09T07:45:00Z,original,,false,,https://en.apa.az/official-news/president-azerbaijan-is-also-ready-to-assume-the-cis-chairmanship-in-2028-529042
gd-706131d99fe6,gdelt_gkg_v2,news,"RSF special tasks commander defects with 300 officers, soldiers in Sudan",,2026-10-09T07:45:00Z,original,,false,,https://en.apa.az/africa/rsf-special-tasks-commander-defects-with-300-officers-soldiers-in-sudan-529003
gd-706a4665fe9b,gdelt_gkg_v2,news,Yakima Area Drug Trafficker Sentenced to 12 Years in Prison,,2026-10-09T07:45:00Z,original,,false,,https://newstalkkit.com/yakima-drug-trafficker-sentenced-prison/
gd-70c2fd15929a,gdelt_gkg_v2,news,Fired researchers accuse OpenAI of 'chilling' safety efforts,,2026-10-09T07:45:00Z,original,,false,,https://www.manilatimes.net/2026/10/09/world/americas-emea/fired-researchers-accuse-openai-of-chilling-safety-efforts/2442435
gd-70da401a1b95,gdelt_gkg_v2,news,"Nana Patekar laid to rest at midnight: Jackie Shroff in tears, Devendra Fadnavis, Tukaram Munde attend as Bollywood celebs skip funeral",,2026-10-09T07:45:00Z,original,,false,,https://www.ibtimes.co.in/nana-patekars-last-rites-held-midnight-jackie-shroff-tukaram-munde-attend-bollywood-celebs-907216
gd-711f0dbf5e13,gdelt_gkg_v2,news,Senator Stunned as CNN Host Breaks Pete Hegseth Move to Him in Live Segment,,2026-10-09T07:45:00Z,original,,false,,https://www.thedailybeast.com/senator-stunned-as-cnn-host-breaks-pete-hegseth-move-to-him-in-live-segment
gd-72b1d4fa95a8,gdelt_gkg_v2,news,"""Journalism has its role, journalism is not to be rolled"": Delhi Police asks journalists to maintain distance while covering protests",,2026-10-09T07:45:00Z,original,,false,,https://aninews.in/news/national/general-news/journalism-has-its-role-journalism-is-not-to-be-rolled-delhi-police-asks-journalists-to-maintain-distance-while-covering-protests20261009110522/
gd-72fa5d29cf04,gdelt_gkg_v2,news,"President: Events in Lachin, declared the Commonwealth's Cultural Capital, offered an opportunity to become better acquainted with the region's rich and ancient history",,2026-10-09T07:45:00Z,original,,false,,https://en.apa.az/official-news/president-events-in-lachin-declared-the-commonwealths-cultural-capital-offered-an-opportunity-to-become-better-acquainted-with-the-regions-rich-and-ancient-history-529034
gd-732308af7019,gdelt_gkg_v2,news,Location of major new Trowbridge monument confirmed,,2026-10-09T07:45:00Z,original,,false,,https://www.wiltshiretimes.co.uk/news/26615548.location-major-new-trowbridge-monument-confirmed/
gd-734469789fe8,gdelt_gkg_v2,news,Call for everyone to get jab after American Covid sees 28 deaths in UK in a week,,2026-10-09T07:45:00Z,original,,false,,https://www.mirror.co.uk/news/uk-news/call-everyone-jab-after-american-37752540
gd-738280f404d8,gdelt_gkg_v2,news,AG Brenna Bird urges Judges Training School to cut ties with China-backed environmental group,,2026-10-09T07:45:00Z,original,,false,,https://www.kimt.com/news/ag-brenna-bird-urges-judges-training-school-to-cut-ties-with-china-backed-environmental-group/article_58db6979-9173-5b0a-919e-b37612c729e3.html
gd-746ee290b1c9,gdelt_gkg_v2,news,IIT Madras begins applications for Executive MBA degree for working professionals,,2026-10-09T07:45:00Z,original,,false,,https://www.hindustantimes.com/education/admissions/iit-madras-begins-applications-for-executive-mba-degree-for-working-professionals-101791530056787.html
gd-74a747a00a38,gdelt_gkg_v2,news,NSMQ Thrown Into Mourning as Edward Anato Dies in Tragic Highway Accident – Ghanamma.com,,2026-10-09T07:45:00Z,original,,false,,https://www.ghanamma.com/2026/10/09/nsmq-thrown-into-mourning-as-edward-anato-dies-in-tragic-highway-accident-4/
gd-74eee4e9a02d,gdelt_gkg_v2,news,"Calcutta High Court Declines APDR's Plea For Stall At Kolkata Book Fair, Says It Is Not A 'Public Function'",,2026-10-09T07:45:00Z,original,,false,,https://www.livelaw.in/high-court/calcutta-high-court/calcutta-high-court-declines-apdrs-plea-for-stall-at-kolkata-book-fair-says-it-is-not-a-public-function-553831
gd-75013c4af765,gdelt_gkg_v2,news,"Average monthly salary in Azerbaijan approaches 1,200 manats",,2026-10-09T07:45:00Z,original,,false,,https://en.apa.az/finance/average-monthly-salary-in-azerbaijan-approaches-1200-manats-529065
gd-75f1bc3ffd56,gdelt_gkg_v2,news,"Christa Pike health update: Lungs clear, regular diet starts as death row inmate shows concern for Colleen Slemmer's family",,2026-10-09T07:45:00Z,original,,false,,https://www.hindustantimes.com/world-news/us-news/christa-pike-health-update-lungs-clear-regular-diet-starts-as-death-row-inmate-shows-concern-for-colleen-slemmers-family-101791525396599.html
gd-76fc504878e2,gdelt_gkg_v2,news,How SA is making new call centre jobs stick with AI,,2026-10-09T07:45:00Z,original,,false,,https://it-online.co.za/2026/10/09/how-sa-is-making-new-call-centre-jobs-stick-with-ai/
gd-775a4d73cf36,gdelt_gkg_v2,news,'We've got a really good opportunity here today. Let's work together',,2026-10-09T07:45:00Z,original,,false,,https://guernseypress.com/news/2026/10/09/weve-got-a-really-good-opportunity-here-today-lets-work-together
gd-77cd08b9248a,gdelt_gkg_v2,news,Witkoff plans to discuss Ukrainian settlement in Moscow in late October — Axios,,2026-10-09T07:45:00Z,original,,false,,https://en.apa.az/america/witkoff-plans-to-discuss-ukrainian-settlement-in-moscow-in-late-october-axios-529004
gd-7b3473d512f3,gdelt_gkg_v2,news,NITV Radio Full - 09/10/2026,,2026-10-09T07:45:00Z,original,,false,,https://www.sbs.com.au/language/nitv-radio/en/podcast-episode/nitv-radio-full-09-10-2026/s7cct6jfa
gd-7ccdaa34becf,gdelt_gkg_v2,news,ASML starts on Hyper NA EUV ⋆ Electronics Weekly,,2026-10-09T07:45:00Z,original,,false,,https://www.electronicsweekly.com/news/business/asml-starts-on-hyper-na-euv-2026-10/
gd-7e7964b7e2e8,gdelt_gkg_v2,news,GrAudio edizione delle 08:30 del 9 ottobre,,2026-10-09T07:45:00Z,original,,false,,https://www.savonanews.it/2026/10/09/leggi-notizia/argomenti/graudio/articolo/graudio-edizione-delle-0830-del-9-ottobre-1.html
gd-8098fcee36ab,gdelt_gkg_v2,news,I visited him every Sunday – Woman recounts how her husband divorced her after his release from prison – Ghanamma.com,,2026-10-09T07:45:00Z,original,,false,,https://www.ghanamma.com/2026/10/09/i-visited-him-every-sunday-woman-recounts-how-her-husband-divorced-her-after-his-release-from-prison-12/
gd-80a2a8300549,gdelt_gkg_v2,news,Caryl Churchill's A NUMBER,,2026-10-09T07:45:00Z,original,,false,,https://calendar.chronogram.com/hudsonvalley/caryl-churchills-a-number/Event?oid=25462958
gd-80d154c38323,gdelt_gkg_v2,news,Watch unseen footage as Oasis documentary Don't Look Back in Anger launches,,2026-10-09T07:45:00Z,original,,false,,https://www.manchestereveningnews.co.uk/news/tv/unseen-footage-oasis-documentary-dont-34730829
gd-814408d48eba,gdelt_gkg_v2,news,"In an age of AI, Bengal's artisan hands keep Delhi's Durga Puja alive",,2026-10-09T07:45:00Z,original,,false,,https://aninews.in/news/entertainment/out-of-box/in-an-age-of-ai-bengal8217s-artisan-hands-keep-delhi8217s-durga-puja-alive20261009110359/
gd-814b6e678647,gdelt_gkg_v2,news,FLS wins DKK 175 million order to supply its market-leading grinding technologies for a copper expansion project in Chile,,2026-10-09T07:45:00Z,original,,false,,https://www.manilatimes.net/2026/10/09/tmt-newswire/globenewswire/fls-wins-dkk-175-million-order-to-supply-its-market-leading-grinding-technologies-for-a-copper-expansion-project-in-chile/2442429
gd-81afbff09171,gdelt_gkg_v2,news,"KRA Seizes 46 Tonnes of Smuggled Sugar in Lodwar, Intercepts More in Kakamega",,2026-10-09T07:45:00Z,original,,false,,https://capitalfm.africa/kra-seizes-46-tonnes-of-smuggled-sugar-in-lodwar-intercepts-more-in-kakamega/
gd-81faf712a880,gdelt_gkg_v2,news,"Gold prices exceed $4,200 on commodity markets",,2026-10-09T07:45:00Z,original,,false,,https://en.apa.az/bourse/gold-prices-exceed-4200-on-commodity-markets-529019
gd-81fbdb82c50d,gdelt_gkg_v2,news,'Kala Hiran' Film: Delhi High Court Issues Notice On Producer's Plea To Return Salman Khan's Suit For Lack Of Territorial Jurisdiction,,2026-10-09T07:45:00Z,original,,false,,https://www.livelaw.in/high-court/delhi-high-court/kala-hiran-film-delhi-high-court-issues-notice-on-producers-plea-to-return-salman-khans-suit-for-lack-of-territorial-jurisdiction-553865
gd-82031ecddd82,gdelt_gkg_v2,news,"Seven killed, 20 injured in truck-pickup collision in Gujarat's Kutch",,2026-10-09T07:45:00Z,original,,false,,https://www.thehindu.com/news/national/gujarat/truck-pickup-collision-in-gujarats-kutch/article71563002.ece
gd-821fcccd76c9,gdelt_gkg_v2,news,Delhi Police proposes closure of entry and exit gates at 57 metro stations ahead of Oct 10 protest,,2026-10-09T07:45:00Z,original,,false,,https://aninews.in/news/national/general-news/delhi-police-proposes-closure-of-entry-and-exit-gates-at-57-metro-stations-ahead-of-oct-10-protest20261009114753/
gd-8229864a45aa,gdelt_gkg_v2,news,Debenhams Group CEO Dan Finley's recipe for revival,,2026-10-09T07:45:00Z,original,,false,,https://www.drapersonline.com/news/debenhams-group-ceo-dan-finleys-recipe-for-revival
gd-82907747b409,gdelt_gkg_v2,news,Column | Artificial intelligence is a plague in higher education,,2026-10-09T07:45:00Z,original,,false,,https://www.psucollegian.com/opinion/columnists/column-artificial-intelligence-is-a-plague-in-higher-education/article_32e27de4-902f-4e3a-8e06-fda9da9b15d6.html
gd-84ec63192118,gdelt_gkg_v2,news,Crop of the Week: Sweet sorghum,,2026-10-09T07:45:00Z,original,,false,,https://www.yumasun.com/news/local/crop-of-the-week-sweet-sorghum/article_2b633e91-6513-4ad3-a850-c2c7606a2d3c.html
gd-85ebaf2fccba,gdelt_gkg_v2,news,Martin Lewis '49-day' rule warning for Octopus E.ON OVO users,,2026-10-09T07:45:00Z,original,,false,,https://www.mirror.co.uk/money/martin-lewis-49-day-rule-37750827
gd-8607f5ff437c,gdelt_gkg_v2,news,Cardiologist reveals 'best' habit to reduce stress in 10 minutes – NBC10 Philadelphia,,2026-10-09T07:45:00Z,original,,false,,https://www.nbcphiladelphia.com/news/health/best-anti-stress-habit-cardiologist-calm-mind-body/4476766/
gd-864fbe184bb9,gdelt_gkg_v2,news,Iranian operatives used AI to plant fake stories in multiple US media outlets,,2026-10-09T07:45:00Z,original,,false,,https://www.kimt.com/news/iranian-operatives-used-ai-to-plant-fake-stories-in-multiple-us-media-outlets/article_0f388aeb-784d-54c3-9c1c-109be3f7024c.html
gd-86a6b7f6646b,gdelt_gkg_v2,news,Woman Shares Struggle After Spending GHâ‚µ1.5 Billion on Brazilian Butt Lift Surgery – Ghanamma.com,,2026-10-09T07:45:00Z,original,,false,,https://www.ghanamma.com/2026/10/09/woman-shares-struggle-after-spending-gh%E2%82%B51-5-billion-on-brazilian-butt-lift-surgery-49/
gd-872294e624a1,gdelt_gkg_v2,news,"Armenia, Iran seek to take bilateral ties to new level, leaders say",,2026-10-09T07:45:00Z,original,,false,,https://www.panorama.am/en/news/2026/10/09/Armenia-Iran/3170663
gd-88a2f96ad455,gdelt_gkg_v2,news,$50K approved as flooded families await a way home,,2026-10-09T07:45:00Z,original,,false,,https://www.fox13now.com/news/local-news/northern-utah/50k-approved-as-flooded-families-await-a-way-home
gd-88f747feed62,gdelt_gkg_v2,news,The Queerest of Folk by Russell T Davies review – the groundbreaking screenwriter tells it like it is,,2026-10-09T07:45:00Z,original,,false,,https://www.theguardian.com/books/2026/oct/09/the-queerest-of-folk-by-russell-t-davies-review-the-groundbreaking-screenwriter-tells-it-like-it-is
gd-890d1b3048e4,gdelt_gkg_v2,news,16 running for five seats on Maple Ridge-Pitt Meadows school board,,2026-10-09T07:45:00Z,original,,false,,https://mapleridgenews.com/2026/10/08/16-running-for-five-seats-on-maple-ridge-pitt-meadows-school-board/
gd-893364650808,gdelt_gkg_v2,news,Tanushree Dutta doubles down on 'evil dead' remark for Nana Patekar: 'Does a person stop being an abuser when they die?',,2026-10-09T07:45:00Z,original,,false,,https://www.hindustantimes.com/entertainment/bollywood/tanushree-dutta-doubles-down-on-evil-dead-remark-on-nana-patekar-death-abuse-sexual-harassment-me-too-101791527325928.html
gd-8949ed6ce89f,gdelt_gkg_v2,news,"Lainey Wilson, 'Kinda Love It' Lyrics Explained",,2026-10-09T07:45:00Z,original,,false,,https://973thedawg.com/ixp/204/p/lainey-wilson-kinda-love-it-song-lyrics/
gd-895596de678f,gdelt_gkg_v2,news,Advocacy center announces 4th annual Brighter Tomorrows for Children Awards,,2026-10-09T07:45:00Z,original,,false,,https://www.gettysburgtimes.com/news/basket/advocacy-center-announces-4th-annual-brighter-tomorrows-for-children-awards/article_493c0e58-9108-4de6-a999-b85b27eddbed.html
gd-89738b33d9e4,gdelt_gkg_v2,news,"Delhi: Two injured after speeding car hits them in Keshavpuram area, driver held",,2026-10-09T07:45:00Z,original,,false,,https://aninews.in/news/national/general-news/delhi-two-injured-after-speeding-car-hits-them-in-keshavpuram-area-driver-held20261009125218/
gd-8a9b770002e7,gdelt_gkg_v2,news,Lockhart's Spirit of the Land art festival marks 20 years | The Daily Advertiser,,2026-10-09T07:45:00Z,original,,false,,https://www.dailyadvertiser.com.au/story/9365529/lockharts-spirit-of-the-land-art-festival-marks-20-years/
gd-8b48864988a5,gdelt_gkg_v2,news,"Eight Years, Two Tech Booms, One Factory Problem: Inside Black Lake's Bet on Industrial AI · TechNode",,2026-10-09T07:45:00Z,original,,false,,https://technode.com/2026/10/09/eight-years-two-tech-booms-one-factory-problem-inside-black-lakes-bet-on-industrial-ai/
gd-8b9a090e58e5,gdelt_gkg_v2,news,"""Priyanka Chopra is amazing"": Hollywood veteran Stanley Tucci praises India's 'Desi Girl'",,2026-10-09T07:45:00Z,original,,false,,https://aninews.in/news/entertainment/hollywood/priyanka-chopra-is-amazing-hollywood-veteran-stanley-tucci-praises-indias-desi-girl16020261009121344/
gd-8c005a7c589f,gdelt_gkg_v2,news,Logicalis recognised as Canalys Forum EMEA Partner of the Year,,2026-10-09T07:45:00Z,original,,false,,https://it-online.co.za/2026/10/09/logicalis-recognised-as-canalys-forum-emea-partner-of-the-year/
gd-8c7e6325bb55,gdelt_gkg_v2,news,Love Island star Georgia Steel expecting baby with footballer Harry Clarke,,2026-10-09T07:45:00Z,original,,false,,https://www.aol.co.uk/articles/love-island-star-georgia-steel-071205000.html
gd-8d3ae7a8b8b3,gdelt_gkg_v2,news,Water woes throw up worries,,2026-10-09T07:45:00Z,original,,false,,https://thevincentian.com/water-woes-throw-up-worries-p33970-97.htm
gd-8d5aa6f8a167,gdelt_gkg_v2,news,E.ON and OVO update for all 10 million customers after takeover completed,,2026-10-09T07:45:00Z,original,,false,,https://www.birminghammail.co.uk/news/cost-of-living/eon-ovo-update-10-million-34738589
gd-8de4ce62271e,gdelt_gkg_v2,news,Oil prices fall as Trump rules out Iran attack before US midterms,,2026-10-09T07:45:00Z,original,,false,,https://tradearabia.com:443/News/487737/Oil-prices-fall-as-Trump-rules-out-Iran-attack-before-US-midterms
gd-8ee8063ebcc1,gdelt_gkg_v2,news,Andy Burnham confirms three new perks for UK households with £95 boost,,2026-10-09T07:45:00Z,original,,false,,https://www.birminghammail.co.uk/news/midlands-news/andy-burnham-confirms-three-new-34738591
gd-8f6d6ce413f5,gdelt_gkg_v2,news,Azerbaijan's active VAT payers increase 6.9% since start of year,,2026-10-09T07:45:00Z,original,,false,,https://www.trend.az/azerbaijan/business/4232802.html
gd-8f9fff5f1705,gdelt_gkg_v2,news,Gurmeet Choudhary: Wanted to create a world that feels larger than life while still being emotionally relatable,,2026-10-09T07:45:00Z,original,,false,,https://ianslive.in/gurmeet-choudhary-wanted-to-create-a-world-that-feels-larger-than-life-while-still-being-emotionally-relatable--20261009120328
gd-9057b719787f,gdelt_gkg_v2,news,Senior Alderney politician backs Snowdon's pushback,,2026-10-09T07:45:00Z,original,,false,,https://guernseypress.com/news/2026/10/09/senior-alderney-politician-backs-snowdons-pushback
gd-913721d628bd,gdelt_gkg_v2,news,Why psychological safety matters for workplace mental health,,2026-10-09T07:45:00Z,original,,false,,https://it-online.co.za/2026/10/09/why-psychological-safety-matters-for-workplace-mental-health/
gd-91538e5248e8,gdelt_gkg_v2,news,Elk Grove police launch free teen driver safety classes to prevent crashes,,2026-10-09T07:45:00Z,original,,false,,https://www.cbsnews.com/sacramento/news/elk-grove-free-teen-driver-safety-classes/
gd-91635082e933,gdelt_gkg_v2,news,GMB's Kate Garraway supported by co-star on air after heartbreaking grief admission,,2026-10-09T07:45:00Z,original,,false,,https://www.walesonline.co.uk/lifestyle/tv/gmbs-kate-garraway-supported-co-34738839
gd-91a97952df7f,gdelt_gkg_v2,news,Man smashed window of ex-girlfriend's car in Witham,,2026-10-09T07:45:00Z,original,,false,,https://www.gazette-news.co.uk/news/26618768.man-smashed-window-ex-girlfriends-car-witham/
gd-927cf02e9acc,gdelt_gkg_v2,news,True Love Pays Off: Lady Returns from UK to Marry the Mechanic Who Made Her Dreams Possible – Ghanamma.com,,2026-10-09T07:45:00Z,original,,false,,https://www.ghanamma.com/2026/10/09/true-love-pays-off-lady-returns-from-uk-to-marry-the-mechanic-who-made-her-dreams-possible-14/
gd-92a25f9ef1d9,gdelt_gkg_v2,news,"Assistant Director II Receives GHâ‚µ4,200 Monthly, Yet Someone Receives Same In A Day Meeting â€"" Obenfo – Ghanamma.com",,2026-10-09T07:45:00Z,original,,false,,https://www.ghanamma.com/2026/10/09/assistant-director-ii-receives-gh%E2%82%B54200-monthly-yet-someone-receives-same-in-a-day-meeting-obenfo-98/
gd-92d26a05a116,gdelt_gkg_v2,news,When Personality Rights Become Shortcut To Restrain Speech,,2026-10-09T07:45:00Z,original,,false,,https://www.livelaw.in/articles/personality-rights-become-shortcut-restrain-speech-553837
gd-93f9215aaf3c,gdelt_gkg_v2,news,Update On ICE Shooting In New York City | NewsRadio 1170 WWVA,,2026-10-09T07:45:00Z,original,,false,,https://newsradio1170.iheart.com/content/2026-10-08-update-on-ice-shooting-in-new-york-city/
gd-942108467fb7,gdelt_gkg_v2,news,"""India doesn't allow monopoly in any sector"": Jyotiraditya Scindia responds to Musk's claims on blocking of Starlink license",,2026-10-09T07:45:00Z,original,,false,,https://aninews.in/news/business/india-doesnt-allow-monopoly-in-any-sector-jyotiraditya-scindia-responds-to-musks-claims-on-blocking-of-starlink-license20261009123436/
gd-947410086fee,gdelt_gkg_v2,news,"Parth Bansal, Founder and CEO, Builds ToneOp, a Health and Fitness Platform for the Next Generation of Health Consumers",,2026-10-09T07:45:00Z,original,,false,,https://aninews.in/news/business/parth-bansal-founder-and-ceo-builds-toneop-a-health-and-fitness-platform-for-the-next-generation-of-health-consumers20261009105024/
gd-950703d2c014,gdelt_gkg_v2,news,Too drunk to consent to sex? Here's what South African law says,,2026-10-09T07:45:00Z,original,,false,,https://www.ewn.co.za/2026/10/09/too-drunk-to-consent-to-sex-heres-what-south-african-law-says
gd-9510ff7f803e,gdelt_gkg_v2,news,Mervyn Rushton: Lithgow teen's 1991 beach mystery explored | Blayney Chronicle,,2026-10-09T07:45:00Z,original,,false,,https://www.blayneychronicle.com.au/story/9365540/mervyn-rushton-lithgow-teens-1991-beach-mystery-explored/
gd-95e97107adb0,gdelt_gkg_v2,news,President Ilham Aliyev: We hope Trump's historic efforts to secure lasting peace in our region will receive due recognition in this year's Nobel Peace Prize decision,,2026-10-09T07:45:00Z,original,,false,,https://en.apa.az/official-news/president-ilham-aliyev-we-hope-trumps-historic-efforts-to-secure-lasting-peace-in-our-region-will-receive-due-recognition-in-this-years-nobel-peace-prize-decision-529013
gd-95ea9adb1893,gdelt_gkg_v2,news,Bristol Airport generates 20 per cent more renewable energy,,2026-10-09T07:45:00Z,original,,false,,https://www.wiltshiretimes.co.uk/news/26619043.bristol-airport-generates-20-per-cent-renewable-energy/
gd-96f1d7d7b421,gdelt_gkg_v2,news,Celebrating Ron Hearst: Check out this clip of Ron at KSPR,,2026-10-09T07:45:00Z,original,,false,,https://www.ky3.com/2026/10/09/celebrating-ron-hearst-check-out-this-clip-ron-kspr/
gd-9847a216eb1a,gdelt_gkg_v2,news,At least 10 dead and 16 injured after inmates clash during Mexico prison visiting hours,,2026-10-09T07:45:00Z,original,,false,,https://www.mirror.co.uk/news/us-news/mexico-prison-brawl-10-dead-37752289
gd-98dbd950c986,gdelt_gkg_v2,news,Saint Laurent creative director exits,,2026-10-09T07:45:00Z,original,,false,,https://www.drapersonline.com/companies/directory/saint-laurent/saint-laurent-creative-director-exits
gd-9b1583ae2d00,gdelt_gkg_v2,news,Pembrokeshire residents warned over council tax credit email scam,,2026-10-09T07:45:00Z,original,,false,,https://www.westerntelegraph.co.uk/news/26621131.pembrokeshire-residents-warned-council-tax-credit-email-scam/
gd-9b1f8586944b,gdelt_gkg_v2,news,Kashmiri man 'beaten by Rahul's supporters' over Modi slogans at Delhi protest; FIR filed,,2026-10-09T07:45:00Z,original,,false,,https://www.hindustantimes.com/cities/delhi-connaught-place-rahul-gandhi-kashmir-man-beaten-india-bloc-ec-gyanesh-kumar-protests-101791529815146.html
gd-9b58d4ec7161,gdelt_gkg_v2,news,"Following Eviction, Delhi High Court Allows Central Secretariat Club Officers To Access Premises And Collect Belongings",,2026-10-09T07:45:00Z,original,,false,,https://www.livelaw.in/high-court/delhi-high-court/following-eviction-delhi-high-court-allows-central-secretariat-club-officers-to-access-premises-and-collect-belongings-553814
gd-9b7cb0a3e392,gdelt_gkg_v2,news,Azerbaijan's state budget revenues exceed AZN 29 billion in nine months,,2026-10-09T07:45:00Z,original,,false,,https://en.apa.az/finance/azerbaijans-state-budget-revenues-exceed-azn-29-billion-in-nine-months-529051
gd-9c4e35d6ee6f,gdelt_gkg_v2,news,"Linkin Park documentary 'Unshatter' tracks band's emotional return to recording, touring",,2026-10-09T07:45:00Z,original,,false,,https://www.manilatimes.net/2026/10/09/entertainment-lifestyle/linkin-park-documentary-unshatter-tracks-bands-emotional-return-to-recording-touring/2442438
gd-9ccf65794f5c,gdelt_gkg_v2,news,New Ofsted inspection rules now in force for England after 2026 change,,2026-10-09T07:45:00Z,original,,false,,https://www.birminghammail.co.uk/news/midlands-news/new-ofsted-inspection-rules-now-34738643
gd-9d66401b8c5f,gdelt_gkg_v2,news,"Ukraine launches drone strikes on Russia's Belgorod and Kaluga regions, casualties reported",,2026-10-09T07:45:00Z,original,,false,,https://en.apa.az/cis-countries/ukraine-launches-drone-strikes-on-russias-belgorod-and-kaluga-regions-casualties-reported-529039
gd-9d80cc17858e,gdelt_gkg_v2,news,Josh Shapiro Refuses to Commit to Finishing Term,,2026-10-09T07:45:00Z,original,,false,,https://politicalwire.com/2026/10/08/josh-shapiro-refuses-to-commit-to-finishing-term/
gd-9dcfc62bccf9,gdelt_gkg_v2,news,FIIDS seeks safeguards for H-1B workers,,2026-10-09T07:45:00Z,original,,false,,https://ianslive.in/fiids-seeks-safeguards-for-h-1b-workers--20261009070302
gd-9e212c91fa3c,gdelt_gkg_v2,news,The short-haul sunshine islands in Europe where you can still find warmth this autumn and winter - from Spain favourites to lesser-known Greek isles,,2026-10-09T07:45:00Z,original,,false,,https://www.dailymail.com/travel/article-16193295/islands-europe-holiday-autumn-winter-spain-greece.html
gd-9e7ce01c9785,gdelt_gkg_v2,news,Bekaert: Update on the Share Buyback Program and the Liquidity Agreement,,2026-10-09T07:45:00Z,original,,false,,https://www.manilatimes.net/2026/10/09/tmt-newswire/globenewswire/bekaert-update-on-the-share-buyback-program-and-the-liquidity-agreement/2442418
gd-9eb7af2dbfeb,gdelt_gkg_v2,news,Israel to award brave Indian pilot Captain Smit Machchhar with Presidential Award for Civilian Heroism,,2026-10-09T07:45:00Z,original,,false,,https://ianslive.in/israel-to-award-brave-indian-pilot-captain-smit-machchhar-with-presidential-award-for-civilian-heroism--20261009124502
gd-9f0eb25dc61e,gdelt_gkg_v2,news,President: Relations between Azerbaijan and Turkmenistan are of a strategic partnership nature,,2026-10-09T07:45:00Z,original,,false,,https://en.apa.az/official-news/president-relations-between-azerbaijan-and-turkmenistan-are-of-a-strategic-partnership-nature-529049
gd-9f852c63321c,gdelt_gkg_v2,news,36-year-old man dies after jumping from 12th floor of Greater Noida West society,,2026-10-09T07:45:00Z,original,,false,,https://timesofindia.indiatimes.com/city/noida/36-year-old-man-dies-after-jumping-from-12th-floor-of-greater-noida-west-society/articleshow/134818121.cms
gd-a00789c960f1,gdelt_gkg_v2,news,Katrina Kaif breaks silence on body-shaming trolls: 'I would have been paralysed with fear if I let criticism dictate my life' | Hindi Movie News,,2026-10-09T07:45:00Z,original,,false,,https://timesofindia.indiatimes.com/entertainment/hindi/bollywood/news/katrina-kaif-breaks-silence-on-body-shaming-trolls-i-would-have-been-paralysed-with-fear-if-i-let-criticism-dictate-my-life/articleshow/134819968.cms
gd-a04629b55331,gdelt_gkg_v2,news,Day trip to Sark for CPA delegates,,2026-10-09T07:45:00Z,original,,false,,https://guernseypress.com/news/2026/10/09/day-trip-to-sark-for-cpa-delegates
gd-a0adc0bf5229,gdelt_gkg_v2,news,Stop adding flour to thicken soups when 1 fridge ingredient works much better—not butter,,2026-10-09T07:45:00Z,original,,false,,https://www.walesonline.co.uk/whats-on/food-drink-news/soup-thicker-creamier-recipe-dairy-34728693
gd-a1ad77683849,gdelt_gkg_v2,news,Hundreds Expected to Rock & Walk the Vote Line Saturday in Yakima,,2026-10-09T07:45:00Z,original,,false,,https://newstalkkit.com/rock-vote-walk-line-yakima-event/
gd-a1f63de48dd4,gdelt_gkg_v2,news,Kind Hearts & Coronets stage adaptation coming to Fishguard,,2026-10-09T07:45:00Z,original,,false,,https://www.westerntelegraph.co.uk/news/26616669.kind-hearts-coronets-stage-adaptation-coming-fishguard/
gd-a24b20a1bf0f,gdelt_gkg_v2,news,"Joint Effort Witherspoon-Jackson Community Princeton Safe Streets ⋆ Princeton, NJ local news",,2026-10-09T07:45:00Z,original,,false,,https://planetprinceton.com/event/joint-effort-witherspoon-jackson-community-princeton-safe-streets/2026-10-09/
gd-a32c4698dbb3,gdelt_gkg_v2,news,"Kennedy Agyapong, Afenyo Markin, and Fellow MPs Prepare to Descend on Cape Coast – Ghanamma.com",,2026-10-09T07:45:00Z,original,,false,,https://www.ghanamma.com/2026/10/09/kennedy-agyapong-afenyo-markin-and-fellow-mps-prepare-to-descend-on-cape-coast-3/
gd-a3ae0704bf04,gdelt_gkg_v2,news,"President Ilham Aliyev: Over the past years, the CIS has established itself as a demand-driven platform for maintaining political dialogue",,2026-10-09T07:45:00Z,original,,false,,https://en.apa.az/official-news/president-ilham-aliyev-over-the-past-years-the-cis-has-established-itself-as-a-demand-driven-platform-for-maintaining-political-dialogue-529033
gd-a484cda05027,gdelt_gkg_v2,news,"Rock History with Bruce Springsteen, John Lennon, Kurt Neumann, Jackson Browne and John Entwistle",,2026-10-09T07:45:00Z,original,,false,,https://www.eagledayton.com/entertainment/rock-history-with-bruce-springsteen-john-lennon-kurt-neumann-jackson-browne-john-entwistle/CULTCHLK4REMNM4OMIY6JP7N2U/
gd-a5c84f8fa43a,gdelt_gkg_v2,news,Candidates clash in Utah's Fourth Congressional District debate,,2026-10-09T07:45:00Z,original,,false,,https://www.fox13now.com/news/politics/candidates-clash-in-utahs-fourth-congressional-district-debate
gd-a73d293d310a,gdelt_gkg_v2,news,'Did not follow lawful directions earlier': Why Delhi Police denied permission for CJP's October 10 protest,,2026-10-09T07:45:00Z,original,,false,,https://timesofindia.indiatimes.com/india/did-not-follow-lawful-directions-earlier-why-delhi-police-denied-permission-for-cjps-october-10-protest/articleshow/134818313.cms
gd-a7e8a15ecbec,gdelt_gkg_v2,news,Program helping military veterans into a career in agriculture,,2026-10-09T07:45:00Z,original,,false,,https://www.beefcentral.com/news/program-helping-military-veterans-into-a-career-in-agriculture/
gd-a7ff9de41ef4,gdelt_gkg_v2,news,Tom Read Wilson picks the book that made him the writer he is...,,2026-10-09T07:45:00Z,original,,false,,https://www.dailymail.com/home/books/article-16193073/Tom-Read-Wilson-picks-book-writer-is.html
gd-a812c6ceef62,gdelt_gkg_v2,news,"My Appointment Has Humbled Me â€"" Kpebu – Ghanamma.com",,2026-10-09T07:45:00Z,original,,false,,https://www.ghanamma.com/2026/10/09/my-appointment-has-humbled-me-kpebu-38/
gd-a8b238b3a335,gdelt_gkg_v2,news,Appoint State Commissioner For Persons With Disabilities Within Four Weeks: High Court To Delhi Govt,,2026-10-09T07:45:00Z,original,,false,,https://www.livelaw.in/high-court/delhi-high-court/appoint-state-commissioner-for-persons-with-disabilities-within-four-weeks-high-court-to-delhi-govt-553816
gd-a904aee1b199,gdelt_gkg_v2,news,"Teaching Faculty, University Of Allahabad, Job",,2026-10-09T07:45:00Z,original,,false,,https://www.livelaw.in/job-updates/teaching-faculty-vacancy-at-university-of-allahabad-553811
gd-a973ba2e38e5,gdelt_gkg_v2,news,"Railways cancels trains ahead of October 10 CJP protest, Delhi Police on alert at borders",,2026-10-09T07:45:00Z,original,,false,,https://aninews.in/news/national/general-news/railways-cancels-trains-ahead-of-october-10-cjp-protest-delhi-police-on-alert-at-borders20261009123521/
gd-a9a72771842b,gdelt_gkg_v2,news,Murray Watt's EPBC announcement raises more questions than answers,,2026-10-09T07:45:00Z,original,,false,,https://www.beefcentral.com/news/murray-watts-epbc-announcement-raises-more-questions-than-answers/
gd-aaa6e5801b3c,gdelt_gkg_v2,news,"Property Taxes Rising But Roads, Footpaths Remain 'Grossly Inadequate': Madras High Court Raps Greater Chennai Corporation",,2026-10-09T07:45:00Z,original,,false,,https://www.livelaw.in/high-court/madras-high-court/madras-high-court-corporation-corporation-no-action-to-provide-services-for-tax-collected-553874
gd-aac9257e237f,gdelt_gkg_v2,news,TDP coalition pushing aqua sector into crisis: YSRCP,,2026-10-09T07:45:00Z,original,,false,,https://aninews.in/news/national/general-news/tdp-coalition-pushing-aqua-sector-into-crisis-ysrcp20261009114201/
gd-ab6eaf375591,gdelt_gkg_v2,news,'We have to see their future': Supreme Court rejects plea for free hand to Delhi Police in dealing with protesters,,2026-10-09T07:45:00Z,original,,false,,https://www.moneycontrol.com/news/india/we-have-to-see-their-future-supreme-court-rejects-plea-for-free-hand-to-delhi-police-in-dealing-with-protesters-14048438.html
gd-ab79905310d9,gdelt_gkg_v2,news,Sons say they suspect late father in 1982 Tylenol murders,,2026-10-09T07:45:00Z,original,,false,,https://www.azfamily.com/2026/10/09/sons-say-they-suspect-late-father-1982-tylenol-murders/
gd-abc370128821,gdelt_gkg_v2,news,Cybersecurity perimeter extends beyond the organisation's walls,,2026-10-09T07:45:00Z,original,,false,,https://it-online.co.za/2026/10/09/cybersecurity-perimeter-extends-beyond-the-organisations-walls/
gd-ac08ab049e1d,gdelt_gkg_v2,news,Paramedic helps present safety campaign that inspired career,,2026-10-09T07:45:00Z,original,,false,,https://guernseypress.com/news/2026/10/09/paramedic-helps-present-safety-campaign-that-inspired-career
gd-ac2a42c9c322,gdelt_gkg_v2,news,"Bass, Raman Address LA Voters in Univision Forum",,2026-10-09T07:45:00Z,original,,false,,https://mynewsla.com/business/2026/10/08/bass-raman-address-la-voters-in-univision-forum/
gd-acb15f332f00,gdelt_gkg_v2,news,Has the $5/hd cattle levy delivered value? What the review committee concluded,,2026-10-09T07:45:00Z,original,,false,,https://www.beefcentral.com/news/has-the-5-hd-cattle-levy-delivered-value-what-the-review-committee-concluded/
gd-acd2f887d32b,gdelt_gkg_v2,news,Municipality of Princeton prepares to write new zoning code,,2026-10-09T07:45:00Z,original,,false,,https://www.dailyprincetonian.com/article/2026/10/princeton-news-town-municipality-council-prepares-write-new-zoning-code
gd-acf34c2cbbc4,gdelt_gkg_v2,news,Russia wants to see Kyiv 'drowning in sewage' as Putin strikes ahead of bitter winter,,2026-10-09T07:45:00Z,original,,false,,https://www.aol.co.uk/articles/russia-wants-see-kyiv-drowning-070700000.html
gd-ad0ea49a8a66,gdelt_gkg_v2,news,SA's datacentres need to be treated like critical infrastructure,,2026-10-09T07:45:00Z,original,,false,,https://it-online.co.za/2026/10/09/sas-datacentres-need-to-be-treated-like-critical-infrastructure/
gd-ad7bcf7eb534,gdelt_gkg_v2,news,"Radio Station WHMI 93.5 FM — Livingston County Michigan News, Weather, Traffic, Sports, School Updates, and the Best Classic Hit",,2026-10-09T07:45:00Z,original,,false,,https://www.whmi.com/news/fox/mamdani-demands-trump-release-illegal-immigrant-shot-ice-agent-protests-erupt-bronx
gd-ae00889df208,gdelt_gkg_v2,news,Colchester police crack down on drug and retail crime,,2026-10-09T07:45:00Z,original,,false,,https://www.gazette-news.co.uk/news/26616929.colchester-police-crack-drug-retail-crime/
gd-ae6370513b67,gdelt_gkg_v2,news,BJC breaks ground on first-of-its-kind hopsice facility in St. Louis City,,2026-10-09T07:45:00Z,original,,false,,https://www.firstalert4.com/2026/10/09/bjc-breaks-ground-first-of-its-kind-hopsice-facility-st-louis-city/
gd-ae6746b1acd6,gdelt_gkg_v2,news,"Fadnavis says drought, crop losses biggest challenge; warns of drinking water, fodder shortage",,2026-10-09T07:45:00Z,original,,false,,https://www.hindustantimes.com/india-news/fadnavis-says-drought-crop-losses-biggest-challenge-warns-of-drinking-water-fodder-shortage-101791530513430.html
gd-af2e683df79f,gdelt_gkg_v2,news,Charles Sturt University to slash jobs amid financial challenges | Blayney Chronicle,,2026-10-09T07:45:00Z,original,,false,,https://www.blayneychronicle.com.au/story/9365745/charles-sturt-university-to-slash-jobs-amid-financial-challenges/
gd-af6356d4c816,gdelt_gkg_v2,news,"Singapore's GIC, Temasek in focus as Nirmala Sitharaman begins key visit. All details here | Indiablooms",,2026-10-09T07:45:00Z,original,,false,,https://www.indiablooms.com/finance/singapores-gic-temasek-in-focus-as-nirmala-sitharaman-begins-key-visit-all-details-here/details
gd-af7b0bf15488,gdelt_gkg_v2,news,Review: Hot Butter Cuttlefish by Ashok Ferrey,,2026-10-09T07:45:00Z,original,,false,,https://www.hindustantimes.com/books/review-hot-butter-cuttlefish-by-ashok-ferrey-101791530030213.html
gd-afb7fe245ea7,gdelt_gkg_v2,news,Ribboncutting celebrates book release,,2026-10-09T07:45:00Z,original,,false,,https://www.gettysburgtimes.com/news/local/ribboncutting-celebrates-book-release/image_2b5ddec3-c791-4028-aa85-66d852c091e9.html
gd-afc351a4e50f,gdelt_gkg_v2,news,"Denied US visa, he built Rs 26,000-crore company in India: How Amrit Acharya started Zetwerk with his IIT friends",,2026-10-09T07:45:00Z,original,,false,,https://www.moneycontrol.com/news/business/markets/denied-us-visa-he-built-rs-26-000-crore-company-in-india-how-amrit-acharya-started-zetwerk-with-his-iit-friends-14048427.html
gd-afc41071242f,gdelt_gkg_v2,news,Page A1 | Gettysburg Times | gettysburgtimes.com,,2026-10-09T07:45:00Z,original,,false,,https://www.gettysburgtimes.com/eedition/page-a1/page_e40c663d-de4b-549b-ab68-3b8db8c698f9.html
gd-b030fc177838,gdelt_gkg_v2,news,"Punjab DA Case: High Court Refers Chief Secretary Contempt Case To Roster Bench, Says 'Majesty Of Court Can't Be Compromised'",,2026-10-09T07:45:00Z,original,,false,,https://www.livelaw.in/high-court/punjab-and-haryana-high-court/punjab-haryana-high-court-refers-contempt-case-against-punjab-chief-secy-to-appropriate-bench-as-per-roster-553870
gd-b0fb294f054a,gdelt_gkg_v2,news,Daytona Beach mayor turns off Facebook comments after threatening post,,2026-10-09T07:45:00Z,original,,false,,https://www.wesh.com/article/daytona-beach-mayor-facebook-comments-threat-family/74086192
gd-b24cea312e02,gdelt_gkg_v2,news,Victory smiles on those who anticipate changes in character of warfare: IAF chief,,2026-10-09T07:45:00Z,original,,false,,https://www.hindustantimes.com/india-news/victory-smiles-on-those-who-anticipate-changes-in-character-of-warfare-iaf-chief-101791530391669.html
gd-b2793cfe8d66,gdelt_gkg_v2,news,"Rutland Herald Community News for Oct. 9, 2026",,2026-10-09T07:45:00Z,original,,false,,https://www.rutlandherald.com/news/community/rutland-herald-community-news-for-oct-9-2026/article_87debbde-e2a7-5684-bebc-84390e3aaadc.html
gd-b2dd3062ee0d,gdelt_gkg_v2,news,Types of  arthritis and what's behind each,,2026-10-09T07:45:00Z,original,,false,,https://www.vindy.com/life/lifestyles/2026/10/types-of-arthritis-and-whats-behind-each/
gd-b302c6d99c19,gdelt_gkg_v2,news,More than 10 Moscow-bound aircraft diverted to alternate airports amid security restrictions,,2026-10-09T07:45:00Z,original,,false,,https://en.apa.az/cis-countries/more-than-10-moscow-bound-aircraft-diverted-to-alternate-airports-amid-security-restrictions-529007
gd-b3fa42878153,gdelt_gkg_v2,news,CIS summit to adopt statement on 35th anniversary of its founding,,2026-10-09T07:45:00Z,original,,false,,https://www.trend.az/casia/turkmenistan/4232835.html
gd-b47906935423,gdelt_gkg_v2,news,Population's nominal income rises by nearly 10% in nine months,,2026-10-09T07:45:00Z,original,,false,,https://en.apa.az/finance/populations-nominal-income-rises-by-nearly-10-in-nine-months-529059
gd-b4b9233b3ffe,gdelt_gkg_v2,news,Andhra Pradesh Local Body Elections | Conduct Polls As Per Old Rolls If SIR Not Complete Before Notification: Supreme Court,,2026-10-09T07:45:00Z,original,,false,,https://www.livelaw.in/top-stories/andhra-pradesh-local-body-elections-conduct-polls-as-per-old-rolls-if-sir-not-complete-before-notification-supreme-court-553872
gd-b4d0a7dfce25,gdelt_gkg_v2,news,Delhi Govt Cannot Give Up On Duties Towards Persons With Disabilities: High Court On Failure To Provide Attendant To Child,,2026-10-09T07:45:00Z,original,,false,,https://www.livelaw.in/high-court/delhi-high-court/delhi-govt-cannot-give-up-on-duties-towards-persons-with-disabilities-high-court-on-failure-to-provide-attendant-to-child-553838
gd-b5baa78196f1,gdelt_gkg_v2,news,Stevenage and North Herts among UK fly-tipping hotspots,,2026-10-09T07:45:00Z,original,,false,,https://www.thecomet.net/news/26618922.stevenage-north-herts-among-uk-fly-tipping-hotspots/
gd-b5cc8f929726,gdelt_gkg_v2,news,Suspected curse on stolen gun claims two lives in Afram Plains – Ghanamma.com,,2026-10-09T07:45:00Z,original,,false,,https://www.ghanamma.com/2026/10/09/suspected-curse-on-stolen-gun-claims-two-lives-in-afram-plains/
gd-b5d9d170edd3,gdelt_gkg_v2,news,Woman struck down by rare condition 'overwhelmed' by support,,2026-10-09T07:45:00Z,original,,false,,https://www.iomtoday.co.im/news/douglas-woman-struck-down-by-rare-condition-overwhelmed-by-support-961897
gd-b5f2cdc11d18,gdelt_gkg_v2,news,Azerbaijan's external public debt decreases by nearly 8%,,2026-10-09T07:45:00Z,original,,false,,https://en.apa.az/finance/azerbaijans-external-public-debt-decreases-by-nearly-8-529058
gd-b676e5fdfbe1,gdelt_gkg_v2,news,India-Singapore maritime ties in focus as INS Kulish docks at Tuas Terminal | Indiablooms - First Portal on Digital News Management,,2026-10-09T07:45:00Z,original,,false,,https://www.indiablooms.com/news/india-singapore-maritime-ties-in-focus-as-ins-kulish-docks-at-tuas-terminal/details
gd-b71d118f6bcc,gdelt_gkg_v2,news,Banksy artwork to be craned in for Colchester exhibition,,2026-10-09T07:45:00Z,original,,false,,https://www.gazette-news.co.uk/news/26621074.banksy-artwork-craned-colchester-exhibition/
gd-b75fedc49e6f,gdelt_gkg_v2,news,"For Sale (20 Pieces) New Apple iPhone Duo Original 256GB Unlocked $35,989CAD",,2026-10-09T07:45:00Z,original,,false,,http://www.dhal3.com/vb/showthread.php?s=6df90d47c655550273ac82b5a9be931f&t=307208
gd-b7af0380ea01,gdelt_gkg_v2,news,Commerce Secretary highlights need for rigorous legal thinking to shape trade law,,2026-10-09T07:45:00Z,original,,false,,https://ianslive.in/commerce-secretary-highlights-need-for-rigorous-legal-thinking-to-shape-trade-law--20261009123554
gd-b7c5856b2db4,gdelt_gkg_v2,news,Mineral exports surge to US$4.7bn as lithium takes lead,,2026-10-09T07:45:00Z,original,,false,,https://www.newzimbabwe.com/mineral-exports-surge-to-us4-7bn-as-lithium-takes-lead/
gd-b7d2d9f91a4e,gdelt_gkg_v2,news,Batemans Bay Bushwalkers map 150 trails to save lost paths | Bega District News,,2026-10-09T07:45:00Z,original,,false,,https://www.begadistrictnews.com.au/story/9365865/batemans-bay-bushwalkers-map-150-trails-to-save-lost-paths/
gd-b837f354adf4,gdelt_gkg_v2,news,"Social Activist Nadeem Khan Moves Delhi High Court Against His Detention, Challenges Police Restrictions On Protests",,2026-10-09T07:45:00Z,original,,false,,https://www.livelaw.in/high-court/delhi-high-court/social-activist-nadeem-khan-moves-delhi-high-court-against-his-detention-challenges-police-restrictions-on-protests-553856
gd-b8caac1d06ea,gdelt_gkg_v2,news,Snowdon claims suspension is politically-motivated move,,2026-10-09T07:45:00Z,original,,false,,https://guernseypress.com/news/2026/10/09/snowdon-claims-suspension-is-politically-motivated-move
gd-b8d9b112425a,gdelt_gkg_v2,news,DWP issues statement over call to cut three conditions from popular benefit,,2026-10-09T07:45:00Z,original,,false,,https://www.birminghammail.co.uk/news/cost-of-living/dwp-issues-statement-over-call-34738670
gd-b9d14fcd1027,gdelt_gkg_v2,news,"Traditional recipes, modern kitchens and changing tastes: Chef Siddharth Parab on what 'authenticity' really means in Indian cuisine",,2026-10-09T07:45:00Z,original,,false,,https://www.hindustantimes.com/lifestyle/food/traditional-recipes-modern-kitchens-and-changing-tastes-chef-siddharth-parab-on-what-authenticity-really-means-in-indian-cuisine-101791526763185.html
gd-b9f6da280af7,gdelt_gkg_v2,news,Skybus sickness disrupts Aurigny's Alderney service,,2026-10-09T07:45:00Z,original,,false,,https://guernseypress.com/news/2026/10/09/skybus-sickness-disrupts-aurignys-alderney-service
gd-ba2829825123,gdelt_gkg_v2,news,The Robots Taking Warehouses to New Heights · TechNode,,2026-10-09T07:45:00Z,original,,false,,https://technode.com/2026/10/09/the-robots-taking-warehouses-to-new-heights/
gd-ba5a5b084ac6,gdelt_gkg_v2,news,Emraan Hashmi's 'Awarapan 2' out on OTT,,2026-10-09T07:45:00Z,original,,false,,https://aninews.in/news/entertainment/bollywood/emraan-hashmis-awarapan-2-out-on-ott20261009123601/
gd-ba75d8bca627,gdelt_gkg_v2,news,"How do hurricanes get their names, anyway?",,2026-10-09T07:45:00Z,original,,false,,https://www.kbtx.com/2026/10/09/how-do-hurricanes-get-their-names-anyway/
gd-baeab7ddb928,gdelt_gkg_v2,news,GREATER LONGVIEW UNITED WAY EXPANDS DOLLY PARTON'S IMAGINATION LIBRARY TO UPSHUR COUNTY – The Gilmer Mirror,,2026-10-09T07:45:00Z,original,,false,,https://www.gilmermirror.com/2026/10/08/greater-longview-united-way-expands-dolly-partons-imagination-library-to-upshur-county/
gd-bba860479ea5,gdelt_gkg_v2,news,"Spardha Expands Technology-Led Performing Arts Ecosystem, Targets INR 100 Crore+ ARR by FY 2027-28",,2026-10-09T07:45:00Z,original,,false,,https://aninews.in/news/business/spardha-expands-technology-led-performing-arts-ecosystem-targets-inr-100-crore-arr-by-fy-2027-2820261009113546/
gd-bcec7a1f3af6,gdelt_gkg_v2,news,Shostakovich Symphony No 8 album review – composer's cry of despair in a remarkable and resonant new recording,,2026-10-09T07:45:00Z,original,,false,,https://www.aol.co.uk/articles/shostakovich-symphony-no-8-album-070041000.html
gd-bd36a336c862,gdelt_gkg_v2,news,Pacific storm strengthens into a hurricane far off the coast of Mexico – Brandon Sun,,2026-10-09T07:45:00Z,original,,false,,https://www.brandonsun.com/world/2026/10/08/pacific-storm-strengthens-into-a-hurricane-far-off-the-coast-of-mexico
gd-bde15f86efdf,gdelt_gkg_v2,news,PM calls for unity through prayer,,2026-10-09T07:45:00Z,original,,false,,https://thevincentian.com/pm-calls-for-unity-through-prayer-p33971-97.htm
gd-be9e29a76555,gdelt_gkg_v2,news,"Bitcoin price drops to $82,000",,2026-10-09T07:45:00Z,original,,false,,https://en.apa.az/energy-and-industry/bitcoin-price-drops-to-82000-529012
gd-bf50091961f9,gdelt_gkg_v2,news,Supreme Court Dismisses Plea Seeking Investigation Of Delhi Police FIRs Over Jantar Mantar Student Protests Of July,,2026-10-09T07:45:00Z,original,,false,,https://www.livelaw.in/top-stories/supreme-court-dismisses-plea-seeking-investigation-of-delhi-police-firs-over-jantar-mantar-student-protests-of-july-553866
gd-bf673a8b6a9b,gdelt_gkg_v2,news,"In NY Senate race, Stec and Seale play the blame game for high prices in the North Country",,2026-10-09T07:45:00Z,original,,false,,https://www.northcountrypublicradio.org/news/story/54065/20261009/in-ny-senate-race-stec-and-seale-play-the-blame-game-for-high-prices-in-the-north-country
gd-bf827e59afef,gdelt_gkg_v2,news,Arizona AG suing TikTok for causing 'injury' to kids | News,,2026-10-09T07:45:00Z,original,,false,,https://www.yumasun.com/news/arizona-ag-suing-tiktok-for-causing-injury-to-kids/article_a9947776-ad34-4e48-8d99-c29c40c082cd.html
gd-bfa1abe5f84c,gdelt_gkg_v2,news,Home Affairs withdraws intake of asylum applications directive after violent protests,,2026-10-09T07:45:00Z,original,,false,,https://www.ewn.co.za/2026/10/09/home-affairs-withdraws-intake-of-asylum-applications-directive-after-violent-protests
gd-bfe6c658e0b8,gdelt_gkg_v2,news,Googlebook is now available on Mac through a clever virtual machine workaround,,2026-10-09T07:45:00Z,original,,false,,https://www.androidpolice.com/googlebook-available-mac-through-clever-virtual-machine-workaround/
gd-c0435cd73d0e,gdelt_gkg_v2,news,Council could seek taxpayer refund after LGR axing,,2026-10-09T07:45:00Z,original,,false,,https://www.gazette-news.co.uk/news/26614620.council-seek-taxpayer-refund-lgr-axing/
gd-c059b20d15f1,gdelt_gkg_v2,news,Rich Center for Autism renovations celebrated,,2026-10-09T07:45:00Z,original,,false,,https://www.vindy.com/news/2026/10/rich-center-for-autism-renovations-celebrated/
gd-c101059922f6,gdelt_gkg_v2,news,Why do groceries cost more in Ohio? - The Vindicator,,2026-10-09T07:45:00Z,original,,false,,https://www.vindy.com/opinion/editorials/2026/10/why-do-groceries-cost-more-in-ohio/
gd-c2d4b6bd3494,gdelt_gkg_v2,news,"So long, Spokes: GitHub rewrites storage to restore reliability, just in time for agentic hordes",,2026-10-09T07:45:00Z,original,,false,,https://www.theregister.com/devops/2026/10/09/so-long-spokes-github-rewrites-storage-to-restore-reliability-just-in-time-for-agentic-hordes/5302148
gd-c36e31509fa2,gdelt_gkg_v2,news,"Police, soldiers occupy Soweto after violent anti-illegal immigration protest",,2026-10-09T07:45:00Z,original,,false,,https://www.ewn.co.za/2026/10/09/police-soldiers-occupy-soweto-after-violent-anti-illegal-immigration-protests
gd-c588b5893177,gdelt_gkg_v2,news,Bodycam Released of 6-Year-Old Who Shot Teacher Abby Zwerner,,2026-10-09T07:45:00Z,original,,false,,https://newstalkkit.com/inside-case-kid-shoots-teacher/
gd-c5dfbdabd352,gdelt_gkg_v2,news,Kolkata culturist Sundeep Bhutoria inaugurates India National Stand at Frankfurt Book Fair 2026 | Indiablooms,,2026-10-09T07:45:00Z,original,,false,,https://www.indiablooms.com/life/kolkata-culturist-sundeep-bhutoria-inaugurates-india-national-stand-at-frankfurt-book-fair-2026/details
gd-c6a557bef292,gdelt_gkg_v2,news,Another Accra-Kumasi Highway Crash Leaves One Dead and Five Injured as Earlier one Claimed 12 Lives – Ghanamma.com,,2026-10-09T07:45:00Z,original,,false,,https://www.ghanamma.com/2026/10/09/another-accra-kumasi-highway-crash-leaves-one-dead-and-five-injured-as-earlier-one-claimed-12-lives-64/
gd-c757bb3339b6,gdelt_gkg_v2,news,"Ladies who ganged raped Uber driver compensated him with â‚µ105,600 â€"" GHOne TV report – Ghanamma.com",,2026-10-09T07:45:00Z,original,,false,,https://www.ghanamma.com/2026/10/09/ladies-who-ganged-raped-uber-driver-compensated-him-with-%E2%82%B5105600-ghone-tv-report/
gd-c7b9b57e97a1,gdelt_gkg_v2,news,Former Eastern Gateway president and two others indicted,,2026-10-09T07:45:00Z,original,,false,,https://www.vindy.com/news/2026/10/former-eastern-gateway-president-and-two-others-indicted/
gd-c86234c760c6,gdelt_gkg_v2,news,Dubbo sale 8 October 2026: Young cattle 8c dearer,,2026-10-09T07:45:00Z,original,,false,,https://www.beefcentral.com/markets/dubbo-sale-8-october-2026/
gd-c92e9a0f04ae,gdelt_gkg_v2,news,Vincy shares Super Six winnings,,2026-10-09T07:45:00Z,original,,false,,https://thevincentian.com/vincy-shares-super-six-winnings-p33967-97.htm
gd-cbb827cc2fe8,gdelt_gkg_v2,news,Andy Burnham told to make petrol station rule change after Thursday update,,2026-10-09T07:45:00Z,original,,false,,https://www.birminghammail.co.uk/news/midlands-news/andy-burnham-told-make-petrol-34738790
gd-cbdf0a84ed77,gdelt_gkg_v2,news,DWP confirms full list of 45 eye conditions that could qualify for £114 PIP payment,,2026-10-09T07:45:00Z,original,,false,,https://www.walesonline.co.uk/news/cost-of-living/dwp-confirms-full-list-45-34736437
gd-cc18c922444a,gdelt_gkg_v2,news,"Aneet Padda joins Ahaan Panday and Ananya Panday for a fun game at Alanna Panday's baby shower, internet gushes: 'They are so domestic'. Watch",,2026-10-09T07:45:00Z,original,,false,,https://www.hindustantimes.com/entertainment/bollywood/aneet-padda-joins-ahaan-panday-and-ananya-panday-for-a-fun-game-at-alanna-panday-baby-shower-internet-gushes-watch-saiyaara-101791527165712.html
gd-cc3019b53ceb,gdelt_gkg_v2,news,Armenian PM: Azerbaijani railway has been open to Armenian cargo for nearly a year,,2026-10-09T07:45:00Z,original,,false,,https://en.apa.az/foreign-policy/armenian-pm-azerbaijani-railway-has-been-open-to-armenian-cargo-for-nearly-a-year-529029
gd-cda4df0db411,gdelt_gkg_v2,news,IT shares rise after 4 days: Is it a relief rally or did fundamentals change post-TCS Q2 results? Here's what analysts said,,2026-10-09T07:45:00Z,original,,false,,https://www.moneycontrol.com/news/business/markets/it-shares-rise-after-4-days-is-it-a-relief-rally-or-did-fundamentals-change-post-tcs-q2-results-here-s-what-analysts-said-14048419.html
gd-cdc516fdab7b,gdelt_gkg_v2,news,You have a higher chance of getting cancer at a younger age than your parents. So what went wrong? | Devi Sridhar,,2026-10-09T07:45:00Z,original,,false,,https://www.theguardian.com/commentisfree/2026/oct/09/rise-cancer-young-people-mystery-early-onset
gd-cdd1d777829a,gdelt_gkg_v2,news,Agency launches SEO-focused website design service,,2026-10-09T07:45:00Z,original,,false,,https://www.wiltshiretimes.co.uk/news/26620261.agency-launches-seo-focused-website-design-service/
gd-cdffb5a20923,gdelt_gkg_v2,news,"Linguistic, cultural heritages brought by diaspora grew to enrich new lands",,2026-10-09T07:45:00Z,original,,false,,https://ianslive.in/linguistic-cultural-heritages-brought-by-diaspora-grew-to-enrich-new-lands--20261009092403
gd-ce097d06f3d7,gdelt_gkg_v2,news,Several documents to be signed following CIS Heads of State Summit,,2026-10-09T07:45:00Z,original,,false,,https://en.apa.az/foreign-policy/several-documents-to-be-signed-following-cis-heads-of-state-summit-529024
gd-ce5078cb1b08,gdelt_gkg_v2,news,"Journalist Musorowegomo Mukosi demands US$200,000 from Grant Thornton partner for snatching his wife",,2026-10-09T07:45:00Z,original,,false,,https://www.newzimbabwe.com/journalist-musorowegomo-mukosi-demands-us200000-from-grant-thornton-partner-for-snatching-his-wife/
gd-ce8ad63f0558,gdelt_gkg_v2,news,Major oil refinery in Komi hit by drone attack,,2026-10-09T07:45:00Z,original,,false,,https://en.apa.az/cis-countries/major-oil-refinery-in-komi-hit-by-drone-attack-529064
gd-cef2707af064,gdelt_gkg_v2,news,New Handheld Robotic Technology Powers Knee Surgery at Thomson Hospital,,2026-10-09T07:45:00Z,original,,false,,https://www.rutlandherald.com/features/health/new-handheld-robotic-technology-powers-knee-surgery-at-thomson-hospital/article_0e24b57e-7b25-5cd8-b294-75163d3ae324.html
gd-cefdf8577851,gdelt_gkg_v2,news,NordFX Launches Telegram Mini App to Expand Access to Its Digital Services,,2026-10-09T07:45:00Z,original,,false,,https://www.manilatimes.net/2026/10/09/tmt-newswire/globenewswire/nordfx-launches-telegram-mini-app-to-expand-access-to-its-digital-services/2442421
gd-cf8a2e02821c,gdelt_gkg_v2,news,Countryfile star dies aged just 35 as death sends 'shockwaves' through community,,2026-10-09T07:45:00Z,original,,false,,https://www.aol.co.uk/articles/countryfile-star-dies-aged-just-071400000.html
gd-d0ebf97d71f9,gdelt_gkg_v2,news,Allahabad HC Waives Special Marriage Act Notice Publication For Interfaith Couple,,2026-10-09T07:45:00Z,original,,false,,https://www.livelaw.in/high-court/allahabad-high-court/allahabad-hc-special-marriage-act-interfaith-couple-notice-publication-553842
gd-d1bda47bebbf,gdelt_gkg_v2,news,'My condition means it is dangerous to cook food or have a bath',,2026-10-09T07:45:00Z,original,,false,,https://www.mirror.co.uk/news/uk-news/my-condition-means-dangerous-cook-37752356
gd-d21b57e68cca,gdelt_gkg_v2,news,Gaza border communities surge 10% above pre-Oct. 7 population,,2026-10-09T07:45:00Z,original,,false,,https://www.clevelandjewishnews.com/jns/gaza-border-communities-surge-10-above-pre-oct-7-population/article_e214cb6d-e51e-5d3c-adff-be83260fed73.html
gd-d32c2feb8d4d,gdelt_gkg_v2,news,FIR registered in Guwahati after man allegedly kicks chicks onto railway tracks,,2026-10-09T07:45:00Z,original,,false,,https://aninews.in/news/national/general-news/fir-registered-in-guwahati-after-man-allegedly-kicks-chicks-onto-railway-tracks20261009123419/
gd-d3df5ab044cc,gdelt_gkg_v2,news,Mark Pope speaks at Lexington Rotary Club,,2026-10-09T07:45:00Z,original,,false,,https://www.aseaofblue.com/post/NIHNSJFVXCts
gd-d55aa032fdb6,gdelt_gkg_v2,news,Retail trade turnover increases by nearly 4%,,2026-10-09T07:45:00Z,original,,false,,https://en.apa.az/agrarian-industry/retail-trade-turnover-increases-by-nearly-4-529066
gd-d57156f755a3,gdelt_gkg_v2,news,"Trump honours Nadella, Vance targets tech company abusing skilled visa system",,2026-10-09T07:45:00Z,original,,false,,https://ianslive.in/trump-honours-nadella-vance-targets-microsoft--20261009072402
gd-d5b8eb3e95c4,gdelt_gkg_v2,news,Read on the Rug | Iowa Now | The University of Iowa,,2026-10-09T07:45:00Z,original,,false,,https://now.uiowa.edu/event/24606/10
gd-d5c6e3ead56e,gdelt_gkg_v2,news,Martha Stewart's Elm Biosciences Elemental Lip Serum Review,,2026-10-09T07:45:00Z,original,,false,,https://www.thedailybeast.com/martha-stewarts-elm-biosciences-elemental-lip-serum-review
gd-d72ae0425365,gdelt_gkg_v2,news,"Skagway election certified: senior exemptions pass, Drahozal will join School Board - KHNS Radio",,2026-10-09T07:45:00Z,original,,false,,https://khns.org/skagway-election-certified-senior-exemptions-pass-drahozal-will-join-school-board/
gd-d72c3768f65b,gdelt_gkg_v2,news,Ballybane Community Action Plan to be launched at Café Link today,,2026-10-09T07:45:00Z,original,,false,,https://www.galwaybayfm.ie/galway-bay-fm-news-desk/ballybane-community-action-plan-to-be-launched-at-cafe-link-today-231633
gd-d78261f32ecc,gdelt_gkg_v2,news,How to Watch German TV Abroad: Stream German TV Live,,2026-10-09T07:45:00Z,original,,false,,https://gizmodo.com/best-vpn/watch-german-tv-abroad
gd-d7e95e51e2f0,gdelt_gkg_v2,news,Azerbaijan plans seedling center in Jabrayil – Turkish ambassador,,2026-10-09T07:45:00Z,original,,false,,https://www.trend.az/business/4232818.html
gd-d8a89fd57013,gdelt_gkg_v2,news,"4 Chinese Zodiac Signs See A Change In Their Financial Status After October 10, 2026",,2026-10-09T07:45:00Z,original,,false,,https://www.yourtango.com/2026401655/chinese-zodiac-signs-change-financial-status-october-10-2026
gd-d93e6ed54297,gdelt_gkg_v2,news,Japanese defence delegation visits India to boost military ties,,2026-10-09T07:45:00Z,original,,false,,https://ianslive.in/japanese-defence-delegation-visits-india-to-boost-defence-ties--20261009113138
gd-daa4689fbbcc,gdelt_gkg_v2,news,Commissioners deny Ciccone's budget increase,,2026-10-09T07:45:00Z,original,,false,,https://www.vindy.com/news/2026/10/commissioners-deny-ciccones-budget-increase/
gd-dacecc98f4f3,gdelt_gkg_v2,news,Zimbabwe: Mnangagwa Appoints Close Ally Tagwirei Minister of Economic Development,,2026-10-09T07:45:00Z,original,,false,,https://allafrica.com/stories/202610090160.html
gd-db2e645030d8,gdelt_gkg_v2,news,"No Man Wants To Marry Us, The Ones Who Come Into Our Lives Disappear After Sleeping With Us -Ladies – Ghanamma.com",,2026-10-09T07:45:00Z,original,,false,,https://www.ghanamma.com/2026/10/09/no-man-wants-to-marry-us-the-ones-who-come-into-our-lives-disappear-after-sleeping-with-us-ladies-94/
gd-dba108f1dfd0,gdelt_gkg_v2,news,Inflation in Azerbaijan remained unchanged last month,,2026-10-09T07:45:00Z,original,,false,,https://en.apa.az/finance/inflation-in-azerbaijan-remained-unchanged-last-month-529061
gd-dc9c986096b0,gdelt_gkg_v2,news,Huyu Lazima Alipanda Kitanda - Netizens react to Nominated Nyandarua MCA MILKA NYAMBURA's broken English,,2026-10-09T07:45:00Z,original,,false,,https://www.kenyan-post.com/2026/10/huyu-lazima-alipanda-kitanda-netizens.html
gd-dd655110a433,gdelt_gkg_v2,news,"'A candelit spa, followed by an ice-cold plunge and a nightcap': readers' favourite European wellbeing breaks | Spa breaks",,2026-10-09T07:45:00Z,original,,false,,https://www.theguardian.com/travel/2026/oct/09/readers-favourite-wellbeing-holidays-europe
gd-ddafc4207060,gdelt_gkg_v2,news,October is National Cider Month and Iowa has plenty to celebrate,,2026-10-09T07:45:00Z,original,,false,,https://www.kimt.com/news/october-is-national-cider-month-and-iowa-has-plenty-to-celebrate/article_224fe066-b3f3-4377-9cc3-5ef214883529.html
gd-ddd083485fed,gdelt_gkg_v2,news,Karnataka FDA targets 45 ice cream units across State; 70 samples sent for testing,,2026-10-09T07:45:00Z,original,,false,,https://aninews.in/news/national/general-news/karnataka-fda-targets-45-ice-cream-units-across-state-70-samples-sent-for-testing20261009115604/
gd-ddd29a178b27,gdelt_gkg_v2,news,'Dog attack' at Midland nature reserve sparks 'please help' message to owners,,2026-10-09T07:45:00Z,original,,false,,https://www.birminghammail.co.uk/news/midlands-news/dog-attack-midland-nature-reserve-34738735
gd-de3cb7b931fa,gdelt_gkg_v2,news,OpenAI denies researchers were fired for speaking out about AI concerns,,2026-10-09T07:45:00Z,original,,false,,https://www.cnbc.com/2026/10/09/openai-fired-researchers-ai-concerns.html
gd-deff985c6993,gdelt_gkg_v2,news,Revanth Reddy backs Elon Musk amid Starlink row: 'Can't appease crony distractions',,2026-10-09T07:45:00Z,original,,false,,https://www.hindustantimes.com/india-news/revanth-reddy-elon-musk-oligarchs-claim-starlink-row-cant-appease-crony-distractions-innovation-upi-101791521811665.html
gd-df4159a3eafb,gdelt_gkg_v2,news,India says US move on PERM programme does not advance shared ambitions,,2026-10-09T07:45:00Z,original,,false,,https://www.hindustantimes.com/india-news/india-says-us-move-on-perm-programme-does-not-advance-shared-ambitions-mea-jd-vance-trump-administration-news-101791530164575.html
gd-e01e99b0cc96,gdelt_gkg_v2,news,Luck Shows Up In Very Odd Ways For 4 Zodiac Signs This October,,2026-10-09T07:45:00Z,original,,false,,https://www.yourtango.com/zodiac/zodiac-signs-luck-odd-ways-october-2026
gd-e047c7790958,gdelt_gkg_v2,news,"State in AKA trial focuses on an apparent main actor in case, accused #3 Myeza",,2026-10-09T07:45:00Z,original,,false,,https://www.ewn.co.za/2026/10/09/state-in-aka-trial-focuses-on-an-apparent-main-actor-in-case-accused-3-myeza
gd-e05f5b95de9d,gdelt_gkg_v2,news,'Alarming Degradation': Rajasthan High Court Initiates Suo Motu PIL To Protect Jaipur's UNESCO World Heritage Status,,2026-10-09T07:45:00Z,original,,false,,https://www.livelaw.in/high-court/rajasthan-high-court/rajasthan-high-court-registers-pil-threat-jaipur-walled-city-unesco-world-heritage-status-553812
gd-e0fae6f36f57,gdelt_gkg_v2,news,New Britam special funds give global access to investors,,2026-10-09T07:45:00Z,original,,false,,https://www.standardmedia.co.ke/business/article/2001559737/new-britam-special-funds-give-global-access-to-investors
gd-e131c846e972,gdelt_gkg_v2,news,Zoe Wale returns to Torch Theatre as deputy stage manager,,2026-10-09T07:45:00Z,original,,false,,https://www.westerntelegraph.co.uk/news/26616015.zoe-wale-returns-torch-theatre-deputy-stage-manager/
gd-e1c3f79a6f44,gdelt_gkg_v2,news,Kerala High Court Warns Of Closing All Livestock Markets If Animal Market Monitoring Committees Not Constituted In 8 Weeks,,2026-10-09T07:45:00Z,original,,false,,https://www.livelaw.in/high-court/kerala-high-court/kerala-high-court-closing-of-livestock-market-district-monitoring-committees-553858
gd-e1f5fb312996,gdelt_gkg_v2,news,ConCourt asylum system ruling: Ntshavheni says Constitution should put SAns first,,2026-10-09T07:45:00Z,original,,false,,https://www.ewn.co.za/2026/10/09/concourt-asylum-system-ruling-ntshavheni-says-constitution-should-put-sans-first
gd-e22c051ca487,gdelt_gkg_v2,news,24-Year-Old University Student Impregnates His Bestie's 45-Year-Old Mother of Four – Ghanamma.com,,2026-10-09T07:45:00Z,original,,false,,https://www.ghanamma.com/2026/10/09/24-year-old-university-student-impregnates-his-besties-45-year-old-mother-of-four-43/
gd-e2ac3346d2f8,gdelt_gkg_v2,news,Phoenix Sky Harbor Airport tests driverless shuttles,,2026-10-09T07:45:00Z,original,,false,,https://www.azfamily.com/2026/10/09/phoenix-sky-harbor-airport-tests-driverless-shuttles/
gd-e332db08075f,gdelt_gkg_v2,news,'Lot of talk about one company': Centre tells satcom firms to meet security norms amid Musk's Starlink row | India News,,2026-10-09T07:45:00Z,original,,false,,https://timesofindia.indiatimes.com/india/lot-of-talk-about-one-company-centre-tells-satcom-firms-to-meet-security-norms-amid-musks-starlink-row/articleshow/134819176.cms
gd-e5010e49328c,gdelt_gkg_v2,news,"Tanushree Dutta stands by 'evil dead' remark on Nana Patekar, claims she was offered bribes after #MeToo | Indiablooms",,2026-10-09T07:45:00Z,original,,false,,https://www.indiablooms.com/showbiz/tanushree-dutta-stands-by-evil-dead-remark-on-nana-patekar-claims-she-was-offered-bribes-after-metoo/details
gd-e5c2dc8f3d2a,gdelt_gkg_v2,news,US Coast Guard medevacs crewmember from cargo ship southeast of Big Island : Big Island Now,,2026-10-09T07:45:00Z,original,,false,,https://bigislandnow.com/2026/10/08/us-coast-guard-medevacs-crewmember-from-cargo-ship-southeast-of-big-island/
gd-e639dc8f329d,gdelt_gkg_v2,news,Angela B. Freeman Intellectual Property and Litigation Lawyer Bar,,2026-10-09T07:45:00Z,original,,false,,https://natlawreview.com/author/angela-b-freeman-ms
gd-e660acf4496e,gdelt_gkg_v2,news,Zoho founder Sridhar Vembu to Indians who are on a visa in US: Come back; America no longer …,,2026-10-09T07:45:00Z,original,,false,,https://timesofindia.indiatimes.com/technology/tech-news/zoho-founder-sridhar-vembu-to-indians-who-are-on-a-visa-in-us-come-back-america-no-longer-/articleshow/134819042.cms
gd-e749765f2860,gdelt_gkg_v2,news,"'It gave me a superpower – question everything': ​as punk turns 50, bands from China to Greenland explain how it fires up their lives",,2026-10-09T07:45:00Z,original,,false,,https://www.aol.co.uk/articles/gave-superpower-everything-punk-turns-070041000.html
gd-e77063c22ad2,gdelt_gkg_v2,news,"Ruth Owusu Boateng Drop Bombshellâ€""Show Me One Ghanaian Man Who Gives Women Money Without Wanting È™ex – Ghanamma.com",,2026-10-09T07:45:00Z,original,,false,,https://www.ghanamma.com/2026/10/09/ruth-owusu-boateng-drop-bombshell-show-me-one-ghanaian-man-who-gives-women-money-without-wanting-sex/
gd-e7abaa7f2b11,gdelt_gkg_v2,news,Billings Man Busted for Operating a Coke/Meth Operation in Motel,,2026-10-09T07:45:00Z,original,,false,,https://k96fm.com/ixp/1106/p/billings-motel-drug-dealer-2026/
gd-e8179e84eb46,gdelt_gkg_v2,news,Jaipur Exhibition and Convention Centre & Novotel Jaipur Convention Centre – Managed by ACCOR announces the appointment of Mr. Vikas Sood as General Manager,,2026-10-09T07:45:00Z,original,,false,,https://aninews.in/news/business/jaipur-exhibition-and-convention-centre-amp-novotel-jaipur-convention-centre-8211-managed-by-accor-announces-the-appointment-of-mr-vikas-sood-as-general-manager20261009125130/
gd-e89df537c281,gdelt_gkg_v2,news,Pensacola mayor speaks with WESH 2 as hurricane nears Florida,,2026-10-09T07:45:00Z,original,,false,,https://www.wesh.com/article/pensacola-mayor-hurricane-isaias-florida-panhandle/74085688
gd-e8ce726265fe,gdelt_gkg_v2,news,Allahabad HC's 8 Guidelines For UP State Law Officers' Appointments,,2026-10-09T07:45:00Z,original,,false,,https://www.livelaw.in/high-court/allahabad-high-court/allahabad-hc-merit-based-selection-women-representation-guidelines-up-state-law-officers-553825
gd-e9079cb6c813,gdelt_gkg_v2,news,"Roads and bridges are designed considering weather and flood events, but the frequency of these extreme events is rising, experts say",,2026-10-09T07:45:00Z,original,,false,,https://www.isignal.in/climate-change/the-climate-trouble-on-indias-roads-990460
gd-e9a747f08b80,gdelt_gkg_v2,news,Mahama Issues Strong Warning to NPP and Their Minority in Parliament After They Boycotted Forums – Ghanamma.com,,2026-10-09T07:45:00Z,original,,false,,https://www.ghanamma.com/2026/10/09/mahama-issues-strong-warning-to-npp-and-their-minority-in-parliament-after-they-boycotted-forums-113/
gd-ea6b849752d9,gdelt_gkg_v2,news,Louisiana Braces For Hurricane Isaias With Fire And Flood Warnings,,2026-10-09T07:45:00Z,original,,false,,https://973thedawg.com/hurricane-isaias-approaches-gulf-coast/
gd-eae1fa38815e,gdelt_gkg_v2,news,Man charged over threatening text message to magistrate in case involving Gabriel Saka,,2026-10-09T07:45:00Z,original,,false,,https://capitalfm.africa/man-charged-with-cyber-harassment-over-case-involving-gabriel-saka/
gd-eb4856035a82,gdelt_gkg_v2,news,"XPENG names robotaxi service XPENG YOYO, moves toward public trials · TechNode",,2026-10-09T07:45:00Z,original,,false,,https://technode.com/2026/10/09/xpeng-names-robotaxi-service-xpeng-yoyo-moves-toward-public-trials/
gd-ebff02a69b9b,gdelt_gkg_v2,news,"GEMS Education Unveils GR8 School, a World-First Fusion of AI, Teachers and Industry Experts Reinventing Education",,2026-10-09T07:45:00Z,original,,false,,https://aninews.in/news/business/gems-education-unveils-gr8-school-a-world-first-fusion-of-ai-teachers-and-industry-experts-reinventing-education20261009123713/
gd-ec1c9676dc24,gdelt_gkg_v2,news,"Harry Potter, Narnia, Tolkien return. What should the Church do?",,2026-10-09T07:45:00Z,original,,false,,https://news.crossmap.com/2026/10/09/harry-potter-narnia-tolkien-return-what-should-the-church-do/
gd-ed42a10a400e,gdelt_gkg_v2,news,James Mwangi appointed to global development commission,,2026-10-09T07:45:00Z,original,,false,,https://www.standardmedia.co.ke/business/article/2001559714/james-mwangi-appointed-to-global-development-commission
gd-ed5a6e2f17bf,gdelt_gkg_v2,news,"Crazy Rich Asians Series: Constance Wu, Henry Golding, Michelle Yeoh, Ronny Chieng return with sequel after 8 years",,2026-10-09T07:45:00Z,original,,false,,https://www.pinkvilla.com/entertainment/hollywood/crazy-rich-asians-series-constance-wu-henry-golding-michelle-yeoh-ronny-chieng-return-with-sequel-after-8-years-1405818
gd-edda5a8ced19,gdelt_gkg_v2,news,'US history shaped by immigrants': India fires back at JD Vance's 'deeply offensive' H-1B visa remarks,,2026-10-09T07:45:00Z,original,,false,,https://www.hindustantimes.com/india-news/india-fires-back-at-vance-over-deeply-offensive-remarks-on-indian-professionals-us-history-shaped-by-immigrants-101791530153471.html
gd-eddae212d26d,gdelt_gkg_v2,news,Playing with the big boys: Brazil's beef export push set to intensify competition for Australia,,2026-10-09T07:45:00Z,original,,false,,https://www.beefcentral.com/trade/playing-with-the-big-boys-brazils-beef-export-push-set-to-intensify-competition-for-australia/
gd-ee007b4f8c1b,gdelt_gkg_v2,news,DWP issues warning to state pensioners on Attendance Allowance over 'fees',,2026-10-09T07:45:00Z,original,,false,,https://www.birminghammail.co.uk/news/cost-of-living/dwp-issues-warning-state-pensioners-34738842
gd-ef314f8b1234,gdelt_gkg_v2,news,PM Pashinyan: Peace between Armenia and Azerbaijan is an accomplished fact,,2026-10-09T07:45:00Z,original,,false,,https://en.apa.az/foreign-policy/pm-pashinyan-peace-between-armenia-and-azerbaijan-is-an-accomplished-fact-529032
gd-f07b7fd0c2b3,gdelt_gkg_v2,news,The University of Limassol supported INSPIRE 2026 Entrepreneurial Festival,,2026-10-09T07:45:00Z,original,,false,,https://cyprus-mail.com/2026/10/09/the-university-of-limassol-supported-inspire-2026-entrepreneurial-festival
gd-f0cfc107818d,gdelt_gkg_v2,news,"Pentecost Church elder was arrested over GHÂ¢200k fraud case, not kidnapped â€"" Police – Ghanamma.com",,2026-10-09T07:45:00Z,original,,false,,https://www.ghanamma.com/2026/10/09/pentecost-church-elder-was-arrested-over-gh%C2%A2200k-fraud-case-not-kidnapped-police-3/
gd-f2a8b0a98ed0,gdelt_gkg_v2,news,8 Emotionally Defeating Phrases People Who Make Themselves More Miserable Than They Need To Be Often Say,,2026-10-09T07:45:00Z,original,,false,,https://www.yourtango.com/self/people-make-themselves-more-miserable-need-be-often-say-emotionally-defeating-phrases
gd-f2def122fbd3,gdelt_gkg_v2,news,"LBDA to Distribute 20,000 Fruit Tree Seedlings in Lake Basin Ahead of Mazingira Day",,2026-10-09T07:45:00Z,original,,false,,https://capitalfm.africa/lbda-to-distribute-20000-fruit-tree-seedlings-in-lake-basin-ahead-of-mazingira-day/
gd-f3dda558eea4,gdelt_gkg_v2,news,"Samsung Forecasts Record Profit as AI Boom Drives Chip Demand, but Risks Are Growing",,2026-10-09T07:45:00Z,original,,false,,https://ecorazzi.com/samsung-forecasts-record-profit-as-ai-boom-drives-chip-demand-but-risks-are-growing/
gd-f4ff7f28e234,gdelt_gkg_v2,news,Repo rate hike: FD rates up to 8.50% for senior citizens; check banks,,2026-10-09T07:45:00Z,original,,false,,https://www.moneycontrol.com/news/business/personal-finance/repo-rate-hike-fd-rates-up-to-8-50-for-senior-citizens-check-banks-14048439.html
gd-f5ce55a68727,gdelt_gkg_v2,news,Roseanne Barr is returning to scripted comedy more than eight years after her hit sitcom was cancelled over a racist social media post - 09-Oct-2026,,2026-10-09T07:45:00Z,original,,false,,"https://home.nzcity.co.nz/news/article.aspx?id=455637&fm=psp,tst"
gd-f60ffd11d75a,gdelt_gkg_v2,news,DWP issues 'most important' update yet on state pension under Andy Burnham,,2026-10-09T07:45:00Z,original,,false,,https://www.birminghammail.co.uk/news/cost-of-living/dwp-issues-most-important-update-34738752
gd-f6354e20a248,gdelt_gkg_v2,news,"Rising oil prices, falling technology stocks and reversing bond yields keep Wall Street unsettled",,2026-10-09T07:45:00Z,original,,false,,https://www.vindy.com/news/business-news/2026/10/rising-oil-prices-falling-technology-stocks-and-reversing-bond-yields-keep-wall-street-unsettled/
gd-f7130a50342a,gdelt_gkg_v2,news,GrAudio Flash delle 08:50 del 9 ottobre,,2026-10-09T07:45:00Z,original,,false,,https://www.savonanews.it/2026/10/09/leggi-notizia/argomenti/graudio/articolo/graudio-flash-delle-0850-del-9-ottobre-1.html
gd-f71dc2c469bd,gdelt_gkg_v2,news,Rush is a Band Blog: Alex Lifeson launches Guitar Strings for Kids charity initiative,,2026-10-09T07:45:00Z,original,,false,,https://www.rushisaband.com/blog/2026/10/08/6587/Alex-Lifeson-launches-Guitar-Strings-for-Kids-charity-initiative
gd-f7274a0d8bb0,gdelt_gkg_v2,news,Anderson Cooper Humiliates Kimberly Guilfoyle With 2020 Clip,,2026-10-09T07:45:00Z,original,,false,,https://www.thedailybeast.com/anderson-cooper-humiliates-kimberly-guilfoyle-with-2020-clip
gd-f73b1ef688c6,gdelt_gkg_v2,news,"Bass Announces $50,000 Reward for Information on South LA Hit-And-Run Suspect",,2026-10-09T07:45:00Z,original,,false,,https://mynewsla.com/orange-county/2026/10/08/bass-announces-50000-reward-for-information-on-south-la-hit-and-run-suspect/
gd-f75b129981cf,gdelt_gkg_v2,news,Sam Barks presents awards for east coast photo competition,,2026-10-09T07:45:00Z,original,,false,,https://www.iomtoday.co.im/news/entertainment/sam-barks-presents-awards-for-isle-of-man-photo-competition-961763
gd-f75eec7872e5,gdelt_gkg_v2,news,"Three brothers. 10,000 miles. One Boat... Read the extraordinary story of how the Maclean brothers rowed unaided from Peru to Australia and raised £1 million",,2026-10-09T07:45:00Z,original,,false,,https://www.dailymail.com/home/books/article-16193931/Three-brothers-10-000-miles-One-Boat-Read-extraordinary-story-Maclean-brothers-rowed-unaided-Peru-Australia-raised-1-million.html
gd-f80647332193,gdelt_gkg_v2,news,"Navratri 2026: ISKCON Dwarka offers special satvik menu with sabudana tikki, kuttu paneer pakora, samak pulao",,2026-10-09T07:45:00Z,original,,false,,https://www.moneycontrol.com/lifestyle/navratri-2026-iskcon-dwarka-offers-special-satvik-menu-with-sabudana-tikki-kuttu-paneer-pakora-samak-pulao-article-14048424.html
gd-f83d00b6a2bf,gdelt_gkg_v2,news,"'Too little, too late', says Soweto resident after Home Affairs asylum directive withdrawal",,2026-10-09T07:45:00Z,original,,false,,https://www.ewn.co.za/2026/10/09/too-little-too-late-says-soweto-resident-after-home-affairs-asylum-directive-withdrawal
gd-faca7638bdf8,gdelt_gkg_v2,news,46 Travelers Share Their Most Absurd TSA Experiences,,2026-10-09T07:45:00Z,original,,false,,https://www.boredpanda.com/stupid-reasons-tsa-stopped-people-stories/?cexp_id=162727&_f=homepage_featured&cexp_var=19
gd-fb3157218b99,gdelt_gkg_v2,news,Deep River Friends Meeting protected by Preservation N.C.,,2026-10-09T07:45:00Z,original,,false,,https://www.yesweekly.com/news/jamestown_news/deep-river-friends-meeting-protected-by-preservation-n-c/article_f4876fc8-e32b-4ef6-866b-1ddb6c3870b6.html
gd-fbe28098c9e6,gdelt_gkg_v2,news,Consolidated budget revenues and expenditures for nine months announced,,2026-10-09T07:45:00Z,original,,false,,https://en.apa.az/finance/consolidated-budget-revenues-and-expenditures-for-nine-months-announced-529052
gd-fc71c25e6e4b,gdelt_gkg_v2,news,Attempted break-in on local CFA station,,2026-10-09T07:45:00Z,original,,false,,https://www.krock.com.au/local-news/attempted-break-in-on-local-cfa-station/
gd-fcf5f8ccbe00,gdelt_gkg_v2,news,Editorial: Downstream effects,,2026-10-09T07:45:00Z,original,,false,,https://www.rutlandherald.com/opinion/editorials/editorial-downstream-effects/article_65da27b9-2324-5656-b617-35717f6585cc.html
gd-fd54068d6372,gdelt_gkg_v2,news,God blessed us with plenty. How do we give it away wisely?,,2026-10-09T07:45:00Z,original,,false,,https://news.crossmap.com/2026/10/09/god-blessed-us-with-plenty-how-do-we-give-it-away-wisely/
gd-fd8e8240ecee,gdelt_gkg_v2,news,Phish Postpone Saturday Alabama Show,,2026-10-09T07:45:00Z,original,,false,,https://jambands.com/news/2026/10/08/phish-postpone-saturday-alabama-show/
gd-fe49b27ab704,gdelt_gkg_v2,news,Shreya Ghoshal on reuniting with Sonu Nigam for 'Tujh Mein Basi Meri Jaan': 'Singing with him always brings a special feeling',,2026-10-09T07:45:00Z,original,,false,,https://ianslive.in/shreya-ghoshal-on-reuniting-with-sonu-nigam-for-tujh-mein-basi-meri-jaan-singing-with-him-always-brings-a-special-feeling--20261009112703
gd-fecf3b284981,gdelt_gkg_v2,news,"US$5 million Gwanda solar project funds blown on Dubai shoes, America spending spree — Chivayo's brother",,2026-10-09T07:45:00Z,original,,false,,https://www.newzimbabwe.com/us5-million-gwanda-solar-project-funds-blown-on-dubai-shoes-america-spending-spree-chivayos-brother/
gd-ffe3f4fb7e89,gdelt_gkg_v2,news,LGE 2026: Political parties call for upkeep of Joburg's parks and pools,,2026-10-09T07:45:00Z,original,,false,,https://www.ewn.co.za/2026/10/09/lge-2026-political-parties-call-for-upkeep-of-joburg-s-parks-and-pools
gd-ffea0a8524ec,gdelt_gkg_v2,news,Kansas fuel experts say Trump's diesel executive order more complicated than it seems,,2026-10-09T07:45:00Z,original,,false,,https://www.kctv5.com/2026/10/08/kansas-fuel-experts-say-trumps-diesel-executive-order-more-complicated-than-it-seems/
gd-fffe845cd97a,gdelt_gkg_v2,news,Why are so many Americans down in the dumps despite great prosperity?,,2026-10-09T07:45:00Z,original,,false,,https://www.vindy.com/opinion/editorials/2026/10/why-are-so-many-americans-down-in-the-dumps-despite-great-prosperity/
gd-01c8b5c87a23,gdelt_gkg_v2,news,Where are Gogglebox's Steph and Dom now including heartbreaking death,,2026-10-09T08:00:00Z,original,,false,,https://www.mirror.co.uk/3am/celebrity-news/goggleboxs-steph-dom-now-including-37752460
gd-01d400fcb736,gdelt_gkg_v2,news,Bangkok Post - Benjakitti Park stays open but with limits during IMF-World Bank meetings,,2026-10-09T08:00:00Z,original,,false,,https://www.bangkokpost.com/thailand/general/3334269/benjakitti-park-stays-open-but-with-limits-during-imfworld-bank-meetings
gd-027d8a191174,gdelt_gkg_v2,news,Bangkok Post - Nene Royal opts for lump-sum AGT prize,,2026-10-09T08:00:00Z,original,,false,,https://www.bangkokpost.com/life/arts-and-entertainment/3334248/nene-royal-opts-for-lumpsum-agt-prize
gd-03b0f9e47bc2,gdelt_gkg_v2,news,Cameron Winter: Live at Carnegie Hall,,2026-10-09T08:00:00Z,original,,false,,https://pitchfork.com/reviews/albums/cameron-winter-live-at-carnegie-hall/
gd-0442b4de3844,gdelt_gkg_v2,news,Star's nearly barefoot red carpet look divides the internet,,2026-10-09T08:00:00Z,original,,false,,https://www.cairnspost.com.au/entertainment/alexander-skarsgrd-divides-internet-with-nearly-barefoot-look/news-story/ab249edefaf07e3990041e257f3e4f20?nk=184c0e527d33e0a6e6363280c0381d50-1791531993
gd-04bc4f5d2cf2,gdelt_gkg_v2,news,"Saudi Arabia to 'punish' Houthis, Trump rules out Iran attack and Musk's Boring Company signs Abu Dhabi deal",,2026-10-09T08:00:00Z,original,,false,,https://www.thenationalnews.com/podcasts/trending-middle-east/2026/10/09/saudi-arabia-to-punish-houthis-trump-rules-out-iran-attack-and-musks-boring-company-signs-abu-dhabi-deal/
gd-054d5d214749,gdelt_gkg_v2,news,Armenia-Iran relations set to reach a new level,,2026-10-09T08:00:00Z,original,,false,,https://www.aysor.am/en/news/2026/10/09/%D5%B0%D5%B0-%D5%AB%D6%80%D5%A1%D5%B6/2432893
gd-0567e1ee771f,gdelt_gkg_v2,news,"Trial drone program covers about 73% of Benton, with 10 FAA-licensed pilots",,2026-10-09T08:00:00Z,original,,false,,https://katv.com/news/local/trial-drone-program-covers-about-73-of-benton-with-10-faa-licensed-pilots-katv-news-share-inform-public-community
gd-076dd54224e7,gdelt_gkg_v2,news,"US Treasury yields risk hitting 6% amid debt and inflation fears, says PIMCO",,2026-10-09T08:00:00Z,original,,false,,https://www.bankingnews.gr/diethni/articles/904215/us-treasury-yields-risk-hitting-6-amid-debt-and-inflation-fears-says-pimco
gd-07a6195a05a8,gdelt_gkg_v2,news,Republican candidates take the stage in Northern Panhandle,,2026-10-09T08:00:00Z,original,,false,,https://www.heraldstaronline.com/news/local-news/2026/10/republican-candidates-take-the-stage-in-northern-panhandle/
gd-0849180bdc5f,gdelt_gkg_v2,news,'It Was a S- Show': Charlie Cox Has a Savage Response to Mike Colter Spoiling Defenders' Return - Comic Book Movies and Superhero Movie News,,2026-10-09T08:00:00Z,original,,false,,https://www.superherohype.com/news/698446-charlie-cox-savage-reply-mike-colter-mcu-spoiler
gd-0896385ff7cb,gdelt_gkg_v2,news,"Xcel Energy sells U.P. operations to SEMCO, UPPCO",,2026-10-09T08:00:00Z,original,,false,,https://www.miningjournal.net/news/front-page-news/2026/10/xcel-energy-sells-u-p-operations-to-semco-uppco/
gd-08b44d6ec40b,gdelt_gkg_v2,news,Somerset Art Weeks Festival closes after 16-day event | Chard & Ilminster News,,2026-10-09T08:00:00Z,original,,false,,https://www.chardandilminsternews.co.uk/news/26618193.somerset-art-weeks-festival-closes-16-day-event/
gd-091cd3285d54,gdelt_gkg_v2,news,Lake District guest house owners want it to be private home,,2026-10-09T08:00:00Z,original,,false,,https://www.timesandstar.co.uk/news/26619234.lake-district-guest-house-owners-want-private-home/
gd-096fd0db0685,gdelt_gkg_v2,news,"Bangkok Post - Nearly 30 years after IMF rescue, Thailand faces new economic test",,2026-10-09T08:00:00Z,original,,false,,https://www.bangkokpost.com/business/general/3334285/nearly-30-years-after-imf-rescue-thailand-faces-new-economic-test
gd-099d660637ee,gdelt_gkg_v2,news,BJP Kerala Assembly: BJP to question legitimacy of Keralam Assembly amid Congress protest against CEC,,2026-10-09T08:00:00Z,original,,false,,https://economictimes.indiatimes.com/news/politics-and-nation/bjp-to-question-legitimacy-of-keralam-assembly-amid-congress-protest-against-cec/articleshow/134817891.cms
gd-09ecd13a55e8,gdelt_gkg_v2,news,Godrej Enterprises Group launches Season 2 of 'Be All You Can' podcast,,2026-10-09T08:00:00Z,original,,false,,https://www.adgully.com/post/22003/godrej-enterprises-group-launches-season-2-of-be-all-you-can-podcast
gd-0b5348a79224,gdelt_gkg_v2,news,Hundreds attend first Telford 6th open event,,2026-10-09T08:00:00Z,original,,false,,https://www.shropshirelive.com/news/2026/10/09/hundreds-attend-first-telford-6th-open-event/
gd-0c5dbab6370d,gdelt_gkg_v2,news,India hits back at JD Vance over 'deeply offensive' remarks; says US PERM move won't affect existing H-1B visas,,2026-10-09T08:00:00Z,original,,false,,https://www.moneycontrol.com/news/india/india-hits-back-at-jd-vance-over-deeply-offensive-remarks-says-us-perm-move-won-t-affect-existing-h-1b-visas-14048450.html
gd-0ca1bc3f3909,gdelt_gkg_v2,news,National health study seeks black volunteers in Somerset,,2026-10-09T08:00:00Z,original,,false,,https://www.chardandilminsternews.co.uk/news/26618021.national-health-study-seeks-black-volunteers-somerset/
gd-0d75d487bbad,gdelt_gkg_v2,news,"Watches win, pharma waits as Swiss-India trade deal turns one",,2026-10-09T08:00:00Z,original,,false,,https://www.swissinfo.ch/eng/swiss-trade/explainer-watches-win-pharma-waits-as-swiss-india-trade-deal-turns-one/92183947
gd-0e89766f0a79,gdelt_gkg_v2,news,"Tropfest heads back to The Domain, NSW Government commits $2.7m",,2026-10-09T08:00:00Z,original,,false,,https://if.com.au/tropfest-heads-back-to-the-domain-nsw-government-commits-2-7m/
gd-0ed1c36b8f3d,gdelt_gkg_v2,news,"Seattle DJC.com local business news and data - Weekend - Caregivers need to take care of themselves, too",,2026-10-09T08:00:00Z,original,,false,,https://www.djc.com/news/le/12178179.html
gd-0ef6fc2bd80f,gdelt_gkg_v2,news,"Daredevil: Born Again Season 3 Trailer Brings Back Defenders, Wilson Fisk & So Much More - Comic Book Movies and Superhero Movie News",,2026-10-09T08:00:00Z,original,,false,,https://www.superherohype.com/news/698471-daredevil-born-again-season-3-trailer-description
gd-0f888196bbf9,gdelt_gkg_v2,news,"The Trump administration is suspending Microsoft from a green card program, alleging fraud | News, Sports, Jobs",,2026-10-09T08:00:00Z,original,,false,,https://www.lahainanews.com/wire/?category=5035&ID=400074
gd-0fa5307a3743,gdelt_gkg_v2,news,Somerset Art Weeks Festival showcases hundreds of artists | Burnham and Highbridge Weekly News,,2026-10-09T08:00:00Z,original,,false,,https://www.burnhamandhighbridgeweeklynews.co.uk/leisure/26618189.somerset-art-weeks-festival-showcases-hundreds-artists/
gd-1056eeed9322,gdelt_gkg_v2,news,The Middle East 10/8/2026…Houthi's hit a Jetliner at Saudi Airport…,,2026-10-09T08:00:00Z,original,,false,,https://politicaldog101.com/2026/10/the-middle-east-10-8-2026-houthis-hit-a-jetliner-at-saudi-airport/
gd-1152f506e450,gdelt_gkg_v2,news,OPINION: MAGA media's election denial in LA mayoral race is a warning for the midterms | Opinion,,2026-10-09T08:00:00Z,original,,false,,https://www.ivpressonline.com/opinion/opinion-maga-media-s-election-denial-in-la-mayoral-race-is-a-warning-for-the/article_3e36f51f-2fb3-4a78-a44e-efe801045db9.html
gd-1172bbd0dbc8,gdelt_gkg_v2,news,Santa Fe school board audits audio surveillance system after spying concerns,,2026-10-09T08:00:00Z,original,,false,,https://www.santafenewmexican.com/news/education/santa-fe-school-board-audits-audio-surveillance-system-after-spying-concerns/article_0bae9f0b-2706-4f67-b91d-3921a18f5c7e.html
gd-1219c7f464b5,gdelt_gkg_v2,news,"Hexagon to acquire Rocscience, closing the loop between real-world monitoring and advanced simulation",,2026-10-09T08:00:00Z,original,,false,,https://www.prnewswire.com/news-releases/hexagon-to-acquire-rocscience-closing-the-loop-between-real-world-monitoring-and-advanced-simulation-302903322.html
gd-133de8cc4c12,gdelt_gkg_v2,news,President Ilham Aliyev attends expanded-format meeting of Council of Heads of State of CIS,,2026-10-09T08:00:00Z,original,,false,,https://www.trend.az/azerbaijan/4232862.html
gd-13682d9b715d,gdelt_gkg_v2,news,"Anita Devi vs The State Of Jharkhand on 6 October, 2026",,2026-10-09T08:00:00Z,original,,false,,https://indiankanoon.org/doc/165222479/
gd-13a60a5c95f3,gdelt_gkg_v2,news,Labour retains Starmer's Holborn seat defeating Green leader Zack Polanski | Burnham and Highbridge Weekly News,,2026-10-09T08:00:00Z,original,,false,,https://www.burnhamandhighbridgeweeklynews.co.uk/news/national/26620984.labour-retains-starmers-holborn-seat-defeating-green-leader-zack-polanski/
gd-13d5686b1f98,gdelt_gkg_v2,news,Warm Home Discount 2026 - who qualifies and which energy suppliers,,2026-10-09T08:00:00Z,original,,false,,https://www.thenorthernecho.co.uk/news/26621098.warm-home-discount-2026---qualifies-energy-suppliers/
gd-13fe23fc150e,gdelt_gkg_v2,news,"Rogers, El-Sayed debate gets hostile as candidates clash in pivotal US Senate race",,2026-10-09T08:00:00Z,original,,false,,https://www.wnmufm.org/local-regional-news/2026-10-09/rogers-el-sayed-debate-gets-hostile-as-candidates-clash-in-pivotal-us-senate-race
gd-143001459172,gdelt_gkg_v2,news,Arab News | Jameel Arts & Health Lab highlights healing power of arts at UN General Assembly in NYC,,2026-10-09T08:00:00Z,original,,false,,https://www.arabnews.com/art-culture/jameel-arts-health-lab-highlights-healing-power-of-arts-at-un-general-assembly-in-nyc-3005326
gd-148367e4621d,gdelt_gkg_v2,news,JI demands retest for top 100 MDCAT 2026 candidates,,2026-10-09T08:00:00Z,original,,false,,https://arynews.tv/ji-demands-retest-for-top-100-mdcat-2026-candidates
gd-15d8ba6d0c0e,gdelt_gkg_v2,news,PM Shehbaz urges Houthis to immediately stop attacks on Saudi Arabia,,2026-10-09T08:00:00Z,original,,false,,https://arynews.tv/pm-shehbaz-urges-houthis-to-immediately-stop-attacks-on-saudi-arabia
gd-165d13f3c988,gdelt_gkg_v2,news,Siemens to digitalize one of Europe's largest renewable hydrogen projects,,2026-10-09T08:00:00Z,original,,false,,https://www.chemeurope.com/en/news/1190049/siemens-to-digitalize-one-of-europe-s-largest-renewable-hydrogen-projects.html
gd-1706a340d3f3,gdelt_gkg_v2,news,Shropshire Council urges London borough authority to drop 'unsuitable' Stoke Heath housing plans,,2026-10-09T08:00:00Z,original,,false,,https://www.shropshirelive.com/news/2026/10/09/shropshire-council-urges-london-borough-authority-to-drop-unsuitable-stoke-heath-housing-plans/
gd-170ca05432a4,gdelt_gkg_v2,news,"PM Sharif, Fazlur Rehman 'discuss' political situation, PTI long march",,2026-10-09T08:00:00Z,original,,false,,https://arynews.tv/pm-sharif-fazlur-rehman-discuss-political-situation-pti-long-march
gd-182da9efee29,gdelt_gkg_v2,news,Girl scout alums reunite and reminisce at Camp Hoffman,,2026-10-09T08:00:00Z,original,,false,,https://www.thewesterlysun.com/daily-news-alerts/girl-scout-alums-reunite-and-reminisce-at-camp-hoffman/article_6da7ac3d-adfb-463c-9e45-33da59fe6a58.html
gd-188d67a2cfcf,gdelt_gkg_v2,news,Supreme Court orders expert panel on unethical pharma marketing practices,,2026-10-09T08:00:00Z,original,,false,,https://www.adgully.com/post/21993/supreme-court-orders-expert-panel-on-unethical-pharma-marketing-practices
gd-18ef8f110141,gdelt_gkg_v2,news,₹199 + ₹299 + ₹499 are eating your salary quietly: How to track subscriptions and recurring expenses automatically,,2026-10-09T08:00:00Z,original,,false,,https://economictimes.indiatimes.com/industry/banking/finance/199-299-499-are-eating-your-salary-quietly-how-to-track-subscriptions-and-recurring-expenses-automatically/articleshow/134788755.cms
gd-1a42ff7ae8a8,gdelt_gkg_v2,news,Listed Northumberland castle to reopen after £1.5m upgrades,,2026-10-09T08:00:00Z,original,,false,,https://www.hexham-courant.co.uk/news/26610759.listed-northumberland-castle-reopen-1-5m-upgrades/
gd-1acd0a34dee3,gdelt_gkg_v2,news,Seattle DJC.com local business news and data - Weekend - Library opens Puerto Rico exhibit,,2026-10-09T08:00:00Z,original,,false,,https://www.djc.com/news/le/12178184.html
gd-1b2ed07ae79a,gdelt_gkg_v2,news,I tried no-wipe shower cleaner to banish bathroom grime and results surprised me,,2026-10-09T08:00:00Z,original,,false,,https://www.mirror.co.uk/lifestyle/tried-no-wipe-shower-cleaner-37740731
gd-1b4a7f42bfdd,gdelt_gkg_v2,news,Shropshire Chamber calls on firms to strengthen commitment to staff wellbeing,,2026-10-09T08:00:00Z,original,,false,,https://www.shropshirelive.com/business/2026/10/09/shropshire-chamber-calls-on-firms-to-strengthen-commitment-to-staff-wellbeing/
gd-1b50448e6b2c,gdelt_gkg_v2,news,Netflix Announces New Bridgerton Prequel Series Centred on Violet and Edmund,,2026-10-09T08:00:00Z,original,,false,,https://www.5rm.com.au/trending/entertainment/netflix-announces-new-bridgerton-prequel-series-centred-on-violet-and-edmund/
gd-1bde42fb7152,gdelt_gkg_v2,news,Finance Minister Aurangzeb Advocates for Enhanced SME and Housing Financing,,2026-10-09T08:00:00Z,original,,false,,https://newsmakers.pk/finance-minister-aurangzeb-advocates-for-enhanced-sme-and-housing-financing/
gd-1d6442545e96,gdelt_gkg_v2,news,Telford & Wrekin Council balances the books and continues to invest across Borough,,2026-10-09T08:00:00Z,original,,false,,https://www.shropshirelive.com/news/2026/10/09/telford-wrekin-council-balances-the-books-and-continues-to-invest-across-borough/
gd-1defd2eeb2fa,gdelt_gkg_v2,news,Victoria Coates warns of 'broader agenda' behind violent European protests,,2026-10-09T08:00:00Z,original,,false,,https://www.alipac.us/f13/victoria-coates-warns-broader-agenda-behind-violent-european-protests-442244/
gd-1f0819cfbd80,gdelt_gkg_v2,news,ICFB announces Farmer of the Year,,2026-10-09T08:00:00Z,original,,false,,https://www.ivpressonline.com/business/icfb-announces-farmer-of-the-year/article_68602061-ce78-40e7-abf3-945914d988f2.html
gd-1f6a619f5ab8,gdelt_gkg_v2,news,"Gleneith Border Leicester 2026 ram sale results, top price | The Land",,2026-10-09T08:00:00Z,original,,false,,https://www.theland.com.au/story/9365653/gleneith-border-leicester-2026-ram-sale-results-top-price/
gd-1f716226946c,gdelt_gkg_v2,news,Community advocates announce free concert celebrating residential advocacy,,2026-10-09T08:00:00Z,original,,false,,https://www.ivpressonline.com/news/community-advocates-announce-free-concert-celebrating-residential-advocacy/article_4f8df1f0-3df4-4fb5-bbc2-a19128f41f31.html
gd-2081f7421f12,gdelt_gkg_v2,news,"New M&S Foodhall, Starbucks and shops planned for Workington",,2026-10-09T08:00:00Z,original,,false,,https://www.timesandstar.co.uk/news/26618413.new-m-s-foodhall-starbucks-shops-planned-workington/
gd-20de1ebfecf4,gdelt_gkg_v2,news,$5.2M federal grant supports U.P. Nickel exploration in Baraga Basin,,2026-10-09T08:00:00Z,original,,false,,https://www.miningjournal.net/news/local/2026/10/5-2m-federal-grant-supports-u-p-nickel-exploration-in-baraga-basin/
gd-211e1bd74069,gdelt_gkg_v2,news,"How to Change Your Location on Life360 Without ""Location Paused"" Alerts",,2026-10-09T08:00:00Z,original,,false,,https://www.gizchina.com/sponsored-2/how-to-change-your-location-on-life360-without-location-paused-alerts
gd-22030aff6594,gdelt_gkg_v2,news,Drivers urged to slow down after deer killed in Prudhoe,,2026-10-09T08:00:00Z,original,,false,,https://www.hexham-courant.co.uk/news/26616926.drivers-urged-slow-deer-killed-prudhoe/
gd-234f46d39d2d,gdelt_gkg_v2,news,OpenAI says it has fired three researchers for violating sensitive information policy,,2026-10-09T08:00:00Z,original,,false,,https://bworldonline.com/technology/2026/10/09/785871/openai-says-it-has-fired-three-researchers-for-violating-sensitive-information-policy/
gd-23553db38d3f,gdelt_gkg_v2,news,THE MEX FACTOR: Why Imperial Valley voters should reject every new tax on the ballot,,2026-10-09T08:00:00Z,original,,false,,https://www.ivpressonline.com/opinion/the-mex-factor-why-imperial-valley-voters-should-reject-every-new-tax-on-the-ballot/article_091fb159-0049-4404-b55f-f0c300c6cae2.html
gd-23b8c559f3a1,gdelt_gkg_v2,news,Puducherry bypoll result: AINRC retains Thattanchavady seat with huge margin,,2026-10-09T08:00:00Z,original,,false,,https://www.thehindu.com/news/cities/puducherry/puducherry-bypoll-result-ainrc-retains-thattanchavady-as-ashok-anand-secures-13358-votes/article71562942.ece
gd-23e39a28e8f6,gdelt_gkg_v2,news,Seattle DJC.com local business news and data - Real Estate - 88 Roosevelt units sell for over $17M,,2026-10-09T08:00:00Z,original,,false,,https://www.djc.com/news/re/12178190.html
gd-240f41509628,gdelt_gkg_v2,news,"""Building Trusted Foundations for Digital Finance"" - Keynote Address by Mr Chia Der Jiun, Managing Director, Monetary Authority of Singapore, at INSEAD Digital Finance & Agentic AI Summit on 9 October 2026",,2026-10-09T08:00:00Z,original,,false,,https://www.mas.gov.sg/news/speeches/2026/building-trusted-foundations-for-digital-finance
gd-24156cbd91ee,gdelt_gkg_v2,news,Kalahandi villages reels under 10-day water crisis as Vasudha supply stops,,2026-10-09T08:00:00Z,original,,false,,https://www.orissapost.com/kalahandi-villages-reels-under-10-day-water-crisis-as-vasudha-supply-stops/
gd-24cb6b8c8041,gdelt_gkg_v2,news,Cockermouth Repair Café to celebrate first birthday,,2026-10-09T08:00:00Z,original,,false,,https://www.timesandstar.co.uk/news/26618544.cockermouth-repair-caf-celebrate-first-birthday/
gd-2553c92e78c6,gdelt_gkg_v2,news,WPP appoints Tyler Turnbull as CEO of WPP Creative,,2026-10-09T08:00:00Z,original,,false,,https://www.adgully.com/post/21994/wpp-appoints-tyler-turnbull-as-ceo-of-wpp-creative
gd-262a1b809b3d,gdelt_gkg_v2,news,Hexham veteran runs fifth 50-mile ultramarathon for charity,,2026-10-09T08:00:00Z,original,,false,,https://www.hexham-courant.co.uk/news/26618795.hexham-veteran-runs-fifth-50-mile-ultramarathon-charity/
gd-26bfcb5cf024,gdelt_gkg_v2,news,Yeovil wellness centre with saunas and ice baths approved,,2026-10-09T08:00:00Z,original,,false,,https://www.chardandilminsternews.co.uk/news/26620070.yeovil-wellness-centre-saunas-ice-baths-approved/
gd-26d43af0054c,gdelt_gkg_v2,news,Mum says Black History Month makes the table wider,,2026-10-09T08:00:00Z,original,,false,,https://www.sthelensstar.co.uk/news/26620406.mum-says-black-history-month-makes-table-wider/
gd-271e668d7192,gdelt_gkg_v2,news,"Weekly Horoscope, October 12-18, 2026: Emotional Changes, Career Decisions and Financial Advice for Every Sign as Navratri Celebrations Begin",,2026-10-09T08:00:00Z,original,,false,,https://economictimes.indiatimes.com/astrology/horoscope/weekly-horoscope-october-12-18-2026-emotional-changes-career-decisions-and-financial-advice-for-every-sign-as-navratri-celebrations-begin/articleshow/134819072.cms
gd-272d7954191d,gdelt_gkg_v2,news,"Mahesh Yadav vs The State Of Jharkhand on 7 October, 2026",,2026-10-09T08:00:00Z,original,,false,,https://indiankanoon.org/doc/165056156/
gd-275a5eb224b5,gdelt_gkg_v2,news,Andy Burnham on major petrol station price change from today,,2026-10-09T08:00:00Z,original,,false,,https://www.chardandilminsternews.co.uk/news/26620791.andy-burnham-major-petrol-station-price-change-today/
gd-27ea2882a991,gdelt_gkg_v2,news,Major road in Rhyl to close for two weeks for resurfacing,,2026-10-09T08:00:00Z,original,,false,,https://www.rhyljournal.co.uk/news/26613165.major-road-rhyl-close-two-weeks-resurfacing/
gd-282c45048302,gdelt_gkg_v2,news,Livingston Parish Council calls for state review after bank account information exposed,,2026-10-09T08:00:00Z,original,,false,,https://www.wafb.com/2026/10/09/livingston-parish-council-calls-state-review-after-bank-account-information-exposed/
gd-286782161c8c,gdelt_gkg_v2,news,Seattle DJC.com local business news and data - Weekend - After Hours: Opera composer begins residency,,2026-10-09T08:00:00Z,original,,false,,https://www.djc.com/news/le/12178183.html
gd-286bde3a5ce2,gdelt_gkg_v2,news,Garda Commissioner Estimates Trump Doonbeg Visit Cost State 'Around €30 Million',,2026-10-09T08:00:00Z,original,,false,,https://www.clare.fm/news/garda-commissioner-estimates-trump-doonbeg-visit-cost-state-around-e30-million/
gd-28ea8d03732e,gdelt_gkg_v2,news,Sapulpa Police Department holds 3rd annual Brews for K9 Crews fundraiser,,2026-10-09T08:00:00Z,original,,false,,https://fox23.com/news/local/sapulpa-police-department-holds-3rd-annual-brews-for-k9-crews-fundraiser
gd-29345c0e3e36,gdelt_gkg_v2,news,Manifest Tralala şarkı sözleri: Manifest Tralala şarkı sözleri neler?,,2026-10-09T08:00:00Z,original,,false,,https://www.haberler.com/haber/manifest-tralala-sarki-sozleri-manifest-tralala-20312301-haberi/
gd-29cec1ef3cb3,gdelt_gkg_v2,news,"A1 northbound delays after crash near Team Valley, Gateshead",,2026-10-09T08:00:00Z,original,,false,,https://www.thenorthernecho.co.uk/news/26621092.a1-northbound-delays-crash-near-team-valley-gateshead/
gd-2a2170953336,gdelt_gkg_v2,news,MEXICALI BRIEFS: Mexicali Valley faces impending crisis following allotment cuts,,2026-10-09T08:00:00Z,original,,false,,https://www.ivpressonline.com/news/mexicali-briefs-mexicali-valley-faces-impending-crisis-following-allotment-cuts/article_b1791fa7-22ef-4020-a773-295d25275268.html
gd-2b59c245c402,gdelt_gkg_v2,news,Hawaii Kīlauea volcano rumbling closes popular national park trail,,2026-10-09T08:00:00Z,original,,false,,https://nypost.com/2026/10/09/us-news/hawaii-kilauea-volcano-rumbling-closes-popular-national-park-trail/
gd-2ca5a2113762,gdelt_gkg_v2,news,Aussies smash 6pc savings ceiling for first time since 2011,,2026-10-09T08:00:00Z,original,,false,,https://www.realestate.com.au/news/aussies-smash-6pc-savings-ceiling-for-first-time-since-2011/
gd-2cd5bb72332a,gdelt_gkg_v2,news,Home-Start Cymru aiming to recruit more volunteers,,2026-10-09T08:00:00Z,original,,false,,https://www.rhyljournal.co.uk/news/26620510.home-start-cymru-aiming-recruit-volunteers/
gd-2d04b3e15608,gdelt_gkg_v2,news,Ramaphosa: Government Weighs Interventions as Petrol Tops R30 a Litre,,2026-10-09T08:00:00Z,original,,false,,https://dailydispatch.co.za/news/2026-10-09-government-looking-to-ease-pain-of-fuel-hike-says-ramaphosa/
gd-2d1b747d7096,gdelt_gkg_v2,news,Seattle DJC.com local business news and data - Architecture & Engineering - Bellevue's Big Picture School moves to Eastgate,,2026-10-09T08:00:00Z,original,,false,,https://www.djc.com:443/news/ae/12178189.html
gd-2d457b089795,gdelt_gkg_v2,news,"US 10-year Treasury yields risk hitting 6% for first time since 2000, Pimco says",,2026-10-09T08:00:00Z,original,,false,,https://www.moneycontrol.com/news/opinion/us-10-year-treasury-yields-risk-hitting-6-for-first-time-since-2000-pimco-says-14048452.html
gd-2dad6df7a16c,gdelt_gkg_v2,news,Ringo Starr becomes emotional as he remembers how he learned John Lennon had been shot,,2026-10-09T08:00:00Z,original,,false,,https://www.mirror.co.uk/3am/celebrity-news/ringo-starr-becomes-emotional-remembers-37736842
gd-2ddf2f2fc8d9,gdelt_gkg_v2,news,Major award for the Blue Goat in Ramelton,,2026-10-09T08:00:00Z,original,,false,,https://donegalnews.com/major-award-for-the-blue-goat-in-ramelton/
gd-2f805866b336,gdelt_gkg_v2,news,Gold panner jailed for vandalising railway line,,2026-10-09T08:00:00Z,original,,false,,https://bulawayo24.com/index-id-news-sc-national-byo-267587.html
gd-2fd23e771949,gdelt_gkg_v2,news,950-Unit Builder's Remedy Plan Stirs Monterey County | News,,2026-10-09T08:00:00Z,original,,false,,https://www.montereycountynow.com/news/local_news/a-builder-s-remedy-proposal-for-nearly-1-000-apartments-on-highway-68-stirs-concerns/article_2443e7f8-963f-41e4-85a2-ee862689374e.html
gd-2fd7e8c85aab,gdelt_gkg_v2,news,The Morning Briefing: Don't Get Too Excited About the AWOL Dem Candidates,,2026-10-09T08:00:00Z,original,,false,,https://pjmedia.com/stephen-kruiser/2026/10/08/the-morning-briefing-dont-get-too-excited-about-the-awol-dem-candidates-n4958118
gd-304651923866,gdelt_gkg_v2,news,"The Borah Symposium brought ""Love+War"" to the big screen – The Argonaut",,2026-10-09T08:00:00Z,original,,false,,https://www.uiargonaut.com/2026/10/08/the-borah-symposium-brought-lovewar-to-the-big-screen/
gd-309a533141ee,gdelt_gkg_v2,news,"India moves to regulate AI, floats tenders for 13,000 GPUs: MeitY IT Secretary S. Krishnan",,2026-10-09T08:00:00Z,original,,false,,https://www.adgully.com/post/21990/india-moves-to-regulate-ai-floats-tenders-for-13000-gpus-meity-it-secretary-s-krishnan
gd-30acc4f426c6,gdelt_gkg_v2,news,"India reacts to US' PERM move against IT cos Infosys to Wipro, says Vance's 'indentured servants' comments 'unwarranted'",,2026-10-09T08:00:00Z,original,,false,,https://economictimes.indiatimes.com/nri/latest-updates/india-reacts-to-us-perm-move-against-it-cos-infosys-to-wipro-says-vances-indentured-servants-comments-unwarranted/articleshow/134819394.cms
gd-316f896eac5a,gdelt_gkg_v2,news,2027: INEC's plan to introduce AI in electoral process sparks reactions,,2026-10-09T08:00:00Z,original,,false,,https://dailypost.ng/2026/10/09/2027-inecs-plan-to-introduce-ai-in-electoral-process-sparks-reactions/
gd-31784e78a8f9,gdelt_gkg_v2,news,Weirton announces Fall Clean Up dates - The Herald Star,,2026-10-09T08:00:00Z,original,,false,,https://www.heraldstaronline.com/news/local-news/2026/10/weirton-announces-fall-clean-up-dates/
gd-32224ca09a9d,gdelt_gkg_v2,news,Mornington Peninsula tradies fix pothole on Baxter-Tooradin Rd,,2026-10-09T08:00:00Z,original,,false,,https://www.cairnspost.com.au/motoring/on-the-road/council-cant-do-it-fedup-tradies-fix-notorious-mornington-peninsula-pothole/news-story/fd099924e271f4619d19463e016e548a?nk=a1270675e5686029222f6a23d3fee0b6-1791532020
gd-325b79475dd8,gdelt_gkg_v2,news,'Crazy Rich Asians' returns to HBO with old cast,,2026-10-09T08:00:00Z,original,,false,,https://arynews.tv/crazy-rich-asians-returns-to-hbo-with-old-cast
gd-33c810fd094f,gdelt_gkg_v2,news,"""Guess What? I Love You"" LP/Book Release",,2026-10-09T08:00:00Z,original,,false,,https://pridesource.com/events/guess-what-i-love-you-lp-book-release
gd-33cd060f277a,gdelt_gkg_v2,news,Australian Agriculture Awards: Westpac Innovation in Agriculture | The Land,,2026-10-09T08:00:00Z,original,,false,,https://www.theland.com.au/story/9361380/australian-agriculture-awards-westpac-innovation-in-agriculture/
gd-349deab38129,gdelt_gkg_v2,news,Andy Burnham unveils £48m partnership in bid to 'defeat' dementia | Burnham and Highbridge Weekly News,,2026-10-09T08:00:00Z,original,,false,,https://www.burnhamandhighbridgeweeklynews.co.uk/news/national/26621033.andy-burnham-unveils-gbp48m-partnership-bid-defeat-dementia/
gd-34dcd9a013f6,gdelt_gkg_v2,news,"KP Housing Minister Dr Amjad Ali abducted, says PTI",,2026-10-09T08:00:00Z,original,,false,,https://arynews.tv/kp-housing-minister-dr-amjad-ali-abducted-says-pti
gd-35a9722e0c61,gdelt_gkg_v2,news,The auditor is no longer alone. There's another intelligence in the room,,2026-10-09T08:00:00Z,original,,false,,https://economictimes.indiatimes.com/industry/services/consultancy-/-audit/ai-is-reshaping-the-future-of-auditing-creating-new-opportunities-and-changing-audit-jobs-deloitte-ey-kpmg-pwc-and-bdo/articleshow/134814978.cms
gd-36577edbefc7,gdelt_gkg_v2,news,'Build here. Scale here. Die here': IIT alumni group urges fair US immigration policies  amid green card visa cycle,,2026-10-09T08:00:00Z,original,,false,,https://economictimes.indiatimes.com/nri/latest-updates/build-here-scale-here-die-here-iit-alumni-group-urges-fair-us-immigration-policies-amid-green-card-visa-cycle/articleshow/134818508.cms
gd-36b36c047a06,gdelt_gkg_v2,news,New Zealand censor says it would be powerless to block livestreamed US execution,,2026-10-09T08:00:00Z,original,,false,,https://www.rnz.co.nz/news/world/1813340/new-zealand-censor-says-it-would-be-powerless-to-block-livestreamed-us-execution
gd-385ad41008ea,gdelt_gkg_v2,news,MEED | Major Kuwait generation projects await awards,,2026-10-09T08:00:00Z,original,,false,,https://www.meed.com:443/major-kuwait-generation-projects-await-awards
gd-388ec26a3338,gdelt_gkg_v2,news,How Does Annual Mileage Affect Car Insurance Decisions?,,2026-10-09T08:00:00Z,original,,false,,https://techstory.in/how-does-annual-mileage-affect-car-insurance-decisions/
gd-39aeae9d02e9,gdelt_gkg_v2,news,West Mercia Police welcomes new Assistant Chief Constable,,2026-10-09T08:00:00Z,original,,false,,https://www.shropshirelive.com/news/2026/10/09/west-mercia-police-welcomes-new-assistant-chief-constable/
gd-3ba559ac1480,gdelt_gkg_v2,news,"At Jerusalem's NatCon, Israel offers a lesson in family - Israel & Jewish News",,2026-10-09T08:00:00Z,original,,false,,https://www.jns.org/feature/at-jerusalems-natcon-israel-offers-a-lesson-in-family
gd-3dd6ed7862a3,gdelt_gkg_v2,news,UDM's Kwankwa Slams Incomplete Multimillion-Rand Projects in Buffalo City,,2026-10-09T08:00:00Z,original,,false,,https://dailydispatch.co.za/news/2026-10-09-kwankwa-slams-bcm-white-elephants/
gd-3e010df626da,gdelt_gkg_v2,news,"Legislative candidates for southern Santa Fe County seat highlight water, medical access issues",,2026-10-09T08:00:00Z,original,,false,,https://www.santafenewmexican.com/news/local_news/legislative-candidates-for-southern-santa-fe-county-seat-highlight-water-medical-access-issues/article_61cde396-cc59-4a8e-a5f1-8cc27b32f260.html
gd-3e691f4ac63c,gdelt_gkg_v2,news,Melanie C partners with Uber X Red Cross Clothing Drive as Sweat Tour hits Australia,,2026-10-09T08:00:00Z,original,,false,,https://www.cairnspost.com.au/entertainment/celebrity-life/melanie-c-caps-off-best-year-by-giving-back-to-second-home-australia-in-charity-clothing-drive/news-story/4cab8bd2ce8936a4ffa392cf7027a16f?nk=81071508d91bd77ebef7654b4cbc694b-1791532012
gd-3e8d9daf00ed,gdelt_gkg_v2,news,"US bars Microsoft, Adobe and Indian IT firms from worker visa programme",,2026-10-09T08:00:00Z,original,,false,,https://www.thenationalnews.com/business/2026/10/09/us-bars-microsoft-adobe-and-indian-it-firms-from-worker-visa-programme/
gd-4112904db9db,gdelt_gkg_v2,news,"QT Corp. to invest $49.6M, create 188 jobs",,2026-10-09T08:00:00Z,original,,false,,https://www.newsargus.com/news/local/qt-corp-to-invest-49-6m-create-188-jobs/article_78768e18-1376-589d-8884-7e56a62fad39.html
gd-4133d7882061,gdelt_gkg_v2,news,Driver given eight points for uninsured A595 offence,,2026-10-09T08:00:00Z,original,,false,,https://www.timesandstar.co.uk/news/26612119.driver-given-eight-points-uninsured-a595-offence/
gd-41364b94eec7,gdelt_gkg_v2,news,"NAP assesses Mutharika's first year in office: ""Foundations laid, Malawians still waiting for transformation""",,2026-10-09T08:00:00Z,original,,false,,https://www.malawivoice.com/2026/10/09/nap-assesses-mutharikas-first-year-in-office-foundations-laid-malawians-still-waiting-for-transformation/
gd-41bf4f953334,gdelt_gkg_v2,news,Indigenous Peoples Day: An opportunity to celebrate,,2026-10-09T08:00:00Z,original,,false,,https://www.santafenewmexican.com/opinion/editorials/indigenous-peoples-day-an-opportunity-to-celebrate/article_27d7eaa6-ada5-4c5f-af4d-c197a9a33dc8.html
gd-41c78ccdccf0,gdelt_gkg_v2,news,Putin to Attend CIS Summit in Turkmenistan,,2026-10-09T08:00:00Z,original,,false,,https://sputnikglobe.com/20261009/putin-to-attend-cis-summit-in-turkmenistan-1124854630.html
gd-41dbd5236a7e,gdelt_gkg_v2,news,Bangkok Post - Heavy downpour warning for 7 provinces on weekend,,2026-10-09T08:00:00Z,original,,false,,https://www.bangkokpost.com/thailand/general/3334224/heavy-downpour-warning-for-7-provinces-on-weekend
gd-41f232b29ce3,gdelt_gkg_v2,news,Letter to the editor | Use common sense when voting,,2026-10-09T08:00:00Z,original,,false,,https://www.tribdem.com/news/editorials/readers_forum/letter-to-the-editor-use-common-sense-when-voting/article_b178c7bb-2f57-44a8-8bbd-950cbffd8d5d.html
gd-42339b49aa2b,gdelt_gkg_v2,news,"Rajesh Kumar Sao vs The State Of Jharkhand on 6 October, 2026",,2026-10-09T08:00:00Z,original,,false,,https://indiankanoon.org/doc/20435171/
gd-424760b3b634,gdelt_gkg_v2,news,MEED | Adnoc secures Thailand LNG supply deal,,2026-10-09T08:00:00Z,original,,false,,https://www.meed.com:443/adnoc-secures-thailand-lng-supply-deal
gd-42fc8018e664,gdelt_gkg_v2,news,Somerset village could miss out on funding from new estate,,2026-10-09T08:00:00Z,original,,false,,https://www.chardandilminsternews.co.uk/news/26618280.somerset-village-miss-funding-new-estate/
gd-435ad2b7688d,gdelt_gkg_v2,news,"US green-card freeze hits TCS, Infosys, Wipro; GTRI warns of wider IT curbs",,2026-10-09T08:00:00Z,original,,false,,https://economictimes.indiatimes.com/nri/latest-updates/us-green-card-freeze-hits-tcs-infosys-wipro-gtri-warns-of-wider-it-curbs/articleshow/134815454.cms
gd-43ace4659d66,gdelt_gkg_v2,news,"Hanuman Ansh, Cocktail 2 create tourism BOOM: Kainchi Dham witnesses MASSIVE crowds; Italy bookings jump 38%",,2026-10-09T08:00:00Z,original,,false,,https://www.bollywoodhungama.com/news/bollywood/hanuman-ansh-cocktail-2-create-tourism-boom-kainchi-dham-witnesses-massive-crowds-italy-bookings-jump-38/
gd-43edadefa8da,gdelt_gkg_v2,news,African Union Names Sifiso Falala Interim CEO of Credit Rating Agency,,2026-10-09T08:00:00Z,original,,false,,https://allafrica.com/stories/202610090068.html
gd-4450061d46f4,gdelt_gkg_v2,news,Marketing Maven Ranks Among Top 25 PR Agencies for Crisis Communications in O'Dwyer's 2026 Rankings,,2026-10-09T08:00:00Z,original,,false,,http://www.prnewswire.com/news-releases/marketing-maven-ranks-among-top-25-pr-agencies-for-crisis-communications-in-odwyers-2026-rankings-302903232.html
gd-448adb42b323,gdelt_gkg_v2,news,Franklin High students march after classmate's death on campus,,2026-10-09T08:00:00Z,original,,false,,https://abc7.com/post/franklin-high-students-march-classmates-death-campus/19923922/
gd-4517477ae17e,gdelt_gkg_v2,news,'Mar-a-Lago face' is famous again after Susan Dell's White House remarks; what is it and how does it 'rewrite the rules of aging',,2026-10-09T08:00:00Z,original,,false,,https://economictimes.indiatimes.com/world/us/mar-a-lago-face-is-famous-again-after-susan-dells-white-house-remarks-what-is-it-and-how-does-it-rewrite-the-rules-of-aging/articleshow/134815366.cms
gd-4592c455d132,gdelt_gkg_v2,news,$5.2M federal grant supports U.P. nickel exploration in Baraga Basin,,2026-10-09T08:00:00Z,original,,false,,https://www.miningjournal.net/news/local/2026/10/5-2m-federal-grant-supports-u-p-nickel-exploration-in-baraga-basin-2/
gd-45ab071584ed,gdelt_gkg_v2,news,Seattle DJC.com local business news and data - Business - Long-term mortgage rate at highest level in nearly 3 years,,2026-10-09T08:00:00Z,original,,false,,https://www.djc.com/news/bu/12178176.html
gd-46ca0c4e2e4f,gdelt_gkg_v2,news,Daredevil's Future After Born Again Cancellation Just Got the Answer Fans Wanted - Comic Book Movies and Superhero Movie News,,2026-10-09T08:00:00Z,original,,false,,https://www.superherohype.com/news/698416-daredevil-born-again-matt-murdock-end-last-charlie-cox
gd-4741b2506171,gdelt_gkg_v2,news,Somerset leader Bill Revans on Agratas opportunity for Somerset | Burnham and Highbridge Weekly News,,2026-10-09T08:00:00Z,original,,false,,https://www.burnhamandhighbridgeweeklynews.co.uk/news/26609048.somerset-leader-bill-revans-agratas-opportunity-somerset/
gd-47b7de44974c,gdelt_gkg_v2,news,Medincell Announces the Temporary Suspension of Trading in Its Shares on Euronext Paris,,2026-10-09T08:00:00Z,original,,false,,https://www.finanznachrichten.de/nachrichten-2026-10/69796176-medincell-announces-the-temporary-suspension-of-trading-in-its-shares-on-euronext-paris-004.htm
gd-47c0f01c563b,gdelt_gkg_v2,news,"Ethics reform first, then we can discuss legislative pay",,2026-10-09T08:00:00Z,original,,false,,https://www.santafenewmexican.com/opinion/letters_to_editor/ethics-reform-first-then-we-can-discuss-legislative-pay/article_8759a1c0-167c-44be-8b66-f0d2b9e6ccb7.html
gd-484253d792a3,gdelt_gkg_v2,news,Ready to go electric? What to know before making the switch,,2026-10-09T08:00:00Z,original,,false,,https://bworldonline.com/spotlight/2026/10/09/785866/ready-to-go-electric-what-to-know-before-making-the-switch/
gd-4858df4cbb40,gdelt_gkg_v2,news,Death toll in Istanbul building collapse rises to 5,,2026-10-09T08:00:00Z,original,,false,,https://www.dailysabah.com/turkiye/istanbul/death-toll-in-istanbul-building-collapse-rises-to-5
gd-4a2c10f663f7,gdelt_gkg_v2,news,"Primebook goes ""Prime & Different"" for reimagining personal computing",,2026-10-09T08:00:00Z,original,,false,,https://www.adgully.com/post/22014/primebook-goes-prime-different-reimagining-personal-computing-for-a-generation-that-does-things-differently
gd-4aa034c7e074,gdelt_gkg_v2,news,SP Energy Networks urges winter power cut preparations,,2026-10-09T08:00:00Z,original,,false,,https://www.sthelensstar.co.uk/news/26618846.sp-energy-networks-urges-winter-power-cut-preparations/
gd-4b11004290ba,gdelt_gkg_v2,news,MEED | Nakheel awards Dubai Islands marine works contract,,2026-10-09T08:00:00Z,original,,false,,https://www.meed.com:443/nakheel-awards-dubai-islands-marine-works-contract
gd-4b136851dfb6,gdelt_gkg_v2,news,What party conference season means for Cumbria,,2026-10-09T08:00:00Z,original,,false,,https://www.timesandstar.co.uk/news/26615463.party-conference-season-means-cumbria/
gd-4c584e28e427,gdelt_gkg_v2,news,AP-NORC poll: Most Americans think AI is developing too fast,,2026-10-09T08:00:00Z,original,,false,,https://www.miningjournal.net/news/front-page-news/2026/10/ap-norc-poll-most-americans-think-ai-is-developing-too-fast/
gd-4cdfb7727ee3,gdelt_gkg_v2,news,Are eurozone bond markets warning of a recession as growth slows?,,2026-10-09T08:00:00Z,original,,false,,https://www.euronews.com/2026/10/09/are-eurozone-bond-markets-warning-of-a-recession-as-growth-slows
gd-4d5cf1babba5,gdelt_gkg_v2,news,Imperial High student rallies community with Pilates fundraiser for breast cancer,,2026-10-09T08:00:00Z,original,,false,,https://www.ivpressonline.com/news/imperial-high-student-rallies-community-with-pilates-fundraiser-for-breast-cancer/article_17746244-5f96-40ce-b0e2-0940926dd98b.html
gd-4d921deb617f,gdelt_gkg_v2,news,"Two lawsuits challenge Trump's taxpayer-funded ads, alleging they violate propaganda law",,2026-10-09T08:00:00Z,original,,false,,https://www.miningjournal.net/news/front-page-news/2026/10/two-lawsuits-challenge-trumps-taxpayer-funded-ads-alleging-they-violate-propaganda-law/
gd-4e12bda1e409,gdelt_gkg_v2,news,"Disaster relief funding is creeping into Trump's midterm rhetoric. Critics say it has no place there | News, Sports, Jobs",,2026-10-09T08:00:00Z,original,,false,,https://www.lahainanews.com/wire/?category=5035&ID=400065
gd-4fb632a2ac0f,gdelt_gkg_v2,news,"Homeland Security targets Democratic campaign after ICE arrest in Pennsylvania | News, Sports, Jobs",,2026-10-09T08:00:00Z,original,,false,,https://www.lahainanews.com/wire/?category=5035&ID=400077
gd-4fb650a9f789,gdelt_gkg_v2,news,Ross-shire fish & chip shops among the best in Scotland,,2026-10-09T08:00:00Z,original,,false,,https://www.ross-shirejournal.co.uk/news/ross-shire-fish-chip-shops-among-the-best-in-scotland-an-447055/
gd-50911154d3a8,gdelt_gkg_v2,news,Invitation to telephone conference concerning Duni AB (publ) interim report 1 January,,2026-10-09T08:00:00Z,original,,false,,https://www.prnewswire.com/news-releases/invitation-to-telephone-conference-concerning-duni-ab-publ-interim-report-1-january--30-september-2026-302903323.html
gd-51b566c72958,gdelt_gkg_v2,news,Flu season warning as UK virus levels hit four-year high,,2026-10-09T08:00:00Z,original,,false,,https://www.chardandilminsternews.co.uk/news/26620792.flu-season-warning-uk-virus-levels-hit-four-year-high/
gd-51ff1acabdbe,gdelt_gkg_v2,news,LL Cool J Urges Rappers to Embrace Hip-Hop Beyond Age Limits,,2026-10-09T08:00:00Z,original,,false,,https://www.aceshowbiz.com/news/view/00262546.html
gd-52452b3f7339,gdelt_gkg_v2,news,ELSTAT: Trade deficit down 3.8% in Jan-Aug '26 – up 3.6% in Aug,,2026-10-09T08:00:00Z,original,,false,,https://www.naftemporiki.gr/english/2172784/elstat-trade-deficit-down-3-8-in-jan-aug-26-up-3-6-in-aug/
gd-5340fce02bef,gdelt_gkg_v2,news,"Malawians demand transparency, accountability from Apostle Joseph Ziba on Bishop Medran Chirwa's relationship with slain banker Tathokoza Salimu",,2026-10-09T08:00:00Z,original,,false,,https://www.malawivoice.com/2026/10/09/malawians-demand-transparency-accountability-from-apostle-joseph-ziba-on-bishop-medran-chirwas-relationship-with-slain-banker-tathokoza-salimu/
gd-536d18512148,gdelt_gkg_v2,news,Seattle DJC.com local business news and data - Real Estate - Midrise construction in Mill Creek?,,2026-10-09T08:00:00Z,original,,false,,https://www.djc.com:443/news/re/12178187.html
gd-539dc523f35c,gdelt_gkg_v2,news,"US Journalist: To Understand Ukrainian Conflict, Listen to Donbass Residents",,2026-10-09T08:00:00Z,original,,false,,https://sputnikglobe.com/20261009/us-journalist-to-understand-ukrainian-conflict-listen-to-donbass-residents-1124854887.html
gd-53b6dcdb1788,gdelt_gkg_v2,news,Meta introduces multi-slide carousel canvas in Edits app for advanced Instagram post design,,2026-10-09T08:00:00Z,original,,false,,https://www.adgully.com/post/21989/meta-introduces-multi-slide-carousel-canvas-in-edits-app-for-advanced-instagram-post-design
gd-543a02ca9b64,gdelt_gkg_v2,news,Dubbo Spring Feature Female sale 2026 results and prices | The Land,,2026-10-09T08:00:00Z,original,,false,,https://www.theland.com.au/story/9365787/dubbo-spring-feature-female-sale-2026-results-and-prices/
gd-5551592e2c86,gdelt_gkg_v2,news,Apple Confirms October 13 Event for Its New Smart Home Devices,,2026-10-09T08:00:00Z,original,,false,,https://www.gizchina.com/apple/apple-confirms-october-13-event-for-its-new-smart-home-devices
gd-55a14e1b0398,gdelt_gkg_v2,news,"ICE officer shoots a man while making an arrest in New York, officials say | News, Sports, Jobs",,2026-10-09T08:00:00Z,original,,false,,https://www.lahainanews.com/wire/?category=5035&ID=400083
gd-55e3b95f7cc0,gdelt_gkg_v2,news,Taylor Swift to perform at 2026 Academy Museum Gala in LA,,2026-10-09T08:00:00Z,original,,false,,https://arynews.tv/taylor-swift-to-perform-at-2026-academy-museum-gala-in-la
gd-55f67b973409,gdelt_gkg_v2,news,"Gold rate today (October 9, 2026): Check 24k, 22k, 20k, 18k gold jewellery prices from IBJA, Malabar Gold & Diamonds, Joyalukkas, Kalyan Jewellers and Tanishq",,2026-10-09T08:00:00Z,original,,false,,https://economictimes.indiatimes.com/wealth/invest/gold-rate-today-check-18k-20k-24k-ibja-gold-price-malabar-gold-kalyan-jewelers-joyalukkas-delhi-hyderabad-bengaluru/articleshow/134816205.cms
gd-575e8377090b,gdelt_gkg_v2,news,Sheryl Sandberg Says Adult Children Can Support a Widowed Parent,,2026-10-09T08:00:00Z,original,,false,,https://www.businessinsider.com/sheryl-sandberg-adult-children-help-widowed-parent-grief-love-2026-10
gd-5782c4a50096,gdelt_gkg_v2,news,Ralph's Corner Bar legacy lives on through concert posters,,2026-10-09T08:00:00Z,original,,false,,https://www.inforum.com/news/moorhead/ralphs-corner-bar-legacy-lives-on-through-concert-posters
gd-578dc4303f39,gdelt_gkg_v2,news,Ars Nova Wants to Discover the Artists Theater Hasn't Found Yet,,2026-10-09T08:00:00Z,original,,false,,https://www.theatermania.com/news/ars-nova-wants-to-discover-the-artists-theater-hasnt-found-yet_1856566/
gd-5974301debf2,gdelt_gkg_v2,news,Drinks firm to close after 6 years as it enters liquidation,,2026-10-09T08:00:00Z,original,,false,,https://www.timesandstar.co.uk/news/26621180.uk-drinks-firm-close-6-years-enters-liquidation/
gd-5974ec20488b,gdelt_gkg_v2,news,India deploys thousands of police officers ahead of election protest,,2026-10-09T08:00:00Z,original,,false,,https://www.freemalaysiatoday.com/category/world/2026/10/09/india-deploys-thousands-of-police-officers-ahead-of-election-protest
gd-5ac99ccf664b,gdelt_gkg_v2,news,'Very lonely' Rhyl man breached sexual harm prevention order,,2026-10-09T08:00:00Z,original,,false,,https://www.rhyljournal.co.uk/news/26618657.very-lonely-rhyl-man-breached-sexual-harm-prevention-order/
gd-5bbf418b9316,gdelt_gkg_v2,news,Pensioners' calls for State Pension HMRC personal allowance change,,2026-10-09T08:00:00Z,original,,false,,https://www.thenorthernecho.co.uk/news/26621095.pensioners-calls-state-pension-hmrc-personal-allowance-change/
gd-5c93ff5cec6c,gdelt_gkg_v2,news,Petrol owners issued 5p per litre message amid fuel woes,,2026-10-09T08:00:00Z,original,,false,,https://www.aol.co.uk/articles/petrol-owners-issued-5p-per-072600000.html
gd-5c9ad9bb2bc9,gdelt_gkg_v2,news,Winner of 2026 Nobel peace prize to be announced - Europe Live,,2026-10-09T08:00:00Z,original,,false,,https://www.theguardian.com/world/live/2026/oct/09/2026-nobel-peace-prize-winner-russia-ukraine-sudan-war-france-protests-poland-latest-news-updates
gd-5d5cb907deaa,gdelt_gkg_v2,news,John Cena Explains Why Peacemaker's Return Is Taking So Long After That Cliffhanger - Comic Book Movies and Superhero Movie News,,2026-10-09T08:00:00Z,original,,false,,https://www.superherohype.com/news/698427-john-cena-peacemaker-future-taking-so-long-why
gd-5dc3c897c021,gdelt_gkg_v2,news,Somerset NHS invites black communities to health study | Burnham and Highbridge Weekly News,,2026-10-09T08:00:00Z,original,,false,,https://www.burnhamandhighbridgeweeklynews.co.uk/news/26618018.somerset-nhs-invites-black-communities-health-study/
gd-5ec1f78388f9,gdelt_gkg_v2,news,New documentary highlights Fair Bluff's recovery from Hurricanes Matthew and Florence,,2026-10-09T08:00:00Z,original,,false,,https://www.wwaytv3.com/new-documentary-highlights-fair-bluffs-recovery-from-hurricanes-matthew-and-florence/
gd-5f756d060799,gdelt_gkg_v2,news,"What is a Calicut lobster curry doing in Charlotte, North Carolina? Let's ask chef Vamshi Krishna Adi",,2026-10-09T08:00:00Z,original,,false,,https://www.thehindu.com/food/features/what-is-a-calicut-lobster-curry-doing-in-charlotte-north-carolina/article71527238.ece
gd-5ff6183acf62,gdelt_gkg_v2,news,Traffic crash leaves vehicle overturned at rotary in Bourne,,2026-10-09T08:00:00Z,original,,false,,https://www.capecod.com/cape-wide-news/traffic-crash-leaves-vehicle-overturned-at-rotary-in-bourne/
gd-6049b1b80157,gdelt_gkg_v2,news,"Santosh Das vs The State Of Jharkhand on 6 October, 2026",,2026-10-09T08:00:00Z,original,,false,,https://indiankanoon.org/doc/150599574/
gd-61751c29772b,gdelt_gkg_v2,news,MEED | Saudi Arabia extends deadline for Group 2 bess projects,,2026-10-09T08:00:00Z,original,,false,,https://www.meed.com:443/saudi-arabia-extends-deadline-for-group-2-bess-projects
gd-6234311d52d5,gdelt_gkg_v2,news,Andrew Warden: Rain forecast lifts Tamworth cattle by $300 | The Land,,2026-10-09T08:00:00Z,original,,false,,https://www.theland.com.au/story/9365606/andrew-warden-rain-forecast-lifts-tamworth-cattle-by-300/
gd-62908713c687,gdelt_gkg_v2,news,BASIC LIST / SUGGESTED ITEMS FOR LONG TERM SURVIVAL,,2026-10-09T08:00:00Z,original,,false,,https://www.alipac.us/f31/basic-list-suggested-items-long-term-survival-154825/index1201.html
gd-635180f996d3,gdelt_gkg_v2,news,"Merrignee ram sale 2026: top price, average, full results | The Land",,2026-10-09T08:00:00Z,original,,false,,https://www.theland.com.au/story/9365854/merrignee-ram-sale-2026-top-price-average-full-results/
gd-637afc6848d9,gdelt_gkg_v2,news,Seattle DJC.com local business news and data - Real Estate - 23 Wenatchee units sell for over $3M,,2026-10-09T08:00:00Z,original,,false,,https://www.djc.com/news/re/12178192.html
gd-641619054e10,gdelt_gkg_v2,news,New banking hub opens in Wem,,2026-10-09T08:00:00Z,original,,false,,https://www.shropshirelive.com/news/2026/10/09/new-banking-hub-opens-in-wem/
gd-642b99487722,gdelt_gkg_v2,news,France promises more teachers and student representation but protests continue,,2026-10-09T08:00:00Z,original,,false,,https://www.aol.co.uk/articles/france-promises-more-teachers-student-072747000.html
gd-644636e5e110,gdelt_gkg_v2,news,FERC Upholds 11 Years of Refunds for PJM in Linden VFT Cases,,2026-10-09T08:00:00Z,original,,false,,https://www.rtoinsider.com/147730-ferc-upholds-11-years-refunds-pjm-linden-vft-cases/
gd-6515061f61eb,gdelt_gkg_v2,news,"Traffic, travel and weather updates across North East",,2026-10-09T08:00:00Z,original,,false,,https://www.thenorthernecho.co.uk/news/26621040.traffic-travel-weather-updates-across-north-east/
gd-6687bcc4e714,gdelt_gkg_v2,news,CDSL invites students for Reimagine Ideathon 2.0 to drive investor awareness & cyber safety,,2026-10-09T08:00:00Z,original,,false,,https://www.adgully.com/post/22010/cdsl-invites-students-for-reimagine-ideathon-20-to-drive-investor-awareness-cyber-safety
gd-66fc7a2c50a5,gdelt_gkg_v2,news,World News: Canadian poet Carson wins Nobel Prize in Literature,,2026-10-09T08:00:00Z,original,,false,,https://www.gdnonline.com:443/Details/1409132/Canadian-poet-Carson-wins-Nobel-Prize-in-Literature
gd-67ae2fb65fb9,gdelt_gkg_v2,news,"Nigeria: Climate Change Threatens Nigeria's Economy, Communities, Govt Warns States",,2026-10-09T08:00:00Z,original,,false,,https://allafrica.com/stories/202610090148.html
gd-67cd71bd6f8b,gdelt_gkg_v2,news,LAND OF EXTREMES: Views worth the trip; hiking with the Imperial Valley Desert Museum,,2026-10-09T08:00:00Z,original,,false,,https://www.ivpressonline.com/life/land-of-extremes-views-worth-the-trip-hiking-with-the-imperial-valley-desert-museum/article_f42662ea-08a1-4291-a2a3-f63f05e8b43e.html
gd-682d95ded6a2,gdelt_gkg_v2,news,Power Trip Return With First Songs Since Death of Riley Gale,,2026-10-09T08:00:00Z,original,,false,,https://pitchfork.com/story/power-trip-return-with-first-songs-since-death-of-riley-gale/
gd-692d26b90bbf,gdelt_gkg_v2,news,Somerset tourism boss slams EDF over Pontins Brean Sands use | Burnham and Highbridge Weekly News,,2026-10-09T08:00:00Z,original,,false,,https://www.burnhamandhighbridgeweeklynews.co.uk/news/26618790.somerset-tourism-boss-slams-edf-pontins-brean-sands-use/
gd-69a9f7cb56f1,gdelt_gkg_v2,news,Seattle DJC.com local business news and data - Construction - Restroom rebuild for Licton Springs,,2026-10-09T08:00:00Z,original,,false,,https://www.djc.com:443/news/co/12178194.html
gd-69eebdad151d,gdelt_gkg_v2,news,Lululemon names Maggie Gauger Chief Product Officer in leadership overhaul,,2026-10-09T08:00:00Z,original,,false,,https://www.adgully.com/post/21998/lululemon-names-maggie-gauger-chief-product-officer-in-leadership-overhaul
gd-6a4540a680b5,gdelt_gkg_v2,news,"El-Sayed, Rogers Clash In Michigan Senate Debate | News Talk 1090 WKBZ-AM",,2026-10-09T08:00:00Z,original,,false,,https://newstalk1090.iheart.com/content/2026-10-09-el-sayed-rogers-clash-in-michigan-senate-debate/
gd-6ab58d627d0a,gdelt_gkg_v2,news,EQT AB's Nomination Committee for the Annual Shareholders' Meeting 2027,,2026-10-09T08:00:00Z,original,,false,,https://www.prnewswire.com/news-releases/eqt-abs-nomination-committee-for-the-annual-shareholders-meeting-2027-302903312.html
gd-6b17f459d7a2,gdelt_gkg_v2,news,Cardi B drops new song 'Don't Chart' for 'Grand Theft Auto VI' album,,2026-10-09T08:00:00Z,original,,false,,https://arynews.tv/cardi-b-drops-new-song-dont-chart-for-grand-theft-auto-vi-album
gd-6bd029612334,gdelt_gkg_v2,news,WuXi Biologics at CPHI Milan 2026: Empowering Biomanufacturing in Europe,,2026-10-09T08:00:00Z,original,,false,,https://www.prnewswire.com:443/news-releases/wuxi-biologics-at-cphi-milan-2026-empowering-biomanufacturing-in-europe-302903372.html
gd-6c72dd568d33,gdelt_gkg_v2,news,Bigg Boss 20: Kanika Mann's birthday celebration sparks discussions over housemates' behaviour,,2026-10-09T08:00:00Z,original,,false,,https://www.adgully.com/post/21997/bigg-boss-20-kanika-manns-birthday-celebration-sparks-discussions-over-housemates-behaviour
gd-6c8a68c7d013,gdelt_gkg_v2,news,5 things every Filipino should know about writing a will,,2026-10-09T08:00:00Z,original,,false,,https://www.philstar.com/lifestyle/lifestyle-features/2026/10/09/2519559/5-things-every-filipino-should-know-about-writing-will
gd-6ce128397060,gdelt_gkg_v2,news,Thingamajig Theatre Company Presents 'The Shark is Broken.',,2026-10-09T08:00:00Z,original,,false,,"http://www.pagosasun.com/stories/thingamajig-theatre-company-presents-the-shark-is-broken,155072"
gd-6cf6a25c99b4,gdelt_gkg_v2,news,"Auckland.Scoop » Premium Clean NZ Earns IMPAC PREQUAL Certification, Expanding Franchise Growth Pathways",,2026-10-09T08:00:00Z,original,,false,,https://auckland.scoop.co.nz/2026/10/premium-clean-nz-earns-impac-prequal-certification-expanding-franchise-growth-pathways/
gd-6d5881f7f0cc,gdelt_gkg_v2,news,"Bypoll results: TVK, AIDMK lead in TN, BJP surge in Bengal; AINRC wins P'cherry",,2026-10-09T08:00:00Z,original,,false,,https://www.rediff.com/news/report/bypoll-results-tvk-aidmk-in-tn-bjp-in-west-bengal-assam-ainrc-wins-puducherry/20261009.htm
gd-6dad76dc7fba,gdelt_gkg_v2,news,"Kyiv hit by missiles, drones, scores killed",,2026-10-09T08:00:00Z,original,,false,,https://www.2lt.com.au/kyiv-hit-by-missiles-drones-scores-killed/
gd-6e3ed062da12,gdelt_gkg_v2,news,"Ontario Energy Conference Returns with New Faces Atop IESO, Hydro One",,2026-10-09T08:00:00Z,original,,false,,https://www.rtoinsider.com/147654-ontario-energy-conference-returns-new-faces-atop-ieso-hydro-one/
gd-6e985327a2d4,gdelt_gkg_v2,news,Queen's Theatre Hornchurch new chair is Spencer Phillips,,2026-10-09T08:00:00Z,original,,false,,https://www.romfordrecorder.co.uk/news/26598131.spencer-phillips-appointed-chair-queens-theatre/
gd-6ea058996557,gdelt_gkg_v2,news,"Did Arkansas' Witches Hollow legend begin with real woman suspected of witchcraft, murder?",,2026-10-09T08:00:00Z,original,,false,,https://katv.com/news/local/arkansas-witches-hollow-legend-began-with-real-woman-suspected-of-witchcraft-murder
gd-6ea0f304b2a2,gdelt_gkg_v2,news,"Uganda: Mityana Residents Seek Government Aid After Storm Destroys Crops, Houses",,2026-10-09T08:00:00Z,original,,false,,https://allafrica.com/stories/202610090226.html
gd-6f399620ebed,gdelt_gkg_v2,news,'The View' co-host Sunny Hostin predicts Texas will 'go blue' as polls show Talarico leading Paxton,,2026-10-09T08:00:00Z,original,,false,,https://nypost.com/2026/10/09/media/the-view-co-host-sunny-hostin-predicts-texas-will-go-blue-as-polls-show-talarico-leading-paxton/
gd-6f563795e810,gdelt_gkg_v2,news,Ennis Town Bus To Undergo Maiden Voyage Today,,2026-10-09T08:00:00Z,original,,false,,https://www.clare.fm/news/ennis-town-bus-to-undergo-maiden-voyage-today/
gd-6f873eab722d,gdelt_gkg_v2,news,"Residents shelter in place as Chinatown commercial building fire sends smoke over downtown Los Angeles, prompts power shutoff",,2026-10-09T08:00:00Z,original,,false,,https://abc7.com/post/fire-tears-roof-chinatown-commercial-building-sends-plume-smoke-air/19923791/
gd-7044a61df8b4,gdelt_gkg_v2,news,M&S recalls three products over Salmonella contamination,,2026-10-09T08:00:00Z,original,,false,,https://www.oxfordmail.co.uk/news/national/uk-today/26621126.m-s-recalls-three-products-salmonella-contamination/
gd-70f1e349f669,gdelt_gkg_v2,news,Top 10 NEET coaching centres in India and their unique marketing strategies,,2026-10-09T08:00:00Z,original,,false,,https://www.adgully.com/post/22013/top-10-neet-coaching-centres-in-india-and-their-unique-marketing-strategies
gd-71169ad5e075,gdelt_gkg_v2,news,"County Commissioners Talk Camp Greilick Oil Agreement, Budget, Flock/Law Enforcement",,2026-10-09T08:00:00Z,original,,false,,https://www.traverseticker.com/news/county-commissioners-talk-camp-greilick-oil-agreement-budget-flocklaw-enforcement/
gd-71b67d252e1b,gdelt_gkg_v2,news,Hexham MP: Backing Northumberland farmers after SFI rollout concerns,,2026-10-09T08:00:00Z,original,,false,,https://www.hexham-courant.co.uk/news/26612005.hexham-mp-backing-northumberland-farmers-sfi-rollout-concerns/
gd-724566a03e91,gdelt_gkg_v2,news,Meta elevates Ravi Garg to Managing Director of Enterprise Business for Asia-Pacific,,2026-10-09T08:00:00Z,original,,false,,https://www.adgully.com/post/21988/meta-elevates-ravi-garg-to-managing-director-of-enterprise-business-for-asia-pacific
gd-732e27534057,gdelt_gkg_v2,news,"KSA Business: Saudi, UAE sign MoU to boost rail connectivity, infrastructure integration",,2026-10-09T08:00:00Z,original,,false,,"https://www.gdnonline.com:443/Details/1409146/Saudi,-UAE-sign-MoU-to-boost-rail-connectivity,-infrastructure-integration"
gd-7330aa9a414e,gdelt_gkg_v2,news,Bahrain News: Bapco Energies 'committed to developing local talent',,2026-10-09T08:00:00Z,original,,false,,https://www.gdnonline.com:443/Details/1409091/Bapco-Energies-%E2%80%98committed-to-developing-local-talent%E2%80%99
gd-745ce7e70532,gdelt_gkg_v2,news,Indonesia races to rescue orangutans from fires,,2026-10-09T08:00:00Z,original,,false,,https://www.freemalaysiatoday.com/category/world/2026/10/09/indonesia-races-to-rescue-orangutans-from-fires
gd-75471c88bb6e,gdelt_gkg_v2,news,Samoa Observer | White Sunday shopping rush,,2026-10-09T08:00:00Z,original,,false,,https://www.samoaobserver.ws/category/samoa/122468
gd-75af5111e3c1,gdelt_gkg_v2,news,One person taken to hospital after A66 HGV and car crash,,2026-10-09T08:00:00Z,original,,false,,https://www.thenorthernecho.co.uk/news/26621054.one-person-taken-hospital-a66-hgv-car-crash/
gd-75e52870e2bd,gdelt_gkg_v2,news,10 dead after prison riot in Mexico's Sinaloa state | Chard & Ilminster News,,2026-10-09T08:00:00Z,original,,false,,https://www.chardandilminsternews.co.uk/news/national/26621124.10-dead-prison-riot-mexicos-sinaloa-state/
gd-7629f57793ac,gdelt_gkg_v2,news,TCS Says Its Workforce Strategy Won't Be Affected by PERM Freezes,,2026-10-09T08:00:00Z,original,,false,,https://www.businessinsider.com/tcs-tata-workforce-strategy-not-affected-perm-application-foreign-workers-2026-10
gd-76c86deddcff,gdelt_gkg_v2,news,"Nilu Kumri vs The State Of Jharkhand Through The Chief ... on 5 October, 2026",,2026-10-09T08:00:00Z,original,,false,,https://indiankanoon.org/doc/84896461/
gd-76e6f493a5f1,gdelt_gkg_v2,news,"Burnham: Man, 42, avoids jail after Lent Hill Rise School incident",,2026-10-09T08:00:00Z,original,,false,,https://www.sloughobserver.co.uk/news/26621076.burnham-man-42-avoids-jail-lent-hill-rise-school-incident/
gd-77054865a061,gdelt_gkg_v2,news,MeitY directs social platforms to label synthetic content and prioritize official complaints,,2026-10-09T08:00:00Z,original,,false,,https://www.adgully.com/post/21991/meity-directs-social-platforms-to-label-synthetic-content-and-prioritize-official-complaints
gd-773f231b1137,gdelt_gkg_v2,news,"Jakob Dylan: Wallflowers singer on Australian tour, Bob Dylan's son",,2026-10-09T08:00:00Z,original,,false,,https://www.cairnspost.com.au/entertainment/music/i-very-much-regret-it-jakob-dylan-on-why-he-never-toured-australia-until-now/news-story/76101152ba584f670bceab10875368eb?nk=5e45a22da8e66b3e4ab694fa4db3de0b-1791532012
gd-77cf52212507,gdelt_gkg_v2,news,"15,410% rally in 5 years! Multibagger Cupid shares jump 3% to hit fresh 52-week high",,2026-10-09T08:00:00Z,original,,false,,https://economictimes.indiatimes.com/markets/stocks/news/15410-rally-in-5-years-multibagger-cupid-shares-jump-3-to-hit-fresh-52-week-high/articleshow/134812919.cms
gd-782ead91a673,gdelt_gkg_v2,news,'People's Parliament' to premiere on Asianet on october 11,,2026-10-09T08:00:00Z,original,,false,,https://www.adgully.com/post/22011/peoples-parliament-to-premiere-on-asianet-on-october-11
gd-785d9e9fcced,gdelt_gkg_v2,news,Jess Williamson: A Mile South of Heaven review – alt-country singer's love-hate affair with LA | Music,,2026-10-09T08:00:00Z,original,,false,,https://www.theguardian.com/music/2026/oct/09/jess-williamson-a-mile-south-of-heaven-review
gd-78760705782d,gdelt_gkg_v2,news,Look back at Keighley Hippodrome - 70 years after it closed,,2026-10-09T08:00:00Z,original,,false,,https://www.keighleynews.co.uk/news/26618860.look-back-keighley-hippodrome---70-years-closed/
gd-79c3bf4d838c,gdelt_gkg_v2,news,Azerbaijan's external public debt declines 7.8% year-on-year,,2026-10-09T08:00:00Z,original,,false,,https://www.trend.az/azerbaijan/business/4232843.html
gd-79fb555da8a8,gdelt_gkg_v2,news,West Fargo Eats to hold final pop-up food pantry of 2026,,2026-10-09T08:00:00Z,original,,false,,https://www.inforum.com/news/west-fargo/west-fargo-eats-to-hold-final-pop-up-food-pantry-of-2026
gd-7a10d08d7efb,gdelt_gkg_v2,news,PERM suspension could trap tech workers in a green card visa cycle,,2026-10-09T08:00:00Z,original,,false,,https://economictimes.indiatimes.com/nri/work/perm-suspension-of-microsoft-cognizant-tcs-infosys-and-others-could-trap-tech-workers-in-a-green-card-visa-cycle-what-happens-next/articleshow/134812775.cms
gd-7a44f38435d0,gdelt_gkg_v2,news,Taylor Swift leads 2026 Kids' Choice Awards nominations with six nods,,2026-10-09T08:00:00Z,original,,false,,https://arynews.tv/taylor-swift-leads-2026-kids-choice-awards-nominations-with-six-nods
gd-7b9bf6c45667,gdelt_gkg_v2,news,The Middle East 10/8/2026,,2026-10-09T08:00:00Z,original,,false,,https://politicaldog101.com/tag/the-middle-east-10-8-2026/
gd-7bb3cdff204c,gdelt_gkg_v2,news,Don't throw away cardboard from loo rolls – they have clever use in the garden,,2026-10-09T08:00:00Z,original,,false,,https://www.mirror.co.uk/lifestyle/dont-throw-away-cardboard-loo-37740170
gd-7be3dec9f31d,gdelt_gkg_v2,news,Global Times: Three times in the People's Daily: How the BRI has shaped an Egyptian life over 14 years,,2026-10-09T08:00:00Z,original,,false,,http://www.prnewswire.com/news-releases/global-times-three-times-in-the-peoples-daily-how-the-bri-has-shaped-an-egyptian-life-over-14-years-302903370.html
gd-7c48e3ea75bd,gdelt_gkg_v2,news,Trading halt in NEXT Biometrics Group ASA,,2026-10-09T08:00:00Z,original,,false,,https://www.finanznachrichten.de/nachrichten-2026-10/69796048-trading-halt-in-next-biometrics-group-asa-252.htm
gd-7cc88b4419f7,gdelt_gkg_v2,news,Anti-migrant protests explode into violence across South African cities,,2026-10-09T08:00:00Z,original,,false,,https://www.alipac.us/f13/anti-migrant-protests-explode-into-violence-across-south-african-cities-%7C-new-york-po-442243/
gd-7d87c9ba8284,gdelt_gkg_v2,news,"WJTN News Headlines for Thurs-Fri., Oct. 8-9, 2026",,2026-10-09T08:00:00Z,original,,false,,https://se933.com/news-and-closings/local-news-headlines/935418
gd-7dda0ae3c3ae,gdelt_gkg_v2,news,Fleece-lined ballet flats are the stylish way to keep feet warm in winter – this Next pair are cosy & polished,,2026-10-09T08:00:00Z,original,,false,,https://www.cosmopolitan.com/uk/fashion/style/a74077601/fleece-lined-ballet-flats-shoe-trend/
gd-7e9faf8c4e44,gdelt_gkg_v2,news,Fact-check: El-Sayed and Rogers level personal attacks in first Michigan Senate race debate – PolitiFact,,2026-10-09T08:00:00Z,original,,false,,https://politifact.com/article/2026/oct/08/michigan-senate-debate-fact-check-el-sayed-rogers/
gd-7eb1a4e70363,gdelt_gkg_v2,news,Seattle DJC.com local business news and data - Business - Jobless claims dip slightly,,2026-10-09T08:00:00Z,original,,false,,https://www.djc.com/news/bu/12178195.html
gd-8360f8334241,gdelt_gkg_v2,news,"Home energy costs slated to rise this winter, but aid available",,2026-10-09T08:00:00Z,original,,false,,https://www.ketv.com/article/omaha-home-energy-costs/74071593
gd-83b1fa843960,gdelt_gkg_v2,news,Person taken to hospital after 'reports of injury' near Darlington,,2026-10-09T08:00:00Z,original,,false,,https://www.thenorthernecho.co.uk/news/26621071.person-taken-hospital-reports-injury-near-darlington/
gd-83d3b31119d1,gdelt_gkg_v2,news,Seattle DJC.com local business news and data - Technology - Most Americans think AI is developing too fast,,2026-10-09T08:00:00Z,original,,false,,https://www.djc.com/news/ht/12178174.html
gd-83e3c16217d5,gdelt_gkg_v2,news,Arch City Steel & Alloy Stocks 321 Stainless Steel Tube for Plants That Run at High Heat,,2026-10-09T08:00:00Z,original,,false,,https://www.briefingwire.com/pr/arch-city-steel-alloy-stocks-321-stainless-steel-tube-for-plants-that-run-at-high-heat
gd-83fb004d8f1e,gdelt_gkg_v2,news,"Ousted De Vargas performer, Santa Fe Fiesta Council tussle over $5K medallion, sword",,2026-10-09T08:00:00Z,original,,false,,https://www.santafenewmexican.com/news/local_news/ousted-de-vargas-performer-santa-fe-fiesta-council-tussle-over-5k-medallion-sword/article_50fa3bff-4250-4381-9c74-271236084e10.html
gd-8403ca84d4e3,gdelt_gkg_v2,news,Court challenge filed over approval of proposed rail spur,,2026-10-09T08:00:00Z,original,,false,,https://www.knopnews2.com/2026/10/08/court-challenge-filed-over-approval-proposed-rail-spur-south-sioux-city/
gd-8457edc0be86,gdelt_gkg_v2,news,Vladimir Putin offers help to Iran to end Mideast war,,2026-10-09T08:00:00Z,original,,false,,https://arynews.tv/vladimir-putin-offers-help-to-iran-to-end-mideast-war
gd-847bed9784ec,gdelt_gkg_v2,news,"Bangkok Post - Asian stocks mixed amid AI concerns, oil dips after surge",,2026-10-09T08:00:00Z,original,,false,,https://www.bangkokpost.com/business/investment/3334205/asian-stocks-mixed-amid-ai-concerns-oil-dips-after-surge
gd-851c1e434116,gdelt_gkg_v2,news,"Dudheshwar Singh vs The State Of Jharkhand ...... ..... .... ... on 6 October, 2026",,2026-10-09T08:00:00Z,original,,false,,https://indiankanoon.org/doc/126670984/
gd-855504f64a04,gdelt_gkg_v2,news,Q&A: New Mexico House District 48 candidate,,2026-10-09T08:00:00Z,original,,false,,https://www.santafenewmexican.com/news/elections/q-a-new-mexico-house-district-48-candidate/article_23534a4f-f630-429e-9e73-2bf10ead41fb.html
gd-857a41e56c46,gdelt_gkg_v2,news,Arkema invests €10 million in its global battery R&D center of excellence in the Lyon region,,2026-10-09T08:00:00Z,original,,false,,https://www.chemeurope.com/en/news/1190038/arkema-invests-10-million-in-its-global-battery-r-d-center-of-excellence-in-the-lyon-region.html
gd-858709b3feb5,gdelt_gkg_v2,news,Arab News | Five dead as bottom of Istanbul building crumbles,,2026-10-09T08:00:00Z,original,,false,,https://www.arabnews.com/world/five-dead-as-bottom-of-istanbul-building-crumbles-3005425
gd-879ddd2eec13,gdelt_gkg_v2,news,Italy's foreign ministry website under cyberattack,,2026-10-09T08:00:00Z,original,,false,,https://www.siliconrepublic.com/enterprise/italy-cyberattack-foriegn-ministry-europe-2026
gd-8a915bbf692f,gdelt_gkg_v2,news,Lupin Secures FDA Nod For Vitamin K Injection,,2026-10-09T08:00:00Z,original,,false,,https://www.rttnews.com/3697709/lupin-secures-fda-nod-for-vitamin-k-injection.aspx
gd-8a971ca1925d,gdelt_gkg_v2,news,Somerset leader Bill Revans on Agratas opportunity for Somerset,,2026-10-09T08:00:00Z,original,,false,,https://www.chardandilminsternews.co.uk/news/26609048.somerset-leader-bill-revans-agratas-opportunity-somerset/
gd-8bd8095527b6,gdelt_gkg_v2,news,STATE BRIEFS: Sheriff's Office launches automated text updates for 911 calls and crime reports | News,,2026-10-09T08:00:00Z,original,,false,,https://www.ivpressonline.com/news/state-briefs-sheriff-s-office-launches-automated-text-updates-for-911-calls-and-crime-reports/article_0eb9c80a-9c98-4aa6-b449-6d86dba0a6f0.html
gd-8bee7ea049e8,gdelt_gkg_v2,news,Assisted dying by the back door,,2026-10-09T08:00:00Z,original,,false,,https://www.spiked-online.com/2026/10/09/assisted-dying-by-the-back-door/
gd-8c22838e1b2c,gdelt_gkg_v2,news,Rajeev Jain on how DCODE 2.0 shifts focus to business outcomes and ROAS,,2026-10-09T08:00:00Z,original,,false,,https://www.adgully.com/post/22000/rajeev-jain-on-how-dcode-20-shifts-focus-to-business-outcomes-and-roas
gd-8c7877044ed8,gdelt_gkg_v2,news,Dawn Richard: creole culture,,2026-10-09T08:00:00Z,original,,false,,https://pitchfork.com/reviews/albums/dawn-richard-creole-culture/
gd-8dff78819dd4,gdelt_gkg_v2,news,How to buy Tyson Fury vs Anthony Joshua tickets today as general sale begins,,2026-10-09T08:00:00Z,original,,false,,https://metro.co.uk/2026/10/09/buy-tyson-fury-vs-anthony-joshua-tickets-today-general-sale-begins-29694173/
gd-8f79e40a90b0,gdelt_gkg_v2,news,Auckland.Scoop » What's The Future Of Future Of Work?,,2026-10-09T08:00:00Z,original,,false,,https://auckland.scoop.co.nz/2026/10/whats-the-future-of-future-of-work/
gd-91ad8046f1b7,gdelt_gkg_v2,news,"Driven by Strong Growth in New AI Business, AAC Technologies Named in TIME's World's Best Companies",,2026-10-09T08:00:00Z,original,,false,,https://www.briefingwire.com/pr/driven-by-strong-growth-in-new-ai-business-aac-technologies-named-in-times-worlds-best-companies
gd-91ea3f392ca0,gdelt_gkg_v2,news,Yorkshire manor to glow with colour for Diwali celebrations,,2026-10-09T08:00:00Z,original,,false,,https://www.asianimage.co.uk/news/26610336.yorkshire-manor-glow-colour-diwali-celebrations/
gd-924cf5dbbc20,gdelt_gkg_v2,news,Palisades Fire survivors say LADWP power line is delaying rebuilding effort,,2026-10-09T08:00:00Z,original,,false,,https://abc7.com/post/palisades-fire-survivors-say-ladwp-power-line-is-delaying-rebuilding-effort/19901426/
gd-927a4daa4516,gdelt_gkg_v2,news,Anwar Maqsood returns for final stage play 'Thaana Na Dheem Thaana',,2026-10-09T08:00:00Z,original,,false,,https://arynews.tv/anwar-maqsood-returns-for-final-stage-play-thaana-na-dheem-thaana
gd-93c2480d55d5,gdelt_gkg_v2,news,Samoa Observer | More money leaving Samoa,,2026-10-09T08:00:00Z,original,,false,,https://www.samoaobserver.ws/category/samoa/122467
gd-942d992957da,gdelt_gkg_v2,news,Sai Tirupati University Organises Seminar on Financial Literacy and Cybersecurity,,2026-10-09T08:00:00Z,original,,false,,https://udaipurkiran.com/sai-tirupati-university-organises-seminar-on-financial-literacy-and-cybersecurity/
gd-94734cd5ed75,gdelt_gkg_v2,news,Johannah Moloantoa is shaping the future of wine at Nederburg,,2026-10-09T08:00:00Z,original,,false,,https://gq.co.za/culture/food-drink/2026-10-09-johannah-moloantoa-is-shaping-the-future-of-nederburg/
gd-9555df82d17f,gdelt_gkg_v2,news,"Seattle DJC.com local business news and data - Business - Rising oil prices, falling technology stocks keep Wall Street unsettled",,2026-10-09T08:00:00Z,original,,false,,https://www.djc.com/news/bu/12178177.html
gd-958e6c11edce,gdelt_gkg_v2,news,Australian Agriculture Awards Sustainability national finalists | The Land,,2026-10-09T08:00:00Z,original,,false,,https://www.theland.com.au/story/9361386/australian-agriculture-awards-sustainability-national-finalists/
gd-96331c3a9fc3,gdelt_gkg_v2,news,Firmus IPO: Firmus $5 billion float failure deals blow to Australia's shrinking share market,,2026-10-09T08:00:00Z,original,,false,,https://economictimes.indiatimes.com/tech/artificial-intelligence/firmus-5-billion-float-failure-deals-blow-to-australias-shrinking-share-market/articleshow/134818438.cms
gd-973871817db5,gdelt_gkg_v2,news,Maya Jama's outfits on The Celebrity Traitors 2026: Where to shop all of her best looks,,2026-10-09T08:00:00Z,original,,false,,https://www.hellomagazine.com/fashion/celebrity-style/927961/maya-jama-the-celebrity-traitors-outfits-looks-to-shop/
gd-97854d18b832,gdelt_gkg_v2,news,TORM plc Announces Change to the Board,,2026-10-09T08:00:00Z,original,,false,,http://www.prnewswire.com/news-releases/torm-plc-announces-change-to-the-board-302903364.html
gd-9799c25f70da,gdelt_gkg_v2,news,VisionQuest's First Reactions Are Saying the Same Thing About WandaVision Sequel - Comic Book Movies and Superhero Movie News,,2026-10-09T08:00:00Z,original,,false,,https://www.superherohype.com/news/698430-visionquest-first-reactions-wandavision-sequel-series
gd-97e72b51e925,gdelt_gkg_v2,news,EUR 80M French Grant for Water Supply in Durrës,,2026-10-09T08:00:00Z,original,,false,,http://fax.al/news/48447013/eur-80m-french-grant-for-water-supply-in-durres
gd-9816c7b7fe31,gdelt_gkg_v2,news,"Infinity Power Taps AIKO for 773.5 MWp South African Solar Portfolio, Extending Africa Partnership Beyond 2 GWp",,2026-10-09T08:00:00Z,original,,false,,http://www.prnewswire.com/news-releases/infinity-power-taps-aiko-for-773-5-mwp-south-african-solar-portfolio-extending-africa-partnership-beyond-2-gwp-302903306.html
gd-98aea8cf8a02,gdelt_gkg_v2,news,Omnicom Media and Rembrand partner to scale in-content advertising across premium streaming,,2026-10-09T08:00:00Z,original,,false,,https://www.adgully.com/post/21986/omnicom-media-and-rembrand-partner-to-scale-in-content-advertising-across-premium-streaming
gd-98d1e8843a9d,gdelt_gkg_v2,news,Who is Letitia James? New York Attorney General faces heat as one of the seven accused in Cornell University rape case seeks her removal as special prosecutor,,2026-10-09T08:00:00Z,original,,false,,https://economictimes.indiatimes.com/world/us/who-is-letitia-james-new-york-attorney-general-faces-heat-as-one-of-the-seven-accused-in-cornell-university-rape-case-seeks-her-removal-as-special-prosecutor/articleshow/134816704.cms
gd-9934d0247c60,gdelt_gkg_v2,news,What is the status of investigations into Hamas and Israel three years on from October 7?,,2026-10-09T08:00:00Z,original,,false,,https://www.swissinfo.ch/eng/international-geneva/what-is-the-status-of-investigations-into-hamas-and-israel-three-years-on-from-october-7/92190172
gd-99472e56a880,gdelt_gkg_v2,news,MEED | Oil exploration work ongoing in Iraq's Block 7,,2026-10-09T08:00:00Z,original,,false,,https://www.meed.com:443/oil-exploration-work-ongoing-in-iraqs-block-7
gd-994955502be7,gdelt_gkg_v2,news,Bahrain News: 29-year-old Bahraini motorcyclist dies in crash,,2026-10-09T08:00:00Z,original,,false,,https://www.gdnonline.com:443/Details/1409148/29-year-old-Bahraini-motorcyclist-dies-in-crash
gd-9955e8f8f239,gdelt_gkg_v2,news,Group operating care homes in North Wales recognised,,2026-10-09T08:00:00Z,original,,false,,https://www.rhyljournal.co.uk/news/26620449.group-operating-care-homes-north-wales-recognised/
gd-9a47fec0b5f4,gdelt_gkg_v2,news,New deep-sea thriller hailed as Netflix's answer to Widow's Bay,,2026-10-09T08:00:00Z,original,,false,,https://www.the-independent.com/arts-entertainment/tv/news/netflix-below-widows-bay-apple-tv-b3063889.html
gd-9a60a7ff76e9,gdelt_gkg_v2,news,"Driven by Strong Growth in New AI Business, AAC Technologies Named in TIME's World's Best Companies 2026",,2026-10-09T08:00:00Z,original,,false,,https://prwire.com.au/pr/131462/driven-by-strong-growth-in-new-ai-business-aac-technologies-named-in-time-s-world-s-best-companies-2026
gd-9aa6f4356a32,gdelt_gkg_v2,news,Brazil beef export boom challenges Australian trade markets | The Land,,2026-10-09T08:00:00Z,original,,false,,https://www.theland.com.au/story/9365544/brazil-beef-export-boom-challenges-australian-trade-markets/
gd-9ade9aaa2349,gdelt_gkg_v2,news,Guindon Moving & Storage takes top monthly honor,,2026-10-09T08:00:00Z,original,,false,,https://www.miningjournal.net/news/local/2026/10/guindon-moving-storage-takes-top-monthly-honor/
gd-9bc8f6bda146,gdelt_gkg_v2,news,Arab News | Yemen military official: We are advancing on many fronts and Sanaa is the main battle,,2026-10-09T08:00:00Z,original,,false,,https://www.arabnews.com/middle-east/yemen-military-official-we-are-advancing-on-many-fronts-and-sanaa-is-the-main-battle-3005424
gd-9bf1c3bc3240,gdelt_gkg_v2,news,Winter Fuel Payment 2026 when it will be paid and who qualifies,,2026-10-09T08:00:00Z,original,,false,,https://www.keighleynews.co.uk/news/26621108.winter-fuel-payment-2026-will-paid-qualifies/
gd-9e1c9d804ad7,gdelt_gkg_v2,news,Widespread HSE service disruption expected next Wednesday,,2026-10-09T08:00:00Z,original,,false,,https://www.midwestradio.ie/news/widespread-hse-service-disruption-expected-next-wednesday/
gd-9fa54c1a5a58,gdelt_gkg_v2,news,French solar tender prices drop sharply in latest rounds,,2026-10-09T08:00:00Z,original,,false,,https://www.finanznachrichten.de/nachrichten-2026-10/69796032-french-solar-tender-prices-drop-sharply-in-latest-rounds-451.htm
gd-9fc0cc0a1221,gdelt_gkg_v2,news,"Putin: Russia-CIS Trade Turnover in 2025 Exceeded $110 Billion, Continues to Grow",,2026-10-09T08:00:00Z,original,,false,,https://sputnikglobe.com/20261009/putin-russia-cis-trade-turnover-in-2025-exceeded-110-billion-continues-to-grow-1124855022.html
gd-a137f2e0eeee,gdelt_gkg_v2,news,Stop the hysteria over Flock cameras - The Mining Journal,,2026-10-09T08:00:00Z,original,,false,,https://www.miningjournal.net/opinion/2026/10/stop-the-hysteria-over-flock-cameras/
gd-a2e6c21fe820,gdelt_gkg_v2,news,Pakistan Conducts Successful Test of Extended-Range Fatah-4 Cruise Missile,,2026-10-09T08:00:00Z,original,,false,,https://newsmakers.pk/pakistan-conducts-successful-test-of-extended-range-fatah-4-cruise-missile/
gd-a476e399ed2d,gdelt_gkg_v2,news,BJP says Kerala HC order on FIR against Pinarayi Vijayan thwarts Congress attempts to 'protect' CPI(M) leader from prosecution,,2026-10-09T08:00:00Z,original,,false,,https://www.thehindu.com/news/national/kerala/bjp-says-kerala-hc-order-on-fir-against-pinarayi-vijayan-thwarts-congress-attempts-to-protect-cpim-leader-from-prosecution/article71562944.ece
gd-a4a55a57fb20,gdelt_gkg_v2,news,£3m scheme launched to drive Northumberland economic growth,,2026-10-09T08:00:00Z,original,,false,,https://www.hexham-courant.co.uk/news/26615145.3m-scheme-launched-drive-northumberland-economic-growth/
gd-a64f6757012e,gdelt_gkg_v2,news,Special voter registration camps in colleges and house-to-house verification campaign,,2026-10-09T08:00:00Z,original,,false,,https://www.thehindu.com/news/national/maharashtra/ceo-has-set-up-special-voter-registration-camps-in-colleges-andhouse-to-house-verification-campaign/article71558902.ece
gd-a6c51e3c8778,gdelt_gkg_v2,news,Fat Dog: Cancel Me (I'm Tired) Album Review,,2026-10-09T08:00:00Z,original,,false,,https://pitchfork.com/reviews/albums/fat-dog-cancel-me-im-tired/
gd-a7a67f429269,gdelt_gkg_v2,news,Global Market: China stocks hit over one-year low as AI selloff deepens; Hong Kong rebounds,,2026-10-09T08:00:00Z,original,,false,,https://economictimes.indiatimes.com/markets/us-stocks/news/global-market-china-stocks-hit-over-one-year-low-as-ai-selloff-deepens-hong-kong-rebounds/articleshow/134819429.cms
gd-a7fdb2585102,gdelt_gkg_v2,news,'It should have been a debate': Hull faces empty podium as Haaland meets with farmers | Elections,,2026-10-09T08:00:00Z,original,,false,,https://www.santafenewmexican.com/news/elections/it-should-have-been-a-debate-hull-faces-empty-podium-as-haaland-meets-with-farmers/article_824dce9b-9603-4e8f-8687-1ee972862bb4.html
gd-a912ebdffb54,gdelt_gkg_v2,news,MEED | COOEC announces Qatar offshore oil field expansion contract,,2026-10-09T08:00:00Z,original,,false,,https://www.meed.com:443/cooec-announces-qatar-offshore-oil-field-expansion-contract
gd-a91637df4bfd,gdelt_gkg_v2,news,"Uzbekistan, FAO agree to advance land restoration, water projects",,2026-10-09T08:00:00Z,original,,false,,https://www.trend.az/casia/uzbekistan/4232855.html
gd-a930080ec2b4,gdelt_gkg_v2,news,Kommune and Netflix India launch fifth edition of Voices of Tomorrow,,2026-10-09T08:00:00Z,original,,false,,https://www.adgully.com/post/22005/kommune-and-netflix-india-launch-fifth-edition-of-voices-of-tomorrow
gd-a933c128c1df,gdelt_gkg_v2,news,Kate Garraway 'trying to smile again' as she hits back at critics over Derek's death,,2026-10-09T08:00:00Z,original,,false,,https://www.mirror.co.uk/tv/tv-news/kate-garraway-trying-smile-again-37752372
gd-a98b364d0944,gdelt_gkg_v2,news,TETRAPHARM appoints Rolf Sass Sørensen as Chief Executive Officer,,2026-10-09T08:00:00Z,original,,false,,http://www.prnewswire.com/news-releases/tetrapharm-appoints-rolf-sass-sorensen-as-chief-executive-officer-302903349.html
gd-aa31ab57258e,gdelt_gkg_v2,news,From 30 to 3 sec: Techie claims he became a villain after bruising a senior's ego when he fixed a legacy system issue on his own,,2026-10-09T08:00:00Z,original,,false,,https://economictimes.indiatimes.com/news/new-updates/from-30-to-3-sec-techie-claims-he-became-a-villain-after-bruising-a-seniors-ego-when-he-fixed-a-legacy-system-issue-on-his-own/articleshow/134813566.cms
gd-aa70aa26e3a1,gdelt_gkg_v2,news,10 dead after prison riot in Mexico's Sinaloa state | Burnham and Highbridge Weekly News,,2026-10-09T08:00:00Z,original,,false,,https://www.burnhamandhighbridgeweeklynews.co.uk/news/national/26621124.10-dead-prison-riot-mexicos-sinaloa-state/
gd-aa9a6c197e04,gdelt_gkg_v2,news,Deafheaven Surprise Release New EP At Work in the Fields of the Bomb,,2026-10-09T08:00:00Z,original,,false,,https://pitchfork.com/story/deafheaven-surprise-release-new-ep-at-work-in-the-fields-of-the-bomb/
gd-aad2ce418f89,gdelt_gkg_v2,news,"Ola Electric flags risk of inaccurate sales data after scrutiny over 25,000-unit disclosure",,2026-10-09T08:00:00Z,original,,false,,https://www.moneycontrol.com/automobile/ola-electric-flags-risk-of-inaccurate-sales-data-after-scrutiny-over-25-000-unit-disclosure-article-14048447.html
gd-ab0ae8123ad4,gdelt_gkg_v2,news,GP staff urge patients to show kindness as winter pressures mount,,2026-10-09T08:00:00Z,original,,false,,https://www.timesandstar.co.uk/news/26619853.gp-staff-urge-patients-show-kindness-winter-pressures-mount/
gd-ab46cf70bb8e,gdelt_gkg_v2,news,IHC judge recuses from deputationists' repatriation case after attempts to approach him,,2026-10-09T08:00:00Z,original,,false,,https://arynews.tv/ihc-judge-recuses-from-deputationists-repatriation-case-after-attempts-to-approach-him
gd-ab7e46aced8f,gdelt_gkg_v2,news,Jah Jerry Foundation awards scholarships to Edna Manley students,,2026-10-09T08:00:00Z,original,,false,,https://jamaica-gleaner.com/article/news/20261009/jah-jerry-foundation-awards-scholarships-edna-manley-students
gd-ab971e52b812,gdelt_gkg_v2,news,Anthony Whittle's brother speaks following second inquest,,2026-10-09T08:00:00Z,original,,false,,https://www.rhyljournal.co.uk/news/26617246.anthony-whittles-brother-speaks-following-second-inquest/
gd-abc93048510b,gdelt_gkg_v2,news,Hear Henning Kraggerud on viola in Spark & Serenade,,2026-10-09T08:00:00Z,original,,false,,https://www.limerickpost.ie/2026/10/09/hear-henning-kraggerud-on-viola-in-spark-serenade/
gd-abe1e5eafd26,gdelt_gkg_v2,news,London Mosque celebrates 100 years since historic opening,,2026-10-09T08:00:00Z,original,,false,,https://www.asianimage.co.uk/news/26612287.london-mosque-celebrates-100-years-since-historic-opening/
gd-ac859d740a22,gdelt_gkg_v2,news,Jobless man jailed 15 years for causing death of friend,,2026-10-09T08:00:00Z,original,,false,,https://www.freemalaysiatoday.com/category/nation/2026/10/09/jobless-man-jailed-15-years-for-causing-death-of-friend
gd-ad520d0c7453,gdelt_gkg_v2,news,Global Market: Singapore likely to tighten monetary policy as growth and inflation risks mount,,2026-10-09T08:00:00Z,original,,false,,https://economictimes.indiatimes.com/markets/us-stocks/wall-street-guide/global-market-singapore-likely-to-tighten-monetary-policy-as-growth-and-inflation-risks-mount/articleshow/134818744.cms
gd-ad68a60381a4,gdelt_gkg_v2,news,Avatar: Seven Havens Episodes 1-3 Recap and Review,,2026-10-09T08:00:00Z,original,,false,,https://www.ign.com/articles/avatar-seven-havens-episodes-1-3-recap-and-review
gd-ae5789979440,gdelt_gkg_v2,news,JVS seeks levy renewals for continued funding,,2026-10-09T08:00:00Z,original,,false,,https://www.heraldstaronline.com/news/local-news/2026/10/jvs-seeks-levy-renewals/
gd-ae617e3595cd,gdelt_gkg_v2,news,Family firm unveils new interiors business as it invests in Wellington's future,,2026-10-09T08:00:00Z,original,,false,,https://www.shropshirelive.com/business/2026/10/09/family-firm-unveils-new-interiors-business-as-it-invests-in-wellingtons-future/
gd-ae95fd6f5178,gdelt_gkg_v2,news,"Architects of Viksit Bharat Bengaluru spotlights AI, space and deep tech",,2026-10-09T08:00:00Z,original,,false,,https://www.adgully.com/post/22001/zee-media-sap-host-bengaluru-edition-of-architects-of-viksit-bharat
gd-aea8d97707a1,gdelt_gkg_v2,news,"Oil prices fall as Trump pauses Iran attacks, China restarts fuel exports – business live",,2026-10-09T08:00:00Z,original,,false,,https://www.theguardian.com/business/live/2026/oct/09/oil-prices-crude-brent-trump-iran-us-war-midterm-elections-stocks-bonds-business-live
gd-af312f3e7256,gdelt_gkg_v2,news,Oswestry homes row could be decided by Secretary of State,,2026-10-09T08:00:00Z,original,,false,,https://www.shropshirelive.com/news/2026/10/09/oswestry-homes-row-could-be-decided-by-secretary-of-state/
gd-af47ea3dd9a2,gdelt_gkg_v2,news,Update On ICE Shooting In New York City | News Talk 1090 WKBZ-AM,,2026-10-09T08:00:00Z,original,,false,,https://newstalk1090.iheart.com/content/2026-10-08-update-on-ice-shooting-in-new-york-city/
gd-afe2db25e799,gdelt_gkg_v2,news,Ethiopia Warns of Flash Floods As Bega Rains Raise Climate Risks Amid El Niño,,2026-10-09T08:00:00Z,original,,false,,https://allafrica.com/stories/202610090099.html
gd-b03af2ef9072,gdelt_gkg_v2,news,War in Gaza: the victims that no one talks about,,2026-10-09T08:00:00Z,original,,false,,https://www.swissinfo.ch/eng/foreign-affairs/war-in-gaza-the-victims-that-no-one-talks-about/92172065
gd-b17eea3d39a3,gdelt_gkg_v2,news,Skint families plead with PM: 'Cost of living isn't a crisis - it's the new normal',,2026-10-09T08:00:00Z,original,,false,,https://www.mirror.co.uk/news/uk-news/skint-families-plead-pm-cost-37750849
gd-b183d68d8e53,gdelt_gkg_v2,news,Dear Abby: I haven't had a birthday party since I was a child and want to have one again,,2026-10-09T08:00:00Z,original,,false,,https://nypost.com/2026/10/09/lifestyle/dear-abby-i-havent-had-a-birthday-party-since-i-was-a-child-and-want-to-have-one-again/
gd-b18aca0b3b98,gdelt_gkg_v2,news,"'India allows no monopoly': Scindia responds to Musk's Starlink row, says 3 firms await clearances; takes dig at Congress",,2026-10-09T08:00:00Z,original,,false,,https://economictimes.indiatimes.com/industry/telecom/telecom-policy/india-allows-no-monopoly-scindia-responds-to-musks-starlink-row-says-3-firms-await-clearances-takes-dig-at-congress/articleshow/134817287.cms
gd-b1f81da2d328,gdelt_gkg_v2,news,"Anthony McCarthy, Author at spiked",,2026-10-09T08:00:00Z,original,,false,,https://www.spiked-online.com/author/anthony-mccarthy/
gd-b23e0b95714d,gdelt_gkg_v2,news,COLORS' Dhamaal with Pati Patni Aur Panga season 2 returns with seven celebrity couples,,2026-10-09T08:00:00Z,original,,false,,https://www.adgully.com/post/22006/colors-dhamaal-with-pati-patni-aur-panga-season-2-returns-with-seven-celebrity-couples
gd-b27212f441e8,gdelt_gkg_v2,news,Jess Williamson: A Mile South of Heaven review – alt-country singer's love-hate affair with LA,,2026-10-09T08:00:00Z,original,,false,,https://www.aol.co.uk/articles/jess-williamson-mile-south-heaven-073041000.html
gd-b35dfc4003ec,gdelt_gkg_v2,news,Archive pictures celebrate choirs across the Tyne Valley,,2026-10-09T08:00:00Z,original,,false,,https://www.hexham-courant.co.uk/news/26611655.archive-pictures-celebrate-choirs-across-tyne-valley/
gd-b36a9439aa91,gdelt_gkg_v2,news,Seven Fitna-al Khawarij terrorists killed in North Waziristan IBO,,2026-10-09T08:00:00Z,original,,false,,https://arynews.tv/seven-fitna-al-khawarij-terrorists-killed-in-north-waziristan-ibo
gd-b3952e7dde06,gdelt_gkg_v2,news,"After six-year-old's death, Hyderabad Police cautions against midnight birthday celebrations on Tank Bund, major roads",,2026-10-09T08:00:00Z,original,,false,,https://www.thehindu.com/news/cities/Hyderabad/hyderabad-police-chief-cautions-against-midnight-birthday-celebrations-on-tank-bund-other-major-roads/article71562915.ece
gd-b3d73d47332d,gdelt_gkg_v2,news,Flu season warning as UK virus levels hit four-year high | Burnham and Highbridge Weekly News,,2026-10-09T08:00:00Z,original,,false,,https://www.burnhamandhighbridgeweeklynews.co.uk/news/26620792.flu-season-warning-uk-virus-levels-hit-four-year-high/
gd-b3e429a29a4c,gdelt_gkg_v2,news,Beneath Gaza's rubble lie the missing – and possible evidence,,2026-10-09T08:00:00Z,original,,false,,https://www.swissinfo.ch/eng/humanitarian-aid/beneath-gazas-rubble-lie-the-missing-and-possible-evidence/92139472
gd-b415b23b15f7,gdelt_gkg_v2,news,Abandoned dogs rescued from dumped car after police chase,,2026-10-09T08:00:00Z,original,,false,,https://www.sloughobserver.co.uk/news/26621136.abandoned-dogs-rescued-dumped-car-police-chase/
gd-b568160d29a1,gdelt_gkg_v2,news,"Md. Tufan Rain @ Tufan Rain vs The State Of Jharkhand .... .... .... ... on 6 October, 2026",,2026-10-09T08:00:00Z,original,,false,,https://indiankanoon.org/doc/127851121/
gd-b5990e201ce2,gdelt_gkg_v2,news,Auckland.Scoop » NZ's Nursing Squeeze Is An Election Issue. Is It Time For Compulsory Patient Ratios?,,2026-10-09T08:00:00Z,original,,false,,https://auckland.scoop.co.nz/2026/10/nzs-nursing-squeeze-is-an-election-issue-is-it-time-for-compulsory-patient-ratios/
gd-b5e65ede8ca6,gdelt_gkg_v2,news,"Shouting, profanity at Turning Point USA event at University of Iowa",,2026-10-09T08:00:00Z,original,,false,,https://www.kcrg.com/2026/10/09/shouting-profanity-turning-point-usa-event-university-iowa/
gd-b7a83067cd16,gdelt_gkg_v2,news,Saweetie Reacts to Quavo Still Talking About the Bentley Dispute Years Later,,2026-10-09T08:00:00Z,original,,false,,https://www.aceshowbiz.com/news/view/00262545.html
gd-b8c8d146a7ab,gdelt_gkg_v2,news,Sudan: Darfur - Healthcare Needs Outstrip Resources As Security Council Extends Sudan Sanctions,,2026-10-09T08:00:00Z,original,,false,,https://allafrica.com/stories/202610090086.html
gd-b8d27ce98f4c,gdelt_gkg_v2,news,The Spring/Summer 2027 Catwalk Size Inclusion Report is Here,,2026-10-09T08:00:00Z,original,,false,,https://www.marieclaire.co.uk/fashion/spring-summer-2027-catwalk-size-inclusion-report
gd-b8d7b83f24bc,gdelt_gkg_v2,news,University of Iowa receives D- in free speech ranking,,2026-10-09T08:00:00Z,original,,false,,https://www.kcrg.com/2026/10/09/university-iowa-receives-d-free-speech-ranking/
gd-b908c7c2a56c,gdelt_gkg_v2,news,"Seattle DJC.com local business news and data - Weekend - From HBO Max to 'Star Trek,' here's what's now under the Skydance umbrella",,2026-10-09T08:00:00Z,original,,false,,https://www.djc.com/news/le/12178181.html
gd-b9264558002d,gdelt_gkg_v2,news,Switzerland condemns deadly Russian attack on Ukrainian buses,,2026-10-09T08:00:00Z,original,,false,,https://www.swissinfo.ch/eng/war-peace/switzerland-condemns-russian-attack-on-ukrainian-civilian-buses/92190208
gd-b9efbf6c8183,gdelt_gkg_v2,news,PEI Group reveals the world's 100 biggest private markets firms have raised $5.74 trillion in five years,,2026-10-09T08:00:00Z,original,,false,,https://www.prnewswire.com/news-releases/pei-group-reveals-the-worlds-100-biggest-private-markets-firms-have-raised-5-74-trillion-in-five-years-302902717.html
gd-ba0276986b11,gdelt_gkg_v2,news,Golan Heights dilemma: Israel's new military line blurs engagement and confrontation,,2026-10-09T08:00:00Z,original,,false,,https://www.thenationalnews.com/news/mena/2026/10/09/syria-israel-golan-heights/
gd-ba45f330d106,gdelt_gkg_v2,news,Sa'ar: Countries that act against Israel will 'lose their influence' in region - Israel & Jewish News,,2026-10-09T08:00:00Z,original,,false,,https://www.jns.org/feature/saar-countries-that-act-against-israel-will-lose-their-influence-in-region
gd-bc7df8b6ec77,gdelt_gkg_v2,news,Retirement just changed forever – millions more to work past state pension age | Personal Finance | Finance,,2026-10-09T08:00:00Z,original,,false,,https://www.express.co.uk/finance/personalfinance/2254952/retirement-just-changed-forever-millions-work-past-state-pension-age
gd-bcf61b2ebeb8,gdelt_gkg_v2,news,Cumbria fire crews have no drones for wildfire response,,2026-10-09T08:00:00Z,original,,false,,https://www.timesandstar.co.uk/news/26615755.cumbria-fire-crews-no-drones-wildfire-response/
gd-bdb27b86b47b,gdelt_gkg_v2,news,"JLL lights up Mumbai's Bandra-Worli Sea Link, reinforcing its India commitment",,2026-10-09T08:00:00Z,original,,false,,https://www.adgully.com/post/22004/jll-lights-up-mumbais-bandra-worli-sea-link-reinforcing-its-india-commitment
gd-be9043db36f9,gdelt_gkg_v2,news,Cooling center coming to Calipatria,,2026-10-09T08:00:00Z,original,,false,,https://www.ivpressonline.com/news/cooling-center-coming-to-calipatria/article_c2eda214-b7ec-452d-8db4-267539c4d520.html
gd-beb9ef8375f3,gdelt_gkg_v2,news,Arab News | A US patent for a heart valve at King Saud University,,2026-10-09T08:00:00Z,original,,false,,https://www.arabnews.com/saudi-arabia/a-us-patent-for-a-heart-valve-at-king-saud-university-3005422
gd-becfc5ccdf03,gdelt_gkg_v2,news,"Severn Valley Railway's fundraising campaign approaches £500,000",,2026-10-09T08:00:00Z,original,,false,,https://www.shropshirelive.com/news/2026/10/09/severn-valley-railways-fundraising-campaign-approaches-500000/
gd-bfeb85b01752,gdelt_gkg_v2,news,Ray Dalio Warns Stock Market's Margin for Error Is Shrinking,,2026-10-09T08:00:00Z,original,,false,,https://www.businessinsider.com/ray-dalio-bond-market-yields-interest-rates-stocks-ai-trade-2026-10
gd-c147abe7c240,gdelt_gkg_v2,news,Anne Hathaway gives Tom Cruise's 'Digger' five stars despite box office flop,,2026-10-09T08:00:00Z,original,,false,,https://arynews.tv/anne-hathaway-gives-tom-cruises-digger-five-stars-despite-box-office-flop
gd-c1a491424c24,gdelt_gkg_v2,news,Daktronics Granted Planning Permission For Ennistymon Solar Farm,,2026-10-09T08:00:00Z,original,,false,,https://www.clare.fm/news/daktronics-granted-planning-permission-for-ennistymon-solar-farm/
gd-c23da8d8f53e,gdelt_gkg_v2,news,Flipkart Big Billion Days 2026 Sale: Flipkart customer orders smartphone but receives soap in sealed box: Court orders full refund with interest & compensation for mental harassment,,2026-10-09T08:00:00Z,original,,false,,https://economictimes.indiatimes.com/news/new-updates/flipkart-customer-orders-smartphone-but-receives-soap-in-sealed-box-court-orders-full-refund-with-interest-compensation-for-mental-harassment/articleshow/134817851.cms
gd-c3dad014d22c,gdelt_gkg_v2,news,JVS has a Heart of Gold - The Herald Star,,2026-10-09T08:00:00Z,original,,false,,https://www.heraldstaronline.com/news/community/2026/10/jvs-has-a-heart-of-gold/
gd-c470dcf46c90,gdelt_gkg_v2,news,"Four family homes for sale in Cockermouth from £325,000",,2026-10-09T08:00:00Z,original,,false,,https://www.timesandstar.co.uk/news/26612866.four-family-homes-sale-cockermouth-325-000/
gd-c4c0a153d683,gdelt_gkg_v2,news,Andy Burnham on major petrol station price change from today | Burnham and Highbridge Weekly News,,2026-10-09T08:00:00Z,original,,false,,https://www.burnhamandhighbridgeweeklynews.co.uk/news/26620791.andy-burnham-major-petrol-station-price-change-today/
gd-c513437b2029,gdelt_gkg_v2,news,Palantir's Tom Watson says 'mob rule' must not dictate awarding of government contracts | Palantir,,2026-10-09T08:00:00Z,original,,false,,https://www.theguardian.com/technology/2026/oct/09/palantir-tom-watson-mob-rule-government-contracts
gd-c5d8f465c372,gdelt_gkg_v2,news,"Trains, Metros, liquor shops, detention camps: Delhi's lockdown-like security net for October 10 CJP protest",,2026-10-09T08:00:00Z,original,,false,,https://www.moneycontrol.com/city/trains-metros-liquor-shops-detention-camps-delhi-s-lockdown-like-security-net-for-october-10-cjp-protest-article-14048437.html
gd-c5e49d332cbb,gdelt_gkg_v2,news,"Tim Phillips Show, 10/9/26 - KLTZ/MIX-93",,2026-10-09T08:00:00Z,original,,false,,https://www.kltz.com/tim-shows/tim-phillips-show-10-9-26
gd-c8d61b99546d,gdelt_gkg_v2,news,China Daily Website - Connecting China Connecting the World,,2026-10-09T08:00:00Z,original,,false,,http://www.chinadaily.com.cn/www.chinadaily.com.cn/a/202610/09/WS6ac889e1e4b06d4aa0561e6f.html
gd-c90004b9f448,gdelt_gkg_v2,news,"Largest Mouseman bowl sells for £9,500 at auction house",,2026-10-09T08:00:00Z,original,,false,,https://www.thenorthernecho.co.uk/news/26617519.largest-mouseman-bowl-sells-9-500-auction-house/
gd-caa7d8642a34,gdelt_gkg_v2,news,Honest distorter - The Hindu,,2026-10-09T08:00:00Z,original,,false,,https://www.thehindu.com/features/friday-review/theatre/honest-distorter/article59822669.ece
gd-cafcbe09b740,gdelt_gkg_v2,news,"French kitchenware giant Tefal faces legal ultimatum over harmful chemicals, as Europeans' health at stake – EUobserver",,2026-10-09T08:00:00Z,original,,false,,https://euobserver.com/241872/french-kitchenware-tefal-faces-legal-ultimatum-over-harmful-chemicals-as-europeans-health-at-stake/
gd-cc9c54f734ee,gdelt_gkg_v2,news,Lauren Goodger reveals she's lost 2.5 stone,,2026-10-09T08:00:00Z,original,,false,,https://www.dailymail.com/tvshowbiz/article-16193737/Lauren-Goodger-weight-loss-breast-implants.html
gd-ccb2f301486d,gdelt_gkg_v2,news,"The Best Time to Fill the Tank, Ontario, Canada - Photo of the Day",,2026-10-09T08:00:00Z,original,,false,,https://havanatimes.org/photo-of-the-day/the-best-time-to-fill-the-tank-ontario-canada-photo-of-the-day/
gd-ccd4bca3da5f,gdelt_gkg_v2,news,India advises nationals in Saudi Arabia to remain vigilant amid escalating regional tensions,,2026-10-09T08:00:00Z,original,,false,,https://www.thehindu.com/news/national/india-advises-nationals-in-saudi-arabia-to-remain-vigilant-amid-escalating-regional-tensions/article71563038.ece
gd-ceb02a980fc8,gdelt_gkg_v2,news,Station Parade Lounge wants music and 'late night' service,,2026-10-09T08:00:00Z,original,,false,,https://www.romfordrecorder.co.uk/news/26615647.station-parade-lounge-wants-music-late-night-service/
gd-cee101fa32f5,gdelt_gkg_v2,news,Kitchen Table Legal | Pride Source,,2026-10-09T08:00:00Z,original,,false,,https://pridesource.com/marketplace/kitchen-table-legal
gd-cfc6328c3072,gdelt_gkg_v2,news,"Fact-checking Maine debate between Susan Collins, Troy Jackson on Roe v. Wade, electric rates, Iran – PolitiFact",,2026-10-09T08:00:00Z,original,,false,,https://politifact.com/article/2026/oct/08/fact-check-debate-maine-collins-jackson-tariff/
gd-cff4e102b29e,gdelt_gkg_v2,news,New Mexico Wellness Wire: Advocates renew calls to expand Medicaid coverage of weight loss drugs,,2026-10-09T08:00:00Z,original,,false,,https://www.santafenewmexican.com/news/local_news/new-mexico-wellness-wire-advocates-renew-calls-to-expand-medicaid-coverage-of-weight-loss-drugs/article_39b3604f-3b4a-49a6-9d19-f16310fcaf6e.html
gd-d01d7d0e56e3,gdelt_gkg_v2,news,"Almost 1,500 Crossmolina premises to avail of fibre broadband",,2026-10-09T08:00:00Z,original,,false,,https://www.midwestradio.ie/news/almost-1500-crossmolina-premises-to-avail-of-fibre-broadband/
gd-d05a1008fefd,gdelt_gkg_v2,news,Philippine Air Force to get advanced Black Hawk training systems from Lockheed Martin,,2026-10-09T08:00:00Z,original,,false,,https://bworldonline.com/corporate/2026/10/09/785873/philippine-air-force-to-get-advanced-black-hawk-training-systems-from-lockheed-martin/
gd-d0624f8617a9,gdelt_gkg_v2,news,How Harry Potter Helped Make One of Sci-Fi's Most Acclaimed Movies Possible - Comic Book Movies and Superhero Movie News,,2026-10-09T08:00:00Z,original,,false,,https://www.superherohype.com/news/698443-harry-potter-made-children-of-men-possible-alfonso-cuaron
gd-d086662828da,gdelt_gkg_v2,news,Oil prices decline; Brent falls to $103.53 pb,,2026-10-09T08:00:00Z,original,,false,,http://www.austinglobe.com/news/279361075/oil-prices-decline-brent-falls-to-10353-pb
gd-d09caaa5aed8,gdelt_gkg_v2,news,Meezaan Jafri & Killer Jeans launch 'Genes of India' denim campaign,,2026-10-09T08:00:00Z,original,,false,,https://www.adgully.com/post/22018/meezaan-jafri-killer-jeans-launch-genes-of-india-denim-campaign
gd-d175eafbd3a2,gdelt_gkg_v2,news,Flu season warning as UK virus levels hit four-year high | Somerset County Gazette,,2026-10-09T08:00:00Z,original,,false,,https://www.somersetcountygazette.co.uk/news/26620792.flu-season-warning-uk-virus-levels-hit-four-year-high/
gd-d27de5a439b6,gdelt_gkg_v2,news,"Barrage of explosions in Hormuz - Iran struck 104 tankers to control prices - Trump at an impasse, but something scares the Iranians",,2026-10-09T08:00:00Z,original,,false,,https://www.bankingnews.gr/diethni/articles/904221/barrage-of-explosions-in-hormuz-iran-struck-104-tankers-to-control-prices-trump-at-an-impasse-but-something-scares-the-iranians%20title=
gd-d318a8081b38,gdelt_gkg_v2,news,Petrol prices leave writer reminiscing about life in the 1960s,,2026-10-09T08:00:00Z,original,,false,,https://www.thenorthernecho.co.uk/news/26617126.petrol-prices-leave-writer-reminiscing-life-1960s/
gd-d32c273b2074,gdelt_gkg_v2,news,"Kevin Rudd warns U.S., China of potential AI security crisis, calls for urgent cooperation",,2026-10-09T08:00:00Z,original,,false,,https://www.thehindu.com/sci-tech/technology/kevin-rudd-warns-us-china-of-potential-ai-security-crisis-calls-for-urgent-cooperation/article71563017.ece
gd-d33e2a005558,gdelt_gkg_v2,news,Flu Season Is Here: 3 Steps to Take Now,,2026-10-09T08:00:00Z,original,,false,,https://www.kinston.com/online_features/health_and_wellness/flu-season-is-here-3-steps-to-take-now/article_14568a27-f243-5d57-b574-4dc1f7b3ca34.html
gd-d3431733d896,gdelt_gkg_v2,news,WahlWater Supplies UV DisinfectionSystems and ReplacementParts to Well and CottageOwners in Canada,,2026-10-09T08:00:00Z,original,,false,,https://www.briefingwire.com/pr/wahlwater-supplies-uv-disinfectionsystems-and-replacementparts-to-well-and-cottageowners-in-canada
gd-d4e8217b14fb,gdelt_gkg_v2,news,Construction Underway on Interlochen Trail,,2026-10-09T08:00:00Z,original,,false,,https://www.traverseticker.com/news/construction-begins-on-interlochen-trail/
gd-d546485afacb,gdelt_gkg_v2,news,"Skanska to provide railroad improvements in northeast USA for USD 136M, about SEK 1.3 billion",,2026-10-09T08:00:00Z,original,,false,,https://www.prnewswire.com/news-releases/skanska-to-provide-railroad-improvements-in-northeast-usa-for-usd-136m-about-sek-1-3-billion-302903313.html
gd-d58df56bfcdd,gdelt_gkg_v2,news,MEED | Fibrex wins $217m Abu Dhabi Seamont residences contract,,2026-10-09T08:00:00Z,original,,false,,https://www.meed.com:443/fibrex-wins-217m-abu-dhabi-seamont-residences-contract
gd-d60c543bcf2a,gdelt_gkg_v2,news,"Suspect injured in shooting near Johor Zoo, police confirm",,2026-10-09T08:00:00Z,original,,false,,https://www.freemalaysiatoday.com/category/nation/2026/10/09/suspect-injured-in-shooting-near-johor-zoo-police-confirm
gd-d618b6e76227,gdelt_gkg_v2,news,Subscribe to the Cairns Post,,2026-10-09T08:00:00Z,original,,false,,https://www.cairnspost.com.au/entertainment/trop-jr-short-film-festival-relaunches-with-nationwide-call-for-young-australian-creators/news-story/348e35e703635180b276b4ae000444c1&memtype=anonymous&mode=premium&nk=49d2971450506b7acaa75cf239221691-1791532007
gd-d656949c80df,gdelt_gkg_v2,news,Downstate man convicted of CSC in U.P. federal court,,2026-10-09T08:00:00Z,original,,false,,https://www.miningjournal.net/news/front-page-news/2026/10/downstate-man-convicted-of-csc-in-u-p-federal-court/
gd-d6b0ccd124f3,gdelt_gkg_v2,news,Two runners celebrate 50 years of half marathon,,2026-10-09T08:00:00Z,original,,false,,https://www.ketv.com/article/runners-celebrate-50-years-half-marathon/74086729
gd-d6c27ada374b,gdelt_gkg_v2,news,Leisure: Flavours from the sea,,2026-10-09T08:00:00Z,original,,false,,https://www.gdnonline.com:443/Details/1408938/Flavours-from-the-sea
gd-d784eddc2a85,gdelt_gkg_v2,news,Lake District Kendal Mint Brew wins gold at Great British Food Awards,,2026-10-09T08:00:00Z,original,,false,,https://www.timesandstar.co.uk/news/26614449.lake-district-kendal-mint-brew-wins-gold-great-british-food-awards/
gd-d7cbee14a231,gdelt_gkg_v2,news,A New Approach to Sustainable Plastics,,2026-10-09T08:00:00Z,original,,false,,https://www.chemeurope.com/en/news/1190039/a-new-approach-to-sustainable-plastics.html
gd-d86403986c65,gdelt_gkg_v2,news,M&S recalls three products over Salmonella contamination | Somerset County Gazette,,2026-10-09T08:00:00Z,original,,false,,https://www.somersetcountygazette.co.uk/news/national/uk-today/26621126.m-s-recalls-three-products-salmonella-contamination/
gd-d8c903d97416,gdelt_gkg_v2,news,Sweet tradition: Imperial Valley prepares for 21st Annual Honey Festival,,2026-10-09T08:00:00Z,original,,false,,https://www.ivpressonline.com/news/sweet-tradition-imperial-valley-prepares-for-21st-annual-honey-festival/article_3201ab86-88af-4512-89b0-34e66616c54e.html
gd-d974a2fdf965,gdelt_gkg_v2,news,Inquest opens into death of man hit by delivery driver,,2026-10-09T08:00:00Z,original,,false,,https://www.timesandstar.co.uk/news/26620110.inquest-opens-death-kendal-man-hit-delivery-driver/
gd-da5f4bd80c34,gdelt_gkg_v2,news,Sunset in Fairhope sets stage for Hurricane Isaias,,2026-10-09T08:00:00Z,original,,false,,https://www.fox10tv.com/2026/10/09/sunset-fairhope-sets-stage-hurricane-isaias/
gd-db32eea8bd44,gdelt_gkg_v2,news,Irkutsk pneumonia outbreak: Second  plague case in Siberia? Russia responds after WHO presses Moscow for answers over 28-year-old researcher's death,,2026-10-09T08:00:00Z,original,,false,,https://economictimes.indiatimes.com/world/us/second-plague-case-in-siberia-russia-responds-after-who-presses-moscow-for-answers-over-28-year-old-researchers-death/articleshow/134818913.cms
gd-db44aaf65af5,gdelt_gkg_v2,news,Innovent's Phase 3 Success Expands SYCUME's Potential In Thyroid Eye Disease,,2026-10-09T08:00:00Z,original,,false,,https://www.rttnews.com/3697705/innovent-s-phase-3-success-expands-sycume-s-potential-in-thyroid-eye-disease.aspx
gd-db96544f411f,gdelt_gkg_v2,news,Little hope of teachers' strike being called off as second day of action planned this month,,2026-10-09T08:00:00Z,original,,false,,https://www.thejournal.ie/teachers-strike-pay-dispute-public-sector-talks-7187663-Oct2026/
gd-dbaa2a767ee8,gdelt_gkg_v2,news,Samoa Observer | Six fires in one day,,2026-10-09T08:00:00Z,original,,false,,https://www.samoaobserver.ws/category/samoa/122474
gd-dc6fba3a437e,gdelt_gkg_v2,news,Govt likely to finalise critical minerals stockpiling policy in a month,,2026-10-09T08:00:00Z,original,,false,,https://economictimes.indiatimes.com/news/economy/policy/govt-likely-to-finalise-critical-minerals-stockpiling-policy-in-a-month/articleshow/134819355.cms
gd-dda897a221fe,gdelt_gkg_v2,news,Brexit in danger as Andy Burnham panics over major crisis facing Britain,,2026-10-09T08:00:00Z,original,,false,,https://www.express.co.uk/news/politics/2255637/andy-burnham-living-standards-crisis-brexit
gd-de064d862e35,gdelt_gkg_v2,news,Ryton volunteers collect 35 bags in anti-litter campaign,,2026-10-09T08:00:00Z,original,,false,,https://www.hexham-courant.co.uk/news/26615036.ryton-volunteers-collect-35-bags-anti-litter-campaign/
gd-de3226528b47,gdelt_gkg_v2,news,Meta bans ByteDance and TikTok ads across seven global markets,,2026-10-09T08:00:00Z,original,,false,,https://www.adgully.com/post/21996/meta-bans-bytedance-and-tiktok-ads-across-seven-global-markets
gd-dea088547c6c,gdelt_gkg_v2,news,10 dead after prison riot in Mexico's Sinaloa state | Somerset County Gazette,,2026-10-09T08:00:00Z,original,,false,,https://www.somersetcountygazette.co.uk/news/national/26621124.10-dead-prison-riot-mexicos-sinaloa-state/
gd-df20e0019c3a,gdelt_gkg_v2,news,"Performance Brokerage Services Advises on the Sale of Jack Kain Ford in Versailles, Kentucky, from Bob Kain, Vickie Kain Fister, and Pat Kain to O'Brien Auto Team",,2026-10-09T08:00:00Z,original,,false,,https://www.prnewswire.com/news-releases/performance-brokerage-services-advises-on-the-sale-of-jack-kain-ford-in-versailles-kentucky-from-bob-kain-vickie-kain-fister-and-pat-kain-to-obrien-auto-team-302903128.html
gd-df4170055ecf,gdelt_gkg_v2,news,How to See Hope and Value in Your Suffering - Your Daily Bible Verse - October 9,,2026-10-09T08:00:00Z,original,,false,,https://wmca.com/devotionals/your-daily-bible-verse/how-to-see-hope-and-value-in-your-suffering-bible-study-minute-april-17-2018
gd-dfcbefa4645e,gdelt_gkg_v2,news,Africa: How the Houthi-Saudi Conflict is Affecting African Countries,,2026-10-09T08:00:00Z,original,,false,,https://allafrica.com/stories/202610090212.html
gd-e000dd50d1b5,gdelt_gkg_v2,news,NEET protest: SC rejects plea for independent probe into CJP agitation,,2026-10-09T08:00:00Z,original,,false,,https://economictimes.indiatimes.com/news/politics-and-nation/neet-protest-sc-rejects-plea-for-independent-probe-into-cjp-agitation/articleshow/134818693.cms
gd-e0318f4b1de1,gdelt_gkg_v2,news,Rejecting a promotion sent field service tech into support hell,,2026-10-09T08:00:00Z,original,,false,,https://www.theregister.com/systems/2026/10/09/rejecting-a-promotion-sent-field-service-tech-into-support-hell/5301300
gd-e0b345e7417d,gdelt_gkg_v2,news,"Healthy Sleep: Best Amount, Tips, Benefits, Treatment, and More",,2026-10-09T08:00:00Z,original,,false,,https://www.healthline.com/health/healthy-sleep
gd-e0cb7a153b97,gdelt_gkg_v2,news,Journalist alleges assault during Chivayo funeral coverage,,2026-10-09T08:00:00Z,original,,false,,https://bulawayo24.com/index-id-news-sc-national-byo-267589.html
gd-e20db381e43a,gdelt_gkg_v2,news,'RHOP' Alum Mia Thornton Facing Potential Jail Time Over Alleged Stolen Furniture,,2026-10-09T08:00:00Z,original,,false,,https://www.tmz.com/2026/10/09/mia-thornton-felony-charge-over-alleged-stolen-furniture/
gd-e2f3a0d36d7a,gdelt_gkg_v2,news,Namibia: From Refugee Camp to Geneva .... Ambassador Vows to Turn Diplomacy Into Opportunities,,2026-10-09T08:00:00Z,original,,false,,https://allafrica.com/stories/202610090240.html
gd-e35d812a83ff,gdelt_gkg_v2,news,"Local Government Minister Ben Phiri calls for integrity in CDF implementation, hails Mutharika",,2026-10-09T08:00:00Z,original,,false,,https://www.malawivoice.com/2026/10/09/local-government-minister-ben-phiri-calls-for-integrity-in-cdf-implementation-hails-mutharika/
gd-e49ba4561b79,gdelt_gkg_v2,news,Pakistan and UK Pledge to Enhance Bilateral Relations,,2026-10-09T08:00:00Z,original,,false,,https://newsmakers.pk/pakistan-and-uk-pledge-to-enhance-bilateral-relations/
gd-e522494a407f,gdelt_gkg_v2,news,Seattle DJC.com local business news and data,,2026-10-09T08:00:00Z,original,,false,,https://www.djc.com:443/notices/index.php?action=get&id=453350
gd-e5308ffdbd9d,gdelt_gkg_v2,news,"Weekly Numerology Horoscope, October 12-18, 2026: Number 6 Brings Relationship and Money Lessons During Navratri Week",,2026-10-09T08:00:00Z,original,,false,,https://economictimes.indiatimes.com/astrology/numerology-predictions/weekly-numerology-horoscope-october-12-18-2026-number-6-brings-relationship-and-money-lessons-during-navratri-week/articleshow/134819901.cms
gd-e60542fbecf7,gdelt_gkg_v2,news,"Sudhir Kumar vs State Of Jharkhand Through The ... on 5 October, 2026",,2026-10-09T08:00:00Z,original,,false,,https://indiankanoon.org/doc/118626455/
gd-e6319b608c15,gdelt_gkg_v2,news,Telford training team backed by developer's donation,,2026-10-09T08:00:00Z,original,,false,,https://www.shropshirelive.com/business/2026/10/09/telford-training-team-backed-by-developers-donation/
gd-e64043b2b923,gdelt_gkg_v2,news,"RR track maintenance, culvert work to impact traffic flow",,2026-10-09T08:00:00Z,original,,false,,https://www.miningjournal.net/news/local/2026/10/rr-track-maintenance-culvert-work-to-impact-traffic-flow/
gd-e6ff0fdcba20,gdelt_gkg_v2,news,MEED | Dubai picks contractor for Al-Maktoum airport terminal,,2026-10-09T08:00:00Z,original,,false,,https://www.meed.com:443/dubai-picks-contractor-for-al-maktoum-airport-terminal
gd-e819f7b053f7,gdelt_gkg_v2,news,Met arrests 700 in major London phone theft crackdown,,2026-10-09T08:00:00Z,original,,false,,https://www.asianimage.co.uk/news/26619128.met-arrests-700-major-london-phone-theft-crackdown/
gd-e9cf528d2e2d,gdelt_gkg_v2,news,Mi Arcus partners with Papa Don't Preach to reimagine festive kidswear,,2026-10-09T08:00:00Z,original,,false,,https://www.adgully.com/post/22016/mi-arcus-partners-with-papa-dont-preach-to-reimagine-festive-kidswear
gd-ea52a4821fef,gdelt_gkg_v2,news,"Dr. Sumeet Kumar Gupta vs The State Of Jharkhand Through The ... on 5 October, 2026",,2026-10-09T08:00:00Z,original,,false,,https://indiankanoon.org/doc/199577015/
gd-eaf8b516bc1c,gdelt_gkg_v2,news,Seattle DJC.com local business news and data - Construction - More funds sought for wildfire repairs,,2026-10-09T08:00:00Z,original,,false,,https://www.djc.com/news/co/12178193.html
gd-eb3039b13e9b,gdelt_gkg_v2,news,Goats return to Hauxley reserve for winter conservation,,2026-10-09T08:00:00Z,original,,false,,https://www.hexham-courant.co.uk/news/26614984.goats-return-hauxley-reserve-winter-conservation/
gd-eb5be940602b,gdelt_gkg_v2,news,Delhi court grants Brij Bhushan time to reply to plea against acquittal,,2026-10-09T08:00:00Z,original,,false,,https://www.thehindu.com/news/cities/Delhi/delhi-court-grants-brij-bhushan-time-to-reply-to-plea-against-acquittal/article71562893.ece
gd-ebb459dca6e5,gdelt_gkg_v2,news,Australian shark attack survivor Mel Ismail says he hit at the predator's eye during fight,,2026-10-09T08:00:00Z,original,,false,,https://nypost.com/2026/10/09/world-news/australian-shark-attack-survivor-mel-ismail-says-he-hit-at-the-predators-eye-during-fight/
gd-ed93ea26d3fa,gdelt_gkg_v2,news,"What Foxtel, Moonbug Entertainment and Fremantle want out of SPA's Pitch on Demand",,2026-10-09T08:00:00Z,original,,false,,https://if.com.au/what-foxtel-moonbug-entertainment-and-fremantle-want-out-of-spas-pitch-on-demand/
gd-ee00cf428ae2,gdelt_gkg_v2,news,Reading Magistrates' Court hears cases including thefts,,2026-10-09T08:00:00Z,original,,false,,https://www.sloughobserver.co.uk/news/26611312.reading-magistrates-court-hears-cases-including-thefts/
gd-ee0b7f09c873,gdelt_gkg_v2,news,Africa: Airtel Africa Reaffirms Commitment to Improve Customer Experience,,2026-10-09T08:00:00Z,original,,false,,https://allafrica.com/stories/202610090217.html
gd-efad3f74926f,gdelt_gkg_v2,news,Druski's 'That's So Zion' Skit Parodies Child Stars,,2026-10-09T08:00:00Z,original,,false,,https://eurweb.com/druski-child-stars-skit/
gd-efeba42ec66c,gdelt_gkg_v2,news,Zack Polanski is heading for the exit - but one person will be licking their lips,,2026-10-09T08:00:00Z,original,,false,,https://www.aol.co.uk/articles/zack-polanski-heading-exit-one-071300000.html
gd-f098293590be,gdelt_gkg_v2,news,East Timor Ready to Discuss Air Links With Russia,,2026-10-09T08:00:00Z,original,,false,,https://sputnikglobe.com/20261009/east-timor-ready-to-discuss-air-links-with-russia---foreign-minister-1124854758.html
gd-f0ef5984677d,gdelt_gkg_v2,news,Former NJ mayor urges Trump admin to monitor state election after hundreds of non-cit,,2026-10-09T08:00:00Z,original,,false,,https://www.alipac.us/f42/former-nj-mayor-urges-trump-admin-monitor-state-election-after-hundreds-non-cit-442249/
gd-f14bb6d908ef,gdelt_gkg_v2,news,Dunbar teenager struck her former partner to the head,,2026-10-09T08:00:00Z,original,,false,,https://www.eastlothiancourier.com/news/26609389.dunbar-teenager-struck-former-partner-head/
gd-f17c6585a983,gdelt_gkg_v2,news,Nebraska voters urged to turn out for midterms,,2026-10-09T08:00:00Z,original,,false,,https://www.ketv.com/article/nebraska-midterm-voter-turnout-lags-presidential/74085565
gd-f1df7fa330fc,gdelt_gkg_v2,news,Africa: Lighthouse Capital to Raise $50m for Mid-Market Africa Fund,,2026-10-09T08:00:00Z,original,,false,,https://allafrica.com/stories/202610090074.html
gd-f254b3b709ef,gdelt_gkg_v2,news,India Today Conclave Mumbai returns with 'Gateway to Growth' agenda,,2026-10-09T08:00:00Z,original,,false,,https://www.adgully.com/post/21995/india-today-conclave-mumbai-returns-with-gateway-to-growth-agenda
gd-f419a15aa436,gdelt_gkg_v2,news,"Data center transparency, supporting farmers and more discussed at Prairie Public U.S. House debate",,2026-10-09T08:00:00Z,original,,false,,https://www.inforum.com/news/north-dakota/data-center-transparency-supporting-farmers-and-more-discussed-at-prairie-public-u-s-house-debate
gd-f42639422e8c,gdelt_gkg_v2,news,Pine Bluff micro-school wins $1 million Yass Prize at Philadelphia summit,,2026-10-09T08:00:00Z,original,,false,,https://katv.com/news/local/pine-bluff-micro-school-wins-1-million-yass-prize-at-philadelphia-summit-katv-news-share-inform-public-community
gd-f4788b6efea5,gdelt_gkg_v2,news,Latest quarterly home prices: How much is your home worth,,2026-10-09T08:00:00Z,original,,false,,https://www.realestate.com.au/news/latest-quarterly-home-prices-how-much-is-your-home-worth/
gd-f505d441b314,gdelt_gkg_v2,news,Hyundai named a finalist in Future of HR Awards,,2026-10-09T08:00:00Z,original,,false,,https://dailydispatch.co.za/lifestyle/motoring/2026-10-09-hyundai-named-a-finalist-in-future-of-hr-awards/
gd-f527949b57b3,gdelt_gkg_v2,news,Will John Cena Return as Jakob Toretto? Fast X Star Has Answered - Comic Book Movies and Superhero Movie News,,2026-10-09T08:00:00Z,original,,false,,https://www.superherohype.com/news/698413-fast-x-forever-john-cena-return-jakob-toretto
gd-f70815811b21,gdelt_gkg_v2,news,Judge the 'Populist' Push for Price Controls on Populist Grounds,,2026-10-09T08:00:00Z,original,,false,,https://pjmedia.com/veronique-de-rugy/2026/10/08/judge-the-populist-push-for-price-controls-on-populist-grounds-n4958130
gd-f73b9dd2572f,gdelt_gkg_v2,news,Grimes Shares First Song From AI-Inspired Album Psy Opera,,2026-10-09T08:00:00Z,original,,false,,https://pitchfork.com/story/grimes-shares-first-song-from-ai-inspired-album-psy-opera/
gd-f8458423e228,gdelt_gkg_v2,news,"Three years on, Gaza war remains unresolved",,2026-10-09T08:00:00Z,original,,false,,https://www.2lt.com.au/three-years-on-gaza-war-remains-unresolved/
gd-f9857717c7b5,gdelt_gkg_v2,news,"Three, including former president, indicted in EGCC case",,2026-10-09T08:00:00Z,original,,false,,https://www.heraldstaronline.com/news/local-news/2026/10/three-including-former-president-indicted-in-egcc-case/
gd-f99ac589c87d,gdelt_gkg_v2,news,Luv Ranjan introduces the young cast of Pehla Pyaar Doosri Baar at Drishyam's success party,,2026-10-09T08:00:00Z,original,,false,,https://www.adgully.com/post/22008/luv-ranjan-introduces-the-young-cast-of-pehla-pyaar-doosri-baar-at-drishyams-success-party
gd-f9ffa121c7df,gdelt_gkg_v2,news,Auckland.Scoop » Young People In Auckland's New Henderson Electorate Feeling Disenfranchised,,2026-10-09T08:00:00Z,original,,false,,https://auckland.scoop.co.nz/2026/10/young-people-in-aucklands-new-henderson-electorate-feeling-disenfranchised/
gd-fad4fc7726ce,gdelt_gkg_v2,news,Westerly to apply for up to $625K in Community Development Block Grant funds,,2026-10-09T08:00:00Z,original,,false,,https://www.thewesterlysun.com/daily-news-alerts/westerly-to-apply-for-up-to-625k-in-community-development-block-grant-funds/article_8103a00d-55b6-4b52-911f-0aec48e96ab9.html
gd-fb59e02976fc,gdelt_gkg_v2,news,Azerbaijan targets $3.5B in agricultural investment – official,,2026-10-09T08:00:00Z,original,,false,,https://www.trend.az/business/4232824.html
gd-fc17f2f05bfa,gdelt_gkg_v2,news,"Watch They Shoot Horses, Don't They?",,2026-10-09T08:00:00Z,original,,false,,https://www.tcm.com/watchtcm/titles/22801
gd-fca8b8fdb65c,gdelt_gkg_v2,news,High surf pounds Southern California coast as Tropical Storm Rachel approaches,,2026-10-09T08:00:00Z,original,,false,,https://abc7.com/post/high-surf-pounds-southern-california-coast-tropical-storm-rachel-approaches/19924045/
gd-fcd394f22f33,gdelt_gkg_v2,news,Meezaan Jafri headlines Killer Jeans' Genes of India campaign,,2026-10-09T08:00:00Z,original,,false,,https://www.bollywoodhungama.com/news/bollywood/meezaan-jafri-headlines-killer-jeans-genes-of-india-campaign/
gd-fcd8cfc656b4,gdelt_gkg_v2,news,Man charged with murder after death at Harwood home,,2026-10-09T08:00:00Z,original,,false,,https://www.burytimes.co.uk/news/26621179.bolton-man-charged-murder-death-harwood-home/
gd-fee0ce49865f,gdelt_gkg_v2,news,"Bike World News - Pro Cycling News, Products & Tech and More",,2026-10-09T08:00:00Z,original,,false,,https://www.bikeworldnews.com/?blackhole=eb3036ee5a
gd-feeb63186763,gdelt_gkg_v2,news,Alness blood donor rallying call by SNBTS as supplies slump,,2026-10-09T08:00:00Z,original,,false,,https://www.ross-shirejournal.co.uk/news/highland-blood-donor-rallying-call-as-supplies-slump-447051/
gd-ff12f846da13,gdelt_gkg_v2,news,"The marketer behind the moment: Rachna Anbumani on consumers, curiosity and finding the right signal",,2026-10-09T08:00:00Z,original,,false,,https://www.adgully.com/post/22002/the-marketer-behind-the-moment-rachna-anbumani-on-consumers-curiosity-and-finding-the-right-signal
gd-ffdb193ca5e2,gdelt_gkg_v2,news,Shreya Ghoshal and Sonu Nigam reunite for romantic track 'Tujh Mein Basi Meri Jaan' from Prahaar,,2026-10-09T08:00:00Z,original,,false,,https://www.adgully.com/post/22012/shreya-ghoshal-and-sonu-nigam-reunite-for-romantic-track-tujh-mein-basi-meri-jaan-from-prahaar
gd-006b5425d4b8,gdelt_gkg_v2,news,"Mandira Bedi's Madh Island villa has direct access to beach and village. Inside her Mediterranean-style retreat with repurposed Benarasi fabrics, outdoor shower and a pool",,2026-10-09T08:15:00Z,original,,false,,https://economictimes.indiatimes.com/magazines/panache/mandira-bedis-madh-island-villa-has-direct-access-to-beach-and-village-inside-her-mediterranean-style-retreat-with-repurposed-benarasi-fabrics-outdoor-shower-and-a-pool/articleshow/134821820.cms
gd-01983394c8e5,gdelt_gkg_v2,news,PA Parole Agent Testifies in Marchello Woodard Homicide Trial Against Fellow Parole Agent,,2026-10-09T08:15:00Z,original,,false,,https://www.erienewsnow.com/news/pa-parole-agent-testifies-in-marchello-woodard-homicide-trial-against-fellow-parole-agent/article_ae0ff41c-4224-4568-9ebd-cc2ca881dae1.html
gd-0219381c651f,gdelt_gkg_v2,news,"24/7 Trading Is Taking Off, But Liquidity Is Lagging",,2026-10-09T08:15:00Z,original,,false,,https://www.tradersmagazine.com/am/24-7-trading-is-taking-off-but-liquidity-is-lagging/
gd-02318e5fd305,gdelt_gkg_v2,news,Compre announces senior leadership promotions | Company Announcement,,2026-10-09T08:15:00Z,original,,false,,https://www.investegate.co.uk/announcement/rns/compre-group-holdings-limited--rg62/compre-announces-senior-leadership-promotions/9815564
gd-0235396a81ad,gdelt_gkg_v2,news,Business.Scoop » Web Genius Champions Small Business Success With Kiwi Business Heroes Awards,,2026-10-09T08:15:00Z,original,,false,,https://business.scoop.co.nz/2026/10/09/web-genius-champions-small-business-success-with-kiwi-business-heroes-awards/
gd-03786b083e62,gdelt_gkg_v2,news,Datafolha Runoff Poll Puts Flávio Bolsonaro Ahead of Lula,,2026-10-09T08:15:00Z,original,,false,,https://www.riotimesonline.com/brazil-datafolha-runoff-poll-flavio-lula-2026/
gd-03e0001f1279,gdelt_gkg_v2,news,"14 AISF women members detained in  Itarsi while travelling to Delhi for CJP protest, lodged in hotel",,2026-10-09T08:15:00Z,original,,false,,https://timesofindia.indiatimes.com/city/pune/14-aisf-women-members-detained-in-itarsi-while-travelling-to-delhi-for-cjp-protest-lodged-in-hotel/articleshow/134819373.cms
gd-04984a7fe296,gdelt_gkg_v2,news,"Harry Potter: Female Draco Malfoy Fan Art Is Everywhere Right Now, And They Already Named Her Malfoid",,2026-10-09T08:15:00Z,original,,false,,https://comicbookmovie.com/fantasy/harry-potter/harry-potter-female-draco-malfoy-fan-art-is-everywhere-right-now-and-they-already-named-her-malfoid-a230320
gd-0514431a85be,gdelt_gkg_v2,news,Daily recap: Venezuela makes first official appearance at Conxemar; Canada's exporters face continued chaos in US,,2026-10-09T08:15:00Z,original,,false,,https://www.undercurrentnews.com/2026/10/09/daily-recap-venezuela-makes-first-official-appearance-at-conxemar-canadas-exporters-face-continued-chaos-in-us/
gd-0598bbe8fd74,gdelt_gkg_v2,news,Andy Burnham unveils £48m partnership in bid to 'defeat' dementia | Richmond and Twickenham Times,,2026-10-09T08:15:00Z,original,,false,,https://www.richmondandtwickenhamtimes.co.uk/news/national/26621033.andy-burnham-unveils-gbp48m-partnership-bid-defeat-dementia/
gd-06034295d45d,gdelt_gkg_v2,news,Safety chief says Flock cameras may need 'PR makeover' – Lowell Sun,,2026-10-09T08:15:00Z,original,,false,,https://www.lowellsun.com/2026/10/09/safety-chief-says-flock-cameras-may-need-pr-makeover/
gd-06bc71ba54d8,gdelt_gkg_v2,news,US Drug Czar Warns Mexican Governors Who Aid Cartels,,2026-10-09T08:15:00Z,original,,false,,https://www.riotimesonline.com/us-drug-czar-warns-mexican-governors-cartels-2026/
gd-09138c68044a,gdelt_gkg_v2,news,Fed Govt offers cost of living relief with petrol price cap,,2026-10-09T08:15:00Z,original,,false,,https://thenationonlineng.net/fed-govt-offers-cost-of-living-relief-with-petrol-price-cap/
gd-0930576a9e8e,gdelt_gkg_v2,news,Grant of Options | Company Announcement,,2026-10-09T08:15:00Z,original,,false,,https://www.investegate.co.uk/announcement/rns/ten-lifestyle-group--teng/grant-of-options/9814534
gd-09ac60efa380,gdelt_gkg_v2,news,"TCS, Infosys, Wipro shares jump; Nifty IT rises 2%; what analysts say",,2026-10-09T08:15:00Z,original,,false,,https://www.businesstoday.in/markets/stocks/story/tcs-infosys-wipro-shares-jump-nifty-it-rises-2-what-analysts-say-560604-2026-10-09
gd-0af5c30014bf,gdelt_gkg_v2,news,What should we tell our students?,,2026-10-09T08:15:00Z,original,,false,,https://terrytao.wordpress.com/2026/10/08/what-should-we-tell-our-students/
gd-0b3b102ff35e,gdelt_gkg_v2,news,Road safety improvements planned for Tump Lane near Hereford,,2026-10-09T08:15:00Z,original,,false,,https://www.herefordtimes.com/news/26621026.road-safety-improvements-planned-tump-lane-near-hereford/
gd-0b87ae6d3aa7,gdelt_gkg_v2,news,Critical Analysis: SOPHiA GENETICS (NASDAQ:SOPH) & Weave Communications (NYSE:WEAV),,2026-10-09T08:15:00Z,original,,false,,https://www.themarketsdaily.com/2026/10/09/critical-analysis-sophia-genetics-nasdaqsoph-weave-communications-nyseweav.html
gd-0beb37fd2741,gdelt_gkg_v2,news,ITV GMB warns US hurricane could bring UK storms next week | Richmond and Twickenham Times,,2026-10-09T08:15:00Z,original,,false,,https://www.richmondandtwickenhamtimes.co.uk/news/national/uk-today/26621110.itv-gmb-warns-us-hurricane-bring-uk-storms-next-week/
gd-0c3a03716865,gdelt_gkg_v2,news,NHS stay-at-home advice as American Covid XFG variant cases rise,,2026-10-09T08:15:00Z,original,,false,,https://www.derbytelegraph.co.uk/news/uk-world-news/nhs-stay-home-advice-american-11190748
gd-0c7ba98e032f,gdelt_gkg_v2,news,Ejiro Amos Tafiri announces Bold 2026 Event Series,,2026-10-09T08:15:00Z,original,,false,,https://thenationonlineng.net/ejiro-amos-tafiri-announces-bold-2026-event-series/
gd-0d6aa9f79cb1,gdelt_gkg_v2,news,"Community foundation awards $522,500 to Black Hawk County nonprofits",,2026-10-09T08:15:00Z,original,,false,,https://globegazette.com/news/community/article_42a0de3b-41ca-56b3-ae08-fc515960e0c6.html
gd-0dae791f426f,gdelt_gkg_v2,news,Rihanna Hints at Having at Least 170 Unreleased Songs in Her Music Vault,,2026-10-09T08:15:00Z,original,,false,,https://www.blazin1023.com/2026/10/09/rihanna-hints-at-having-at-least-170-unreleased-songs-in-her-music-vault/
gd-0df1841e68ab,gdelt_gkg_v2,news,Paraguay Senate Gets Central Bank Report on Ueno Bank,,2026-10-09T08:15:00Z,original,,false,,https://www.riotimesonline.com/paraguay-senate-central-bank-report-ueno-bank-2026/
gd-0ee1801904e5,gdelt_gkg_v2,news,Cancellation - HEADLAM GROUP PLC | Company Announcement,,2026-10-09T08:15:00Z,original,,false,,https://www.investegate.co.uk/announcement/rns/headlam-group--head/cancellation-headlam-group-plc/9815355
gd-0efcf8e733e1,gdelt_gkg_v2,news,"Nigeria: Govt Offers Petrol At N1,350 for Next 30 Days - Opposition Kicks",,2026-10-09T08:15:00Z,original,,false,,https://allafrica.com/stories/202610090250.html
gd-0f53175d847a,gdelt_gkg_v2,news,"Cut avocado should not be stored next to these fruits, here's why",,2026-10-09T08:15:00Z,original,,false,,https://timesofindia.indiatimes.com/life-style/food-news/cut-avocado-should-not-be-stored-next-to-these-fruits-heres-why/articleshow/134736980.cms
gd-0f7c7944d36e,gdelt_gkg_v2,news,Akasa Air extends Riyadh flight cancellation till October 10 amid evolving security situation,,2026-10-09T08:15:00Z,original,,false,,https://economictimes.indiatimes.com/nri/latest-updates/akasa-air-extends-riyadh-flight-cancellation-till-october-10-amid-evolving-security-situation/articleshow/134818348.cms
gd-0fefbfe9e946,gdelt_gkg_v2,news,"Nigeria: Humanitarian Worker, Police Inspector Killed As Bandits Raid Sokoto Communities",,2026-10-09T08:15:00Z,original,,false,,https://allafrica.com/stories/202610090169.html
gd-1067033a112c,gdelt_gkg_v2,news,"US PERM suspension: India slams US green card curbs, JD Vance's 'indentured servants' remark",,2026-10-09T08:15:00Z,original,,false,,https://www.businesstoday.in/india/story/us-perm-suspension-india-slams-us-green-card-curbs-jd-vances-indentured-servants-remark-560615-2026-10-09
gd-10cb48bff004,gdelt_gkg_v2,news,Cairn Homes Plc: Transaction in Own Shares | Company Announcement,,2026-10-09T08:15:00Z,original,,false,,https://www.investegate.co.uk/announcement/eqs/cairn-homes-cdi---crn/cairn-homes-plc-transaction-in-own-shares/9814793
gd-10ddd103125b,gdelt_gkg_v2,news,Work stoppages to impact HSE services in Mayo | Connaught Telegraph,,2026-10-09T08:15:00Z,original,,false,,https://www.con-telegraph.ie/2026/10/09/work-stoppages-to-impact-hse-services-in-mayo/
gd-1106c8a8c7a4,gdelt_gkg_v2,news,Police search for missing 12-year-old last seen at play park,,2026-10-09T08:15:00Z,original,,false,,https://www.dailyecho.co.uk/news/26621075.police-launch-search-12-year-old-missing-three-days/
gd-11cd308b066b,gdelt_gkg_v2,news,"Nigeria: Military Plane Crash - Air Chief Sets Up Probe Panel, Assures Adequate Support for Bereaved Families",,2026-10-09T08:15:00Z,original,,false,,https://allafrica.com/stories/202610090175.html
gd-1235251e0fdd,gdelt_gkg_v2,news,Verdict Due in Killing of 3 Surfers in Baja California,,2026-10-09T08:15:00Z,original,,false,,https://www.riotimesonline.com/mexico-ensenada-surfers-verdict-baja-california-2026/
gd-12a72b3359ad,gdelt_gkg_v2,news,Are you manifesting the right way? Celebrity astrologer share 5 doable things that give quick results,,2026-10-09T08:15:00Z,original,,false,,https://timesofindia.indiatimes.com/life-style/soul-search/are-you-manifesting-the-right-way-celebrity-astrologer-share-5-doable-things-that-give-quick-results/articleshow/134819772.cms
gd-12da3b1f9010,gdelt_gkg_v2,news,Roseanne Barr launches comeback comedy series Meemaw,,2026-10-09T08:15:00Z,original,,false,,https://www.film-news.co.uk/news/UK/129591/Roseanne-Barr-launches-comeback-comedy-series-Meemaw
gd-12f01850995d,gdelt_gkg_v2,news,"Hunter Nation rally in Green Bay draws conservative politicians, nearby protesters",,2026-10-09T08:15:00Z,original,,false,,https://www.wbay.com:443/2026/10/08/hunter-nation-rally-green-bay-draws-conservative-politicians-nearby-protesters/
gd-1384ff5353f5,gdelt_gkg_v2,news,When driving is no longer just about accepting rides: How Green SM is changing the game in India,,2026-10-09T08:15:00Z,original,,false,,http://www.calcuttanews.net/news/279361207/when-driving-is-no-longer-just-about-accepting-rides-how-green-sm-is-changing-the-game-in-india
gd-144bfe7c286d,gdelt_gkg_v2,news,New Life For Three Local Playgrounds,,2026-10-09T08:15:00Z,original,,false,,https://www.miragenews.com/new-life-for-three-local-playgrounds-1757715/
gd-14a0b89a45ea,gdelt_gkg_v2,news,"Three Years Into A Genocide, And Still Counting",,2026-10-09T08:15:00Z,original,,false,,https://www.thecitizen.in/opinion/three-years-into-a-genocide-and-still-counting-1373552
gd-151a9bfa0b14,gdelt_gkg_v2,news,"New planning bid at Green Dragon inn, Bishops Frome",,2026-10-09T08:15:00Z,original,,false,,https://www.herefordtimes.com/news/26616868.new-planning-bid-green-dragon-inn-bishops-frome/
gd-15389ca492ec,gdelt_gkg_v2,news,"JNTU VC faces complaint over abusive language, sexist remarks",,2026-10-09T08:15:00Z,original,,false,,https://www.siasat.com/jntu-vc-faces-complaint-over-abusive-language-sexist-remarks-3554609/
gd-160a68f5c8d0,gdelt_gkg_v2,news,Russian strikes and approaching winter force many in Kyiv to pack bags and flee,,2026-10-09T08:15:00Z,original,,false,,https://www.bbc.com/news/articles/c6zjx7jexz1do
gd-166c2d258561,gdelt_gkg_v2,news,Bangkok Post - Queen makes first solo flight in Gripen fighter jet,,2026-10-09T08:15:00Z,original,,false,,https://www.bangkokpost.com/thailand/general/3333609/queen-makes-first-solo-flight-in-gripen-fighter-jet
gd-1740e90f6106,gdelt_gkg_v2,news,82-year-old Oak Creek woman killed in Franklin crash,,2026-10-09T08:15:00Z,original,,false,,https://www.cbs58.com/news/82-year-old-oak-creek-woman-killed-in-franklin-crash
gd-1765cd0cf8ef,gdelt_gkg_v2,news,'About 100 H-1B visa holders were on Amazon's initial team that built AWS': Ex-employee criticises US green-card suspension for tech firms | World News,,2026-10-09T08:15:00Z,original,,false,,https://timesofindia.indiatimes.com/world/us/about-100-h-1b-visa-holders-were-on-amazons-initial-team-that-built-aws-ex-employee-criticises-us-green-card-suspension-for-tech-firms/articleshow/134819819.cms
gd-18c2016533ba,gdelt_gkg_v2,news,Mike Tyson: I Delivered Letter to Trump for Sean Combs,,2026-10-09T08:15:00Z,original,,false,,https://www.newser.com/story/397835/mike-tyson-i-delivered-letter-to-trump-for-diddy.html
gd-193e6e897609,gdelt_gkg_v2,news,Undersea War – Interview with Elisabeth Braw at the EFF2026,,2026-10-09T08:15:00Z,original,,false,,https://visegradinsight.eu/undersea-war-elisabeth-braw/
gd-1980b03f7c9f,gdelt_gkg_v2,news,Airtel Money Announcement of Final Offer Details | Company Announcement,,2026-10-09T08:15:00Z,original,,false,,https://www.investegate.co.uk/announcement/rns/amur-minerals-corporation-npv--amc/airtel-money-announcement-of-final-offer-details/9814566
gd-1b48a696f990,gdelt_gkg_v2,news,Chile: Santiago flooding turns streets to rivers as Kast declares state of catastrophe,,2026-10-09T08:15:00Z,original,,false,,https://www.aol.co.uk/articles/chile-santiago-flooding-turns-streets-074033000.html
gd-1bad0ae028f0,gdelt_gkg_v2,news,"""शी चिनफिंग की संस्कृति पर चुनिंदा रचनाओं"" के अध्ययन पर संगोष्ठी आयोजित",,2026-10-09T08:15:00Z,original,,false,,https://hindi.cri.cn/2026/10/09/ARTI1791532242320354
gd-1c4241f6d86c,gdelt_gkg_v2,news,Anthony Vaccarello Bows Out at Saint Laurent,,2026-10-09T08:15:00Z,original,,false,,https://www.vogue.com/article/anthony-vaccarello-bows-out-at-yves-saint-laurent
gd-1c42c536f073,gdelt_gkg_v2,news,Eco Buildings Advances AI Factory Line on Budget | Company Announcement,,2026-10-09T08:15:00Z,original,,false,,https://www.investegate.co.uk/announcement/rns/eco-buildings-group-plc--ecob/eco-buildings-advances-ai-factory-line-on-budget/9814575
gd-1c8a45313781,gdelt_gkg_v2,news,We must understand how fuel prices work,,2026-10-09T08:15:00Z,original,,false,,https://www.thenational.com.pg/we-must-understand-how-fuel-prices-work/
gd-1d53712482f9,gdelt_gkg_v2,news,"In the name of Allah, the Compassionate, the Merciful! (2)",,2026-10-09T08:15:00Z,original,,false,,https://thenationonlineng.net/in-the-name-of-allah-the-compassionate-the-merciful-2/
gd-1d6774de2af0,gdelt_gkg_v2,news,Australian Agriculture Awards: Westpac Innovation in Agriculture | Stock & Land,,2026-10-09T08:15:00Z,original,,false,,https://www.stockandland.com.au/story/9361380/australian-agriculture-awards-westpac-innovation-in-agriculture/
gd-1db107591ed2,gdelt_gkg_v2,news,"Kyptec LifeStyle 620 Bluetooth Headphones Combine Hybrid Active Noise Cancellation, Powerful Bass and 50 Hour Battery Life for Music, Work and Travel",,2026-10-09T08:15:00Z,original,,false,,http://www.cambodiantimes.com/news/279361134/kyptec-lifestyle-620-bluetooth-headphones-combine-hybrid-active-noise-cancellation-powerful-bass-and-50-hour-battery-life-for-music-work-and-travel
gd-1e5c6201d388,gdelt_gkg_v2,news,Free Remembrance train travel for bereaved military families,,2026-10-09T08:15:00Z,original,,false,,https://www.cotswoldjournal.co.uk/news/26620571.free-remembrance-train-travel-bereaved-military-families/
gd-1fba08c4e954,gdelt_gkg_v2,news,Mélenchon accuses Netanyahu of interfering in French elections,,2026-10-09T08:15:00Z,original,,false,,https://dailypost.ng/2026/10/09/melenchon-accuses-netanyahu-of-interfering-in-french-elections/
gd-207b2c17fba2,gdelt_gkg_v2,news,Council of Europe Closes Denmark Anti-Corruption Review,,2026-10-09T08:15:00Z,original,,false,,https://www.miragenews.com/council-of-europe-closes-denmark-anti-1757722/
gd-208dd9478904,gdelt_gkg_v2,news,Hereford road closures affect city and county routes,,2026-10-09T08:15:00Z,original,,false,,https://www.herefordtimes.com/news/26615387.hereford-road-closures-affect-city-county-routes/
gd-20bdad6bbfaa,gdelt_gkg_v2,news,President Addresses Hokkaido University's 150th Anniversary Ceremony,,2026-10-09T08:15:00Z,original,,false,,https://www.miragenews.com/president-addresses-hokkaido-universitys-150th-1757720/
gd-20db9485cf86,gdelt_gkg_v2,news,"UWA, Global Citizen Partner for Plastic Country Screening",,2026-10-09T08:15:00Z,original,,false,,https://www.miragenews.com/uwa-global-citizen-partner-for-plastic-country-1757731/
gd-214af4c5f5d1,gdelt_gkg_v2,news,Sweden's startups will raise $5 billion in 2026. Our secret sauce is 150 years old,,2026-10-09T08:15:00Z,original,,false,,https://fortune.com/2026/10/09/why-sweden-will-raise-5-billion-venture-capital-secret-sauce/
gd-219ce6cecdbd,gdelt_gkg_v2,news,OTel-Native by Design - Building Products That Export to Any Observability Stack,,2026-10-09T08:15:00Z,original,,false,,https://opentelemetry.io/blog/2026/otel-native-by-design/
gd-22394b3f0944,gdelt_gkg_v2,news,Bilateral Meeting with the Chairperson of the African Union Commission - Maurice Info - Partager et informer en toute intégralité,,2026-10-09T08:15:00Z,original,,false,,https://maurice-info.mu/2026/10/09/bilateral-meeting-with-the-chairperson-of-the-african-union-commission.html
gd-226a963dba22,gdelt_gkg_v2,news,Sprinkler Roster to Protect Esperance Groundwater,,2026-10-09T08:15:00Z,original,,false,,https://www.miragenews.com/sprinkler-roster-to-protect-esperance-1757719/
gd-228f9f7a40cc,gdelt_gkg_v2,news,Parental responsibility & a fatal E-motorcycle death in Southern California,,2026-10-09T08:15:00Z,original,,false,,https://www.mantecabulletin.com/opinion/local-columns/parental-responsibility-a-fatal-e-motorcycle-death-in-southern-california/
gd-23152b801a65,gdelt_gkg_v2,news,UOB and Amazon Web Services sign Memorandum of Understanding to explore AI-driven banking innovation across ASEAN,,2026-10-09T08:15:00Z,original,,false,,https://www.manilatimes.net/2026/10/09/tmt-newswire/pr-newswire/uob-and-amazon-web-services-sign-memorandum-of-understanding-to-explore-ai-driven-banking-innovation-across-asean/2442444
gd-2331dfaf308a,gdelt_gkg_v2,news,"Constance Wu, Henry Golding to star in Crazy Rich Asians TV spin-off",,2026-10-09T08:15:00Z,original,,false,,https://www.film-news.co.uk/news/UK/129590/Constance-Wu-Henry-Golding-to-star-in-Crazy-Rich-Asians-TV-spin-off
gd-2360a528afc7,gdelt_gkg_v2,news,"Feature: Reliving the Long March, 90 years on-Xinhua",,2026-10-09T08:15:00Z,original,,false,,https://english.news.cn/20261009/8433e9e3f5e84bda8bde4f81bcf2cdc6/c.html
gd-23b5b9ee89f5,gdelt_gkg_v2,news,Trump wants to reduce the cost of fuel as the midterms loom,,2026-10-09T08:15:00Z,original,,false,,https://www.bbc.com/news/articles/cv2d6x749lwro
gd-24471e65b26b,gdelt_gkg_v2,news,"J. S. Bach: Brandenburg Concerto No. 2 in F Major, Bwv 104, I. Allegro",,2026-10-09T08:15:00Z,original,,false,,https://www.yourclassical.org/episode/2026/10/09/j-s-bach-brandenburg-concerto-no-2-in-f-major-bwv-104-i-allegro
gd-248166502a67,gdelt_gkg_v2,news,"Cbse Special Examination 2026: CBSE Special Examination 2026 date sheet released at cbse.gov.in: Check schedule for West Asia candidates, exams from October 23",,2026-10-09T08:15:00Z,original,,false,,https://timesofindia.indiatimes.com/education/news/cbse-special-examination-2026-date-sheet-released-at-cbse-gov-in-check-schedule-for-west-asia-candidates-exams-from-october-23/articleshow/134818851.cms
gd-25b98c4243eb,gdelt_gkg_v2,news,PM revokes Thai citizenship of Israeli businessman,,2026-10-09T08:15:00Z,original,,false,,https://www.bangkokpost.com/learning/advanced/3330139/pm-revokes-thai-citizenship-of-israeli-businessman
gd-2621a4c4ac40,gdelt_gkg_v2,news,Publication and Posting of Supplementary Letter | Company Announcement,,2026-10-09T08:15:00Z,original,,false,,https://www.investegate.co.uk/announcement/rns/capricorn-energy--cne/publication-and-posting-of-supplementary-letter/9814559
gd-26b0d3285994,gdelt_gkg_v2,news,Funding Available for Youth Empowerment Initiatives,,2026-10-09T08:15:00Z,original,,false,,https://www.miragenews.com/funding-available-for-youth-empowerment-1757710/
gd-26f06b4ac503,gdelt_gkg_v2,news,Long-Term Leasing vs Short-Term Rentals: Which Is Better for Investors?,,2026-10-09T08:15:00Z,original,,false,,https://www.yourinvestmentpropertymag.com.au/strategy/airbnb-or-traditional-leasing-choosing-the-right-rental-strategy
gd-273463d719ab,gdelt_gkg_v2,news,Police step up action on anti-social driving in Braintree,,2026-10-09T08:15:00Z,original,,false,,https://www.halsteadgazette.co.uk/news/26616564.police-step-action-anti-social-driving-braintree/
gd-2757b56b746d,gdelt_gkg_v2,news,"5Paisa Launches 'Investor Connect' - Financial Planning Program for Over 5,000 CBSE Teachers",,2026-10-09T08:15:00Z,original,,false,,http://www.calcuttanews.net/news/279361221/5paisa-launches-investor-connect-financial-planning-program-for-over-5000-cbse-teachers
gd-28522b70493f,gdelt_gkg_v2,news,Samsara (NYSE:IOT) vs. i3 Verticals (NASDAQ:IIIV) Head-To-Head Analysis,,2026-10-09T08:15:00Z,original,,false,,https://www.themarketsdaily.com/2026/10/09/samsara-nyseiot-vs-i3-verticals-nasdaqiiiv-head-to-head-analysis.html
gd-293bd9af9285,gdelt_gkg_v2,news,Man dies after Hereford West Street barbershop emergency,,2026-10-09T08:15:00Z,original,,false,,https://www.herefordtimes.com/news/26618113.man-dies-hereford-west-street-barbershop-emergency/
gd-29a76ff5819a,gdelt_gkg_v2,news,"I joined 15,000 people on Garvaghy Road. This is what I learned",,2026-10-09T08:15:00Z,original,,false,,https://www.thenational.scot/politics/26620275.joined-15-000-people-garvaghy-road-learned/
gd-29c770a3de2f,gdelt_gkg_v2,news,"US, Philippine forces sharpen plans to counter missile and drone attacks",,2026-10-09T08:15:00Z,original,,false,,https://www.stripes.com/theaters/asia_pacific/2026-10-09/philippines-missile-drone-attacks-23099020.html
gd-29dea863ac77,gdelt_gkg_v2,news,"boltt Brings Two of Its Best Smartphone Deals to Big Billion Days Starting at INR 8,999",,2026-10-09T08:15:00Z,original,,false,,http://www.calcuttanews.net/news/279361166/boltt-brings-two-of-its-best-smartphone-deals-to-big-billion-days-starting-at-inr-8999
gd-2a02218ef232,gdelt_gkg_v2,news,ProFrac Holding Corp. (NASDAQ:ACDC) Stock Has Average Price Target of $5.25 According to Analysts,,2026-10-09T08:15:00Z,original,,false,,https://www.themarketsdaily.com/2026/10/09/profrac-holding-corp-nasdaqacdc-stock-has-average-price-target-of-5-25-according-to-analysts.html
gd-2a3ceb009fc1,gdelt_gkg_v2,news,A history of public executions in the US as Fort Hood shooter's could be livestreamed,,2026-10-09T08:15:00Z,original,,false,,https://www.wokv.com/news/national/public-executions-us/DCHG4BWLMYY77GLZGQJTUNCXLA/
gd-2a835ae6d45c,gdelt_gkg_v2,news,"Home equity loan and HELOC rates: Oct. 9, 2026",,2026-10-09T08:15:00Z,original,,false,,https://fortune.com/article/home-equity-rates-10-09-2026/
gd-2aa1bb5adbea,gdelt_gkg_v2,news,"'Unwarranted, offensive': India slams US Vice President JD Vance 'indentured servants' amid H-1B visa row",,2026-10-09T08:15:00Z,original,,false,,https://timesofindia.indiatimes.com/india/unwarranted-offensive-india-slams-us-vice-president-jd-vance-indentured-servants-amid-h-1b-visa-row/articleshow/134820376.cms
gd-2b1a9895c34e,gdelt_gkg_v2,news,Fujitsu launches collaboration with State of New Mexico to establish quantum computing research center,,2026-10-09T08:15:00Z,original,,false,,https://www.jcnnewswire.com/pressrelease/110704/3/Fujitsu-launches-collaboration-with-State-of-New-Mexico-to-establish-quantum-computing-research-cent
gd-2b357cf3d6fc,gdelt_gkg_v2,news,"Transfer: Barcelona battle Arsenal, Chelsea for Italian-Nigerian midfielder Ejodamen",,2026-10-09T08:15:00Z,original,,false,,https://dailypost.ng/2026/10/09/transfer-barcelona-battle-arsenal-chelsea-for-italian-nigerian-midfielder-ejodamen/
gd-2c74c55fc71b,gdelt_gkg_v2,news,"PrymaLab Publishes a Safety Data Sheet for Every Research Compound It Supplies: 189 Sheets Across 97 Compounds, 33 Carrying a GHS Hazard Classification",,2026-10-09T08:15:00Z,original,,false,,https://www.simcoereformer.ca/press-releases/newsfile/prymalab-publishes-a-safety-data-sheet-for-every-research-compound-it-supplies-189-sheets-across-97-compounds-33-carrying-a-ghs-hazard-classification/
gd-2cbebd624d3f,gdelt_gkg_v2,news,Nigeria's raw commodity exports will be under focus as agribusiness leaders meet in Uyo,,2026-10-09T08:15:00Z,original,,false,,https://www.premiumtimesng.com/regional/south-south-regional/915588-nigerias-raw-commodity-exports-will-be-under-focus-as-agribusiness-leaders-meet-in-uyo.html
gd-2dc59a2531aa,gdelt_gkg_v2,news,Nigeria: NNPC Discount Measure for Petrol Pump Price Has Tinubu's Backing - Presidency,,2026-10-09T08:15:00Z,original,,false,,https://allafrica.com/stories/202610090186.html
gd-2de2fcbd57df,gdelt_gkg_v2,news,"चीन के 'स्मार्ट खेत': ड्रोन, कृत्रिम बुद्धिमत्ता और चालक रहित मशीनों से कैसे बदल रही खेती",,2026-10-09T08:15:00Z,original,,false,,https://hindi.cri.cn/2026/10/09/ARTI1791532009959341
gd-2e0f4b83665c,gdelt_gkg_v2,news,Exoskeletons help police patrol mountainous scenic areas in NE China-Xinhua,,2026-10-09T08:15:00Z,original,,false,,https://english.news.cn/20261008/3820e26b73474ae687d2c3d274ea59d8/c.html
gd-2f94ae152585,gdelt_gkg_v2,news,FAAN announces closure of Owerri airport,,2026-10-09T08:15:00Z,original,,false,,https://dailypost.ng/2026/10/09/faan-announces-closure-of-owerri-airport/
gd-302e4932a6b2,gdelt_gkg_v2,news,Two SC men fall at BC villagers' feet after row over burial of 90-year-old in Erode cemetery,,2026-10-09T08:15:00Z,original,,false,,https://www.thehindu.com/news/national/tamil-nadu/two-sc-men-fall-at-bc-villagers-feet-after-row-over-burial-of-90-year-old-in-erode-cemetery/article71562978.ece
gd-30350d0cd4f0,gdelt_gkg_v2,news,"Current refi mortgage rates report for Oct. 9, 2026",,2026-10-09T08:15:00Z,original,,false,,https://fortune.com/article/current-refi-mortgage-rates-10-09-2026/
gd-309bdd5a77f4,gdelt_gkg_v2,news,"Simran Budharup: Pandya Store actress Simran Budharup opens up about being attacked in Mumbai, says 'No man has the right to touch a woman'",,2026-10-09T08:15:00Z,original,,false,,https://timesofindia.indiatimes.com/tv/news/hindi/pandya-store-actress-simran-budharup-opens-up-about-being-attacked-in-mumbai-says-no-man-has-the-right-to-touch-a-woman/articleshow/134820673.cms
gd-30ad6c7816c6,gdelt_gkg_v2,news,"LTC Properties, Inc. (NYSE:LTC) Receives Average Rating of ""Moderate Buy"" from Brokerages",,2026-10-09T08:15:00Z,original,,false,,https://www.themarketsdaily.com/2026/10/09/ltc-properties-inc-nyseltc-receives-average-rating-of-moderate-buy-from-brokerages.html
gd-30e56014cf0b,gdelt_gkg_v2,news,Dampskibsselskabet NORDEN A/S – weekly report on share buy-back | Company Announcement,,2026-10-09T08:15:00Z,original,,false,,https://www.investegate.co.uk/announcement/mfn/dampskibsselskabet-norden-a-s--0hdp/dampskibsselskabet-norden-a-s-weekly-report-/9815506
gd-311301aa2b6f,gdelt_gkg_v2,news,OML Director dealings  | Company Announcement,,2026-10-09T08:15:00Z,original,,false,,https://www.investegate.co.uk/announcement/rns/old-mutual-limited-npv-di---omu/oml-director-dealings-/9815359
gd-312eebde9057,gdelt_gkg_v2,news,Supreme Court refuses plea to 'review' order to quash FIRs against NEET-UG protestors,,2026-10-09T08:15:00Z,original,,false,,https://www.thehindu.com/news/national/supreme-court-refuses-plea-to-review-order-to-quash-firs-against-neet-ug-protestors/article71563102.ece
gd-32160d3852c0,gdelt_gkg_v2,news,M&S recalls three products over Salmonella contamination | Richmond and Twickenham Times,,2026-10-09T08:15:00Z,original,,false,,https://www.richmondandtwickenhamtimes.co.uk/news/national/uk-today/26621126.m-s-recalls-three-products-salmonella-contamination/
gd-3368704245bc,gdelt_gkg_v2,news,चीन में एम्बॉडिड एआई उद्योग का तेजी से विस्तार,,2026-10-09T08:15:00Z,original,,false,,https://hindi.cri.cn/2026/10/09/ARTI1791518743637613
gd-33c494d793ef,gdelt_gkg_v2,news,Harry Styles' Nude Portrait Featured in New Tim Walker Exhibition in London,,2026-10-09T08:15:00Z,original,,false,,https://www.kfru.com/2026/10/09/harry-styles-nude-portrait-featured-in-new-tim-walker-exhibition-in-london/
gd-34088aeb094b,gdelt_gkg_v2,news,Bangkok Post - Thai minister hails partnership with Japan carmakers amid Chinese EVs' rise,,2026-10-09T08:15:00Z,original,,false,,https://www.bangkokpost.com/business/motoring/3334188/thai-minister-hails-partnership-with-japan-carmakers-amid-chinese-evs-rise
gd-355b8bdb0d51,gdelt_gkg_v2,news,Rooted in Sisterhood: National Gathering of Black Women Educators Comes to Baltimore,,2026-10-09T08:15:00Z,original,,false,,https://baltimoretimes-online.com/detail/rooted-in-sisterhood-national-gathering-of-black-women-educators-comes-to-baltimore-5690
gd-356729bd8ca3,gdelt_gkg_v2,news,अमेरिका सरकार ने कई तकनीकी कंपनियों के विदेशी कर्मचारियों के ग्रीन कार्ड आवेदनों पर रोक लगायी,,2026-10-09T08:15:00Z,original,,false,,https://hindi.cri.cn/2026/10/09/ARTI1791532293232359
gd-359969f4e088,gdelt_gkg_v2,news,"Target Hospitality Corp. (NASDAQ:TH) Receives Consensus Rating of ""Moderate Buy"" from Analysts",,2026-10-09T08:15:00Z,original,,false,,https://www.themarketsdaily.com/2026/10/09/target-hospitality-corp-nasdaqth-receives-consensus-rating-of-moderate-buy-from-analysts.html
gd-35ba5b9ef481,gdelt_gkg_v2,news,From farm waste to sustainable plastic: Fulbright fellow spends year at South Dakota Mines developing products,,2026-10-09T08:15:00Z,original,,false,,https://www.tsln.com/news/from-farm-waste-to-sustainable-plastic-fulbright-fellow-spends-year-at-south-dakota-mines-developing-products/
gd-36e767603729,gdelt_gkg_v2,news,Rule 38.5_A - DCC Energy plc | Company Announcement,,2026-10-09T08:15:00Z,original,,false,,https://www.investegate.co.uk/announcement/rns/dcc-energy-plc--dcc/rule-38-5_a-dcc-energy-plc/9815480
gd-373ef703818a,gdelt_gkg_v2,news,Truth Test: Ad targeting Brown on sex change surgeries for minors,,2026-10-09T08:15:00Z,original,,false,,https://www.13abc.com/2026/10/09/truth-test-ad-targeting-brown-sex-change-surgeries-minors/
gd-3745718e4213,gdelt_gkg_v2,news,Elitist Media Find Real Scandal is Not Hasan's Jihad but His Execution,,2026-10-09T08:15:00Z,original,,false,,https://www.newsbusters.org/blogs/nb/jorge-bonilla/2026/10/09/elitist-media-find-real-scandal-not-nidal-hasans-jihad-his
gd-3758fda4c6d3,gdelt_gkg_v2,news,"Why Is the Stock Market Rising Today? Sensex Jumps 745 Points, Nifty Gains 1.13%",,2026-10-09T08:15:00Z,original,,false,,https://www.indiainfoline.com/news/markets/why-is-the-stock-market-rising-today-sensex-jumps-745-points-nifty-gains-1-13
gd-37f8f872dac3,gdelt_gkg_v2,news,Auction expert goes full circle as he prepares to bring chequered flag down on his career,,2026-10-09T08:15:00Z,original,,false,,https://lichfieldlive.co.uk/auction-expert-goes-full-circle-as-he-prepares-to-bring-chequered-flag-down-on-his-career/
gd-38f0d5a996c2,gdelt_gkg_v2,news,Rare Victorian Christopher Dresser bowl up for auction,,2026-10-09T08:15:00Z,original,,false,,https://www.cotswoldjournal.co.uk/news/26619076.rare-victorian-christopher-dresser-bowl-auction/
gd-3a01bfbacc45,gdelt_gkg_v2,news,Tribute to the late South African music icon Babsy Mlangeni,,2026-10-09T08:15:00Z,original,,false,,https://mg.co.za/thought-leader/2026-10-09-tribute-to-the-late-south-african-music-icon-babsy-mlangeni/
gd-3b535bc6e856,gdelt_gkg_v2,news,Sale of Ordinary Shares in The Beauty Tech Group | Company Announcement,,2026-10-09T08:15:00Z,original,,false,,https://www.investegate.co.uk/announcement/rns/the-beauty-tech-group-plc--tbtg/sale-of-ordinary-shares-in-the-beauty-tech-group/9814564
gd-3c5226ec75a0,gdelt_gkg_v2,news,Passenger trains being run with slower freight engines as Indian Railways faces locomotives shortage; records show 80-100 cases a month causing delays of several hours,,2026-10-09T08:15:00Z,original,,false,,https://timesofindia.indiatimes.com/business/india-business/passenger-trains-being-run-with-slower-freight-engines-as-indian-railways-faces-locomotives-shortage-records-show-80-100-cases-a-month-causing-delays-of-several-hours/articleshow/134813298.cms
gd-3c72ca695f13,gdelt_gkg_v2,news,Patriot's Pen Essay Competition open to local students – Lowell Sun,,2026-10-09T08:15:00Z,original,,false,,https://www.lowellsun.com/2026/10/09/patriots-pen-essay-competition-open-to-local-students/
gd-3cc4163d59a9,gdelt_gkg_v2,news,Hugh Jackman explains why he signed up for Treasure Island,,2026-10-09T08:15:00Z,original,,false,,https://www.film-news.co.uk/news/UK/129593/Hugh-Jackman-explains-why-he-signed-up-for-Treasure-Island
gd-3e3055e03270,gdelt_gkg_v2,news,Long delays expected on M5 Northbound this weekend,,2026-10-09T08:15:00Z,original,,false,,https://www.cotswoldjournal.co.uk/news/26618187.long-delays-expected-m5-northbound-weekend/
gd-3e307501c9c4,gdelt_gkg_v2,news,"Just 7 days of strength training may shrink fat cells, reveals this study",,2026-10-09T08:15:00Z,original,,false,,https://timesofindia.indiatimes.com/etimes/wellness/just-7-days-of-strength-training-may-shrink-fat-cells-reveals-this-study/articleshow/134821128.cms
gd-3e30f9802bc2,gdelt_gkg_v2,news,Man hospitalised after possible noxious substance contact,,2026-10-09T08:15:00Z,original,,false,,https://www.halsteadgazette.co.uk/news/26621169.man-hospitalised-possible-noxious-substance-contact/
gd-3e8332b8f58f,gdelt_gkg_v2,news,Lafayette residents air grievances at Rep. Higgins town hall,,2026-10-09T08:15:00Z,original,,false,,https://www.acadiananewsfirst.com/2026/10/09/lafayette-residents-air-grievances-rep-higgins-town-hall/
gd-3fe1648e86e9,gdelt_gkg_v2,news,New rules for all new cars and vans in UK from next month,,2026-10-09T08:15:00Z,original,,false,,https://www.walesonline.co.uk/news/motoring/motoring-news/new-rules-new-cars-vans-34738917
gd-3fe5aa188f1e,gdelt_gkg_v2,news,Bangkok Post - B. Braun Thailand named Best Company to Work for in Asia for seventh year,,2026-10-09T08:15:00Z,original,,false,,https://www.bangkokpost.com/thailand/pr/3333615/b-braun-thailand-named-best-company-to-work-for-in-asia-for-seventh-year
gd-3fe87ba0c1aa,gdelt_gkg_v2,news,Investor Podcast - On The Rocks Episode 4 | Company Announcement,,2026-10-09T08:15:00Z,original,,false,,https://www.investegate.co.uk/announcement/rns/united-oil-gas--uog/investor-podcast-on-the-rocks-episode-4/9814576
gd-4012a8f154c1,gdelt_gkg_v2,news,Bangkok Post - Guru's daily horoscope for Oct 8,,2026-10-09T08:15:00Z,original,,false,,https://www.bangkokpost.com/life/social-and-lifestyle/3332999/gurus-daily-horoscope-for-oct-8
gd-4049cbc252dd,gdelt_gkg_v2,news,Ethiopia: Indian External Affairs Minister Jaishankar Arrives in Ethiopia for Working Visit,,2026-10-09T08:15:00Z,original,,false,,https://allafrica.com/stories/202610090253.html
gd-4052eff19199,gdelt_gkg_v2,news,Possible resolution in sight for derelict Mill Apartments in Ballisodare,,2026-10-09T08:15:00Z,original,,false,,https://www.oceanfm.ie/news/possible-resolution-in-sight-for-derelict-mill-apartments-in-ballisodare-1486799
gd-40551ce8af6e,gdelt_gkg_v2,news,Abeokuta stood still for Gbenga Adeyinka's Laffmattazz on Oct. 1,,2026-10-09T08:15:00Z,original,,false,,https://thenationonlineng.net/abeokuta-stood-still-for-gbenga-adeyinkas-laffmattazz-on-oct-1/
gd-40860fbee3cf,gdelt_gkg_v2,news,Middle managers want humans in security AI decisions,,2026-10-09T08:15:00Z,original,,false,,https://itbrief.co.nz/story/middle-managers-want-humans-in-security-ai-decisions
gd-414fe2c20afb,gdelt_gkg_v2,news,साल 2026 में डब्ल्यूटीओ ने बढ़ाया वैश्विक वस्तु व्यापार का अनुमान,,2026-10-09T08:15:00Z,original,,false,,https://hindi.cri.cn/2026/10/09/ARTI1791518792812927
gd-41b324e44e02,gdelt_gkg_v2,news,Ravi Mohan's 'Karathey Babu' faces Vijay's 'Jana Nayagan' like censor trouble over political references; release delayed | Tamil Movie News,,2026-10-09T08:15:00Z,original,,false,,https://timesofindia.indiatimes.com/entertainment/tamil/movies/news/ravi-mohans-karathey-babu-faces-vijays-jana-nayagan-like-censor-trouble-over-political-references-release-delayed/articleshow/134820456.cms
gd-422de000bb19,gdelt_gkg_v2,news,Romania: Romania's new Mintia power plant completes first gas turbine (…),,2026-10-09T08:15:00Z,original,,false,,https://www.romaniapress.com/news=197042
gd-440a87a8ab1a,gdelt_gkg_v2,news,Appointment of Joint Corporate Broker | Company Announcement,,2026-10-09T08:15:00Z,original,,false,,https://www.investegate.co.uk/announcement/rns/barclays--barc/appointment-of-joint-corporate-broker/9815316
gd-4492e162770c,gdelt_gkg_v2,news,Life without parole proposed for recklessly causing death of child,,2026-10-09T08:15:00Z,original,,false,,https://www.observertoday.com/news/local-region/2026/10/life-without-parole-proposed-for-recklessly-causing-death-of-child/
gd-44ed89864d9d,gdelt_gkg_v2,news,Ethiopian police ask residents in Tigray regional capital to help restore order after rebel pullout – Winnipeg Free Press,,2026-10-09T08:15:00Z,original,,false,,https://www.winnipegfreepress.com/world/2026/10/09/ethiopian-police-ask-residents-in-tigray-regional-capital-to-help-restore-order-after-rebel-pullout
gd-44f96f8b9975,gdelt_gkg_v2,news,PCI's kickoff carnival sparks pride and community at school | Portage,,2026-10-09T08:15:00Z,original,,false,,https://www.winnipegsun.com/news/portage/pci-s-kickoff-carnival-sparks-pride-and-community-at-school/article_8d07e7e5-a182-50cb-8ae9-30ccf4974bf2.html
gd-45023122d36c,gdelt_gkg_v2,news,The Spinodal Moment: A Conversation with Anjney Midha,,2026-10-09T08:15:00Z,original,,false,,https://stanfordreview.org/the-spinodal-moment-a-conversation-with-anjney-midha/
gd-46704ea5a488,gdelt_gkg_v2,news,Driver From Washington Hit a Pedestrian on an Idaho Highway,,2026-10-09T08:15:00Z,original,,false,,https://kezj.com/ixp/96/p/pedestrian-struck-highway41-post-falls-idaho/
gd-46ef22dbe5fb,gdelt_gkg_v2,news,Kebbi ADC to conduct fresh primaries for Kebbi/Kalgo/Bunza constituency,,2026-10-09T08:15:00Z,original,,false,,https://dailypost.ng/2026/10/09/kebbi-adc-to-conduct-fresh-primaries-for-kebbi-kalgo-bunza-constituency/
gd-47d522b09f7b,gdelt_gkg_v2,news,Country Star Ella Langley Opens Up About Life on the Road in Denver,,2026-10-09T08:15:00Z,original,,false,,https://www.kfru.com/2026/10/09/country-star-ella-langley-opens-up-about-life-on-the-road-in-denver/
gd-480a345beabe,gdelt_gkg_v2,news,Stabilisation Notice | Company Announcement,,2026-10-09T08:15:00Z,original,,false,,https://www.investegate.co.uk/announcement/rns/amur-minerals-corporation-npv--amc/stabilisation-notice/9814798
gd-480b416a3f5e,gdelt_gkg_v2,news,BALTIMORE HOMECOMING NAMES FIVE FINALISTS FOR 2027 CRAB TANK ENTREPRENEURSHIP PROGRAM,,2026-10-09T08:15:00Z,original,,false,,https://baltimoretimes-online.com/detail/baltimore-homecoming-names-five-finalists-for-2027-crab-tank-entrepreneurship-program-5682
gd-480b7f1698a5,gdelt_gkg_v2,news,Opposition's SIR stir: President Murmu to meet INDIA bloc leaders at 8 pm today,,2026-10-09T08:15:00Z,original,,false,,https://economictimes.indiatimes.com/news/politics-and-nation/oppositions-sir-stir-president-murmu-to-meet-india-bloc-leaders-at-8-pm-today/articleshow/134821498.cms
gd-481f624e9dd7,gdelt_gkg_v2,news,Motorcyclist injured in Lafayette crash on Pinhook Road,,2026-10-09T08:15:00Z,original,,false,,https://www.acadiananewsfirst.com/2026/10/09/motorcyclist-injured-lafayette-crash-pinhook-road/
gd-48634f61b718,gdelt_gkg_v2,news,China and EU trade envoys seek ways to ease tensions over growing imbalances,,2026-10-09T08:15:00Z,original,,false,,http://www.thegazette.com/news/world/china-and-eu-trade-envoys-seek-ways-to-ease-tensions-over-growing-imbalances/article_f3a065dd-1828-55a7-a2cf-e74b2bf0687d.html
gd-48fda2c74387,gdelt_gkg_v2,news,How to prevent the next Asos? Give businesses cybersecurity tax relief,,2026-10-09T08:15:00Z,original,,false,,https://www.cityam.com/how-to-prevent-the-next-asos-give-businesses-cybersecurity-tax-relief/
gd-4acbc61bd591,gdelt_gkg_v2,news,Tunisia Central Bank Holds Rate at 7% as Energy Bill Climbs,,2026-10-09T08:15:00Z,original,,false,,https://www.riotimesonline.com/tunisia-central-bank-rate-2026/
gd-4b690e2b43c0,gdelt_gkg_v2,news,These are the frontrunners for this year's Nobel Peace Prize,,2026-10-09T08:15:00Z,original,,false,,https://www.rnz.co.nz/news/world/1813099/these-are-the-frontrunners-for-this-year-s-nobel-peace-prize
gd-4bff494f51e8,gdelt_gkg_v2,news,Business.Scoop » Lifeline Delivers $7.50 In Social Value For Every $1 Invested On Almost No Government Funding,,2026-10-09T08:15:00Z,original,,false,,https://business.scoop.co.nz/2026/10/09/lifeline-delivers-7-50-in-social-value-for-every-1-invested-on-almost-no-government-funding/
gd-4c48d4ad908b,gdelt_gkg_v2,news,Nigeria: Nationwide PVC Collection Begins Friday As Voter Register Hits 103 Million - INEC,,2026-10-09T08:15:00Z,original,,false,,https://allafrica.com/stories/202610090183.html
gd-4c4b88bade12,gdelt_gkg_v2,news,Congress targets PM Modi over US visa crackdown,,2026-10-09T08:15:00Z,original,,false,,https://www.siasat.com/congress-targets-pm-modi-over-us-visa-crackdown-3554640/
gd-4cdd7b10cc7d,gdelt_gkg_v2,news,Bangkok Post - Aids hospice embezzlers sentenced to hundreds of years,,2026-10-09T08:15:00Z,original,,false,,https://www.bangkokpost.com/thailand/people/3332933/aids-hospice-embezzlers-sentenced-to-hundreds-of-years
gd-4dbdc55f181c,gdelt_gkg_v2,news,"Borrello, Gallivan host agriculture roundtable with farmers",,2026-10-09T08:15:00Z,original,,false,,https://www.observertoday.com/news/local-region/2026/10/borrello-gallivan-host-agriculture-roundtable-with-farmers/
gd-4e03bb648445,gdelt_gkg_v2,news,Completion of Acquisition and Board Appointment | Company Announcement,,2026-10-09T08:15:00Z,original,,false,,https://www.investegate.co.uk/announcement/rns/focus-xplore-plc--fox/completion-of-acquisition-and-board-appointment/9815501
gd-4e13df747489,gdelt_gkg_v2,news,Why a new generation is being drawn into the Drumcree row,,2026-10-09T08:15:00Z,original,,false,,https://www.thenational.scot/politics/26620887.new-generation-drawn-drumcree-row/
gd-4e2da43f229d,gdelt_gkg_v2,news,Notice of AGM | Company Announcement,,2026-10-09T08:15:00Z,original,,false,,https://www.investegate.co.uk/announcement/rns/mj-gleeson--gle/notice-of-agm/9814561
gd-4edb558758e5,gdelt_gkg_v2,news,Penny's life of serving cops a blow,,2026-10-09T08:15:00Z,original,,false,,https://www.thenational.com.pg/pennys-life-of-serving-cops-a-blow/
gd-4efda3e45f92,gdelt_gkg_v2,news,Fishing lights create autumn spectacle on Yunnan's Erhai Lake,,2026-10-09T08:15:00Z,original,,false,,http://usa.chinadaily.com.cn/a/202610/09/WS6ac85cbde4b06d4aa0561e2b.html
gd-4fc1cb26e63e,gdelt_gkg_v2,news,Arab News | Recommended reading: Out of this world,,2026-10-09T08:15:00Z,original,,false,,https://www.arabnews.com/books-gaming/recommended-reading-out-of-this-world-3005322
gd-4fe094d8cb71,gdelt_gkg_v2,news,"HAL, Mazagon, BEL, Unimech, GRSE, Cochin Shipyard: Top defence stocks to buy; targets & Q previews",,2026-10-09T08:15:00Z,original,,false,,https://www.businesstoday.in/markets/stocks/story/hal-mazagon-bel-unimech-grse-cochin-shipyard-top-defence-stocks-to-buy-targets-q-previews-560599-2026-10-09
gd-50291d38764a,gdelt_gkg_v2,news,Bangkok Post - Authorities search Jewish buildings in Bangkok,,2026-10-09T08:15:00Z,original,,false,,https://www.bangkokpost.com/thailand/general/3333653/authorities-search-jewish-buildings-in-bangkok
gd-5077e4b28659,gdelt_gkg_v2,news,Bangkok Post - Ex-PTTEP executive in Rolls-Royce bribery case found in Indonesia,,2026-10-09T08:15:00Z,original,,false,,https://www.bangkokpost.com/thailand/general/3333665/expttep-executive-in-rollsroyce-bribery-case-found-in-indonesia
gd-50d6a3fd17c0,gdelt_gkg_v2,news,Kate Garraway reflects on future and 'trying to smile again' after Derek's death,,2026-10-09T08:15:00Z,original,,false,,https://www.ok.co.uk/tv/kate-garraway-reflects-future-trying-37752539
gd-513533f14399,gdelt_gkg_v2,news,Nigeria: Fuel Subsidy Would Cost Nigeria Over N20trn Yearly - Minister,,2026-10-09T08:15:00Z,original,,false,,https://allafrica.com/stories/202610090182.html
gd-519792891b2e,gdelt_gkg_v2,news,"Nigeria records 263 Lassa fever deaths, 1,115 confirmed cases across 24 states",,2026-10-09T08:15:00Z,original,,false,,https://dailypost.ng/2026/10/09/nigeria-records-263-lassa-fever-deaths-1115-confirmed-cases-across-24-states/
gd-5259b2d96877,gdelt_gkg_v2,news,Why Adani stocks are falling | Rs 2.7 lakh crore gone in 3 months; explained,,2026-10-09T08:15:00Z,original,,false,,https://www.businesstoday.in/markets/stocks/story/why-adani-stocks-are-falling-rs-2-7-lakh-crore-gone-in-3-months-explained-560621-2026-10-09
gd-526732583950,gdelt_gkg_v2,news,Transaction in Own Shares | Company Announcement,,2026-10-09T08:15:00Z,original,,false,,https://www.investegate.co.uk/announcement/rns/gcp-infrastructure-investments-ltd--gcp/transaction-in-own-shares/9815560
gd-5387e5a04dc5,gdelt_gkg_v2,news,Confirmation of Half Year Results Date  | Company Announcement,,2026-10-09T08:15:00Z,original,,false,,https://www.investegate.co.uk/announcement/rns/land-securities-group--land/confirmation-of-half-year-results-date-/9815563
gd-544b885cb510,gdelt_gkg_v2,news,Head to Head Analysis: Shenandoah Telecommunications (NASDAQ:SHEN) & SpaceX (NASDAQ:SPCX),,2026-10-09T08:15:00Z,original,,false,,https://www.themarketsdaily.com/2026/10/09/head-to-head-analysis-shenandoah-telecommunications-nasdaqshen-spacex-nasdaqspcx.html
gd-54a24284628d,gdelt_gkg_v2,news,The Making of JYT: How Five Rising Artists Formed Pop's Newest Band,,2026-10-09T08:15:00Z,original,,false,,https://www.kfru.com/2026/10/09/the-making-of-jyt-how-five-rising-artists-formed-pops-newest-band/
gd-5538b7f78e87,gdelt_gkg_v2,news,'Step away from your desk' for workplace wellbeing event,,2026-10-09T08:15:00Z,original,,false,,https://www.manxradio.com/news/isle-of-man-news/step-away-from-your-desk-for-workplace-wellbeing-event/
gd-55447704005f,gdelt_gkg_v2,news,"Mortgage rates today, Oct. 9, 2026",,2026-10-09T08:15:00Z,original,,false,,https://fortune.com/article/current-mortgage-rates-10-09-2026/
gd-554980c31d92,gdelt_gkg_v2,news,Jesus invites everyone to the banquet of God's Kingdom: Sunday Gospel reflection,,2026-10-09T08:15:00Z,original,,false,,https://www.ucanews.com/video/jesus-invites-everyone-to-the-banquet-of-gods-kingdom-sunday-gospel-reflection/115667
gd-5558b68c5c37,gdelt_gkg_v2,news,INDIA bloc leaders to meet President at 8 pm,,2026-10-09T08:15:00Z,original,,false,,https://www.orissapost.com/india-bloc-leaders-to-meet-president-at-8-pm/
gd-55e56502d34c,gdelt_gkg_v2,news,Frank Lloyd Wright's Restored Planetarium Reopens at Florida Southern College,,2026-10-09T08:15:00Z,original,,false,,https://www.architecturalrecord.com/articles/18459-frank-lloyd-wrights-restored-planetarium-reopens-at-florida-southern-college
gd-56d85b782fe0,gdelt_gkg_v2,news,Controlling Shareholder 2023 EB Delists | Company Announcement,,2026-10-09T08:15:00Z,original,,false,,https://www.investegate.co.uk/announcement/rns/ming-yang-smart-energy-group-limited--myse/controlling-shareholder-2023-eb-delists/9815551
gd-57e9e6e37240,gdelt_gkg_v2,news,"Nigeria: ICRC Moves to Optimise Zungeru Hydropower Plant's 700mw Capacity, Holds Talks With Power, Water Ministries, BPE, Others",,2026-10-09T08:15:00Z,original,,false,,https://allafrica.com/stories/202610090170.html
gd-588632d358e2,gdelt_gkg_v2,news,Harry's Dublin | Broadsheet.ie,,2026-10-09T08:15:00Z,original,,false,,https://www.broadsheet.ie/2021/02/12/harrys-dublin-20/
gd-588dd039724f,gdelt_gkg_v2,news,Bangkok Post - Gambling website slips past Thailand's AI screening system,,2026-10-09T08:15:00Z,original,,false,,https://www.bangkokpost.com/business/general/3334288/shufflecom-slips-past-des-ministrys-ai-screening-system
gd-59532210c100,gdelt_gkg_v2,news,Close to Home: Investing in SRJC means investing in Sonoma County's workforce,,2026-10-09T08:15:00Z,original,,false,,https://www.pressdemocrat.com/2026/10/09/close-to-home-investing-in-srjc-means-investing-in-sonoma-countys-workforce/
gd-599bbf75a26b,gdelt_gkg_v2,news,"Datacom spends $500k a month on AI coding, but focusses on outcomes not token costs",,2026-10-09T08:15:00Z,original,,false,,https://www.reseller.co.nz/article/4232873/datacom-spends-500k-a-month-on-ai-coding-but-focusses-on-outcomes-not-token-costs.html
gd-5ae06f4e1b59,gdelt_gkg_v2,news,"Former HSBC banker banned from working in finance over dodging $7,800 in train fares",,2026-10-09T08:15:00Z,original,,false,,https://fortune.com/2026/10/09/former-hsbc-banker-finance-ban-fare-evasion/
gd-5b28ccd35777,gdelt_gkg_v2,news,Angola Inflation Slows to 8.43% in September,,2026-10-09T08:15:00Z,original,,false,,https://www.riotimesonline.com/angola-inflation-september-2026/
gd-5bd259b29e6b,gdelt_gkg_v2,news,Embark and Tavant Partner to Enable AI-Ready Global Capability Centres in India,,2026-10-09T08:15:00Z,original,,false,,http://www.cambodiantimes.com/news/279361063/embark-and-tavant-partner-to-enable-ai-ready-global-capability-centres-in-india
gd-5bd75bfecb3e,gdelt_gkg_v2,news,"Bangkok Post - Thailand floats idea of B1,000 air departure tax",,2026-10-09T08:15:00Z,original,,false,,https://www.bangkokpost.com/thailand/general/3333563/thailand-floats-idea-of-b1000-air-departure-tax
gd-5cced7e98120,gdelt_gkg_v2,news,"Bangkok Post - SYMPHONY elevates to the global stage, led by its Global Business Group",,2026-10-09T08:15:00Z,original,,false,,https://www.bangkokpost.com/thailand/pr/3333600/symphony-elevates-to-the-global-stage-led-by-its-global-business-group
gd-5d08d7a65d06,gdelt_gkg_v2,news,ANT DIGITAL TECHNOLOGIES AND HSBC ANNOUNCE SUCCESSFUL AI AGENT MICROPAYMENT TECHNICAL VERIFICATION TEST,,2026-10-09T08:15:00Z,original,,false,,https://www.manilatimes.net/2026/10/09/tmt-newswire/pr-newswire/ant-digital-technologies-and-hsbc-announce-successful-ai-agent-micropayment-technical-verification-test/2442443
gd-5d55c2c4ecb0,gdelt_gkg_v2,news,Business.Scoop » Busy Summer Season Of Highway Maintenance Ahead For Otago,,2026-10-09T08:15:00Z,original,,false,,https://business.scoop.co.nz/2026/10/09/busy-summer-season-of-highway-maintenance-ahead-for-otago/
gd-5d9fbae4bec0,gdelt_gkg_v2,news,Publication of monthly factsheet | Company Announcement,,2026-10-09T08:15:00Z,original,,false,,https://www.investegate.co.uk/announcement/rns/utilico-emerging-markets-ltd-di---uem/publication-of-monthly-factsheet/9814560
gd-5e5b46d66a0c,gdelt_gkg_v2,news,Australian Agriculture Awards Sustainability national finalists | Stock & Land,,2026-10-09T08:15:00Z,original,,false,,https://www.stockandland.com.au/story/9361386/australian-agriculture-awards-sustainability-national-finalists/
gd-5ef770b34a44,gdelt_gkg_v2,news,Head to Head Survey: Charles River Laboratories International (NYSE:CRL) & Sotera Health (NASDAQ:SHC),,2026-10-09T08:15:00Z,original,,false,,https://www.themarketsdaily.com/2026/10/09/head-to-head-survey-charles-river-laboratories-international-nysecrl-sotera-health-nasdaqshc.html
gd-5ff4d53eeb42,gdelt_gkg_v2,news,N. Korean leader's sister again pushes back against Seoul's medical aid offer,,2026-10-09T08:15:00Z,original,,false,,https://www.koreatimes.co.kr/foreignaffairs/northkorea/20261009/n-korean-leaders-sister-again-pushes-back-against-seouls-medical-aid-offer
gd-5ffdd983db95,gdelt_gkg_v2,news,Pope Leo's Lima Youth Rally Moves to Estadio Nacional,,2026-10-09T08:15:00Z,original,,false,,https://www.riotimesonline.com/pope-leo-lima-youth-rally-estadio-nacional-2026/
gd-615ae2e4a639,gdelt_gkg_v2,news,Government approves plans to improve SEND provision across Staffordshire,,2026-10-09T08:15:00Z,original,,false,,https://lichfieldlive.co.uk/government-approves-plans-to-improve-send-provision-across-staffordshire/
gd-61853198db97,gdelt_gkg_v2,news,We need a guided democracy | The National,,2026-10-09T08:15:00Z,original,,false,,https://www.thenational.com.pg/we-need-a-guided-democracy/
gd-622031768800,gdelt_gkg_v2,news,"Seals, sea lions get hearing tested at Australia zoo",,2026-10-09T08:15:00Z,original,,false,,https://www.philstar.com/lifestyle/pet-life/2026/10/09/2562032/seals-sea-lions-get-hearing-tested-australia-zoo
gd-6274b76326e9,gdelt_gkg_v2,news,"Business.Scoop » Premium Clean NZ Earns IMPAC PREQUAL Certification, Expanding Franchise Growth Pathways",,2026-10-09T08:15:00Z,original,,false,,https://business.scoop.co.nz/2026/10/09/premium-clean-nz-earns-impac-prequal-certification-expanding-franchise-growth-pathways/
gd-6294fe1d3f55,gdelt_gkg_v2,news,Five SAS missions that sound almost too crazy to be true,,2026-10-09T08:15:00Z,original,,false,,https://www.herefordtimes.com/news/26619080.five-sas-missions-sound-almost-crazy-true/
gd-63689670423c,gdelt_gkg_v2,news,Lone Wolf outlaw motorbike gang targeted by Australian and New Zealand police,,2026-10-09T08:15:00Z,original,,false,,https://www.rnz.co.nz/news/crime-and-justice/1813530/lone-wolf-outlaw-motorbike-gang-targeted-by-australian-and-new-zealand-police
gd-63b5a752154d,gdelt_gkg_v2,news,Spy agency snub raises US alliance concerns in S. Korea,,2026-10-09T08:15:00Z,original,,false,,https://www.koreatimes.co.kr/foreignaffairs/20261009/spy-agency-snub-raises-us-alliance-concerns-in-s-korea
gd-646a05b674fd,gdelt_gkg_v2,news,Dog fouling signage in Mayo looks 'too friendly',,2026-10-09T08:15:00Z,original,,false,,https://www.con-telegraph.ie/2026/10/09/dog-fouling-signage-in-mayo-looks-too-friendly/
gd-6490938829e8,gdelt_gkg_v2,news,"""CARLA WEST AT MUSEUM OF HISTORIC ANNAPOLIS"" | The Baltimore Times",,2026-10-09T08:15:00Z,original,,false,,https://baltimoretimes-online.com/detail/carla-west-at-museum-of-historic-annapolis-5689
gd-64d60eb662fd,gdelt_gkg_v2,news,'Delhi bandh tomorrow': CJP's Saurav Das takes swipe at Delhi Police | Delhi News,,2026-10-09T08:15:00Z,original,,false,,https://timesofindia.indiatimes.com/city/delhi/delhi-bandh-tomorrow-cjps-saurav-das-takes-swipe-at-delhi-police/articleshow/134820824.cms
gd-65625a98ab86,gdelt_gkg_v2,news,Business.Scoop » Nelson's Problem-Solving Bike Rack Goover Wins National Award For Innovation,,2026-10-09T08:15:00Z,original,,false,,https://business.scoop.co.nz/2026/10/09/nelsons-problem-solving-bike-rack-goover-wins-national-award-for-innovation/
gd-6683e6ef7b1d,gdelt_gkg_v2,news,"Nigeria: Govt to Negotiate ₦1,350 Petrol Price Ceiling As Global Oil Shock Drives Pump Prices",,2026-10-09T08:15:00Z,original,,false,,https://allafrica.com/stories/202610090249.html
gd-673a8373769d,gdelt_gkg_v2,news,Reviewing Deere & Company (NYSE:DE) and Federal Signal (NYSE:FSS),,2026-10-09T08:15:00Z,original,,false,,https://www.themarketsdaily.com/2026/10/09/reviewing-deere-company-nysede-and-federal-signal-nysefss.html
gd-67622816d634,gdelt_gkg_v2,news,"U.S.-Greece Ties Enter 'Special Relationship' Era After Rubio Visit, Analyst Says",,2026-10-09T08:15:00Z,original,,false,,https://www.iefimerida.gr/english/us-greece-ties-enter-special-relationship-era-after-rubio-visit-analyst-says
gd-67826287522f,gdelt_gkg_v2,news,"Music Review: Remi Wolf emerges, dirty but renewed, on 'Mud'",,2026-10-09T08:15:00Z,original,,false,,https://mymotherlode.com/entertainment/music-news/11206201/music-review-remi-wolf-emerges-dirty-but-renewed-on-mud.html
gd-69fa43334ed8,gdelt_gkg_v2,news,Singapore Logistics Webinar to Be Hosted by Nippon Express (South Asia & Oceania),,2026-10-09T08:15:00Z,original,,false,,https://www.manilatimes.net/2026/10/09/tmt-newswire/pr-newswire/singapore-logistics-webinar-to-be-hosted-by-nippon-express-south-asia-oceania/2442445
gd-6a584d525ff3,gdelt_gkg_v2,news,Business.Scoop » Strong September Lifts New Vehicle Market,,2026-10-09T08:15:00Z,original,,false,,https://business.scoop.co.nz/2026/10/09/strong-september-lifts-new-vehicle-market/
gd-6b66bf0f7721,gdelt_gkg_v2,news,Family fun when Trick or Treat Circus comes to Bromsgrove's Artrix The Droitwich Standard,,2026-10-09T08:15:00Z,original,,false,,https://droitwichstandard.co.uk/news/plenty-of-family-fun-when-trick-or-treat-circus-comes-to-bromsgroves-artrix/
gd-6b79eaf3d920,gdelt_gkg_v2,news,27 years of Fourth Republic,,2026-10-09T08:15:00Z,original,,false,,https://thenationonlineng.net/27-years-of-fourth-republic/
gd-6bc03a2b23cd,gdelt_gkg_v2,news,Neha Bora: India's feisty Gen Z protester who is taking on Modi,,2026-10-09T08:15:00Z,original,,false,,https://www.bbc.co.uk/news/articles/c5n49xln3lz0o
gd-6c0f767ba1bb,gdelt_gkg_v2,news,Miss Universe factions dispute Vietnam's 2027 hosting announcement,,2026-10-09T08:15:00Z,original,,false,,https://www.manilatimes.net/2026/10/09/entertainment-lifestyle/show-times/miss-universe-factions-dispute-vietnams-2027-hosting-announcement/2442450
gd-6c603f271275,gdelt_gkg_v2,news,Fullerton and SGX Group open second Value-Up Singapore Equities Challenge to the public with new Open Category,,2026-10-09T08:15:00Z,original,,false,,https://www.jcnnewswire.com/pressrelease/110701/2/Fullerton-and-SGX-Group-open-second-Value-Up-Singapore-Equities-Challenge-to-the-public-with-new-Ope
gd-6c7ef05b9549,gdelt_gkg_v2,news,Plumstead High Street - Man after allegedly grabbed child,,2026-10-09T08:15:00Z,original,,false,,https://www.london-now.co.uk/news/26621073.plumstead-high-street---man-allegedly-grabbed-child/
gd-6c8324fd5b9a,gdelt_gkg_v2,news,Chinese envoy blasts U.S. obsession with absolute strategic advantages at UNGA-Xinhua,,2026-10-09T08:15:00Z,original,,false,,https://english.news.cn/20261009/3af4ff6641774ba4aa4b810517a439df/c.html
gd-6c9d39c569bc,gdelt_gkg_v2,news,"""Not an endorsement of Musk"": Karti Chidambaram says Rahul Gandhi's sarcastic swipe exposed Centre's 'monopoly'",,2026-10-09T08:15:00Z,original,,false,,http://www.calcuttanews.net/news/279361168/not-an-endorsement-of-musk-karti-chidambaram-says-rahul-gandhi-sarcastic-swipe-exposed-centre-monopoly
gd-6caede4f3695,gdelt_gkg_v2,news,New Marown commissioner looking forward to 'learning' from new colleagues,,2026-10-09T08:15:00Z,original,,false,,https://www.manxradio.com/news/isle-of-man-news/new-marown-commissioner-looking-forward-to-learning-from-new-colleagues/
gd-6d0097a1212e,gdelt_gkg_v2,news,India's ATF pricing puzzle: Why airlines pay global rates for domestic fuel and why a reset is needed,,2026-10-09T08:15:00Z,original,,false,,https://www.businesstoday.in/latest/economy/story/indias-atf-pricing-puzzle-why-airlines-pay-global-rates-for-domestic-fuel-and-why-a-reset-is-needed-560613-2026-10-09
gd-6e7ae0939384,gdelt_gkg_v2,news,Traffic lights planned for crash blackspot near Bromyard,,2026-10-09T08:15:00Z,original,,false,,https://www.herefordtimes.com/news/26616964.traffic-lights-planned-crash-blackspot-near-bromyard/
gd-6ec5eb5c11bd,gdelt_gkg_v2,news,Equity Subscription Update  | Company Announcement,,2026-10-09T08:15:00Z,original,,false,,https://www.investegate.co.uk/announcement/rns/nativo-resources--ntvo/equity-subscription-update-/9814565
gd-6fe2afe8308e,gdelt_gkg_v2,news,Politically Speaking: Councilmember Henry Foster's strong feelings on strong mayor – NBC 7 San Diego,,2026-10-09T08:15:00Z,original,,false,,https://www.nbcsandiego.com/news/local/politically-speaking-councilmember-henry-fosters-strong-feelings-on-strong-mayor/4084852/
gd-70191b699c2a,gdelt_gkg_v2,news,What Smart People Say About PERM Suspension on Microsoft and Indian Tech,,2026-10-09T08:15:00Z,original,,false,,https://www.businessinsider.com/smart-people-perm-program-suspended-microsoft-adobe-indian-tech-h1b-2026-10
gd-704ad94f5ed6,gdelt_gkg_v2,news,Result of shareholder analysis | Company Announcement,,2026-10-09T08:15:00Z,original,,false,,https://www.investegate.co.uk/announcement/rns/uru-metals-ltd-di---uru/result-of-shareholder-analysis/9814558
gd-705fdf0cc047,gdelt_gkg_v2,news,Michael Douglas has revealed he feared for his life at the Academy Awards after FBI agents warned him of an alleged plot to stab him with an HIV-infected needle moments before he was due to appear on stage - 09-Oct-2026,,2026-10-09T08:15:00Z,original,,false,,"https://home.nzcity.co.nz/news/article.aspx?id=455638&fm=psp,tst"
gd-707179dd4493,gdelt_gkg_v2,news,Lukashenko met with President of Turkmenistan,,2026-10-09T08:15:00Z,original,,false,,https://www.sb.by/en/lukashenko-met-with-president-of-turkmenistan.html
gd-7086ef6398b9,gdelt_gkg_v2,news,"INEC to display voter register, distribute PVCs in 168 Taraba wards",,2026-10-09T08:15:00Z,original,,false,,https://www.premiumtimesng.com/regional/nnorth-east/915595-inec-to-display-voter-register-distribute-pvcs-in-168-taraba-wards.html
gd-70b3697bc494,gdelt_gkg_v2,news,Worcestershire moves closer to £162.7m SEND bailout,,2026-10-09T08:15:00Z,original,,false,,https://www.cotswoldjournal.co.uk/news/26619459.worcestershire-moves-closer-162-7m-send-bailout/
gd-718f4fc2b74a,gdelt_gkg_v2,news,Why Flu Season Started Early In California This Year,,2026-10-09T08:15:00Z,original,,false,,https://katsfm.com/ixp/1135/p/h3n2-strain-vaccine-protection-washington/
gd-725d5ddb43fb,gdelt_gkg_v2,news,"Feature: Chinese university's Kazakhstan campus fosters talent, strengthens education ties-Xinhua",,2026-10-09T08:15:00Z,original,,false,,https://english.news.cn/20261009/9a5d7c00eeea46c9b39d042cf7405377/c.html
gd-72aa972c6cbc,gdelt_gkg_v2,news,"Three arrested after firearm incident in Ladybank, Fife",,2026-10-09T08:15:00Z,original,,false,,https://www.thenational.scot/news/26621091.three-arrested-firearm-incident-ladybank-fife/
gd-72b032131287,gdelt_gkg_v2,news,Where the Footsteps Converge ―  The 41st Anniversary Ceremony of the New England Peace Pagoda,,2026-10-09T08:15:00Z,original,,false,,https://www.pressenza.com/2026/10/where-the-footsteps-converge-%E2%80%95-the-41st-anniversary-ceremony-of-the-new-england-peace-pagoda/
gd-72cad070cd2b,gdelt_gkg_v2,news,Kilburn High Road snooker club to stay shut after drug raid,,2026-10-09T08:15:00Z,original,,false,,https://www.london-now.co.uk/news/26621104.kilburn-high-road-snooker-club-stay-shut-drug-raid/
gd-72cfec6a1eb6,gdelt_gkg_v2,news,Gov Idris' aide threatens to bar Malami from Kebbi over alleged billboard vandalism,,2026-10-09T08:15:00Z,original,,false,,https://dailypost.ng/2026/10/09/gov-idris-aide-threatens-to-bar-malami-from-kebbi-over-alleged-billboard-vandalism/
gd-72f4e8858a9f,gdelt_gkg_v2,news,Crystal Harris urges Jessica Biel to reconsider playing Hugh Hefner's wife,,2026-10-09T08:15:00Z,original,,false,,https://www.film-news.co.uk/news/UK/129592/Crystal-Harris-urges-Jessica-Biel-to-reconsider-playing-Hugh-Hefner-s-wife
gd-730f24609be2,gdelt_gkg_v2,news,"It's a Different World, Part I | The Baltimore Times",,2026-10-09T08:15:00Z,original,,false,,https://baltimoretimes-online.com/detail/its-a-different-world-part-i-5692
gd-731885f49799,gdelt_gkg_v2,news,Okada Rider and Married Woman in Medical Emergency After Intimate Mishap – Ghanamma.com,,2026-10-09T08:15:00Z,original,,false,,https://www.ghanamma.com/2026/10/09/okada-rider-and-married-woman-in-medical-emergency-after-intimate-mishap-2/
gd-73406e330237,gdelt_gkg_v2,news,"Kiri Robb and Mark Puata sentenced for kidnapping Harley Shrimpton, who was later murdered in an unrelated incident",,2026-10-09T08:15:00Z,original,,false,,https://www.nzherald.co.nz/nz/kiri-robb-and-mark-puata-sentenced-for-kidnapping-harley-shrimpton-who-was-later-murdered-in-an-unrelated-incident/73RXXM4OPZBMFFS2L5QU635DII/
gd-734d1e3557f7,gdelt_gkg_v2,news,UN Report on Haiti Arms Trafficking Flags Dominican Republic,,2026-10-09T08:15:00Z,original,,false,,https://www.riotimesonline.com/dominican-republic-un-report-haiti-arms-trafficking-2026/
gd-7374e0b216a6,gdelt_gkg_v2,news,Business.Scoop » Stalled Coastal Pathway Back On The Table For Porirua,,2026-10-09T08:15:00Z,original,,false,,https://business.scoop.co.nz/2026/10/09/stalled-coastal-pathway-back-on-the-table-for-porirua/
gd-737b7eaa611f,gdelt_gkg_v2,news,"Rail Insider-From the Editor — For domestic intermodal, a moment in the southern California sun. Information For Rail Career Professionals From Progressive Railroading Magazine",,2026-10-09T08:15:00Z,original,,false,,https://www.progressiverailroading.com/intermodal/article/From-the-Editor-mdash-For-domestic-intermodal-a-moment-in-the-southern-California-sun--77886
gd-73f66b48c742,gdelt_gkg_v2,news,Elon Musk net worth: Elon Musk's net worth slips below $1 trillion mark,,2026-10-09T08:15:00Z,original,,false,,https://economictimes.indiatimes.com/tech/technology/elon-musks-net-worth-slips-below-1-trillion-mark/articleshow/134819645.cms
gd-74c07f73cb8b,gdelt_gkg_v2,news,"US Trafficking Report acknowledges India's efforts; highlights repatriation of over 6,700 Indians from scam centres",,2026-10-09T08:15:00Z,original,,false,,http://www.calcuttanews.net/news/279361171/us-trafficking-report-acknowledges-india-efforts-highlights-repatriation-of-over-6700-indians-from-scam-centres
gd-76308249e696,gdelt_gkg_v2,news,Subscribe to the Townsville Bulletin,,2026-10-09T08:15:00Z,original,,false,,https://www.townsvillebulletin.com.au/business/melbourne-marketing-agency-candlefox-in-administration-amid-62m-debt-and-boardroom-war/news-story/28ed910198d018459b31ac08db6daa3c&memtype=anonymous&mode=premium&nk=919f6fc8c037e4d66f4618c4634d6b82-1791532932
gd-763f460e46bd,gdelt_gkg_v2,news,Sadness in Sligo following passing of much loved priest Fr John Carroll,,2026-10-09T08:15:00Z,original,,false,,https://www.oceanfm.ie/news/sadness-in-sligo-following-passing-of-much-loved-priest-fr-john-carroll-1486894
gd-76fda30ef615,gdelt_gkg_v2,news,Toxicity at the helm of JoziFM | Mail & Guardian,,2026-10-09T08:15:00Z,original,,false,,https://mg.co.za/news/south-africa/2026-10-09-toxicity-at-the-helm-of-jozifm/
gd-780e04755462,gdelt_gkg_v2,news,Mundella yoghurt returns to shelves as deal revives collapsed WA dairy brands,,2026-10-09T08:15:00Z,original,,false,,https://www.abc.net.au/news/2026-10-09/mundella-sale-last-minute-rescue-deal-saves-wa-dairy/107247990
gd-7822b71d40e6,gdelt_gkg_v2,news,Bangkok Post - Thai Airways CEO ousted over flood mishaps,,2026-10-09T08:15:00Z,original,,false,,https://www.bangkokpost.com/thailand/general/3330240/thai-airways-ceo-ousted-over-flood-mishaps
gd-78608e7398ee,gdelt_gkg_v2,news,El Niño in Colombia Declared as Power Prices Rise 126%,,2026-10-09T08:15:00Z,original,,false,,https://www.riotimesonline.com/colombia-declares-el-nino-power-prices-2026/
gd-78b6064ccce2,gdelt_gkg_v2,news,Nigeria: Labour Gives Govt Two-Week Ultimatum to Revert Petrol Price to 2024 Level,,2026-10-09T08:15:00Z,original,,false,,https://allafrica.com/stories/202610090179.html
gd-78b9360f9238,gdelt_gkg_v2,news,"Across China: When terraces become stage, music brings new rhythm to tourism trends-Xinhua",,2026-10-09T08:15:00Z,original,,false,,https://english.news.cn/20261009/5de8d8ac49494e51900a7c0a91608ed3/c.html
gd-790ba2462a3e,gdelt_gkg_v2,news,H 1B vs PERM explained: What the US suspension means for Indian IT workers,,2026-10-09T08:15:00Z,original,,false,,https://www.businesstoday.in/nri/story/h-1b-vs-perm-explained-what-the-us-suspension-means-for-indian-it-workers-560562-2026-10-09
gd-7943b1bc1b44,gdelt_gkg_v2,news,Judge settles debate on liability for roundabout crashes,,2026-10-09T08:15:00Z,original,,false,,https://www.derbytelegraph.co.uk/news/uk-world-news/judge-settles-debate-liability-roundabout-11189031
gd-79b47838c82c,gdelt_gkg_v2,news,"Is Delhi bandh tomorrow? CJP protest triggers train cancellations, Metro curbs proposed; here's all you need to know",,2026-10-09T08:15:00Z,original,,false,,https://timesofindia.indiatimes.com/city/delhi/is-delhi-bandh-tomorrow-cjp-protest-triggers-train-cancellations-metro-curbs-proposed-heres-all-you-need-to-know/articleshow/134820482.cms
gd-79b5b2629d15,gdelt_gkg_v2,news,Share Buyback Programme | Company Announcement,,2026-10-09T08:15:00Z,original,,false,,https://www.investegate.co.uk/announcement/rns/oxford-metrics--omg/share-buyback-programme/9814740
gd-79fc743dbddc,gdelt_gkg_v2,news,Leavenworth And Poulsbo Rank As Top Fall Getaway Spots,,2026-10-09T08:15:00Z,original,,false,,https://katsfm.com/ixp/1135/p/leavenworth-poulsbo-european-fall-getaway/
gd-7b832977cb26,gdelt_gkg_v2,news,Behind the Bylines: Journalism needs critical thinking — and hope,,2026-10-09T08:15:00Z,original,,false,,https://www.lowellsun.com/2026/10/09/behind-the-bylines-journalism-needs-critical-thinking-and-hope/
gd-7d01c12d6ded,gdelt_gkg_v2,news,'US no longer wants us': Sridhar Vembu asks Indians in America to come back amid PERM suspension,,2026-10-09T08:15:00Z,original,,false,,https://www.businesstoday.in/india/story/us-no-longer-wants-us-sridhar-vembu-asks-indians-in-america-to-come-back-amid-perm-suspension-560618-2026-10-09
gd-7dcfec56483c,gdelt_gkg_v2,news,Block Listing Six Monthly Return  | Company Announcement,,2026-10-09T08:15:00Z,original,,false,,https://www.investegate.co.uk/announcement/rns/phoenix-copper-limited--pxc/block-listing-six-monthly-return-/9814567
gd-7e2fc0ed456c,gdelt_gkg_v2,news,Classic Shreveport Bossier Dining Spots We'd Bring Back Today,,2026-10-09T08:15:00Z,original,,false,,https://mykisscountry937.com/shreveport-bossier-restaurants-we-miss/
gd-7e3f2a9dc230,gdelt_gkg_v2,news,Noisy teen bikers with fireworks rounded up in Phuket,,2026-10-09T08:15:00Z,original,,false,,https://www.bangkokpost.com/learning/easy/3333554/noisy-teen-bikers-with-fireworks-rounded-up-in-phuket
gd-7f743c1d2280,gdelt_gkg_v2,news,Daily Buy-Back Notification | Company Announcement,,2026-10-09T08:15:00Z,original,,false,,https://www.investegate.co.uk/announcement/rns/south32-limited-di---s32/daily-buy-back-notification/9815540
gd-7fe5a7cbd6b4,gdelt_gkg_v2,news,Launch of XCE's EMI Options Scheme | Company Announcement,,2026-10-09T08:15:00Z,original,,false,,https://www.investegate.co.uk/announcement/rns/connecting-excellence-group-plc--xce/launch-of-xce-s-emi-options-scheme/9815502
gd-80c845144dea,gdelt_gkg_v2,news,Lukashenko arrived at CIS summit,,2026-10-09T08:15:00Z,original,,false,,https://www.sb.by/en/lukashenko-arrived-at-cis-summit.html
gd-80d2b628d369,gdelt_gkg_v2,news,Japan warns for increased vigilance against rising cyberattacks – Winnipeg Free Press,,2026-10-09T08:15:00Z,original,,false,,https://www.winnipegfreepress.com/arts-and-life/life/sci-tech/2026/10/09/japan-warns-for-increased-vigilance-against-rising-cyberattacks
gd-80dc21536cb2,gdelt_gkg_v2,news,"Potholes take priority over removing tatty Union Jack flags, says Derbyshire Reform UK politician",,2026-10-09T08:15:00Z,original,,false,,https://www.derbytelegraph.co.uk/news/local-news/potholes-take-priority-over-removing-11189318
gd-82208575c9b0,gdelt_gkg_v2,news,Globant S.A. (NYSE:GLOB) Stock Has Consensus Target Price of $46.38 According to Brokerages,,2026-10-09T08:15:00Z,original,,false,,https://www.themarketsdaily.com/2026/10/09/globant-s-a-nyseglob-stock-has-consensus-target-price-of-46-38-according-to-brokerages.html
gd-822d949b7b8f,gdelt_gkg_v2,news,APSRTC driver dying of a heart attack brings his bus and 40 passengers to a safe halt,,2026-10-09T08:15:00Z,original,,false,,https://www.thehindu.com/news/national/andhra-pradesh/apsrtc-driver-dying-of-a-heart-attack-brings-his-bus-and-40-passengers-to-a-safe-halt/article71562760.ece
gd-8275d29c319f,gdelt_gkg_v2,news,Powderfinger Spark Reunion Speculation With Mysterious Clues Across Australia,,2026-10-09T08:15:00Z,original,,false,,https://www.kfru.com/2026/10/09/powderfinger-spark-reunion-speculation-with-mysterious-clues-across-australia/
gd-83e16f98b092,gdelt_gkg_v2,news,Plateau among states seeking $500m ACReSAL funding boost,,2026-10-09T08:15:00Z,original,,false,,https://www.premiumtimesng.com/regional/north-central/915590-plateau-among-states-seeking-500m-acresal-funding-boost.html
gd-848cb2ab0df7,gdelt_gkg_v2,news,Hugh Jackman Breaks Silence On Possibly Returning As Wolverine In Avengers: Secret Wars,,2026-10-09T08:15:00Z,original,,false,,https://comicbookmovie.com/avengers/avengers-secret-wars/hugh-jackman-breaks-silence-on-possibly-returning-as-wolverine-in-avengers-secret-wars-a230322
gd-84b5934a18ad,gdelt_gkg_v2,news,Nigerian university suspends fee hike for wider consultation after backlash,,2026-10-09T08:15:00Z,original,,false,,https://www.premiumtimesng.com/news/top-news/915585-nigerian-university-suspends-fee-hike-for-wider-consultation-after-backlash.html
gd-86bcb2431a4d,gdelt_gkg_v2,news,ICE officers shoot man during arrest in New York City,,2026-10-09T08:15:00Z,original,,false,,https://www.surreycomet.co.uk/news/national/26621215.ice-officers-shoot-man-arrest-new-york-city/
gd-86ed642d430e,gdelt_gkg_v2,news,Lichfield City looking to give home supporters something to cheer,,2026-10-09T08:15:00Z,original,,false,,https://lichfieldlive.co.uk/lichfield-city-looking-to-give-home-supporters-something-to-cheer/
gd-87eb09520a0f,gdelt_gkg_v2,news,FAO Names Utrecht University and WBVR AMR Reference Centre,,2026-10-09T08:15:00Z,original,,false,,https://www.miragenews.com/fao-names-utrecht-university-and-wbvr-amr-1757724/
gd-88447387dd58,gdelt_gkg_v2,news,Indictment: Suspects held stolen IDF missile,,2026-10-09T08:15:00Z,original,,false,,https://www.israelnationalnews.com/flashes/695037
gd-88eb52615cf4,gdelt_gkg_v2,news,Bovi's Guilty As Charged comedy special arrives in Lagos,,2026-10-09T08:15:00Z,original,,false,,https://thenationonlineng.net/bovis-guilty-as-charged-comedy-special-arrives-in-lagos/
gd-88fda12bd7c9,gdelt_gkg_v2,news,"Sinda Ltd. (NYSE:SIND) Stock Now Rated ""Moderate Buy"" by Sell-Side Brokerages",,2026-10-09T08:15:00Z,original,,false,,https://www.themarketsdaily.com/2026/10/09/sinda-ltd-nysesind-stock-now-rated-moderate-buy-by-sell-side-brokerages.html
gd-89996aa7988b,gdelt_gkg_v2,news,LSCO Upgrades Training Equipment,,2026-10-09T08:15:00Z,original,,false,,https://kogt.com/lsco-upgrades-training-equipment/
gd-8a2558219376,gdelt_gkg_v2,news,EC SIR row: President Murmu agrees to meet INDIA bloc leaders at 8 pm,,2026-10-09T08:15:00Z,original,,false,,https://timesofindia.indiatimes.com/india/ec-sir-row-president-murmu-agrees-to-meet-india-bloc-leaders-at-8-pm/articleshow/134821330.cms
gd-8b4ff40daa81,gdelt_gkg_v2,news,"Two years on without Ratan, Tata succession battle rages on",,2026-10-09T08:15:00Z,original,,false,,https://www.businesstoday.in/latest/corporate/story/two-years-on-without-ratan-tata-succession-battle-rages-on-560616-2026-10-09
gd-8b55de2a6766,gdelt_gkg_v2,news,"'Where is Gyanesh hiding?':Priyank Kharge targets CEC over electoral roll row, alleges manipulation of Form 6 & 7",,2026-10-09T08:15:00Z,original,,false,,https://economictimes.indiatimes.com/news/politics-and-nation/where-is-gyanesh-hidingpriyank-kharge-targets-cec-over-electoral-roll-row-alleges-manipulation-of-form-6-7/articleshow/134820971.cms
gd-8b8f236a144d,gdelt_gkg_v2,news,What does outstanding leadership mean to you?,,2026-10-09T08:15:00Z,original,,false,,https://www.thenational.com.pg/what-does-outstanding-leadership-mean-to-you/
gd-8bf90da1365b,gdelt_gkg_v2,news,Sheinbaum Meets Ambassador Ronald Johnson and US CEOs,,2026-10-09T08:15:00Z,original,,false,,https://www.riotimesonline.com/mexico-sheinbaum-meets-us-ambassador-johnson-ceos-2026/
gd-8c3272fab1ac,gdelt_gkg_v2,news,"Former UFC fighter, Green Beret Tim Kennedy reportedly shot in Congo ambush",,2026-10-09T08:15:00Z,original,,false,,https://www.stripes.com/theaters/africa/2026-10-09/tim-kennedy-ufc-green-beret-ambush-23098999.html
gd-8ccdc06ed1ed,gdelt_gkg_v2,news,Sumter school board candidates meet voters at forum,,2026-10-09T08:15:00Z,original,,false,,https://www.wistv.com/2026/10/09/sumter-school-board-candidates-meet-voters-forum/
gd-8d0bbbf4202f,gdelt_gkg_v2,news,South Africa: Home Affairs Withdraws Asylum Directive After Violent Anti-Immigration Protests,,2026-10-09T08:15:00Z,original,,false,,https://allafrica.com/stories/202610090210.html
gd-8dd17afb70fc,gdelt_gkg_v2,news,Tetra Pak Enables 73 Million Litres of Annual Groundwater Recharge Potential in Khed; Hands Over Rejuvenated Ponds to the Community,,2026-10-09T08:15:00Z,original,,false,,http://www.calcuttanews.net/news/279361156/tetra-pak-enables-73-million-litres-of-annual-groundwater-recharge-potential-in-khed-hands-over-rejuvenated-ponds-to-the-community
gd-8dd581c8256b,gdelt_gkg_v2,news,Woven into Madras - The Hindu,,2026-10-09T08:15:00Z,original,,false,,https://www.thehindu.com/news/cities/chennai/woven-into-madras/article59825685.ece
gd-8deb0be106e5,gdelt_gkg_v2,news,"Delhivery shares set for a 33% upside, says PL Capital; turns bullish",,2026-10-09T08:15:00Z,original,,false,,https://www.businesstoday.in/markets/stocks/story/delhivery-shares-set-for-a-upside-says-pl-capital-turns-bullish-560614-2026-10-09
gd-8e1183d30dc1,gdelt_gkg_v2,news,Midland To Bring Statges Tour To del lago Resort And Casino,,2026-10-09T08:15:00Z,original,,false,,https://wgna.com/midland-upstate-new-york-concert/
gd-8e31a1847b75,gdelt_gkg_v2,news,Argentina Audit Finds US$1 Billion Loss on Gold Hedges,,2026-10-09T08:15:00Z,original,,false,,https://www.riotimesonline.com/argentina-audit-central-bank-gold-hedges-loss-2026/
gd-8f2304990147,gdelt_gkg_v2,news,"Olowu, AIG Ewah forge security alliance, push stronger intelligence network across Osun, Oyo",,2026-10-09T08:15:00Z,original,,false,,https://thenationonlineng.net/olowu-aig-ewah-forge-security-alliance-push-stronger-intelligence-network-across-osun-oyo/
gd-8f3bd9af51a5,gdelt_gkg_v2,news,Korea honors Filipino worker killed in factory explosion,,2026-10-09T08:15:00Z,original,,false,,https://www.koreatimes.co.kr/southkorea/globalcommunity/20261009/korea-honors-filipino-worker-killed-in-factory-explosion
gd-8f439ec5bcf7,gdelt_gkg_v2,news,Gaza conflict 'keeps eyes of the world from seeing slaughter in Iran',,2026-10-09T08:15:00Z,original,,false,,https://www.aol.co.uk/articles/gaza-conflict-keeps-eyes-world-073200000.html
gd-8f87744cb283,gdelt_gkg_v2,news,वियतनाम: दा नांग में भीषण मौसम और बाढ़ का कहर,,2026-10-09T08:15:00Z,original,,false,,https://hindi.cri.cn/2026/10/09/PHOA1791532710602378
gd-903f0b87b5ea,gdelt_gkg_v2,news,Walk Your Way To Better Health!,,2026-10-09T08:15:00Z,original,,false,,https://baltimoretimes-online.com/detail/walk-your-way-to-better-health-5686
gd-905c40d6b466,gdelt_gkg_v2,news,List Of Top 10 Oldest Tribes In Ghana – Ghanamma.com,,2026-10-09T08:15:00Z,original,,false,,https://www.ghanamma.com/2026/10/09/list-of-top-10-oldest-tribes-in-ghana-12/
gd-905e5e8a81d2,gdelt_gkg_v2,news,Okinawa assembly resolution calls for revision of U.S. forces pact after woman's murder,,2026-10-09T08:15:00Z,original,,false,,https://japantoday.com/category/crime/okinawa-resolution-calls-for-revision-of-us-forces-pact-after-murder
gd-909089b69af0,gdelt_gkg_v2,news,"Current ARM mortgage rates report for Oct. 9, 2026",,2026-10-09T08:15:00Z,original,,false,,https://fortune.com/article/current-arm-mortgage-rates-10-09-2026/
gd-90a1e2f86ef1,gdelt_gkg_v2,news,Peshtigo remembers historic fire 155 years later,,2026-10-09T08:15:00Z,original,,false,,https://www.wbay.com:443/2026/10/09/peshtigo-remembers-historic-fire-155-years-later/
gd-90bd84531110,gdelt_gkg_v2,news,Full list of groups warning Gaza ceasefire exists only 'on paper',,2026-10-09T08:15:00Z,original,,false,,https://www.thenational.scot/news/26620898.full-list-groups-warning-gaza-ceasefire-exists-on-paper/
gd-90fc01425669,gdelt_gkg_v2,news,"Emerson's New Flow Measurement Solution Improves Data Center Reliability, Efficiency, and Uptime",,2026-10-09T08:15:00Z,original,,false,,https://www.azosensors.com/news.aspx?newsID=16979
gd-917637963c52,gdelt_gkg_v2,news,PC Jeweller shares hit 52 week high; stock gains 48% in 3 months: Is more steam left?,,2026-10-09T08:15:00Z,original,,false,,https://www.businesstoday.in/markets/stocks/story/pc-jeweller-shares-hit-52-week-high-stock-gains-48-in-3-months-is-more-steam-left-560617-2026-10-09
gd-95250d51cccc,gdelt_gkg_v2,news,Mexico Gets 10 Days to Answer US Labour Case in Puebla,,2026-10-09T08:15:00Z,original,,false,,https://www.riotimesonline.com/mexico-usmca-labour-case-glm-components-puebla-2026/
gd-95c5f4596b18,gdelt_gkg_v2,news,"Home BancShares, Inc. (NYSE:HOMB) Stock Rated ""Moderate Buy"" by Wall Street Brokerages",,2026-10-09T08:15:00Z,original,,false,,https://www.themarketsdaily.com/2026/10/09/home-bancshares-inc-nysehomb-stock-rated-moderate-buy-by-wall-street-brokerages.html
gd-95eb5831b3f6,gdelt_gkg_v2,news,"South Korea's KOSPI Ends at 6,626, Down 2.6 Percent for a Third Day, Despite Samsung's Record Profit Forecast",,2026-10-09T08:15:00Z,original,,false,,https://www.ibtimes.com.au/south-korea-stocks-fall-samsung-profit-forecast-1876482
gd-97bc98505d7a,gdelt_gkg_v2,news,Peru Farm Exports Slow to 1.9% Growth Amid El Niño Fears,,2026-10-09T08:15:00Z,original,,false,,https://www.riotimesonline.com/peru-farm-exports-slow-el-nino-adex-2026/
gd-97de5dba9a5c,gdelt_gkg_v2,news,"GeoNet's earthquake monitoring centre closes due to lack of staff, Labour decries Govt cuts",,2026-10-09T08:15:00Z,original,,false,,https://www.nzherald.co.nz/nz/politics/geonets-earthquake-monitoring-centre-closes-due-to-lack-of-staff-labour-decries-govt-cuts/ZHNJKVHW7VCHLA4F2DGJAG3RDE/
gd-98894fda3e21,gdelt_gkg_v2,news,Amur Minerals Corporation NPV RNS Announcements | AMC RNS Announcements,,2026-10-09T08:15:00Z,original,,false,,https://www.investegate.co.uk/company/AMC
gd-992eacbe0f2a,gdelt_gkg_v2,news,Delhi HC refuses to grant urgent hearing to IYC's plea for protest at Jantar Mantar,,2026-10-09T08:15:00Z,original,,false,,https://www.orissapost.com/delhi-hc-refuses-to-grant-urgent-hearing-to-iycs-plea-for-protest-at-jantar-mantar/
gd-99607c170389,gdelt_gkg_v2,news,Disney offered a 13-year-old $2 million to sing in The Lion King—his mom chose $100k plus royalties,,2026-10-09T08:15:00Z,original,,false,,https://fortune.com/2026/10/09/disney-offered-13-year-old-2-million-to-sing-in-the-lion-king-mom-rejected-royalties-jason-weaver-simba/
gd-996e1d2c72a2,gdelt_gkg_v2,news,"Fed govt, states move nutrition campaign to 774 LGAs, target households",,2026-10-09T08:15:00Z,original,,false,,https://thenationonlineng.net/fed-govt-states-move-nutrition-campaign-to-774-lgas-target-households/
gd-9a288292a041,gdelt_gkg_v2,news,Leo XIV comes home to an age of unbelonging,,2026-10-09T08:15:00Z,original,,false,,https://www.ucanews.com/news/leo-xiv-comes-home-to-an-age-of-unbelonging/115701
gd-9a6d1d7020df,gdelt_gkg_v2,news,Troops neutralise two explosive devices in Zamfara,,2026-10-09T08:15:00Z,original,,false,,https://dailypost.ng/2026/10/09/troops-neutralise-two-explosive-devices-in-zamfara/
gd-9b01005a1d9f,gdelt_gkg_v2,news,Two suspects sought in 'targeted' South Surrey shooting,,2026-10-09T08:15:00Z,original,,false,,https://cloverdalereporter.com/2026/10/08/two-suspects-sought-in-targeted-south-surrey-shooting/
gd-9b47a35e8d42,gdelt_gkg_v2,news,"CJP protest on October 10: Trains to New Delhi, Nizamuddin stations cancelled at source",,2026-10-09T08:15:00Z,original,,false,,https://www.businesstoday.in/india/story/cjp-protest-on-october-10-trains-to-new-delhi-nizamuddin-stations-cancelled-at-source-560601-2026-10-09
gd-9b9ee34a300b,gdelt_gkg_v2,news,2027 countdown: APC to inaugurate presidential campaign council next week,,2026-10-09T08:15:00Z,original,,false,,https://thenationonlineng.net/2027-countdown-apc-to-inaugurate-presidential-campaign-council-next-week/
gd-9bc930829efc,gdelt_gkg_v2,news,Landowner alleges Weld commissioners bent rules for data center – BizWest,,2026-10-09T08:15:00Z,original,,false,,https://bizwest.com/2026/10/08/landowner-alleges-weld-commissioners-bent-rules-for-data-center/
gd-9c47fb94d799,gdelt_gkg_v2,news,Gains of unsubsidised lives,,2026-10-09T08:15:00Z,original,,false,,https://punchng.com/gains-of-unsubsidised-lives/
gd-9cb1887703fb,gdelt_gkg_v2,news,Man Charged After Nonfatal Shooting in Broadmeadows,,2026-10-09T08:15:00Z,original,,false,,https://www.miragenews.com/man-charged-after-nonfatal-shooting-in-1757726/
gd-9cc807496e1d,gdelt_gkg_v2,news,"What's up this week: Local author Marley-Rose Teter, Afro-Latin jazz, a spirited symphony opener and more",,2026-10-09T08:15:00Z,original,,false,,https://www.mv-voice.com/ae/news-events/2026/10/08/whats-up-this-week-local-author-marley-rose-teter-afro-latin-jazz-a-spirited-symphony-opener-and-more/
gd-9e33306f5055,gdelt_gkg_v2,news,Notice of Third Quarter 2026 Trading Update | Company Announcement,,2026-10-09T08:15:00Z,original,,false,,https://www.investegate.co.uk/announcement/rns/pagegroup--page/notice-of-third-quarter-2026-trading-update/9815510
gd-9eb12deb88b6,gdelt_gkg_v2,news,"Report: ICE launches enforcement surge in California, starting in San Diego",,2026-10-09T08:15:00Z,original,,false,,https://www.nbcsandiego.com/news/local/report-ice-launches-enforcement-surge-california-starting-san-diego/4084781/
gd-9f090b67d987,gdelt_gkg_v2,news,Nobel Peace Prize 2026: this year's winner soon to be announced,,2026-10-09T08:15:00Z,original,,false,,https://cyprusnews.eu/cnn-kosmos/nobel-peace-prize-2026-this-years-winner-soon-to-be-announced/
gd-9f72f4a22401,gdelt_gkg_v2,news,China Focus: More than a factory floor: foreign companies expand innovation footprint in China-Xinhua,,2026-10-09T08:15:00Z,original,,false,,https://english.news.cn/20261009/89c7febc54a845119f9926479bb21923/c.html
gd-a01943494bf8,gdelt_gkg_v2,news,Bangkok Post - Guru's daily horoscope for Oct 9,,2026-10-09T08:15:00Z,original,,false,,https://www.bangkokpost.com/life/social-and-lifestyle/3334164/gurus-daily-horoscope-for-oct-9
gd-a033659aadca,gdelt_gkg_v2,news,Ellicott homeless hotel calls decline slightly,,2026-10-09T08:15:00Z,original,,false,,https://www.observertoday.com/news/local-region/2026/10/ellicott-homeless-hotel-calls-decline-slightly/
gd-a0f283356db9,gdelt_gkg_v2,news,"As Spain breaks ranks on Gaza, Trump and Netanyahu face voters",,2026-10-09T08:15:00Z,original,,false,,https://www.ucanews.com/news/as-spain-breaks-ranks-on-gaza-trump-and-netanyahu-face-voters/115700
gd-a10eb0c38e06,gdelt_gkg_v2,news,Ethiopia: Negelle Borana-Moyale Road Left Without Maintenance for Decades - Residents Demand Urgent Action,,2026-10-09T08:15:00Z,original,,false,,https://allafrica.com/stories/202610090100.html
gd-a110a21dfb73,gdelt_gkg_v2,news,Holborn St Pancras by-election: Labour holds seat amid Green surge,,2026-10-09T08:15:00Z,original,,false,,https://www.london-now.co.uk/news/26621045.holborn-st-pancras-by-election-labour-holds-seat-amid-green-surge/
gd-a183e04cb06e,gdelt_gkg_v2,news,Cybercriminal claims to have used simple password to hack Danish CPR system,,2026-10-09T08:15:00Z,original,,false,,https://www.thelocal.dk/20261009/cybercriminal-claims-to-have-used-simple-password-to-hack-danish-cpr-system
gd-a251fd697fa1,gdelt_gkg_v2,news,"As it happened: Election campaign, 9 October",,2026-10-09T08:15:00Z,original,,false,,https://www.rnz.co.nz/news/politics_election-2026/1798632/as-it-happened-election-campaign-9-october
gd-a291fd9e4d64,gdelt_gkg_v2,news,"What's That Incessant Ringing? Oh, It's Your Phone!",,2026-10-09T08:15:00Z,original,,false,,https://baltimoretimes-online.com/detail/whats-that-incessant-ringing-oh-its-your-phone-5688
gd-a2b33a9b152c,gdelt_gkg_v2,news,Political parties are vehicles for democracy,,2026-10-09T08:15:00Z,original,,false,,https://www.thenational.com.pg/political-parties-are-vehicles-for-democracy/
gd-a3149be6deff,gdelt_gkg_v2,news,Town Hall Meetings with Sheriff Vasquez,,2026-10-09T08:15:00Z,original,,false,,https://mymotherlode.com/community/events/town-hall-meetings-with-sheriff-vasquez-5
gd-a400bee882b8,gdelt_gkg_v2,news,Head to Head Contrast: FAT Brands (NASDAQ:FATBB) versus Kinross Gold (NYSE:KGC),,2026-10-09T08:15:00Z,original,,false,,https://www.themarketsdaily.com/2026/10/09/head-to-head-contrast-fat-brands-nasdaqfatbb-versus-kinross-gold-nysekgc.html
gd-a47551786a2b,gdelt_gkg_v2,news,Garaina Tea revival gets positive vote,,2026-10-09T08:15:00Z,original,,false,,https://www.thenational.com.pg/garaina-tea-revival-gets-positive-vote/
gd-a503436cf720,gdelt_gkg_v2,news,"""Scared of losing Muslim vote bank"": UP Minister OP Rajbhar targets Akhilesh Yadav on Ayodhya visit",,2026-10-09T08:15:00Z,original,,false,,http://www.calcuttanews.net/news/279361202/scared-of-losing-muslim-vote-bank-up-minister-op-rajbhar-targets-akhilesh-yadav-on-ayodhya-visit
gd-a587d89348c4,gdelt_gkg_v2,news,Talking the Tropics With Mike: Last day of the Atlantic hurricane season!,,2026-10-09T08:15:00Z,original,,false,,https://www.wokv.com/weather/talking-tropics-wmike-stronger-isaias-over-gulf-headed-w-fl-panhandle-late-friday/RD2JCM22ZBCW7A6MKE2DLEQEPA/
gd-a5fbc795f19e,gdelt_gkg_v2,news,"Nigeria: Abiodun Approves J4-Gao Road, Sets November for Deep Sea Port Ground Breaking",,2026-10-09T08:15:00Z,original,,false,,https://allafrica.com/stories/202610090185.html
gd-a61e93daacc7,gdelt_gkg_v2,news,Saudi authorities say 3 killed in attacks on Riyadh airport claimed by Houthi rebels – Winnipeg Free Press,,2026-10-09T08:15:00Z,original,,false,,https://www.winnipegfreepress.com/world/2026/10/09/saudi-authorities-say-3-killed-in-attacks-on-riyadh-airport-claimed-by-houthi-rebels
gd-a653afe667fb,gdelt_gkg_v2,news,Ethiopian police ask residents in Tigray regional capital to help restore order after rebel pullout,,2026-10-09T08:15:00Z,original,,false,,http://www.thegazette.com/news/world/ethiopian-police-ask-residents-in-tigray-regional-capital-to-help-restore-order-after-rebel-pullout/article_f6a230d9-1b6c-583b-8745-a87b065a8996.html
gd-a66120a875bd,gdelt_gkg_v2,news,"Sanjeev Kapooor's Sattu Kadhi: How to make this deeply satisfying, high nutrition curry",,2026-10-09T08:15:00Z,original,,false,,https://timesofindia.indiatimes.com/life-style/food-news/sanjeev-kapoor-presents-protein-packed-sattu-kadhi-a-comforting-winter-recipe/articleshow/134810378.cms
gd-a6a6d4971692,gdelt_gkg_v2,news,State opposes Murdaugh requests for DNA evidence,,2026-10-09T08:15:00Z,original,,false,,https://www.wistv.com/2026/10/09/state-opposes-murdaugh-requests-dna-evidence/
gd-a6ca73adcc47,gdelt_gkg_v2,news,Colorado students can be expelled for social media posts made outside of school. Attorneys say that violates the First Amendment.,,2026-10-09T08:15:00Z,original,,false,,https://www.oneidadispatch.com/2026/09/19/colorado-schools-social-media-expulsions-suspensions/
gd-a7bf3e0230a4,gdelt_gkg_v2,news,Result of AGM | Company Announcement,,2026-10-09T08:15:00Z,original,,false,,https://www.investegate.co.uk/announcement/rns/gstechnologies-npv-di---gst/result-of-agm/9815308
gd-a81bd48d50f0,gdelt_gkg_v2,news,Trump administration's PERM suspension: Can H-1B workers stay in the US if green card filings are blocked?,,2026-10-09T08:15:00Z,original,,false,,https://economictimes.indiatimes.com/nri/work/trump-administrations-perm-suspension-can-h-1b-workers-stay-in-the-us-if-green-card-filings-are-blocked/articleshow/134811220.cms
gd-a84107dfe173,gdelt_gkg_v2,news,Harry Potter And The Philosopher's Stone Reveals New Look At Hogwarts House Crests And Founders,,2026-10-09T08:15:00Z,original,,false,,https://comicbookmovie.com/fantasy/harry-potter/harry-potter-and-the-philosophers-stone-reveals-new-look-at-hogwarts-house-crests-and-founders-a230321
gd-a8c3a1a94d45,gdelt_gkg_v2,news,Cancellation - SENIOR PLC | Company Announcement,,2026-10-09T08:15:00Z,original,,false,,https://www.investegate.co.uk/announcement/rns/senior--snr/cancellation-senior-plc/9815354
gd-a93074d47b5b,gdelt_gkg_v2,news,Maximus Academy claims inaugural Ogun community spelling bee,,2026-10-09T08:15:00Z,original,,false,,https://punchng.com/maximus-academy-claims-inaugural-ogun-community-spelling-bee/
gd-a9510803ac5a,gdelt_gkg_v2,news,Uganda South Sudan Trade Climbs to US$700 Million,,2026-10-09T08:15:00Z,original,,false,,https://www.riotimesonline.com/uganda-south-sudan-trade-2026/
gd-a974102150ff,gdelt_gkg_v2,news,Nigeria: Govt Offers 30-Day Petrol Discount At NNPC Stations,,2026-10-09T08:15:00Z,original,,false,,https://allafrica.com/stories/202610090163.html
gd-aa6598faad90,gdelt_gkg_v2,news,Notice of Results | Company Announcement,,2026-10-09T08:15:00Z,original,,false,,https://www.investegate.co.uk/announcement/rns/inspiration-healthcare-group--ihc/notice-of-results/9814562
gd-aa811ac1ecb3,gdelt_gkg_v2,news,Warning of widespread disruption to HSE services in North West next week,,2026-10-09T08:15:00Z,original,,false,,https://www.oceanfm.ie/news/warning-of-widespread-disruption-to-hse-services-in-north-west-next-week-1486899
gd-aac638c931e0,gdelt_gkg_v2,news,"Enel Chile S.A. (NYSE:ENIC) Receives Average Recommendation of ""Moderate Buy"" from Analysts",,2026-10-09T08:15:00Z,original,,false,,https://www.themarketsdaily.com/2026/10/09/enel-chile-s-a-nyseenic-receives-average-recommendation-of-moderate-buy-from-analysts.html
gd-aacd238947d1,gdelt_gkg_v2,news,"Police expand financial hacking probe team to 43, add forensic specialists",,2026-10-09T08:15:00Z,original,,false,,https://www.koreatimes.co.kr/southkorea/law-crime/20261009/police-expand-financial-hacking-probe-team-to-43-add-forensic-specialists
gd-abdae71f8889,gdelt_gkg_v2,news,Cuenca Plane Accident: Ecuador Central Bank Cargo Intact,,2026-10-09T08:15:00Z,original,,false,,https://www.riotimesonline.com/ecuador-cuenca-plane-crash-central-bank-valuables-2026/
gd-abdc9c3df7d5,gdelt_gkg_v2,news,'I realized there was a lot of demand for this': A new Peninsula business offers rentals of curated baby and toddler toys,,2026-10-09T08:15:00Z,original,,false,,https://www.mv-voice.com/family-lifestyle/2026/10/08/i-realized-there-was-a-lot-of-demand-for-this-a-new-peninsula-business-offers-rentals-of-curated-baby-and-toddler-toys/
gd-ac8b270126f2,gdelt_gkg_v2,news,"A designer's Macon home showcases antiques, art, and eclectic design",,2026-10-09T08:15:00Z,original,,false,,https://www.atlantamagazine.com/homeandgarden/a-designers-macon-home-showcases-antiques-art-and-eclectic-design/
gd-ac9f6fc99a4e,gdelt_gkg_v2,news,Gehlee Dangca calls Elisia Parmisano her 'piece of home',,2026-10-09T08:15:00Z,original,,false,,https://www.philstar.com/entertainment/2026/10/09/2562045/gehlee-dangca-calls-elisia-parmisano-her-piece-home
gd-ad97221fb93d,gdelt_gkg_v2,news,Village reiterates objection to sheriff's pact,,2026-10-09T08:15:00Z,original,,false,,https://www.observertoday.com/news/top-stories/2026/10/village-reiterates-objection-to-sheriffs-pact/
gd-adb4a5f46ed3,gdelt_gkg_v2,news,12th Chengdu International Urban Modern Agriculture Expo Highlights Agricultural Technology and International Trade Cooperation,,2026-10-09T08:15:00Z,original,,false,,https://www.simcoereformer.ca/press-releases/newsfile/12th-chengdu-international-urban-modern-agriculture-expo-highlights-agricultural-technology-and-international-trade-cooperation/
gd-ae5b0a1ed31b,gdelt_gkg_v2,news,Northwich and Winsford's most oversubscribed primary schools,,2026-10-09T08:15:00Z,original,,false,,https://www.northwichguardian.co.uk/news/26616869.northwich-winsfords-oversubscribed-primary-schools/
gd-afd5f907f253,gdelt_gkg_v2,news,"Anthropic tightens Claude AI rules on model abuse, elections, weapons and surveillance",,2026-10-09T08:15:00Z,original,,false,,https://www.businesstoday.in/technology/news/story/anthropic-tightens-claude-ai-rules-on-model-abuse-elections-weapons-and-surveillance-560587-2026-10-09
gd-afd9aebd1e1b,gdelt_gkg_v2,news,India calls for UNGA revitalisation through broader reforms,,2026-10-09T08:15:00Z,original,,false,,https://www.orissapost.com/india-calls-for-unga-revitalisation-through-broader-reforms/
gd-b01845587dc1,gdelt_gkg_v2,news,China and EU trade envoys seek ways to ease tensions over growing imbalances – Winnipeg Free Press,,2026-10-09T08:15:00Z,original,,false,,https://www.winnipegfreepress.com/business/2026/10/09/china-and-eu-trade-envoys-seek-ways-to-ease-tensions-over-growing-imbalances
gd-b0d716aa6919,gdelt_gkg_v2,news,NT government flags changes to suppression laws for accused sexual offenders,,2026-10-09T08:15:00Z,original,,false,,https://www.abc.net.au/news/2026-10-09/nt-government-flag-changes-suppression-laws-sex-offenders/107247920
gd-b1523b4cef2e,gdelt_gkg_v2,news,Karnataka FDA finds expired ingredients at 2 Bengaluru ice cream units,,2026-10-09T08:15:00Z,original,,false,,https://timesofindia.indiatimes.com/city/bengaluru/karnataka-fda-finds-expired-ingredients-at-2-bengaluru-ice-cream-units/articleshow/134820343.cms
gd-b1c4bdacbb08,gdelt_gkg_v2,news,IDF concerns: Two IDF soldiers wounded in Lebanon after playing with live ammunition,,2026-10-09T08:15:00Z,original,,false,,https://www.israelnationalnews.com/news/434341
gd-b225ba227d5b,gdelt_gkg_v2,news,Heartbroken family pleads for justice after fatal Crystal Pier shooting,,2026-10-09T08:15:00Z,original,,false,,https://www.nbcsandiego.com/news/local/heartbroken-family-pleads-justice-crystal-pier-shooting/4084853/
gd-b3c0e513e8bd,gdelt_gkg_v2,news,Delhi Police register around 25 FIRs over protests since October 2: Sources,,2026-10-09T08:15:00Z,original,,false,,http://www.calcuttanews.net/news/279361187/delhi-police-register-around-25-firs-over-protests-since-october-2-sources
gd-b449ac6dab01,gdelt_gkg_v2,news,Kerala HC allows plea for FIR against Vijayan in CMRL bribery case,,2026-10-09T08:15:00Z,original,,false,,https://www.orissapost.com/kerala-hc-allows-plea-for-fir-against-vijayan-in-cmrl-bribery-case/
gd-b4693772404c,gdelt_gkg_v2,news,Austin running for Silver Creek trustee,,2026-10-09T08:15:00Z,original,,false,,https://www.observertoday.com/news/local-region/2026/10/austin-running-for-silver-creek-trustee/
gd-b4e868cab234,gdelt_gkg_v2,news,Mashatile resumes his duties after illness,,2026-10-09T08:15:00Z,original,,false,,https://mg.co.za/politics/2026-10-09-mashatile-resumes-his-duties-after-illness/
gd-b5a85a008123,gdelt_gkg_v2,news,Egypt Gold Vending Machine Opens in Cairo for Card Buyers,,2026-10-09T08:15:00Z,original,,false,,https://www.riotimesonline.com/egypt-gold-vending-machine-2026/
gd-b67fd94f1b1f,gdelt_gkg_v2,news,Mercedes Sprinter drug-driver in court after Hereford stop,,2026-10-09T08:15:00Z,original,,false,,https://www.herefordtimes.com/news/26606329.mercedes-sprinter-drug-driver-court-hereford-stop/
gd-b8345df5aa01,gdelt_gkg_v2,news,Lukashenko: those calling CIS 'political phantom' and 'myth' strategically miscalculated,,2026-10-09T08:15:00Z,original,,false,,https://www.sb.by/en/lukashenko-those-calling-cis-political-phantom-and-myth-strategically-miscalculated.html
gd-b8c9df176bc8,gdelt_gkg_v2,news,Man Arrested After Threatening Bank Employee in Bega,,2026-10-09T08:15:00Z,original,,false,,https://www.miragenews.com/man-arrested-after-threatening-bank-employee-in-1757709/
gd-b91ef4c66ed8,gdelt_gkg_v2,news,Oleksandr Usyk talks with Deontay Wilder 'dead' as new potential opponent emerges,,2026-10-09T08:15:00Z,original,,false,,https://boxingnewsonline.net/news/usyk-wilder-talks-off-with-new-potential/
gd-b9854a9a4f94,gdelt_gkg_v2,news,A Robotic Storage System Makes Room for Expanded Programs at HDR's New Main Branch Library in Omaha,,2026-10-09T08:15:00Z,original,,false,,https://www.architecturalrecord.com/articles/18433-a-robotic-storage-system-makes-room-for-expanded-programs-at-hdrs-new-main-branch-library-in-omaha
gd-bb13957bfae0,gdelt_gkg_v2,news,"Piero, Legendary Argentine Singer-Songwriter and Voice of ""Mi Viejo,"" Dies at 81",,2026-10-09T08:15:00Z,original,,false,,https://www.kfru.com/2026/10/09/piero-legendary-argentine-singer-songwriter-and-voice-of-mi-viejo-dies-at-81/
gd-bba337e9c5c0,gdelt_gkg_v2,news,Ethiopia's Parliament Unanimously Approves PM Abiy's Cabinet Nominees,,2026-10-09T08:15:00Z,original,,false,,https://allafrica.com/stories/202610090098.html
gd-bbc1f691b7e9,gdelt_gkg_v2,news,Rare opportunity to visit iconic Manx venues this weekend - Manx Newscast,,2026-10-09T08:15:00Z,original,,false,,https://www.manxradio.com/podcasts/manx-newscast1/episode/rare-opportunity-to-visit-iconic-manx-venues-this-weekend/
gd-bbe7dfa694af,gdelt_gkg_v2,news,"Govt should move beyond rhetoric, claims to improve education, healthcare: Mayawati",,2026-10-09T08:15:00Z,original,,false,,https://economictimes.indiatimes.com/news/elections/assembly-elections/uttar-pradesh/govt-should-move-beyond-rhetoric-claims-to-improve-education-healthcare-mayawati/articleshow/134820921.cms
gd-bc2e7da46d6b,gdelt_gkg_v2,news,Google Entertainment News - U93 :: Michiana's Number One Hit Music Station!,,2026-10-09T08:15:00Z,original,,false,,https://u93.com/google-entertainment-news/f8c7e11e4e6b892b0fbe4dcd102d8c8a
gd-bcdaec2305df,gdelt_gkg_v2,news,Airwheel Advances Smart Travel Through Award-Winning Rideable Ai Wheel 20inch Carry on boarding hand Luxury Cabin Suitcase,,2026-10-09T08:15:00Z,original,,false,,https://www.jcnnewswire.com/pressrelease/110710/3/Airwheel-Advances-Smart-Travel-Through-Award-Winning-Rideable-Ai-Wheel-20inch-Carry-on-boarding-hand
gd-bd27a87512b1,gdelt_gkg_v2,news,Business.Scoop » What Do You Say When Your Friend Isn't Okay? New Website Helps Young People Know How To Help,,2026-10-09T08:15:00Z,original,,false,,https://business.scoop.co.nz/2026/10/09/what-do-you-say-when-your-friend-isnt-okay-new-website-helps-young-people-know-how-to-help/
gd-bda2c63b3038,gdelt_gkg_v2,news,"Breakaway Bridge, Acheron To Be Built Back Better",,2026-10-09T08:15:00Z,original,,false,,https://www.miragenews.com/breakaway-bridge-acheron-to-be-built-back-better-1757729/
gd-bde83762ec90,gdelt_gkg_v2,news,"Two Former Moderna Cancer Vaccine Scientists Join Everest Medicines, Accelerating Global Development of Its mRNA Platform",,2026-10-09T08:15:00Z,original,,false,,"https://www.jcnnewswire.com/pressrelease/110713/2/Two-Former-Moderna-Cancer-Vaccine-Scientists-Join-Everest-Medicines,-Accelerating-Global-Development"
gd-be691f82c920,gdelt_gkg_v2,news,"Allied Gold Corporation (NYSE:AAUC) Receives Consensus Rating of ""Moderate Buy"" from Analysts",,2026-10-09T08:15:00Z,original,,false,,https://www.themarketsdaily.com/2026/10/09/allied-gold-corporation-nyseaauc-receives-consensus-rating-of-moderate-buy-from-analysts.html
gd-beb4a42fbb73,gdelt_gkg_v2,news,Farmers demand deer control as funding targets Melbourne's east | Stock & Land,,2026-10-09T08:15:00Z,original,,false,,https://www.stockandland.com.au/story/9365721/farmers-demand-deer-control-as-funding-targets-melbournes-east/
gd-beb5dcfa0750,gdelt_gkg_v2,news,Namibia Inflation Climbs to 5.4% as Fuel Costs Bite,,2026-10-09T08:15:00Z,original,,false,,https://www.riotimesonline.com/namibia-inflation-september-2026/
gd-bf29bf5b44e1,gdelt_gkg_v2,news,"Psychology says children who keep saying ""look at this"" may be seeking shared attention, not just praise from their parents |",,2026-10-09T08:15:00Z,original,,false,,https://timesofindia.indiatimes.com/life-style/parenting/moments/psychology-says-children-who-keep-saying-look-at-this-may-be-seeking-shared-attention-not-just-praise-from-their-parents/articleshow/134820821.cms
gd-c079b1dff67a,gdelt_gkg_v2,news,Post Stabilisation Notice | Company Announcement,,2026-10-09T08:15:00Z,original,,false,,https://www.investegate.co.uk/announcement/rns/hsbc-bank-plc--48cf/post-stabilisation-notice/9815352
gd-c1a8eef4378b,gdelt_gkg_v2,news,Prince Albert and Princess Caroline open major heritage exhibition in Monaco,,2026-10-09T08:15:00Z,original,,false,,https://monacolife.net/prince-albert-and-princess-caroline-open-major-heritage-exhibition-in-monaco/
gd-c1acec694175,gdelt_gkg_v2,news,Together Housing & Vico Homes Business Combination | Company Announcement,,2026-10-09T08:15:00Z,original,,false,,https://www.investegate.co.uk/announcement/rns/together-housing-finance-plc--17gz/together-housing-vico-homes-business-combination/9815562
gd-c298c4f984b8,gdelt_gkg_v2,news,UK's Labour wins a London special election that puts Green Party leader under pressure – Winnipeg Free Press,,2026-10-09T08:15:00Z,original,,false,,https://www.winnipegfreepress.com/world/2026/10/09/uks-labour-wins-a-london-special-election-that-puts-green-party-leader-under-pressure
gd-c341790b7150,gdelt_gkg_v2,news,Zack Polanski faces greatest crisis of his leadership so far,,2026-10-09T08:15:00Z,original,,false,,https://www.bbc.com/news/articles/cm70p821d6w4o
gd-c3cfd1f2540b,gdelt_gkg_v2,news,'The gap was not the awareness': The company phishing trainings you loathe aren't enough for attacks,,2026-10-09T08:15:00Z,original,,false,,https://fortune.com/2026/10/09/mfa-optional-phishing-attacks-company-trainings/
gd-c4811407f789,gdelt_gkg_v2,news,Moomoo Malaysia Names Datuk Nicol David Brand Ambassador at MooFest 2026,,2026-10-09T08:15:00Z,original,,false,,https://www.manilatimes.net/2026/10/09/tmt-newswire/pr-newswire/moomoo-malaysia-names-datuk-nicol-david-brand-ambassador-at-moofest-2026/2442447
gd-c5ec9e9c42d2,gdelt_gkg_v2,news,Fuel storage facility poses safety issue,,2026-10-09T08:15:00Z,original,,false,,https://www.thenational.com.pg/fuel-storage-facility-poses-safety-issue/
gd-c623d82a59c2,gdelt_gkg_v2,news,Update on Ajax's investment in Reveille Resources | Company Announcement,,2026-10-09T08:15:00Z,original,,false,,https://www.investegate.co.uk/announcement/rns/ajax-resources--ajax/update-on-ajax-s-investment-in-reveille-resources/9814556
gd-c65d6b98e345,gdelt_gkg_v2,news,Engineering project award at Sizewell C   | Company Announcement,,2026-10-09T08:15:00Z,original,,false,,https://www.investegate.co.uk/announcement/rns/hargreaves-services--hsp/engineering-project-award-at-sizewell-c-/9814563
gd-c734f5e6fc88,gdelt_gkg_v2,news,NNPC filling stations to sell petrol at landing cost to cushion global oil price shocks — Presidency,,2026-10-09T08:15:00Z,original,,false,,https://www.premiumtimesng.com/business/business-news/915597-nnpc-filling-stations-to-sell-petrol-at-landing-cost-to-cushion-global-oil-price-shocks-presidency.html
gd-c758c7f574cb,gdelt_gkg_v2,news,Argentina's YPF Agrees US$430 Million YPF Luz Buyout,,2026-10-09T08:15:00Z,original,,false,,https://www.riotimesonline.com/argentina-ypf-luz-buyout-430-million-2026/
gd-c7714af2cbcb,gdelt_gkg_v2,news,Meet Harold Booker Jr. COO of The Baltimore Times | Building on a Legacy While Helping To 'Layout' The Future,,2026-10-09T08:15:00Z,original,,false,,https://baltimoretimes-online.com/detail/meet-harold-booker-jr-coo-of-the-baltimore-times-building-on-a-legacy-while-helping-to-layout-the-future-5691
gd-c7ac6f377256,gdelt_gkg_v2,news,Nigeria's minimum wage debate misses the real problem,,2026-10-09T08:15:00Z,original,,false,,https://punchng.com/scratch-the-itch-leave-the-leprosy/
gd-c7d63894d42b,gdelt_gkg_v2,news,"OSCE, Kyrgyz Border Service Discuss Further Cooperation",,2026-10-09T08:15:00Z,original,,false,,https://www.miragenews.com/osce-kyrgyz-border-service-discuss-further-1757712/
gd-c852e6c29987,gdelt_gkg_v2,news,'I'm just speechless': Parents blindsided by Cardinal Stritch High School's closure announcement,,2026-10-09T08:15:00Z,original,,false,,https://www.13abc.com/2026/10/09/im-just-speechless-parents-blindsided-by-cardinal-stritch-high-schools-closure-announcement/
gd-c8d024aaf391,gdelt_gkg_v2,news,7 Lifesaving Furniture Safety Tips,,2026-10-09T08:15:00Z,original,,false,,https://www.insightnews.com/online_features/green_living/7-lifesaving-furniture-safety-tips/article_adee6927-836f-5e4b-b0e0-4a40bbe0d78e.html
gd-c96f5c15c232,gdelt_gkg_v2,news,Bangkok Post - Huawei Thailand wins two HR Asia awards,,2026-10-09T08:15:00Z,original,,false,,https://www.bangkokpost.com/thailand/pr/3334195/huawei-thailand-wins-two-hr-asia-awards
gd-c9d289f7c17f,gdelt_gkg_v2,news,'40 cops in civil dress': CJP alleges Deepak Baliyan placed under house arrest ahead of protest | Jaipur News,,2026-10-09T08:15:00Z,original,,false,,https://timesofindia.indiatimes.com/city/jaipur/40-cops-in-civil-dress-cjp-alleges-deepak-baliyan-placed-under-house-arrest-ahead-of-protest/articleshow/134817887.cms
gd-c9e5ee532fd5,gdelt_gkg_v2,news,"At Vatican bishops meeting, cardinal shares how phones are changing family life",,2026-10-09T08:15:00Z,original,,false,,https://www.ucanews.com/news/at-vatican-bishops-meeting-cardinal-shares-how-phones-are-changing-family-life/115706
gd-ca3cfc92082b,gdelt_gkg_v2,news,Man arrested over murder of ex-girlfriend in Okinawa,,2026-10-09T08:15:00Z,original,,false,,https://japantoday.com/category/crime/man-arrested-over-murder-of-ex-girlfriend-in-okinawa
gd-ca454fa92941,gdelt_gkg_v2,news,"OpenAI, the Partition Principle, and mathematics",,2026-10-09T08:15:00Z,original,,false,,https://karagila.org/2026/openai-pp/
gd-cbec3bcf79eb,gdelt_gkg_v2,news,"GitHub - microsoft/mxc: Policy-driven, layered isolation and containment",,2026-10-09T08:15:00Z,original,,false,,https://github.com/microsoft/mxc
gd-cc0d40aaf52a,gdelt_gkg_v2,news,Bangkok Post - Bar Leone in Hong Kong is the world's best bar,,2026-10-09T08:15:00Z,original,,false,,https://www.bangkokpost.com/life/social-and-lifestyle/3333499/bar-leone-in-hong-kong-is-the-worlds-best-bar
gd-ccb9b6adb6d1,gdelt_gkg_v2,news,Airtel Money announcement of final offer details | Company Announcement,,2026-10-09T08:15:00Z,original,,false,,https://www.investegate.co.uk/announcement/rns/airtel-africa--aaf/airtel-money-announcement-of-final-offer-details/9814796
gd-cd26d834d78d,gdelt_gkg_v2,news,Nigeria: Femi Adebayo Reacts to N40bn Valuation Claims On New Film Hub,,2026-10-09T08:15:00Z,original,,false,,https://allafrica.com/stories/202610090151.html
gd-cd630f8f0817,gdelt_gkg_v2,news,Hearing tests shed light on marine mammals' exposure to human-made noise-Xinhua,,2026-10-09T08:15:00Z,original,,false,,https://english.news.cn/20261009/88b9fd17f4764adda04db757fd537e50/c.html
gd-cda6f1028d79,gdelt_gkg_v2,news,'PERM distinct from H-1B visa': MEA on US move to suspend certain firms from green card programme,,2026-10-09T08:15:00Z,original,,false,,https://timesofindia.indiatimes.com/india/perm-distinct-from-h-1b-visa-mea-on-us-move-to-suspend-certain-firms-from-green-card-programme/articleshow/134822260.cms
gd-cdb984d15045,gdelt_gkg_v2,news,Oasis Is Back. When Did Live Music Become a Luxury?,,2026-10-09T08:15:00Z,original,,false,,https://www.shoutoutuk.org/2026/10/09/oasis-is-back-when-did-live-music-become-a-luxury/
gd-ce026e07437b,gdelt_gkg_v2,news,Carlsberg to close historic Marston's Brewery in Burton upon Trent with 310 jobs at risk,,2026-10-09T08:15:00Z,original,,false,,https://www.derbytelegraph.co.uk/news/local-news/carlsberg-close-historic-marstons-brewery-11190623
gd-ce65bc14150b,gdelt_gkg_v2,news,Kenya Diaspora Remittances Slip as US Money Drops 12.4%,,2026-10-09T08:15:00Z,original,,false,,https://www.riotimesonline.com/kenya-diaspora-remittances-2026/
gd-cf35d3fce70e,gdelt_gkg_v2,news,Change of Nominated Adviser | Company Announcement,,2026-10-09T08:15:00Z,original,,false,,https://www.investegate.co.uk/announcement/rns/theracryf-plc--tcf/change-of-nominated-adviser/9814557
gd-d06f8c663e84,gdelt_gkg_v2,news,Atiku speaks on Tinubu's 30-day fuel discount,,2026-10-09T08:15:00Z,original,,false,,https://www.premiumtimesng.com/news/top-news/915586-atiku-speaks-on-tinubus-30-day-fuel-discount.html
gd-d084410c269a,gdelt_gkg_v2,news,"The Flash Star Grant Gustin Would ""Love"" To Play Barry Allen Again — But Could It Happen In The DCU?",,2026-10-09T08:15:00Z,original,,false,,https://comicbookmovie.com/the-flash/the-flash-star-grant-gustin-would-love-to-play-barry-allen-again-but-could-it-happen-in-the-dcu-a230323
gd-d1889e24c6de,gdelt_gkg_v2,news,Mercedes-Benz GLC EV gets 650+ pre-launch bookings in 36 hours: Details,,2026-10-09T08:15:00Z,original,,false,,https://timesofindia.indiatimes.com/auto/cars/mercedes-benz-glc-ev-gets-650-pre-launch-bookings-in-36-hours-details/articleshow/134819965.cms
gd-d1c81d1ba1b8,gdelt_gkg_v2,news,It Starts With How We Think,,2026-10-09T08:15:00Z,original,,false,,https://www.theglobalrecruiter.com/it-starts-with-how-we-think/
gd-d1dd7d8160bc,gdelt_gkg_v2,news,Conversion of Lichfied city centre offices into four-bedroom apartment is approved,,2026-10-09T08:15:00Z,original,,false,,https://lichfieldlive.co.uk/conversion-of-lichfied-city-centre-offices-into-four-bedroom-apartment-is-approved/
gd-d1f2b427cbfe,gdelt_gkg_v2,news,El Salvador Chivo Wallet Sale Brings Free US Remittances,,2026-10-09T08:15:00Z,original,,false,,https://www.riotimesonline.com/el-salvador-chivo-wallet-sale-free-remittances-2026/
gd-d34b9c32b073,gdelt_gkg_v2,news,Veteran Ghanaian Journalist Umaru Sanda Amadu Embarks on a New Career Path – Ghanamma.com,,2026-10-09T08:15:00Z,original,,false,,https://www.ghanamma.com/2026/10/09/veteran-ghanaian-journalist-umaru-sanda-amadu-embarks-on-a-new-career-path-5/
gd-d3bca9d4ad8c,gdelt_gkg_v2,news,Financial Review: Triller Group (NASDAQ:ILLR) and DLocal (NASDAQ:DLO),,2026-10-09T08:15:00Z,original,,false,,https://www.themarketsdaily.com/2026/10/09/financial-review-triller-group-nasdaqillr-and-dlocal-nasdaqdlo.html
gd-d4333edc30dd,gdelt_gkg_v2,news,"'Shivkumar's Telangana business interests influence water release,' says BJP",,2026-10-09T08:15:00Z,original,,false,,https://www.siasat.com/shivkumars-telangana-business-interests-influence-water-release-says-bjp-3554639/
gd-d47563dfe16d,gdelt_gkg_v2,news,Donegal GP warns over pressure in post mortem services,,2026-10-09T08:15:00Z,original,,false,,https://www.oceanfm.ie/news/donegal-gp-warns-over-pressure-in-post-mortem-services-1486902
gd-d48f0b126f72,gdelt_gkg_v2,news,Peru Gasoline Prices Up 40% in a Year as Brent Hits US$105,,2026-10-09T08:15:00Z,original,,false,,https://www.riotimesonline.com/peru-gasoline-prices-jump-oil-brent-2026/
gd-d62384117c32,gdelt_gkg_v2,news,Director/PDMR Shareholding | Company Announcement,,2026-10-09T08:15:00Z,original,,false,,https://www.investegate.co.uk/announcement/rns/ig-design-group--igr/director-pdmr-shareholding/9814533
gd-d643e3ad0a5f,gdelt_gkg_v2,news,"Nation's true strength is when you possess missiles, also maintain propriety: Rajnath Singh",,2026-10-09T08:15:00Z,original,,false,,https://www.orissapost.com/nations-true-strength-is-when-you-possess-missiles-also-maintain-propriety-rajnath-singh/
gd-d697b5916fb0,gdelt_gkg_v2,news,Notice of Full Year Results | Company Announcement,,2026-10-09T08:15:00Z,original,,false,,https://www.investegate.co.uk/announcement/rns/smiths-news--snws/notice-of-full-year-results/9815504
gd-d6ad42a758b0,gdelt_gkg_v2,news,Charlie Puth Steps In as Elementary School Substitute to Write an Original Song,,2026-10-09T08:15:00Z,original,,false,,https://www.kfru.com/2026/10/09/charlie-puth-steps-in-as-elementary-school-substitute-to-write-an-original-song/
gd-d6b01bdf8c65,gdelt_gkg_v2,news,"Xiaomi Unveils REDMI Note 17 Series, Built for Years with REDMI Titan Quality",,2026-10-09T08:15:00Z,original,,false,,https://mg.co.za/partner-content/2026-10-09-xiaomi-unveils-redmi-note-17-series-built-for-years-with-redmi-titan-quality/
gd-d6d7b23f6273,gdelt_gkg_v2,news,"TCS Share Price Jumps 5.46% After Q2 FY27 Results; Net Profit Rises 4% QoQ to ₹13,884 Crore",,2026-10-09T08:15:00Z,original,,false,,https://www.indiainfoline.com/news/companies/tcs-share-price-jumps-5-46-after-q2-fy27-results-net-profit-rises-4-qoq-to-13884-crore
gd-d7e9e8843fb4,gdelt_gkg_v2,news,Bangkok Post - Natthaphong says government's flood response has failed,,2026-10-09T08:15:00Z,original,,false,,https://www.bangkokpost.com/thailand/politics/3332974/natthaphong-says-governments-flood-response-has-failed
gd-d7f326b37b49,gdelt_gkg_v2,news,People asked to give views on budget priorities for services delivered by Lichfield District Council,,2026-10-09T08:15:00Z,original,,false,,https://lichfieldlive.co.uk/people-asked-for-views-on-lichfield-district-council-budget-priorities/
gd-d854fa197582,gdelt_gkg_v2,news,Building a Property Portfolio: A Beginner's Guide,,2026-10-09T08:15:00Z,original,,false,,https://www.yourinvestmentpropertymag.com.au/investment-guides/how-to-build-a-property-portfolio
gd-d88a4da0f4d9,gdelt_gkg_v2,news,"Nigeria: Lagos Records 1,324 Fire, Building-Collapse, Other Emergency Incidents in Nine Months",,2026-10-09T08:15:00Z,original,,false,,https://allafrica.com/stories/202610090176.html
gd-d9567e39bcd6,gdelt_gkg_v2,news,"2027: INEC opens Ogun voters' register, PVC collection",,2026-10-09T08:15:00Z,original,,false,,https://thenationonlineng.net/2027-inec-opens-ogun-voters-register-pvc-collection/
gd-dab3948fc3c1,gdelt_gkg_v2,news,"More than 65,000 Canberrans waiting for a medical specialist appointment",,2026-10-09T08:15:00Z,original,,false,,https://www.abc.net.au/news/2026-10-09/act-one-in-ten-waiting-see-specialist-public-health-system/107249546
gd-dd4d5d7c0840,gdelt_gkg_v2,news,It has been 75 years of service and hope,,2026-10-09T08:15:00Z,original,,false,,https://www.thenational.com.pg/it-has-been75-years-of-service-and-hope/
gd-de04f4ee821f,gdelt_gkg_v2,news,Black Political Power is on the Ballot for Baltimore County in November,,2026-10-09T08:15:00Z,original,,false,,https://baltimoretimes-online.com/detail/black-political-power-is-on-the-ballot-for-baltimore-county-in-november-5683
gd-de57e738fb1f,gdelt_gkg_v2,news,Cardiologist reveals 'best' habit to reduce stress in 10 minutes – NBC 7 San Diego,,2026-10-09T08:15:00Z,original,,false,,https://www.nbcsandiego.com/news/health/best-anti-stress-habit-cardiologist-calm-mind-body/4084847/
gd-de651c910e32,gdelt_gkg_v2,news,Today in Switzerland: A roundup of the latest news on Friday,,2026-10-09T08:15:00Z,original,,false,,https://www.thelocal.ch/20261009/today-in-switzerland-a-roundup-of-the-latest-news-on-friday-263
gd-de9344ed2290,gdelt_gkg_v2,news,Residents worried Gardner Lake could change from public to private use,,2026-10-09T08:15:00Z,original,,false,,https://www.kshb.com/news/local-news/residents-worried-gardner-lake-could-change-from-public-to-private-use
gd-ded0dd9a6a09,gdelt_gkg_v2,news,Husband Has To Work Full Time And Take Care Of Home Because Unemployed Wife Is Stressed,,2026-10-09T08:15:00Z,original,,false,,https://www.boredpanda.com/unemployed-wife-refuses-chores-confused-husband/
gd-e05eb1e22370,gdelt_gkg_v2,news,Hyderabad CP warns against birthday parties at Tank Bund,,2026-10-09T08:15:00Z,original,,false,,https://www.siasat.com/hyderabad-cp-warns-against-birthday-parties-at-tank-bund-3554629/
gd-e176fcb480de,gdelt_gkg_v2,news,US shuts door on Indian tech talent. Will Australia open one?,,2026-10-09T08:15:00Z,original,,false,,https://www.indianlink.com.au/us-shuts-door-on-indian-tech-talent-will-australia-open-one/
gd-e178b86b8c6c,gdelt_gkg_v2,news,Crunchyroll Manga comes to India bringing 250+ titles,,2026-10-09T08:15:00Z,original,,false,,https://www.thehindu.com/entertainment/movies/crunchyroll-manga-comes-to-india-bringing-250-titles/article71563077.ece
gd-e1b1c3bd060b,gdelt_gkg_v2,news,"Things to know about light, lenses lenses",,2026-10-09T08:15:00Z,original,,false,,https://www.thenational.com.pg/things-to-know-about-light-lenses-lenses/
gd-e2f9af4fc4ab,gdelt_gkg_v2,news,EY global revenue hits $57bn as AI demand fuels Big Four giant's growth,,2026-10-09T08:15:00Z,original,,false,,https://www.cityam.com/ey-global-revenues-hit-57bn-as-ai-demand-fuels-big-four-giants-growth/
gd-e41018c917ea,gdelt_gkg_v2,news,"Sunrise Energy Metals Falls 11 Percent to A$17.15, Extending a Slide Since Its U.S. Listing Plan",,2026-10-09T08:15:00Z,original,,false,,https://www.ibtimes.com.au/sunrise-energy-metals-shares-fall-nasdaq-move-1876483
gd-e46a01d57097,gdelt_gkg_v2,news,Discovering Kazakhstan's wild heart,,2026-10-09T08:15:00Z,original,,false,,https://www.indianlink.com.au/discovering-kazakhstans-wild-heart/
gd-e4c07dddb390,gdelt_gkg_v2,news,HMRC confirms £760 penalties for households with thousands affected,,2026-10-09T08:15:00Z,original,,false,,https://www.derbytelegraph.co.uk/news/uk-world-news/hmrc-confirms-760-penalties-households-11190708
gd-e5313399348c,gdelt_gkg_v2,news,Ghanaians Can Travel to These Three Countries Without Visa – Okudzeto Ablakwa – Ghanamma.com,,2026-10-09T08:15:00Z,original,,false,,https://www.ghanamma.com/2026/10/09/ghanaians-can-travel-to-these-three-countries-without-visa-okudzeto-ablakwa-66/
gd-e546255fbfe3,gdelt_gkg_v2,news,"PrymaLab publishes a safety data sheet for every research compound it supplies: 189 sheets across 97 compounds, 33 carrying a GHS hazard classification",,2026-10-09T08:15:00Z,original,,false,,https://www.manilatimes.net/2026/10/09/tmt-newswire/plentisoft/prymalab-publishes-a-safety-data-sheet-for-every-research-compound-it-supplies-189-sheets-across-97-compounds-33-carrying-a-ghs-hazard-classification/2442453
gd-e5d4315a080b,gdelt_gkg_v2,news,"Burglars break into home in Paxford, North Cotswolds",,2026-10-09T08:15:00Z,original,,false,,https://www.cotswoldjournal.co.uk/news/26613963.burglars-break-home-paxford-north-cotswolds/
gd-e5edcd8cb2fd,gdelt_gkg_v2,news,Les réassureurs d'Afrique subsaharienne continuent d'afficher de solides performances - Maurice Info - Partager et informer en toute intégralité,,2026-10-09T08:15:00Z,original,,false,,https://maurice-info.mu/2026/10/09/les-reassureurs-dafrique-subsaharienne-continuent-dafficher-de-solides-performances.html
gd-e5ee9ee55c24,gdelt_gkg_v2,news,"TCS, Infosys, Wipro, HCL Tech Rally Up to 5% Despite US Green Card Restrictions: Know Why",,2026-10-09T08:15:00Z,original,,false,,https://www.indiainfoline.com/news/companies/tcs-infosys-wipro-hcl-tech-rally-up-to-5-despite-us-green-card-restrictions-know-why
gd-e8d46c496a9e,gdelt_gkg_v2,news,Drivers warned heavy keyrings can cause irreversible damage | Richmond and Twickenham Times,,2026-10-09T08:15:00Z,original,,false,,https://www.richmondandtwickenhamtimes.co.uk/news/national/uk-today/26621037.drivers-warned-heavy-keyrings-can-cause-irreversible-damage/
gd-e8f589a7b569,gdelt_gkg_v2,news,"Bolivia on Trafficking Watch List Again, Faces Tier 3 Risk",,2026-10-09T08:15:00Z,original,,false,,https://www.riotimesonline.com/bolivia-us-trafficking-watch-list-second-year-2026/
gd-e8f646a3d31b,gdelt_gkg_v2,news,Meet the University Professor Who Trained Five Current Ministers – Ghanamma.com,,2026-10-09T08:15:00Z,original,,false,,https://www.ghanamma.com/2026/10/09/meet-the-university-professor-who-trained-five-current-ministers-8/
gd-e937593ab2c4,gdelt_gkg_v2,news,Nigeria: Viral List of Fake Products Did Not Come From Us - NAFDAC,,2026-10-09T08:15:00Z,original,,false,,https://allafrica.com/stories/202610090162.html
gd-e98276435488,gdelt_gkg_v2,news,Event Calendar - MSC News,,2026-10-09T08:15:00Z,original,,false,,https://mscnews.net/events/event-calendar/20261013/details/
gd-ea00ac3db659,gdelt_gkg_v2,news,OC Opening Health Department Building,,2026-10-09T08:15:00Z,original,,false,,https://kogt.com/oc-opening-health-department-building/
gd-eaf8026c3b31,gdelt_gkg_v2,news,Is the XPeng G6 a smarter buy than a German SUV?,,2026-10-09T08:15:00Z,original,,false,,https://www.cityam.com/is-the-xpeng-g6-a-smarter-buy-than-a-german-suv/
gd-eafbc7a69476,gdelt_gkg_v2,news,Bangkok Post - Sacked Thai Airways CEO denies allegations over wine procurement,,2026-10-09T08:15:00Z,original,,false,,https://www.bangkokpost.com/thailand/general/3331143/sacked-thai-airways-ceo-denies-allegations-over-wine-procurement
gd-eb513fc89bdb,gdelt_gkg_v2,news,Civilians Under Fire as Houthi Forces Intensify Siege and Attacks on Taiz,,2026-10-09T08:15:00Z,original,,false,,https://www.khabaragency.net/news254044.html
gd-eb9dd9794d06,gdelt_gkg_v2,news,M5 closure between junctions 11 and 12 this weekend,,2026-10-09T08:15:00Z,original,,false,,https://www.herefordtimes.com/news/26614101.m5-closure-junctions-11-12-weekend/
gd-ebb1c161dff0,gdelt_gkg_v2,news,Venezuela Eyes 44 More Oil Deals and US$12 Billion,,2026-10-09T08:15:00Z,original,,false,,https://www.riotimesonline.com/venezuela-oil-deals-44-talks-12-billion-2026/
gd-ebf8cd6fb6af,gdelt_gkg_v2,news,"Franklin shooting leaves 1 hospitalized, no arrests made",,2026-10-09T08:15:00Z,original,,false,,https://www.acadiananewsfirst.com/2026/10/09/franklin-shooting-leaves-1-hospitalized-no-arrests-made/
gd-ec7c32668401,gdelt_gkg_v2,news,Chief minister candidates debate their plans for the Island,,2026-10-09T08:15:00Z,original,,false,,https://www.manxradio.com/news/isle-of-man-news/chief-minister-candidates-debate-their-plans-for-the-island/
gd-ecbaaedb9a15,gdelt_gkg_v2,news,No. of Chinese boats fishing illegally near NLL more than double despite crackdown,,2026-10-09T08:15:00Z,original,,false,,https://www.koreatimes.co.kr/southkorea/defense/20261009/no-of-chinese-boats-fishing-illegally-near-nll-more-than-double-despite-crackdown
gd-ecf5453b4cc0,gdelt_gkg_v2,news,Nigeria: Outrage Over Video Showing FRSC Officers Allegedly Beating Motorist in Nasarawa,,2026-10-09T08:15:00Z,original,,false,,https://allafrica.com/stories/202610090174.html
gd-ed0605b1cc0f,gdelt_gkg_v2,news,"Officials move on, reveal plans at SUNY Fredonia",,2026-10-09T08:15:00Z,original,,false,,https://www.observertoday.com/news/top-stories/2026/10/officials-move-on-reveal-plans-at-suny-fredonia/
gd-ed3920f60e53,gdelt_gkg_v2,news,Busy Derby road closed for hours by police after crash,,2026-10-09T08:15:00Z,original,,false,,https://www.derbytelegraph.co.uk/news/derby-news/live-a61-closed-collision-police-11190624
gd-ed681496fb08,gdelt_gkg_v2,news,Supporting Sustainable Waste Depot Operations,,2026-10-09T08:15:00Z,original,,false,,https://www.miragenews.com/supporting-sustainable-waste-depot-operations-1757717/
gd-ed7e81f776a6,gdelt_gkg_v2,news,Green Party councillors to host advice surgery in Lichfield,,2026-10-09T08:15:00Z,original,,false,,https://lichfieldlive.co.uk/green-party-councillors-to-host-advice-surgery-in-lichfield-2/
gd-ed8199599a3d,gdelt_gkg_v2,news,Nigerian Newspapers: 10 things you need to know Friday morning,,2026-10-09T08:15:00Z,original,,false,,https://dailypost.ng/2026/10/09/nigerian-newspapers-10-things-you-need-to-know-friday-morning-149/
gd-ee43d1d5693f,gdelt_gkg_v2,news,UK drinks firm to close after 6 years as it enters liquidation | Richmond and Twickenham Times,,2026-10-09T08:15:00Z,original,,false,,https://www.richmondandtwickenhamtimes.co.uk/news/national/uk-today/26621062.uk-drinks-firm-close-6-years-enters-liquidation/
gd-ef47d8c5e026,gdelt_gkg_v2,news,Co-Design Partnerships  | Company Announcement,,2026-10-09T08:15:00Z,original,,false,,https://www.investegate.co.uk/announcement/rns/vault-ventures-plc--vult/co-design-partnerships-/9814574
gd-ef51d2070166,gdelt_gkg_v2,news,This underrated island is Southeast Asia's most romantic beach escape,,2026-10-09T08:15:00Z,original,,false,,https://www.aol.co.uk/articles/why-swap-thai-islands-underrated-060931000.html
gd-f01ec40b72a3,gdelt_gkg_v2,news,Zack Polanski says he wouldn't have voted for Green's Zionism motion,,2026-10-09T08:15:00Z,original,,false,,https://www.thenational.scot/news/26621153.zack-polanski-says-wouldnt-voted-greens-zionism-motion/
gd-f0860b0bc766,gdelt_gkg_v2,news,FTSE 100 Live: Stocks rally as oil dips after Trump's war pledge,,2026-10-09T08:15:00Z,original,,false,,https://www.cityam.com/ftse-100-live-stocks-to-rise-as-oil-falls-back-after-trumps-iran-war-pledge/
gd-f09847c444c4,gdelt_gkg_v2,news,ADC vows to publish independently collated 2027 election results,,2026-10-09T08:15:00Z,original,,false,,https://www.premiumtimesng.com/news/top-news/915600-adc-vows-to-publish-independently-collated-2027-election-results.html
gd-f11e051d002f,gdelt_gkg_v2,news,Romania: Freight Carrier Trans SESE Revenue Up 25.5% In 2025,,2026-10-09T08:15:00Z,original,,false,,https://www.romaniapress.com/news=197040
gd-f1502770919d,gdelt_gkg_v2,news,Body is found in search for missing 'family friend' of Marcus Rashford two months after he vanished in Colombia,,2026-10-09T08:15:00Z,original,,false,,https://www.dailymail.com/news/article-16195419/Body-vanished-Colombia-friend-Marcus-Rashford.html
gd-f1b4dec57a36,gdelt_gkg_v2,news,What to Know Following Motor Vehicle Accident in Upstate SC,,2026-10-09T08:15:00Z,original,,false,,https://www.foxcarolina.com/sponsored/sturkie-injury-law/what-know-following-motor-vehicle-accident-upstate-sc-2/
gd-f1e94163712d,gdelt_gkg_v2,news,Japanese Magsaysay laureates continue serving across Asia,,2026-10-09T08:15:00Z,original,,false,,https://www.ucanews.com/news/japanese-magsaysay-laureates-continue-serving-across-asia/115694
gd-f24d73c79919,gdelt_gkg_v2,news,OPD - Form 8 - Tribal Group PLC | Company Announcement,,2026-10-09T08:15:00Z,original,,false,,https://www.investegate.co.uk/announcement/rns/tribal-group--trb/opd-form-8-tribal-group-plc/9815561
gd-f26ae0ff695d,gdelt_gkg_v2,news,Retailers suffer 'sharp decline' in footfall,,2026-10-09T08:15:00Z,original,,false,,https://www.cityam.com/retailers-suffer-sharp-decline-in-footfall/
gd-f2740505f9be,gdelt_gkg_v2,news,India's startup boom masks a growing wellbeing crisis: Study,,2026-10-09T08:15:00Z,original,,false,,https://timesofindia.indiatimes.com/technology/tech-news/indias-startup-boom-masks-a-growing-wellbeing-crisis-study/articleshow/134819532.cms
gd-f2908d70527e,gdelt_gkg_v2,news,Anthropic launches free AI-powered security scanner for open-source software projects,,2026-10-09T08:15:00Z,original,,false,,https://timesofindia.indiatimes.com/technology/tech-news/anthropic-launches-free-ai-powered-security-scanner-for-open-source-software-projects/articleshow/134820465.cms
gd-f37c5f63588c,gdelt_gkg_v2,news,Financial Comparison: Allbirds (NASDAQ:BIRD) vs. Urgent.ly (OTCMKTS:ULYX),,2026-10-09T08:15:00Z,original,,false,,https://www.themarketsdaily.com/2026/10/09/financial-comparison-allbirds-nasdaqbird-vs-urgent-ly-otcmktsulyx.html
gd-f430a73c5cf3,gdelt_gkg_v2,news,Romania: Romania's central bank keeps policy rate at 6.5% and signals (…),,2026-10-09T08:15:00Z,original,,false,,https://www.romaniapress.com/news=197041
gd-f433d8768980,gdelt_gkg_v2,news,"""Decision will taken through rules"": BJP's Ram Madhav slams Rahul Gandhi over Starlink stand",,2026-10-09T08:15:00Z,original,,false,,http://www.calcuttanews.net/news/279361231/decision-will-taken-through-rules-bjp-ram-madhav-slams-rahul-gandhi-over-starlink-stand
gd-f51b7217525a,gdelt_gkg_v2,news,Stabbing Borough Green- Man arrested in London after major police hunt,,2026-10-09T08:15:00Z,original,,false,,https://www.london-now.co.uk/news/26621085.stabbing-borough-green--man-arrested-london-major-police-hunt/
gd-f55689244600,gdelt_gkg_v2,news,Citizens Financial Group (NYSE:CFG) Upgraded at Raymond James Financial,,2026-10-09T08:15:00Z,original,,false,,https://www.themarketsdaily.com/2026/10/09/citizens-financial-group-nysecfg-upgraded-at-raymond-james-financial.html
gd-f5ec7fba34d6,gdelt_gkg_v2,news,Why Jailing Bolsonaro's Brother Now Stinks,,2026-10-09T08:15:00Z,original,,false,,https://www.riotimesonline.com/eduardo-bolsonaro-moraes-judge-own-case-runoff-opinion-2026/
gd-f615f47f98f2,gdelt_gkg_v2,news,Food Safety Rules to Focus More on Risk,,2026-10-09T08:15:00Z,original,,false,,https://www.miragenews.com/food-safety-rules-to-focus-more-on-risk-1757706/
gd-f61a9a8fb9cd,gdelt_gkg_v2,news,What Happens When You Strap A Camera To A Power Drill?,,2026-10-09T08:15:00Z,original,,false,,https://www.broadsheet.ie/2012/03/02/what-happens-when-you-strap-a-camera-to-a-power-drill/
gd-f64e0ca9d7f6,gdelt_gkg_v2,news,Government must be clear on what happens after end of fuel subsidy,,2026-10-09T08:15:00Z,original,,false,,https://www.thenational.com.pg/government-must-be-clear-on-what-happens-after-end-of-fuel-subsidy/
gd-f6b3bbde6c2d,gdelt_gkg_v2,news,"Finning International Inc. (TSE:FTT) Receives Consensus Rating of ""Buy"" from Brokerages",,2026-10-09T08:15:00Z,original,,false,,https://www.themarketsdaily.com/2026/10/09/finning-international-inc-tseftt-receives-consensus-rating-of-buy-from-brokerages.html
gd-f7251e94d55a,gdelt_gkg_v2,news,Discover New Possibilities Through an Adventure in Faith,,2026-10-09T08:15:00Z,original,,false,,https://baltimoretimes-online.com/detail/discover-new-possibilities-through-an-adventure-in-faith-5687
gd-f7381a98bd65,gdelt_gkg_v2,news,"Melbourne West Bus Advocates Welcome Greens' Fast, Frequent Grid Plan",,2026-10-09T08:15:00Z,original,,false,,https://www.miragenews.com/melbourne-west-bus-advocates-welcome-greens-1757705/
gd-f7c8922d68b7,gdelt_gkg_v2,news,Villeta Update - Response to Media Coverage | Company Announcement,,2026-10-09T08:15:00Z,original,,false,,https://www.investegate.co.uk/announcement/rns/atome-energy--atom/villeta-update-response-to-media-coverage/9814577
gd-f7e49f3d886c,gdelt_gkg_v2,news,UK Green Party leader loses by-election after party brands Zionism 'a form of racism',,2026-10-09T08:15:00Z,original,,false,,https://www.israelnationalnews.com/flashes/695036
gd-f8181a8c7351,gdelt_gkg_v2,news,Head-To-Head Comparison: Mesabi Trust (NYSE:MSB) vs. Fortuna Mining (NYSE:FSM),,2026-10-09T08:15:00Z,original,,false,,https://www.themarketsdaily.com/2026/10/09/head-to-head-comparison-mesabi-trust-nysemsb-vs-fortuna-mining-nysefsm.html
gd-f8260b799b58,gdelt_gkg_v2,news,JEDCO board votes to bring Chamber back to Welcome Center,,2026-10-09T08:15:00Z,original,,false,,https://www.kjas.com/news/local_news/article_cb0f991a-deda-4420-b24d-c30374609a27.html
gd-f91e8ec2223a,gdelt_gkg_v2,news,"West Bengal bypolls: Oppositionslams BJP as vote counting underway in Nandigram, Rejijinagar AC; alleges rigging, demands re-poll",,2026-10-09T08:15:00Z,original,,false,,http://www.calcuttanews.net/news/279361198/west-bengal-bypolls-oppositionslams-bjp-as-vote-counting-underway-in-nandigram-rejijinagar-ac-alleges-rigging-demands-re-poll
gd-f97f540ed14d,gdelt_gkg_v2,news,Prince Harry and Meghan Markle divided over Cotswolds work row,,2026-10-09T08:15:00Z,original,,false,,https://www.cotswoldjournal.co.uk/news/26620228.prince-harry-meghan-markle-divided-cotswolds-work-row/
gd-f9d07b488b14,gdelt_gkg_v2,news,Gwynne Shotwell's $300M Trump Accounts pledge shows tax-smart way to donate own company's stock,,2026-10-09T08:15:00Z,original,,false,,https://fortune.com/2026/10/09/gwynne-shotwell-300-million-spacex-pledge-to-trump-accounts-billionaire-tax-smart-new-way-to-give-away-their-own-company-stock/
gd-f9d8c233a8c4,gdelt_gkg_v2,news,गोल्डन वीक के जरिए दुनिया ने किस तरह का चीन देखा?,,2026-10-09T08:15:00Z,original,,false,,https://hindi.cri.cn/2026/10/09/ARTI1791532641947816
gd-f9fe56c36862,gdelt_gkg_v2,news,Trawalla property targets prime Coles lamb with crossbreds | Stock & Land,,2026-10-09T08:15:00Z,original,,false,,https://www.stockandland.com.au/story/9364909/trawalla-property-targets-prime-coles-lamb-with-crossbreds/
gd-fae64413f19a,gdelt_gkg_v2,news,"Lukashenko stated importance of preserving historical memory, working with youth",,2026-10-09T08:15:00Z,original,,false,,https://www.sb.by/en/lukashenko-stated-importance-of-preserving-historical-memory-working-with-youth-.html
gd-faf915bf6872,gdelt_gkg_v2,news,"Nigeria: OK Movement Makes U-Turn On Campaign Council, Blames APC for Crisis",,2026-10-09T08:15:00Z,original,,false,,https://allafrica.com/stories/202610090184.html
gd-fb219656e2ab,gdelt_gkg_v2,news,10 dead after prison riot in Mexico's Sinaloa state | Richmond and Twickenham Times,,2026-10-09T08:15:00Z,original,,false,,https://www.richmondandtwickenhamtimes.co.uk/news/national/26621124.10-dead-prison-riot-mexicos-sinaloa-state/
gd-fb869c4456bd,gdelt_gkg_v2,news,"Festive season, fragile scalp: What your hair really needs before the celebrations begin",,2026-10-09T08:15:00Z,original,,false,,https://timesofindia.indiatimes.com/life-style/beauty/festive-season-fragile-scalp-what-your-hair-really-needs-before-the-celebrations-begin/photostory/134820068.cms
gd-fc4986b97df6,gdelt_gkg_v2,news,FCA eyes 90-day redemption rule on illiquid funds to end mass withdrawals,,2026-10-09T08:15:00Z,original,,false,,https://www.cityam.com/fca-eyes-90-day-redemption-rule-on-illiquid-funds-to-end-mass-withdrawals/
gd-fd1dba1e7571,gdelt_gkg_v2,news,Shark barrier at Quinns Beach on track to return to the water,,2026-10-09T08:15:00Z,original,,false,,https://www.perthnow.com.au/wa/perth/north/shark-barrier-at-quinns-beach-on-track-to-return-to-the-water--c-22977747
gd-fd3a4012878f,gdelt_gkg_v2,news,"Hungary's 2026 drought is the country's most severe in 126 years, data shows",,2026-10-09T08:15:00Z,original,,false,,https://www.aol.co.uk/articles/hungarys-2026-drought-countrys-most-073315000.html
gd-fdd5a6f91fec,gdelt_gkg_v2,news,Former vice-chairman of Xinjiang regional government prosecuted on bribery counts,,2026-10-09T08:15:00Z,original,,false,,http://usa.chinadaily.com.cn/a/202610/09/WS6ac87a0fe4b06d4aa0561e53.html
gd-ff040db36648,gdelt_gkg_v2,news,Nigeria: Eight Soldiers Reported Dead As Troops Foil Terror Attack in Borno,,2026-10-09T08:15:00Z,original,,false,,https://allafrica.com/stories/202610090173.html
gd-ff98b75982bd,gdelt_gkg_v2,news,Panel begins probe of NAF plane crash,,2026-10-09T08:15:00Z,original,,false,,https://thenationonlineng.net/panel-begins-probe-of-naf-plane-crash/
gd-00373b751bd8,gdelt_gkg_v2,news,Jason Isaacs: 'No question' addiction would have killed me,,2026-10-09T08:30:00Z,original,,false,,http://www.femalefirst.co.uk/celebrity/jason-isaacs-question-addiction-killed-1451869.html
gd-003a56589e6c,gdelt_gkg_v2,news,Heather King: Jesus Christ and taking 'nothing for the journey',,2026-10-09T08:30:00Z,original,,false,,https://angelusnews.com/voices/christ-nothing-journey/
gd-0062cb4c6808,gdelt_gkg_v2,news,"Mahatma Gandhi: Gandhi's 'Ram Rajya' phrase could have put off Muslims, says Ramachandra Guha",,2026-10-09T08:30:00Z,original,,false,,https://economictimes.indiatimes.com/news/india/gandhis-ram-rajya-phrase-could-have-put-off-muslims-says-ramachandra-guha/articleshow/134822752.cms
gd-01d9e4473b36,gdelt_gkg_v2,news,Bauchi: Senator Shehu Buba pledges N230m for PRP campaign mobilisation,,2026-10-09T08:30:00Z,original,,false,,https://tribuneonlineng.com/bauchi-senator-shehu-buba-pledges-n230m-for-prp-campaign-mobilisation/
gd-0216a8ea915b,gdelt_gkg_v2,news,CSI Sud-Ouest reopens Toulouse PCB plant two years after arson attack,,2026-10-09T08:30:00Z,original,,false,,https://evertiq.com/news/2026-10-09-csi-sud-ouest-reopens-toulouse-pcb-plant-two-years-after-arson-attack
gd-025019503828,gdelt_gkg_v2,news,"Lithuania plans €4.8 billion for defence in 2027, substantial budget deficit",,2026-10-09T08:30:00Z,original,,false,,https://www.lrt.lt/en/news-in-english/19/3076225/lithuania-plans-eur4-8-billion-for-defence-in-2027-substantial-budget-deficit
gd-02c4b82d3848,gdelt_gkg_v2,news,Nitin Nabin highlights UP's infrastructure & defence growth,,2026-10-09T08:30:00Z,original,,false,,https://organiser.org/2026/10/09/385449/bharat/from-expressways-to-brahmos-missiles-nitin-nabin-highlights-uttar-pradeshs-transformation-and-opportunities-for-youth/
gd-0335db316f00,gdelt_gkg_v2,news,Framed Pbn CaptainCafts Paint By Numbes Kit Fo Adults Flowes Paint Portrait Painting Kit For Couples,,2026-10-09T08:30:00Z,original,,false,,https://roarmag.org/By-Numbes-Kit-Fo-Adults-Flowes-Paint-b-501408
gd-0360df0855f3,gdelt_gkg_v2,news,British High Commission Sidesteps Question on LTTE Flag Display at London Protest,,2026-10-09T08:30:00Z,original,,false,,https://www.lankanewspapers.com/2026/10/09/british-high-commission-sidesteps-question-on-ltte-flag-display-at-london-protest
gd-03e31f6ae2b9,gdelt_gkg_v2,news,Feeling mentally exhausted and feeling sleepy aren't the same,,2026-10-09T08:30:00Z,original,,false,,https://www.news-medical.net/news/20261009/Feeling-mentally-exhausted-and-feeling-sleepy-arent-the-same.aspx
gd-0439e9a6d54a,gdelt_gkg_v2,news,"Panday, NCRHA clash over conditions at Mt Hope A&E",,2026-10-09T08:30:00Z,original,,false,,https://www.guardian.co.tt/news/panday-ncrha-clash-over-conditions-at-mt-hope-ae-6.2.2685023.20b7db1199
gd-0514fdcbe03d,gdelt_gkg_v2,news,"Naidu government pushing Andhra's aqua sector into crisis, says YSRCP",,2026-10-09T08:30:00Z,original,,false,,https://www.prokerala.com/news/articles/a1822290.html
gd-051b429da786,gdelt_gkg_v2,news,Two Bills to be considered in nine-day Keralam Assembly session starting October 12,,2026-10-09T08:30:00Z,original,,false,,https://www.thehindu.com/news/national/kerala/two-bills-to-be-considered-in-nine-day-keralam-assembly-session-starting-october-12/article71563152.ece
gd-054eadc9c994,gdelt_gkg_v2,news,"I tried avocado from Sainsbury's, Co-op, and other supermarkets — clear winner",,2026-10-09T08:30:00Z,original,,false,,https://www.express.co.uk/life-style/food/2255256/avocado-supermarkerts-taste-test-exclusive
gd-05690aef318d,gdelt_gkg_v2,news,Morocco steps up defence manufacturing with new turret production,,2026-10-09T08:30:00Z,original,,false,,https://www.middle-east-online.com/en/morocco-steps-defence-manufacturing-new-turret-production
gd-05ddb342d784,gdelt_gkg_v2,news,Man Booked On Obstruction And Body-Destruction Charge Entries,,2026-10-09T08:30:00Z,original,,false,,https://whky.com/man-booked-on-obstruction-and-body-destruction-charge-entries/
gd-05e0520ec09b,gdelt_gkg_v2,news,Gra Moissanite Ring 10k White Gold 1.0 CT Classic 6-Prong Simulated Diamond Engagement Rin – LANDA JEWEL Wedding Rings For Women White Gold,,2026-10-09T08:30:00Z,original,,false,,https://roarmag.org/10k-White-Gold-1-0-CT-Classic-6-Prong-Simulated-Diamond-b-501223
gd-065cec9678cd,gdelt_gkg_v2,news,How good is this year's flu shot? Here's what to know about flu season,,2026-10-09T08:30:00Z,original,,false,,https://www.cbc.ca/news/health/flu-season-questions-9.7374821
gd-069bc4dfe7c2,gdelt_gkg_v2,news,Army bomb disposal experts called to Monmouth property,,2026-10-09T08:30:00Z,original,,false,,https://www.freepressseries.co.uk/news/26621221.army-bomb-disposal-experts-called-monmouth-property/
gd-07a2c0a24771,gdelt_gkg_v2,news,Germany: A Fit of Nostalgia,,2026-10-09T08:30:00Z,original,,false,,https://english.aawsat.com/opinion/5327591-germany-fit-nostalgia
gd-07f1e3f24e03,gdelt_gkg_v2,news,"US report: M'sia prosecuted no agencies over recruitment abuses, retains Tier 2 status",,2026-10-09T08:30:00Z,original,,false,,https://www.malaysiakini.com/news/886652-us-report-msia-prosecuted-no-agencies-over-recruitment-abuses-retains-tier-2-status
gd-080885946b4e,gdelt_gkg_v2,news,Ohio Valley Businesses Show Off at Technology Showcase Thursday,,2026-10-09T08:30:00Z,original,,false,,https://www.theintelligencer.net/news/community/2026/10/ohio-valley-businesses-show-off-at-technology-showcase-thursday/
gd-0880c71b40f3,gdelt_gkg_v2,news,Advanced Metallic Coating Enhances Fuel Delivery Efficiency and Operational Safety,,2026-10-09T08:30:00Z,original,,false,,https://www.azom.com/news.aspx?newsID=65909
gd-08ac9c68ad3a,gdelt_gkg_v2,news,"Restaurant Owner Gunned Down Outside Kalutara Eatery, Wife Left in Critical Condition",,2026-10-09T08:30:00Z,original,,false,,https://www.lankanewspapers.com/2026/10/09/restaurant-owner-gunned-down-outside-kalutara-eatery-wife-left-in-critical-condition
gd-092dc5727d3c,gdelt_gkg_v2,news,India underlines science-first approach as an observer state in Arctic Circle: MoS Kirti Vardhan Singh,,2026-10-09T08:30:00Z,original,,false,,https://www.prokerala.com/news/articles/a1822293.html
gd-09d242d297aa,gdelt_gkg_v2,news,"Kyiv metro denies reports of Green Line shutdown, announces peak-hour timetable",,2026-10-09T08:30:00Z,original,,false,,https://en.interfax.com.ua/news/general/1216970.html
gd-0ae2d3c56a9a,gdelt_gkg_v2,news,"RBI cancels registration of 13 NBFCs, 10 surrender licences",,2026-10-09T08:30:00Z,original,,false,,https://www.moneycontrol.com/news/business/banks/rbi-cancels-registration-of-13-nbfcs-10-surrender-licences-14048461.html
gd-0b60b175e42b,gdelt_gkg_v2,news,Nigella Lawson drinks company registered with her agent,,2026-10-09T08:30:00Z,original,,false,,https://bmmagazine.co.uk/in-business/nigella-lawson-drinks-wholesale-company/
gd-0d179538bf9b,gdelt_gkg_v2,news,Friend of convicted killer gives insight into his post-prison plans,,2026-10-09T08:30:00Z,original,,false,,https://www.brisbanetimes.com.au/national/friend-of-convicted-killer-gives-insight-into-his-post-prison-plans-20261009-p614bp.html
gd-0da56edd7bb1,gdelt_gkg_v2,news,Gibran gets heat after Indonesian Constitutional Court ruling,,2026-10-09T08:30:00Z,original,,false,,https://www.thestar.com.my/aseanplus/aseanplus-news/2026/10/09/gibran-gets-heat-after-indonesian-constitutional-court-ruling
gd-0de9c333de77,gdelt_gkg_v2,news,Sutton in Craven footpath diversion planned near farm,,2026-10-09T08:30:00Z,original,,false,,https://www.cravenherald.co.uk/news/26618363.sutton-craven-footpath-diversion-planned-near-farm/
gd-0e2896e47f27,gdelt_gkg_v2,news,Bangkok ready for global heavyweights at 2026 IMF meetings,,2026-10-09T08:30:00Z,original,,false,,https://tribuneonlineng.com/bangkok-ready-for-global-heavyweights-at-2026-imf-meetings/
gd-0f6ccb7a5977,gdelt_gkg_v2,news,Dialog Axiata Steps Up With Rs. 87 Million Medical Equipment Donation to Cyclone-Battered Chilaw Hospital,,2026-10-09T08:30:00Z,original,,false,,https://www.lankanewspapers.com/2026/10/09/dialog-axiata-steps-up-with-rs-87-million-medical-equipment-donation-to-cyclone-battered-chilaw-hospital
gd-0fb60c179b13,gdelt_gkg_v2,news,"Gold Rises More Than 1%, Fed Outlook in Focus",,2026-10-09T08:30:00Z,original,,false,,https://english.aawsat.com/business/5327634-gold-rises-more-1-fed-outlook-focus
gd-1069c32468f8,gdelt_gkg_v2,news,Petition to launch motorboats for passenger transport on Dnipro in Kyiv fails to gather enough votes,,2026-10-09T08:30:00Z,original,,false,,https://en.interfax.com.ua/news/general/1217003.html
gd-11bcd7b54b49,gdelt_gkg_v2,news,"Pitney Bowes (NYSE:PBI) Stock: Insider Kurt James Wolf Sells 150,000 Shares",,2026-10-09T08:30:00Z,original,,false,,https://www.themarketsdaily.com/2026/10/09/pitney-bowes-nysepbi-stock-insider-kurt-james-wolf-sells-150000-shares.html
gd-11e7721aa9ef,gdelt_gkg_v2,news,All evidence heard in Haut du Mont trial - Jersey Evening Post,,2026-10-09T08:30:00Z,original,,false,,https://jerseyeveningpost.com/news/2026/10/09/all-evidence-heard-in-haut-du-mont-trial/
gd-12a4c2530874,gdelt_gkg_v2,news,Mochila Para Niñas Buy Abshoo Cute Lightweight Kids School Bookbags Unicorn Girls Jansport Backpack For Girls,,2026-10-09T08:30:00Z,original,,false,,https://roarmag.org/Lightweight-Kids-School-Bookbags-Unicorn-Girls-b-444060
gd-135df2c224f0,gdelt_gkg_v2,news,Attorney wants independent audit into TTPS's $800M overtime bill,,2026-10-09T08:30:00Z,original,,false,,https://www.guardian.co.tt/news/attorney-wants-independent-audit-into-ttpss-800m-overtime-bill-6.2.2685039.fd0b385c31
gd-1425368b8965,gdelt_gkg_v2,news,Manchester venue's £31 Christmas event stung by backlash as advert slammed,,2026-10-09T08:30:00Z,original,,false,,https://www.manchestereveningnews.co.uk/whats-on/whats-on-news/manchester-venues-31-christmas-event-34736285
gd-142713605685,gdelt_gkg_v2,news,'Knowledge is power' - The Journal,,2026-10-09T08:30:00Z,original,,false,,https://www.nujournal.com/news/local-news/2026/10/09/knowledge-is-power-2/
gd-146ffbca29a8,gdelt_gkg_v2,news,New café hopes to have brought something unique to Barry,,2026-10-09T08:30:00Z,original,,false,,https://www.barryanddistrictnews.co.uk/news/26619197.new-caf-hopes-brought-something-unique-barry/
gd-1474e170b6f6,gdelt_gkg_v2,news,SBCAG Seeks Public Input on How to Improve Community Participation,,2026-10-09T08:30:00Z,original,,false,,https://www.independent.com/2026/10/08/sbcag-seeks-public-input-on-how-to-improve-community-participation/
gd-15a7b0b15d41,gdelt_gkg_v2,news,Catawba County Christmas Assistance Applications Due Monday,,2026-10-09T08:30:00Z,original,,false,,https://whky.com/catawba-county-christmas-assistance-applications-due-monday/
gd-15b129ca9e57,gdelt_gkg_v2,news,Political rivals team up for affordable housing fight,,2026-10-09T08:30:00Z,original,,false,,https://www.muswellbrookchronicle.com.au/story/9365720/political-rivals-team-up-for-affordable-housing-fight/
gd-1617290fce3a,gdelt_gkg_v2,news,Regaining Sanaa is Like Liberating Damascus,,2026-10-09T08:30:00Z,original,,false,,https://english.aawsat.com/opinion/5327597-regaining-sanaa-liberating-damascus
gd-16744888460a,gdelt_gkg_v2,news,Emergency power cuts introduced in some regions following Russian attacks,,2026-10-09T08:30:00Z,original,,false,,https://en.interfax.com.ua/news/general/1216942.html
gd-16e6c44396d9,gdelt_gkg_v2,news,China urges stronger arms control cooperation,,2026-10-09T08:30:00Z,original,,false,,http://europe.chinadaily.com.cn/a/202610/09/WS6ac86e42e4b06d4aa0561e4b.html
gd-1867d8ff8b38,gdelt_gkg_v2,news,Ukrainian Air Force shoot down and suppress 114 enemy UAVs overnight,,2026-10-09T08:30:00Z,original,,false,,https://en.interfax.com.ua/news/general/1216929.html
gd-186b7366a54d,gdelt_gkg_v2,news,Sri Lanka Clinches Third Straight Food Award at Rome International Competition,,2026-10-09T08:30:00Z,original,,false,,https://www.lankanewspapers.com/2026/10/09/sri-lanka-clinches-third-straight-food-award-at-rome-international-competition
gd-18e8aefd3301,gdelt_gkg_v2,news,Meghan Markle 'struggling to recruit UK talent' to work for her,,2026-10-09T08:30:00Z,original,,false,,https://www.express.co.uk/news/royal/2255743/meghan-markle-struggles-to-recruit-in-uk
gd-19b0688b84ba,gdelt_gkg_v2,news,"Crisis-hit mental health patients in midlands have nowhere to go, Dáil told",,2026-10-09T08:30:00Z,original,,false,,https://www.shannonside.ie/news/crisis-hit-mental-health-patients-in-midlands-have-nowhere-to-go-dail-told-298717
gd-19d85ab4deee,gdelt_gkg_v2,news,"US green card crackdown hits Infosys, TCS, Wipro and HCL",,2026-10-09T08:30:00Z,original,,false,,https://organiser.org/2026/10/09/385467/world/trump-administration-targets-indian-it-giants-infosys-tcs-wipro-hcl-hit-by-us-green-card-crackdown/
gd-1b16041d6fc9,gdelt_gkg_v2,news,Pasadena considers AI-powered garbage truck cameras to detect violations; critics raise privacy concerns,,2026-10-09T08:30:00Z,original,,false,,https://www.dailynews.com/2026/10/08/pasadena-considers-ai-powered-garbage-truck-cameras-to-detect-violations-critics-raise-privacy-concerns/
gd-1b6e5827a4d0,gdelt_gkg_v2,news,Imelda Fox | Shannonside.ie,,2026-10-09T08:30:00Z,original,,false,,https://www.shannonside.ie/death-notices/imelda-fox-298711
gd-1b75dad902e1,gdelt_gkg_v2,news,Emmerdale star gives health update as he's seen in hospital gown after finding lump,,2026-10-09T08:30:00Z,original,,false,,https://www.manchestereveningnews.co.uk/news/showbiz-news/emmerdale-star-gives-health-update-34738710
gd-1b7fc6952d0b,gdelt_gkg_v2,news,3 regional most wanted persons arrested in Iloilo,,2026-10-09T08:30:00Z,original,,false,,https://www.sunstar.com.ph/iloilo/3-regional-most-wanted-persons-arrested-in-iloilo
gd-1bbb7af44c2e,gdelt_gkg_v2,news,Gaza conflict 'keeps eyes of the world from seeing slaughter in Iran' | World | News,,2026-10-09T08:30:00Z,original,,false,,https://www.express.co.uk/news/world/2255565/gaza-conflict-Iran-Israel-Ayatollah-IRGC-hangings
gd-1c06591495c5,gdelt_gkg_v2,news,"Macao sets National Day holiday records for average, single-day arrivals",,2026-10-09T08:30:00Z,original,,false,,http://www.bignewsnetwork.com/news/279361250/macao-sets-national-day-holiday-records-for-average-single-day-arrivals
gd-1d7eeedfa7b2,gdelt_gkg_v2,news,"El-Sayed, Rogers Clash In Michigan Senate Debate | KOA 850 AM & 94.1 FM",,2026-10-09T08:30:00Z,original,,false,,https://koacolorado.iheart.com/content/2026-10-09-el-sayed-rogers-clash-in-michigan-senate-debate/
gd-1e0d4c8299ec,gdelt_gkg_v2,news,OpenAI's ChatGPT for Teens poses 'unacceptable risk' to children: Report,,2026-10-09T08:30:00Z,original,,false,,https://www.business-standard.com/technology/artificial-intelligence/openai-s-chatgpt-for-teens-poses-unacceptable-risk-to-children-report-126100900437_1.html
gd-1e69d650db87,gdelt_gkg_v2,news,OFCCP's New Section 503 Final Rule: What Higher Education Institutions Need To Know,,2026-10-09T08:30:00Z,original,,false,,https://www.mondaq.com:443/unitedstates/employee-rights-labour-relations/1853128/ofccps-new-section-503-final-rule-what-higher-education-institutions-need-to-know
gd-21092a203c38,gdelt_gkg_v2,news,Ukrainian negotiating team to spend two days in USA; European team to join them – Zelenskyy,,2026-10-09T08:30:00Z,original,,false,,https://en.interfax.com.ua/news/general/1216977.html
gd-2141045b9f42,gdelt_gkg_v2,news,Gold may draw support from decline in Oct Fed rate hike bet: Mirae Asset,,2026-10-09T08:30:00Z,original,,false,,https://www.business-standard.com/markets/news/gold-may-draw-support-from-decline-in-oct-fed-rate-hike-bet-mirae-asset-126100900485_1.html
gd-2144016f9719,gdelt_gkg_v2,news,Caledonia Mining Corporation Blanket Mine Q3 Production Update and Revised Guidance for 2026,,2026-10-09T08:30:00Z,original,,false,,http://www.hawaiitelegraph.com/news/279361126/caledonia-mining-corporation-blanket-mine-q3-production-update-and-revised-guidance-for-2026
gd-21f1efccc57b,gdelt_gkg_v2,news,Josh Widdicombe makes 'terrible' Strictly Come Dancing job admission as he shares thoughts on reaction,,2026-10-09T08:30:00Z,original,,false,,https://www.manchestereveningnews.co.uk/news/tv/josh-widdicombe-makes-terrible-strictly-34738746
gd-22e1584f9ee2,gdelt_gkg_v2,news,I returned to Alton Towers Scarefest to restore my dignity,,2026-10-09T08:30:00Z,original,,false,,https://www.manchestereveningnews.co.uk/whats-on/family-kids-news/returned-alton-towers-scarefest-restore-34732662
gd-239423ef93b7,gdelt_gkg_v2,news,New NMDC dredger Abu Al Bakhoush inaugurated in China,,2026-10-09T08:30:00Z,original,,false,,https://www.dredgingtoday.com/2026/10/09/new-nmdc-dredger-abu-al-bakhoush-inaugurated-in-china
gd-23a4ef006e7d,gdelt_gkg_v2,news,"IGEM and KLSS 2026: Connecting Policy, Solutions and Investment for Impact",,2026-10-09T08:30:00Z,original,,false,,https://www.malaysiakini.com/announcement/886668-igem-and-klss-2026-connecting-policy-solutions-and-investment-for-impact
gd-23c5e72e09d5,gdelt_gkg_v2,news,Coulter Holiday House seek donations for nephew battling lymphoma as final act of holiday spirit,,2026-10-09T08:30:00Z,original,,false,,https://www.kxly.com/news/coulter-holiday-house-seek-donations-for-nephew-battling-lymphoma-as-final-act-of-holiday-spirit/article_4de883a6-ee7e-48b9-b27e-dc010ea3dbd5.html
gd-24301b0a748b,gdelt_gkg_v2,news,Yorkshire care homes collect glasses for Keigley Lions campaign,,2026-10-09T08:30:00Z,original,,false,,https://www.cravenherald.co.uk/news/26617798.yorkshire-care-homes-collect-glasses-keigley-lions-campaign/
gd-2614dde1086e,gdelt_gkg_v2,news,Moundsville City Council Candidate Forum Set For Oct. 27,,2026-10-09T08:30:00Z,original,,false,,https://www.theintelligencer.net/news/community/2026/10/moundsville-city-council-candidate-forum-set-for-oct-27/
gd-262a5519a648,gdelt_gkg_v2,news,"'Complaint, response, solution': Indian Railways arranges diapers for passenger's baby in 10 minutes",,2026-10-09T08:30:00Z,original,,false,,https://www.moneycontrol.com/news/trends/complaint-response-solution-indian-railways-arranges-diapers-for-passenger-s-baby-in-10-minutes-14048442.html
gd-27412cc39ac3,gdelt_gkg_v2,news,Travis Barker shares 'crazy' text message which changed Kourtney Kardashian relationship,,2026-10-09T08:30:00Z,original,,false,,http://www.femalefirst.co.uk/celebrity/travis-barker-shares-crazy-text-message-changed-kourtney-kardashian-relationship-1451867.html
gd-27fa77195b74,gdelt_gkg_v2,news,The Tudor Dixon Podcast: Jonathan Choe Exposes the Homeless Industrial Complex | 960 WELI,,2026-10-09T08:30:00Z,original,,false,,https://960weli.iheart.com/featured/the-clay-travis-and-buck-sexton-show/content/2026-10-09-1119-the-clay-travis-and-buck-the-tudor-dixon-podcast-jonathan-choe-exposes/
gd-28094ba1de2e,gdelt_gkg_v2,news,"US‑Iran standoff: What UAE residents need to know today (Oct. 9, 2026)",,2026-10-09T08:30:00Z,original,,false,,https://gulfnews.com/uae/usiran-standoff-what-uae-residents-need-to-know-today-oct-9-2026-1.500703686
gd-282e4ad15e5e,gdelt_gkg_v2,news,Fresh crisis hits Ondo APC over alleged anti-party moves,,2026-10-09T08:30:00Z,original,,false,,https://tribuneonlineng.com/fresh-crisis-hits-ondo-apc-over-alleged-anti-party-moves/
gd-28f283ac4e7f,gdelt_gkg_v2,news,From Violence To Mentorship: How Indoda Wednesday Give Men A Safe Space To Talk,,2026-10-09T08:30:00Z,original,,false,,https://health-e.org.za/2026/10/09/from-violence-to-mentorship-how-indoda-wednesday-give-men-a-safe-space-to-talk/
gd-290242830205,gdelt_gkg_v2,news,Andy Burnham blasted over fuel decision as PM gives rare petrol update,,2026-10-09T08:30:00Z,original,,false,,https://www.express.co.uk/life-style/cars/2255719/andy-burnham-fuel-petrol-diesel
gd-29fb57e639c9,gdelt_gkg_v2,news,Crash closes A169 between Saltergate Bank and Lockton,,2026-10-09T08:30:00Z,original,,false,,https://www.gazetteherald.co.uk/news/26621120.crash-closes-a169-saltergate-bank-lockton/
gd-2b5d55b5fac3,gdelt_gkg_v2,news,"Saudi Arabia, UAE pursue more resilient trade and energy networks",,2026-10-09T08:30:00Z,original,,false,,https://www.middle-east-online.com/en/saudi-arabia-uae-pursue-more-resilient-trade-and-energy-networks
gd-2be5ba1a26bc,gdelt_gkg_v2,news,India doesn't allow monopoly; satcom licencees can start only after security norms met: Scindia,,2026-10-09T08:30:00Z,original,,false,,https://www.hindustantimes.com/india-news/india-doesnt-allow-monopoly-satcom-licencees-can-start-only-after-security-norms-met-scindia-101791530676591.html
gd-2cdc919c37fb,gdelt_gkg_v2,news,House prosecution drops bribery charges vs Sara Duterte,,2026-10-09T08:30:00Z,original,,false,,https://www.sunstar.com.ph/manila/house-prosecution-drops-bribery-charges-vs-sara-duterte
gd-2d793ce53bca,gdelt_gkg_v2,news,Woman and child found dead in car in dam,,2026-10-09T08:30:00Z,original,,false,,https://www.brisbanetimes.com.au/national/woman-and-child-found-dead-in-car-in-dam-20261009-p614bq.html
gd-2ed7ff431c13,gdelt_gkg_v2,news,10 dead after prison riot in Mexico's Sinaloa state | Barry And District News,,2026-10-09T08:30:00Z,original,,false,,https://www.barryanddistrictnews.co.uk/news/national/26621124.10-dead-prison-riot-mexicos-sinaloa-state/
gd-2f7cbeffd5e1,gdelt_gkg_v2,news,District 17 Candidate Forum Set For Oct. 13 In Vermillion,,2026-10-09T08:30:00Z,original,,false,,https://www.plaintalk.net/local_news/article_c771d0ba-97dc-4ad6-ad2e-c43d1ffb9995.html
gd-308a8e3844e9,gdelt_gkg_v2,news,"Gursewak Singh vs State Of Rajasthan on 8 October, 2026",,2026-10-09T08:30:00Z,original,,false,,https://indiankanoon.org/doc/170834835/
gd-309bb8124de4,gdelt_gkg_v2,news,Student Suicides in India: The unequal burden of a broken education system,,2026-10-09T08:30:00Z,original,,false,,https://www.moneycontrol.com/news/opinion/opinion-student-suicides-in-india-the-unequal-burden-of-a-broken-education-system-14048227.html
gd-3238488772fc,gdelt_gkg_v2,news,"BWU warns of unfair treatment, migrant hiring",,2026-10-09T08:30:00Z,original,,false,,https://barbadostoday.bb/2026/10/08/bwu-warns-of-unfair-treatment-migrant-hiring/
gd-33355cb4e4d4,gdelt_gkg_v2,news,👨🏿‍🚀TechCabal Daily – Moove-ing on,,2026-10-09T08:30:00Z,original,,false,,https://techcabal.com/2026/10/09/techcabal-daily-mooving-on/
gd-33abddd9f07f,gdelt_gkg_v2,news,USD College Of Fine Arts Announces New Piano & Music Technology Lab,,2026-10-09T08:30:00Z,original,,false,,https://www.plaintalk.net/local_news/article_b9a1104d-d90e-48b8-b2d3-39a6fd7b3de1.html
gd-3403c8edde5d,gdelt_gkg_v2,news,Seals and Sea Lions Get Hearing Tested at Australia Zoo,,2026-10-09T08:30:00Z,original,,false,,https://english.aawsat.com/varieties/5327626-seals-and-sea-lions-get-hearing-tested-australia-zoo
gd-350577fef319,gdelt_gkg_v2,news,President Dissanayake Orders Legal Review on Treatment of Imprisoned Buddhist Monks,,2026-10-09T08:30:00Z,original,,false,,https://www.lankanewspapers.com/2026/10/09/president-dissanayake-orders-legal-review-on-treatment-of-imprisoned-buddhist-monks
gd-35b41ca9f1d5,gdelt_gkg_v2,news,"Former DMK Minister E.V. Velu, son E.V. Kumaran seek anticipatory bail in lake bed mining case",,2026-10-09T08:30:00Z,original,,false,,https://www.thehindu.com/news/national/tamil-nadu/former-dmk-minister-ev-velu-and-son-ev-kumaran-seek-anticipatory-bail-in-lake-bed-mining-case/article71562687.ece
gd-362fe8d34403,gdelt_gkg_v2,news,UK nuclear submarines' woeful defence against attacks laid bare,,2026-10-09T08:30:00Z,original,,false,,https://www.express.co.uk/news/uk/2255733/uk-nuclear-submarines-woeful-defence-russia-attack
gd-38a88af269c7,gdelt_gkg_v2,news,"'UNGA revitalisation must be part of broader, comprehensive UN reforms': India at UNGA plenary",,2026-10-09T08:30:00Z,original,,false,,https://www.prokerala.com/news/articles/a1822295.html
gd-3922ab072b7a,gdelt_gkg_v2,news,Hocus Pocus(1993) Presented by The GRAND – CJSW Radio,,2026-10-09T08:30:00Z,original,,false,,https://cjsw.com/event/hocus-pocus1993-presented-by-the-grand/
gd-3933b5f3905b,gdelt_gkg_v2,news,This old CIA airfield is now a Chinese base,,2026-10-09T08:30:00Z,original,,false,,https://keyt.com/news/national-world/cnn-world/2026/10/08/this-old-cia-airfield-is-now-a-chinese-base/
gd-39a70e367280,gdelt_gkg_v2,news,"Piero, Legendary Argentine Singer-Songwriter and Voice of ""Mi Viejo,"" Dies at 81 | KCFX-FM | 101 The Fox Kansas City's Classic Rock Station",,2026-10-09T08:30:00Z,original,,false,,https://www.101thefox.net/2026/10/09/piero-legendary-argentine-singer-songwriter-and-voice-of-mi-viejo-dies-at-81/
gd-3ac6020e17e6,gdelt_gkg_v2,news,UAE Business: Oil prices fall as Trump rules out Iran attack before US midterms,,2026-10-09T08:30:00Z,original,,false,,https://www.gdnonline.com:443/Details/1409147
gd-3b204c7ed4df,gdelt_gkg_v2,news,Experts urge heatwave plans to protect people with heart disease-Xinhua,,2026-10-09T08:30:00Z,original,,false,,https://english.news.cn/20261009/c30789e8b48e4e5695fa0699af5d7602/c.html
gd-3ba05cab2624,gdelt_gkg_v2,news,Why this Filipino expat calls Abu Dhabi home after nearly four decades,,2026-10-09T08:30:00Z,original,,false,,https://gulfnews.com/uae-success-stories/i-became-a-grandmother-to-some-why-this-filipino-expat-stayed-in-abu-dhabi-since-1987-1.500704081
gd-3c8a3e8361ab,gdelt_gkg_v2,news,Nine Arrested Following Search In Bethlehem Community,,2026-10-09T08:30:00Z,original,,false,,https://whky.com/nine-arrested-following-search-in-bethlehem-community/
gd-3e4cf90bea5b,gdelt_gkg_v2,news,"Olowu, AIG Ewah push stronger intelligence network across Osun, Oyo",,2026-10-09T08:30:00Z,original,,false,,https://tribuneonlineng.com/olowu-aig-ewah-push-stronger-intelligence-network-across-osun-oyo/
gd-3e8173e939d8,gdelt_gkg_v2,news,"Noida airport renamed Narendra Modi Int'l Airport, says UP CM Yogi Adityanath",,2026-10-09T08:30:00Z,original,,false,,https://www.businesstoday.in/india/story/noida-airport-renamed-narendra-modi-intl-airport-says-up-cm-yogi-adityanath-560622-2026-10-09
gd-3f41099f5e03,gdelt_gkg_v2,news,Groveland COA set to debut portrait project next week,,2026-10-09T08:30:00Z,original,,false,,https://www.newburyportnews.com/news/local_news/groveland-coa-set-to-debut-portrait-project-next-week/article_c52723ba-9f71-4719-9e67-e7e3afc22ec0.html
gd-3f9500fa41a6,gdelt_gkg_v2,news,Gaza Rescuers Say Israeli Fire Kills Seven,,2026-10-09T08:30:00Z,original,,false,,https://english.aawsat.com/arab-world/5327627-gaza-rescuers-say-israeli-fire-kills-seven
gd-3fcb9990a1aa,gdelt_gkg_v2,news,Upton firms back Worcester art trail in Holly's memory,,2026-10-09T08:30:00Z,original,,false,,https://www.malverngazette.co.uk/news/26617599.upton-firms-back-worcester-art-trail-hollys-memory/
gd-40093e6ddea8,gdelt_gkg_v2,news,"Pakistan: Lawyers express support for PTI's march, demands",,2026-10-09T08:30:00Z,original,,false,,https://www.prokerala.com/news/articles/a1822307.html
gd-4169f22cd3a3,gdelt_gkg_v2,news,Bajrang Dal warns over non-Hindu participation in Dandiya events,,2026-10-09T08:30:00Z,original,,false,,https://organiser.org/2026/10/09/385464/bharat/telangana-bajrang-dal-warns-of-serious-consequences-over-non-hindu-participation-in-dandiya-events/
gd-41713eac821a,gdelt_gkg_v2,news,Vermillion and Yankton Students Crowned Dakota Days Royalty,,2026-10-09T08:30:00Z,original,,false,,https://www.plaintalk.net/local_news/article_c25544b7-11c6-431c-aae6-47ca27580253.html
gd-41c83aef1119,gdelt_gkg_v2,news,"Mooresville School Board Uses $200,000 To Extend Staff Bonuses",,2026-10-09T08:30:00Z,original,,false,,https://whky.com/mooresville-school-board-uses-200000-to-extend-staff-bonuses/
gd-41f6837490d3,gdelt_gkg_v2,news,15 candidates vie for 5 seats on Charleston school board,,2026-10-09T08:30:00Z,original,,false,,https://charlestoncitypaper.com/2026/10/09/15-candidates-vie-for-5-seats-on-charleston-school-board/
gd-423261a7eb07,gdelt_gkg_v2,news,Yogi Babu's 'Singaram' to hit screens on October 30!,,2026-10-09T08:30:00Z,original,,false,,https://www.prokerala.com/news/articles/a1822299.html
gd-4278a3fe563a,gdelt_gkg_v2,news,Thunder over Maa Ganga: IAF first Air show to light up Kashi skies,,2026-10-09T08:30:00Z,original,,false,,https://organiser.org/2026/10/09/385444/bharat/varanasi-air-show-2026-rafale-tejas-and-suryakiran-team-to-showcase-indias-air-power-over-the-ganga/
gd-42841c9a44c7,gdelt_gkg_v2,news,'I went to Simon Rimmer's luxury Co-op Live venue - and one dish stood out',,2026-10-09T08:30:00Z,original,,false,,https://www.manchestereveningnews.co.uk/whats-on/food-drink-news/i-went-simon-rimmers-luxury-34733390
gd-42bdd7703cfc,gdelt_gkg_v2,news,DOJ Sues Denver Over Law Enforcement Mask Ban | Sports Radio 800 KXIC,,2026-10-09T08:30:00Z,original,,false,,https://kxic.iheart.com/content/2026-10-09-doj-sues-denver-over-law-enforcement-mask-ban/
gd-4369309d0304,gdelt_gkg_v2,news,"Stigma, funding cuts and the Iran war put contraception out of reach for Africa's girls",,2026-10-09T08:30:00Z,original,,false,,"http://www.sitkasentinel.com/stories/stigma-funding-cuts-and-the-iran-war-put-contraception-out-of-reach-for-africas-girls,177422"
gd-4383e90fdb8b,gdelt_gkg_v2,news,"UK: £289,000 Hornsea 3 funding to strengthen families and communities across Norfolk and Suffolk",,2026-10-09T08:30:00Z,original,,false,,https://www.energy-pedia.com/news/united-kingdom/%C2%A3289-000-hornsea-3-funding-to-strengthen-families-and-communities-across-norfolk-and-suffolk-205612
gd-43dbd584a236,gdelt_gkg_v2,news,BBC Radio Shetland's John Johnston retires from the airwaves after 33 years as a familiar voice across the isles,,2026-10-09T08:30:00Z,original,,false,,https://www.shetlandtimes.co.uk/news/after-33-years-reporting-in-the-isles-bbc-radio-shetland-s-447031/
gd-443a6815c31a,gdelt_gkg_v2,news,Low Profile Transmission Jack 1/2 Ton Transmission Jack Adaptor Universal Fit Harbor Freight,,2026-10-09T08:30:00Z,original,,false,,https://roarmag.org/Ton-Transmission-Jack-Adaptor-Universal-Fit-b-698654
gd-4483e7c34ec2,gdelt_gkg_v2,news,The Social Reckoning movie review: Aaron Sorkin examines Facebook's dark side but struggles to make it gripping,,2026-10-09T08:30:00Z,original,,false,,https://www.moneycontrol.com/entertainment/hollywood/the-social-reckoning-movie-review-aaron-sorkin-examines-facebook-s-dark-side-but-struggles-to-make-it-gripping-article-14048460.html
gd-46f336e1bfbe,gdelt_gkg_v2,news,School bus plunges 650ft down hillside in Nepal killing at least five | World | News,,2026-10-09T08:30:00Z,original,,false,,https://www.express.co.uk/news/world/2255753/nepal-school-bus-crash-pokhara
gd-47656bd43b82,gdelt_gkg_v2,news,All non-urgent HSE appointments in west/northwest to be cancelled next Wednesday,,2026-10-09T08:30:00Z,original,,false,,https://www.shannonside.ie/news/all-non-urgent-hse-appointments-in-west-northwest-to-be-cancelled-next-wednesday-298721
gd-47b8a561e1be,gdelt_gkg_v2,news,WBA Has Not Approved Jaime Munguia–Nikita Zon Fight,,2026-10-09T08:30:00Z,original,,false,,https://www.boxingnews24.com/2026/10/wba-has-not-approved-jaime-munguia-nikita-zon-fight/
gd-483f14ae142e,gdelt_gkg_v2,news,Pete Hegseth Pretends Pentagon's New 'Religious Affairs' Office Isn't Christian Nationalism,,2026-10-09T08:30:00Z,original,,false,,https://www.techdirt.com/2026/10/08/pete-hegseth-pretends-pentagons-new-religious-affairs-office-isnt-christian-nationalism/
gd-48582cb6cbf3,gdelt_gkg_v2,news,Bridging regional development gap: RM3.3bil for rural infrastructure,,2026-10-09T08:30:00Z,original,,false,,https://www.thestar.com.my/news/nation/2026/10/09/bridging-regional-development-gap-rm33bil-for-rural-infrastructure
gd-4918c3772e5c,gdelt_gkg_v2,news,PM Shehbaz strongly condemns Houthi attacks against Saudi Arabia,,2026-10-09T08:30:00Z,original,,false,,https://pakobserver.net/pm-shehbaz-strongly-condemns-houthi-attacks-against-saudi-arabia/
gd-494192495ab1,gdelt_gkg_v2,news,Continue Improving Our W.Va. State Parks - The Intelligencer,,2026-10-09T08:30:00Z,original,,false,,https://www.theintelligencer.net/opinion/editorials/2026/10/continue-improving-our-w-va-state-parks/
gd-4996291e0929,gdelt_gkg_v2,news,Authentic cultural experiences trend over holiday,,2026-10-09T08:30:00Z,original,,false,,http://europe.chinadaily.com.cn/a/202610/09/WS6ac8654ae4b06d4aa0561e36.html
gd-49c909e3ebeb,gdelt_gkg_v2,news,Subhash Ghai shares an emotional moment as Hema Malini pays tribute to Dharmendra,,2026-10-09T08:30:00Z,original,,false,,https://www.prokerala.com/news/articles/a1822296.html
gd-4a233859c713,gdelt_gkg_v2,news,Hotel groups eye Syria's tourism revival despite lingering risks,,2026-10-09T08:30:00Z,original,,false,,https://www.middle-east-online.com/en/hotel-groups-eye-syria%E2%80%99s-tourism-revival-despite-lingering-risks
gd-4a778d97dae0,gdelt_gkg_v2,news,Head teacher praises community after primary school flooded,,2026-10-09T08:30:00Z,original,,false,,https://jerseyeveningpost.com/news/2026/10/09/head-teacher-praises-community-after-primary-school-flooded/
gd-4ac82c8db8b2,gdelt_gkg_v2,news,"NAF jet crash: CAS leads search, recovery efforts at Igbokoda",,2026-10-09T08:30:00Z,original,,false,,https://tribuneonlineng.com/naf-jet-crash-cas-leads-search-recovery-efforts-at-igbokoda/
gd-4b2b916b96e4,gdelt_gkg_v2,news,"Assam Rifles seizes contraband worth Rs 2.86 crore in Mizoram, arrests 10",,2026-10-09T08:30:00Z,original,,false,,https://www.prokerala.com/news/articles/a1822305.html
gd-4b57ed528efd,gdelt_gkg_v2,news,"NDB Bank Fraud Losses Far Exceed Initial Figures, Parliamentary Committee Reveals",,2026-10-09T08:30:00Z,original,,false,,https://www.lankanewspapers.com/2026/10/09/ndb-bank-fraud-losses-far-exceed-initial-figures-parliamentary-committee-reveals
gd-4b64c50aec8d,gdelt_gkg_v2,news,Anticipating changes in warfare key to victory: IAF chief AP Singh,,2026-10-09T08:30:00Z,original,,false,,https://www.business-standard.com/external-affairs-defence-security/news/anticipating-changes-in-warfare-key-to-victory-iaf-chief-ap-singh-126100900477_1.html
gd-4bb67bd5e2e2,gdelt_gkg_v2,news,Bektemir Melikuziev Calls For WBA To Strip Munguia Over Mandatory Snub,,2026-10-09T08:30:00Z,original,,false,,https://www.boxingnews24.com/2026/10/bektemir-melikuziev-calls-for-wba-to-strip-munguia-over-mandatory-snub/
gd-4ce198809a48,gdelt_gkg_v2,news,Plans unveiled for former Malvern Chinese takeaway site,,2026-10-09T08:30:00Z,original,,false,,https://www.malverngazette.co.uk/news/26615008.plans-unveiled-former-malvern-chinese-takeaway-site/
gd-4d2b992e1c42,gdelt_gkg_v2,news,More UK homes face landline switch-off as full list of new postcodes confirmed,,2026-10-09T08:30:00Z,original,,false,,https://www.express.co.uk/life-style/science-technology/2255715/New-UK-landline-switch-off-list
gd-4dac0404428d,gdelt_gkg_v2,news,Trump 'won't win' Nobel Peace Prize; why he is still in focus for announcement today,,2026-10-09T08:30:00Z,original,,false,,https://article.wn.com/view/2026/10/09/trump_aposwon_apost_win_apos_nobel_peace_prize_why_he_is_sti/
gd-4df98d255a4c,gdelt_gkg_v2,news,Clay County Commission  Scheduled To Meet Oct. 13,,2026-10-09T08:30:00Z,original,,false,,https://www.plaintalk.net/local_news/article_ef970ce7-8d9a-4d81-8f3e-e4a3772a013b.html
gd-4e1fa0150904,gdelt_gkg_v2,news,Update On ICE Shooting In New York City | NewsRadio 800 WVHU,,2026-10-09T08:30:00Z,original,,false,,https://800wvhu.iheart.com/content/2026-10-08-update-on-ice-shooting-in-new-york-city/
gd-4e750d9ac021,gdelt_gkg_v2,news,Harriett Baldwin MP reaffirms support for hospice care,,2026-10-09T08:30:00Z,original,,false,,https://www.malverngazette.co.uk/news/26618969.harriett-baldwin-mp-reaffirms-support-hospice-care/
gd-4e9d7878ec81,gdelt_gkg_v2,news,PIA 'suspends' flights to Saudi Arabia's Riyadh amid Houthi attacks,,2026-10-09T08:30:00Z,original,,false,,https://pakobserver.net/pia-suspends-flights-to-saudi-arabias-riyadh-amid-houthi-attacks/
gd-4ead2ae40d05,gdelt_gkg_v2,news,Hurricane Isaias strengthens to Category 2 with evacuations underway in the Gulf states,,2026-10-09T08:30:00Z,original,,false,,https://keyt.com/news/national-world/cnn-national/2026/10/08/hurricane-isaias-strengthens-to-category-2-with-evacuations-underway-in-the-gulf-states/
gd-4f1a104448b3,gdelt_gkg_v2,news,Boy sexually assaulted woman and made repeated threatening calls,,2026-10-09T08:30:00Z,original,,false,,https://www.malverngazette.co.uk/news/26620431.boy-sexually-assaulted-woman-made-repeated-threatening-calls/
gd-4f1af11729bd,gdelt_gkg_v2,news,Newton Library Plans Garden Work And Vampire History Program,,2026-10-09T08:30:00Z,original,,false,,https://whky.com/newton-library-plans-garden-work-and-vampire-history-program/
gd-4f2a84265eea,gdelt_gkg_v2,news,INDIA bloc leaders to meet President Murmu at 8 pm amid row over SIR,,2026-10-09T08:30:00Z,original,,false,,https://www.business-standard.com/politics/india-bloc-leaders-to-meet-president-murmu-at-8-pm-amid-row-over-sir-126100900523_1.html
gd-5035df8a66ec,gdelt_gkg_v2,news,World Mental Health Day 2026: HR leaders share the small actions that make a difference,,2026-10-09T08:30:00Z,original,,false,,https://www.humanresourcesonline.net/world-mental-health-day-2026-hr-leaders-share-the-small-actions-that-make-a-difference
gd-50a46271bcbf,gdelt_gkg_v2,news,Governor Signs Hart Bill Strengthening County Jail Accountability,,2026-10-09T08:30:00Z,original,,false,,https://www.independent.com/2026/10/08/governor-signs-hart-bill-strengthening-county-jail-accountability/
gd-50c705f9a72f,gdelt_gkg_v2,news,Lithuania considers tax on streaming platforms to support local film industry,,2026-10-09T08:30:00Z,original,,false,,https://www.lrt.lt/en/news-in-english/19/3076170/lithuania-considers-tax-on-streaming-platforms-to-support-local-film-industry
gd-516eeac0607d,gdelt_gkg_v2,news,'Avatar: Seven Havens' Review: An Intriguing New Direction,,2026-10-09T08:30:00Z,original,,false,,https://variety.com/2026/tv/reviews/avatar-seven-havens-review-1236906002/
gd-51c059b60cf7,gdelt_gkg_v2,news,"12 politicians granted DNAA in 19 criminal cases since 2010, Azalina says",,2026-10-09T08:30:00Z,original,,false,,https://www.malaysiakini.com/news/886666-12-politicians-granted-dnaa-in-19-criminal-cases-since-2010-azalina-says
gd-521e997cc089,gdelt_gkg_v2,news,Airtel Money kicks off £5.3bn IPO in biggest London float for five years,,2026-10-09T08:30:00Z,original,,false,,https://www.somersetcountygazette.co.uk/news/national/26621247.airtel-money-kicks-off-gbp5-3bn-ipo-biggest-london-float-five-years/
gd-527bf11dfdd6,gdelt_gkg_v2,news,Check if you are due one-off heating payment of up to £316 this winter,,2026-10-09T08:30:00Z,original,,false,,https://www.dailyrecord.co.uk/lifestyle/money/check-eligibility-winter-heating-payment-37752285
gd-52eae247652e,gdelt_gkg_v2,news,South Nesting Boating Club lodges updated plans for new Catfirth marina,,2026-10-09T08:30:00Z,original,,false,,https://www.shetlandtimes.co.uk/news/boating-club-says-new-50-berth-marina-will-contribute-long-t-447050/
gd-54284f0e6b07,gdelt_gkg_v2,news,Labour's Sagal Abdi-Wali defeats Zack Polanski in the Holborn and St Pancras by-election - Left Foot Forward: Leading the UK's progressive debate,,2026-10-09T08:30:00Z,original,,false,,https://leftfootforward.org/2026/10/labours-sagal-abdi-wali-defeats-zack-polanski-in-the-holborn-and-st-pancras-by-election/
gd-54ca5cc1edf7,gdelt_gkg_v2,news,"Diesel-fuelled price hikes could stoke food inflation this fall, experts warn – Winnipeg Free Press",,2026-10-09T08:30:00Z,original,,false,,https://www.winnipegfreepress.com/arts-and-life/food/2026/10/09/diesel-fuelled-price-hikes-could-stoke-food-inflation-this-fall-experts-warn
gd-5562b45a2f17,gdelt_gkg_v2,news,Bolton council to be operating unlawfully within weeks after rejecting new planning rules,,2026-10-09T08:30:00Z,original,,false,,https://www.manchestereveningnews.co.uk/news/greater-manchester-news/bolton-council-operating-unlawfully-within-34738100
gd-557a63abfebf,gdelt_gkg_v2,news,Mass shooter's firing squad execution set to be 'livestreamed',,2026-10-09T08:30:00Z,original,,false,,https://www.dailyrecord.co.uk/news/uk-world-news/mass-shooters-firing-squad-execution-37752652
gd-5584881cd46b,gdelt_gkg_v2,news,Flydubai Pilot Smit to receive Israel's civilian heroism award,,2026-10-09T08:30:00Z,original,,false,,https://organiser.org/2026/10/09/385469/bharat/sheer-courage-and-bravery-israel-president-isaac-to-honour-indian-pilot-smit-machchhar-for-averting-air-disaster/
gd-55bdc79e9357,gdelt_gkg_v2,news,Singapore stocks lag Asia recovery as banks extend losses,,2026-10-09T08:30:00Z,original,,false,,https://www.thestar.com.my/business/business-news/2026/10/09/singapore-stocks-lag-asia-recovery-as-banks-extend-losses
gd-55ed276de7c1,gdelt_gkg_v2,news,"5 dead, 14 injured in school bus accident in Nepal-Xinhua",,2026-10-09T08:30:00Z,original,,false,,https://english.news.cn/20261009/f60cdbbc0d8e489e8868b47457e9de19/c.html
gd-56643ef256a4,gdelt_gkg_v2,news,How kissing can boost intimacy and transform your relationship,,2026-10-09T08:30:00Z,original,,false,,https://www.brisbanetimes.com.au/lifestyle/health-and-wellness/why-six-seconds-every-day-is-all-it-takes-to-transform-your-relationship-20261009-p60zph.html
gd-56722a8d195c,gdelt_gkg_v2,news,Police Probe Claims That Private Bus Drivers Are Intentionally Ramming Metro Buses,,2026-10-09T08:30:00Z,original,,false,,https://www.lankanewspapers.com/2026/10/09/police-probe-claims-that-private-bus-drivers-are-intentionally-ramming-metro-buses
gd-5677ed6a5fbd,gdelt_gkg_v2,news,Nigerian Exchange: How N11.89trn domestic turnover outweighed offshore hot money,,2026-10-09T08:30:00Z,original,,false,,https://tribuneonlineng.com/nigerian-exchange-how-n11-89trn-domestic-turnover-outweighed-offshore-hot-money/
gd-56f04a179c08,gdelt_gkg_v2,news,ED raids 9 locations in Odisha in probe over sub-inspector recruitment case,,2026-10-09T08:30:00Z,original,,false,,https://www.hindustantimes.com/india-news/ed-raids-9-locations-in-odisha-in-probe-over-sub-inspector-recruitment-case-101791529486217.html
gd-579dfbb563a0,gdelt_gkg_v2,news,World News: Trump says US will not attack Iran before midterm elections,,2026-10-09T08:30:00Z,original,,false,,https://www.gdnonline.com:443/Details/1409126/Trump-says-US-will-not-attack-Iran-before-midterm-elections
gd-57b5dad3cac3,gdelt_gkg_v2,news,"Supreme Court flags need to balance protest rights with public access amid Delhi Metro closures, train cancellations ahead of October 10 protest",,2026-10-09T08:30:00Z,original,,false,,https://www.moneycontrol.com/news/india/plea-mentioned-before-supreme-court-against-delhi-metro-closures-train-cancellations-ahead-of-october-10-protest-14048451.html
gd-5844eec59d97,gdelt_gkg_v2,news,KAMBE The Brand hits the big time,,2026-10-09T08:30:00Z,original,,false,,https://www.guardian.co.tt/business/kambe-the-brand-hits-the-big-time-6.2.2684501.fc529a53d4
gd-585993b05ad7,gdelt_gkg_v2,news,'We Will Be Here and Show Up': Seven-Hour Sit-in Draws Over 100 Demonstrators in Solidarity With Jane Doe,,2026-10-09T08:30:00Z,original,,false,,https://www.cornellsun.com/article/2026/10/we-will-be-here-and-show-up-seven-hour-sit-in-draws-over-100-demonstrators-in-solidarity-with-jane-doe
gd-5980379de5ea,gdelt_gkg_v2,news,Eco-Friendly Tin-Based Perovskite Material Successfully Replaces Toxic Lead Formulations,,2026-10-09T08:30:00Z,original,,false,,https://www.azom.com/news.aspx?newsID=65911
gd-5a41053a1268,gdelt_gkg_v2,news,Oldham council bosses accused of 'covering their a***s' after damning inspection,,2026-10-09T08:30:00Z,original,,false,,https://www.manchestereveningnews.co.uk/news/greater-manchester-news/oldham-council-bosses-accused-covering-34738079
gd-5b04dbf52388,gdelt_gkg_v2,news,Concerned about reproductive health rumours? Urologist debunks 5 myths on male fertility and sperm health,,2026-10-09T08:30:00Z,original,,false,,https://www.hindustantimes.com/lifestyle/health/concerned-about-reproductive-health-rumours-urologist-debunks-5-myths-on-male-fertility-and-sperm-health-101791529726118.html
gd-5b0b0dcb5a8a,gdelt_gkg_v2,news,Sridhar Vembu urges Indians to return home after US freezes Green Card process at 8 tech firms,,2026-10-09T08:30:00Z,original,,false,,https://economictimes.indiatimes.com/news/india/sridhar-vembu-urges-indians-to-return-home-after-us-freezes-green-card-process-at-8-tech-firms/articleshow/134822482.cms
gd-5b95325cdf3f,gdelt_gkg_v2,news,US suspension of PERM applications does not affect H-1B visa holders: MEA,,2026-10-09T08:30:00Z,original,,false,,https://www.orissapost.com/us-suspension-of-perm-applications-does-not-affect-h-1b-visa-holders-mea/
gd-5ce5f79f68e9,gdelt_gkg_v2,news,Serbia's Vučić praises Modi's leadership and India's global rise,,2026-10-09T08:30:00Z,original,,false,,https://organiser.org/2026/10/09/385453/international/europe-international/it-has-become-a-pattern-serbian-leader-flags-attempts-to-tear-down-modi-as-aap-cjp-protests-escalate/
gd-5d0f9609812a,gdelt_gkg_v2,news,"""I didn't even know a single song"": Abhishek Bachchan recalls the moment when daughter Aaradhya took him to an Ariana Grande concert; what parents can take away",,2026-10-09T08:30:00Z,original,,false,,https://timesofindia.indiatimes.com/life-style/parenting/moments/i-didnt-even-know-a-single-song-abhishek-bachchan-recalls-the-moment-when-daughter-aaradhya-took-him-to-an-ariana-grande-concert-what-parents-can-take-away/articleshow/134821971.cms
gd-5d36b9da3a8f,gdelt_gkg_v2,news,All the new rules for non-performing loans: Timelines and procedures under the new draft law,,2026-10-09T08:30:00Z,original,,false,,https://sofokleous10.gr/2026/10/09/all-the-new-rules-for-non-performing-loans-timelines-and-procedures-under-the-new-draft-law/
gd-5dc0bd59e5c5,gdelt_gkg_v2,news,Protection That Holds: Keeping Nature Safe From Extraction,,2026-10-09T08:30:00Z,original,,false,,https://www.globalissues.org/news/2026/10/09/44298
gd-5e0e6a66fc9e,gdelt_gkg_v2,news,Celebrating the Mundane | The Harvard Crimson,,2026-10-09T08:30:00Z,original,,false,,https://www.thecrimson.com/article/2026/10/8/Peaks-Island-umbrella-cover-museum-mundane-introspection/
gd-5e17e40e141a,gdelt_gkg_v2,news,"IDBOOX Tout savoir sur les livres, les smartphones et la culture high-tech",,2026-10-09T08:30:00Z,original,,false,,https://www.idboox.com/page/2431/
gd-5e56366a8f73,gdelt_gkg_v2,news,"Evesham death notices, tributes and funeral announcements",,2026-10-09T08:30:00Z,original,,false,,https://www.eveshamjournal.co.uk/news/26606336.evesham-death-notices-tributes-funeral-announcements/
gd-5f1c2b9e4e9e,gdelt_gkg_v2,news,Russell to go 'all-out' ahead of unusual Singapore daylight sprint as Antonelli nears F1 title,,2026-10-09T08:30:00Z,original,,false,,"http://www.sitkasentinel.com/stories/russell-to-go-all-out-ahead-of-unusual-singapore-daylight-sprint-as-antonelli-nears-f1-title,177423"
gd-607bd7441c19,gdelt_gkg_v2,news,Top cop defends call not to alert public to attempted abduction,,2026-10-09T08:30:00Z,original,,false,,https://www.brisbanetimes.com.au/national/top-cop-defends-call-not-to-alert-public-to-attempted-abduction-20261009-p614bo.html
gd-60a4a397dffd,gdelt_gkg_v2,news,Countryfile star dies aged just 35 as death sends 'shockwaves' through community | Celebrity News | Showbiz & TV,,2026-10-09T08:30:00Z,original,,false,,https://www.express.co.uk/celebrity-news/2255734/countryfile-star-dies-tragic
gd-60cecb463d05,gdelt_gkg_v2,news,Navigating Grocery Prices - The Intelligencer,,2026-10-09T08:30:00Z,original,,false,,https://www.theintelligencer.net/opinion/editorials/2026/10/navigating-grocery-prices/
gd-610af35ae974,gdelt_gkg_v2,news,"Kala Hiran case: Delhi HC seeks Salman Khan's response to application, says court lacks territorial jurisdiction",,2026-10-09T08:30:00Z,original,,false,,https://www.hindustantimes.com/entertainment/bollywood/kala-hiran-case-delhi-hc-seeks-salman-khans-response-to-application-says-court-lacks-territorial-jurisdiction-101791530443415.html
gd-612ba7d49dd7,gdelt_gkg_v2,news,"Murder suspect, 63, named after death of man in Bolton",,2026-10-09T08:30:00Z,original,,false,,https://www.manchestereveningnews.co.uk/news/greater-manchester-news/murder-suspect-63-named-after-34738817
gd-62c1b9fe49b0,gdelt_gkg_v2,news,Vermillion Public Safety Groups To Host Open House,,2026-10-09T08:30:00Z,original,,false,,https://www.plaintalk.net/local_news/article_3932c5ec-b4ff-4810-a203-9751150dcbc8.html
gd-6365bf826fc8,gdelt_gkg_v2,news,"Houthis Claim Ballistic Missile Strike on Riyadh Airport, Airlines Halt Flights to Saudi Capital",,2026-10-09T08:30:00Z,original,,false,,https://www.lankanewspapers.com/2026/10/09/houthis-claim-ballistic-missile-strike-on-riyadh-airport-airlines-halt-flights-to-saudi-capital
gd-64042c42b488,gdelt_gkg_v2,news,"US Halts Green Card Access for Eight Tech Giants Including Microsoft, TCS and Infosys",,2026-10-09T08:30:00Z,original,,false,,https://www.lankanewspapers.com/2026/10/09/us-halts-green-card-access-for-eight-tech-giants-including-microsoft-tcs-and-infosys
gd-66086fdb4080,gdelt_gkg_v2,news,Senior Expo set for Saturday - Pineisland Eagle,,2026-10-09T08:30:00Z,original,,false,,https://www.pineisland-eagle.com/news/2026/10/senior-expo-set-for-saturday/
gd-66c2cd4d20e9,gdelt_gkg_v2,news,Ford Focus recovered in traffic incident on York main road,,2026-10-09T08:30:00Z,original,,false,,https://www.gazetteherald.co.uk/news/26621077.ford-focus-recovered-police-incident-main-road-york/
gd-67691a9a6613,gdelt_gkg_v2,news,US green-card suspension poses little risk to Indian IT firms: Analysts,,2026-10-09T08:30:00Z,original,,false,,https://www.business-standard.com/industry/news/us-green-card-suspension-poses-little-risk-to-indian-it-firms-analysts-126100900357_1.html
gd-67b518464880,gdelt_gkg_v2,news,Ventura County Art Exhibit Highlights Resilience of Domestic Violence Survivors,,2026-10-09T08:30:00Z,original,,false,,https://keyt.com/news/top-stories/2026/10/08/ventura-county-art-exhibit-highlights-resilience-of-domestic-violence-survivors/
gd-689f549fff2a,gdelt_gkg_v2,news,"CJP's Dipke slams Centre over train cancellations ahead of Delhi protest, says 'shut down entire country if...'",,2026-10-09T08:30:00Z,original,,false,,https://economictimes.indiatimes.com/news/india/cjps-dipke-slams-centre-over-train-cancellations-ahead-of-delhi-protest-says-shut-down-entire-country-if-/articleshow/134822092.cms
gd-68e14609ea4f,gdelt_gkg_v2,news,"Bank Nifty rises over 1% to trade above 55k; Kotak, HDFC, Federal Bank lead gains: What lies ahead?",,2026-10-09T08:30:00Z,original,,false,,https://www.moneycontrol.com/news/business/markets/bank-nifty-rises-over-1-to-trade-above-55k-kotak-hdfc-federal-bank-lead-gains-what-lies-ahead-14048485.html
gd-69494370b4c5,gdelt_gkg_v2,news,Top Canadian Stocks To Watch Now – October 6th,,2026-10-09T08:30:00Z,original,,false,,https://www.themarketsdaily.com/2026/10/09/top-canadian-stocks-to-watch-now-october-6th.html
gd-6952fddec636,gdelt_gkg_v2,news,"Saudia Aircraft Damaged in Houthi Attacks at Riyadh Airport, Saudi Authorities Confirm",,2026-10-09T08:30:00Z,original,,false,,https://gulfnews.com/business/aviation/saudia-plane-damaged-in-houthi-attacks-at-riyadh-airport-saudi-civil-aviation-confirms-1.500704260
gd-69822436e2d0,gdelt_gkg_v2,news,"Autumn wellbeing tips for sleep, mood and relaxation",,2026-10-09T08:30:00Z,original,,false,,https://www.cravenherald.co.uk/news/localnews/news_skipton/26580689.autumn-wellbeing-tips-sleep-mood-relaxation/
gd-6a151c2128eb,gdelt_gkg_v2,news,"Suspected terrorists attack Kebbi, Sokoto, kill three security operatives, two civilians",,2026-10-09T08:30:00Z,original,,false,,https://tribuneonlineng.com/suspected-terrorists-attack-kebbi-sokoto-kill-three-security-operatives-two-civilians/
gd-6a8e5a169d6d,gdelt_gkg_v2,news,Another case filed against Hanumangarh MLA; complaint alleges threat by Lawrence Bishnoi gang member 'Harry Boxer',,2026-10-09T08:30:00Z,original,,false,,https://www.prokerala.com/news/articles/a1822300.html
gd-6af16b5e2b8b,gdelt_gkg_v2,news,Technical Discussion: Showers from Isaias to impact part of our weekend,,2026-10-09T08:30:00Z,original,,false,,https://www.wfsb.com/2026/10/09/technical-discussion-showers-isaias-impact-part-our-weekend/
gd-6b2f581f118b,gdelt_gkg_v2,news,Jewar airport near Noida to be named Narendra Modi International Airport,,2026-10-09T08:30:00Z,original,,false,,https://timesofindia.indiatimes.com/india/jewar-airport-to-be-named-narendra-modi-international-airport-noida/articleshow/134822683.cms
gd-6b30befcb41e,gdelt_gkg_v2,news,"Jamaica: United Oil & Gas announces the publication of the fourth episode of its investor podcast series, On The Rocks",,2026-10-09T08:30:00Z,original,,false,,https://www.energy-pedia.com/news/jamaica/georgina-energy--a-helium--hydrogen-and-natural-gas-exploration-and-development-company-with-strategic-permits-in-australia--has-provided-an-205611
gd-6b985e9113ae,gdelt_gkg_v2,news,Russia wants to see Kyiv 'drowning in sewage' as Putin strikes ahead of bitter winter | World | News,,2026-10-09T08:30:00Z,original,,false,,https://www.express.co.uk/news/world/2255731/russia-putin-kyiv-sewage-ukraine-strikes
gd-6c5e250d9dfa,gdelt_gkg_v2,news,She's so loud: America needs to abolish the death penalty,,2026-10-09T08:30:00Z,original,,false,,https://www.thepostathens.com/article/2026/10/christa-pike-execution-lethal-injection-death-row-prision
gd-6cf923c90db3,gdelt_gkg_v2,news,Promising Apparel Stocks To Watch Now – October 6th,,2026-10-09T08:30:00Z,original,,false,,https://www.themarketsdaily.com/2026/10/09/promising-apparel-stocks-to-watch-now-october-6th.html
gd-6d2294bee601,gdelt_gkg_v2,news,"Purav Jha, Chunky Panday, Sikandar Kher-starrer 'Chaar Yaar' explores friendship and crime in early-2000s Mumbai",,2026-10-09T08:30:00Z,original,,false,,https://www.prokerala.com/news/articles/a1822309.html
gd-6d8c3c1ea652,gdelt_gkg_v2,news,"Alarm bells in the Eurozone over bonds: Borrowing costs in France at a 25-year high, why isn't the ECB intervening?",,2026-10-09T08:30:00Z,original,,false,,https://sofokleous10.gr/2026/10/09/alarm-bells-in-the-eurozone-over-bonds-borrowing-costs-in-france-at-a-25-year-high-why-isnt-the-ecb-intervening/
gd-6dbc09f82cd7,gdelt_gkg_v2,news,Man injured in New London shooting,,2026-10-09T08:30:00Z,original,,false,,https://www.wfsb.com/2026/10/09/man-injured-new-london-shooting/
gd-6dd1b7dfc842,gdelt_gkg_v2,news,"Chinese Democracy Groups Hold Conference Condemning China's ""Law on Promoting Ethnic Unity and Progress"" – Central Tibetan Administration",,2026-10-09T08:30:00Z,original,,false,,https://tibet.net/chinese-democracy-groups-hold-conference-condemning-chinas-law-on-promoting-ethnic-unity-and-progress/
gd-6ddfb8f96d07,gdelt_gkg_v2,news,Nana Patekar Passes Away at 75: Goa Police Investigate Unnatural Death Case,,2026-10-09T08:30:00Z,original,,false,,https://gulfnews.com/entertainment/bollywood/nana-patekars-death-goa-police-register-case-to-record-family-statements-1.500704174
gd-6ec5dd2a39d8,gdelt_gkg_v2,news,Cat Video Fest to premiere at Athena Cinema,,2026-10-09T08:30:00Z,original,,false,,https://www.thepostathens.com/article/2026/10/athens-movies-athena-cinema-local-animals
gd-6ee3eccf782e,gdelt_gkg_v2,news,Indian Pilot Smit Machchhar Honored with Israel's Top Civilian Award for Bravery,,2026-10-09T08:30:00Z,original,,false,,https://gulfnews.com/world/flydubai-pilot-smit-machchhar-to-receive-israels-top-civilian-honour-1.500704125
gd-6f36391b8d3c,gdelt_gkg_v2,news,Best Rooftop Proposal Spots in Manhattan for Showing Off the Ring,,2026-10-09T08:30:00Z,original,,false,,https://ediblemanhattan.com/resources-guide/best-rooftop-proposal-spots-in-manhattan-for-showing-off-the-ring/
gd-6f60a0f65723,gdelt_gkg_v2,news,PM2.5 levels exceed the standard across five Bangkok districts,,2026-10-09T08:30:00Z,original,,false,,https://www.thestar.com.my/aseanplus/aseanplus-news/2026/10/09/pm25-levels-exceed-the-standard-across-five-bangkok-districts
gd-6fb505f7f0c7,gdelt_gkg_v2,news,Maharashtra CM Fadnavis warns of drinking water shortage as drought grips state,,2026-10-09T08:30:00Z,original,,false,,https://www.moneycontrol.com/city/maharashtra-cm-fadnavis-warns-of-drinking-water-shortage-as-drought-grips-state-article-14048473.html
gd-7087718ee9f6,gdelt_gkg_v2,news,Delhi Police asks journalists to maintain distance while covering protests,,2026-10-09T08:30:00Z,original,,false,,https://www.business-standard.com/india-news/delhi-police-asks-journalists-to-maintain-distance-while-covering-protests-126100900361_1.html
gd-70bfd0c5acab,gdelt_gkg_v2,news,ILO Director-General Gilbert Houngbo joins Pakistan Observer for exclusive podcast,,2026-10-09T08:30:00Z,original,,false,,https://pakobserver.net/ilo-director-general-gilbert-houngbo-joins-pakistan-observer-for-exclusive-podcast/
gd-70d1cf2c61af,gdelt_gkg_v2,news,"Home Guard strangles wife, daughter with data cable in Lucknow; held",,2026-10-09T08:30:00Z,original,,false,,https://www.hindustantimes.com/india-news/home-guard-strangles-wife-daughter-with-data-cable-in-lucknow-held-101791532689882.html
gd-7148fd8ca8f6,gdelt_gkg_v2,news,Words on Birds: Rare raptor visits Greater Newburyport,,2026-10-09T08:30:00Z,original,,false,,https://www.newburyportnews.com/news/words-on-birds-rare-raptor-visits-greater-newburyport/article_b4b9ccf1-2362-4dcb-8899-1bcbb2441569.html
gd-715629887e6a,gdelt_gkg_v2,news,Senior Men National Hockey Championship to begin in Jhansi from Oct 10,,2026-10-09T08:30:00Z,original,,false,,https://www.prokerala.com/news/articles/a1822286.html
gd-71bd2f6779c6,gdelt_gkg_v2,news,China Focus: More than a factory floor: foreign companies expand innovation footprint in China,,2026-10-09T08:30:00Z,original,,false,,http://www.bignewsnetwork.com/news/279361255/china-focus-more-than-a-factory-floor-foreign-companies-expand-innovation-footprint-in-china
gd-71c7addc9c19,gdelt_gkg_v2,news,Vermillion Lions Club To Host 2026 Pancake Days,,2026-10-09T08:30:00Z,original,,false,,https://www.plaintalk.net/local_news/article_83f19921-dda5-4490-bb11-9682cee72549.html
gd-721a5deb9bc3,gdelt_gkg_v2,news,Chad Lowe shares poignant message on faith following daughter's death,,2026-10-09T08:30:00Z,original,,false,,http://www.femalefirst.co.uk/celebrity/chad-lowe-shares-poignant-message-faith-following-daughters-death-1451858.html
gd-728a5db04036,gdelt_gkg_v2,news,DOJ Sues Denver Over Law Enforcement Mask Ban | NewsRadio 800 WVHU,,2026-10-09T08:30:00Z,original,,false,,https://800wvhu.iheart.com/content/2026-10-09-doj-sues-denver-over-law-enforcement-mask-ban/
gd-72b9984f138c,gdelt_gkg_v2,news,Premature Section 138 NI Act Complaint cannot be sustained: Himachal HC quashes conviction over complaint filed before statutory period expired,,2026-10-09T08:30:00Z,original,,false,,https://timesofindia.indiatimes.com/legal/news/premature-section-138-ni-act-complaint-cannot-be-sustained-himachal-hc-quashes-conviction-over-complaint-filed-before-statutory-period-expired/articleshow/134821507.cms
gd-73014430d01e,gdelt_gkg_v2,news,Trump rules out new Iran attack before US midterm elections,,2026-10-09T08:30:00Z,original,,false,,https://article.wn.com/view/2026/10/09/Trump_rules_out_new_Iran_attack_before_US_midterm_elections_i/
gd-7302aedcca02,gdelt_gkg_v2,news,LIVE | Budget 2027: RM2k minimum wage effective June next year,,2026-10-09T08:30:00Z,original,,false,,https://www.malaysiakini.com/news/886658-live-anwar-tables-budget-2027
gd-73239b4d321b,gdelt_gkg_v2,news,Lagos Central campaign HQ takes shape in Lagos Island,,2026-10-09T08:30:00Z,original,,false,,https://tribuneonlineng.com/lagos-central-campaign-hq-takes-shape-in-lagos-island/
gd-732df3b8433e,gdelt_gkg_v2,news,"Healthcare sector may offset 30% margin cap on cancer drug price through cost cuts, procedure price hikes: Jefferies",,2026-10-09T08:30:00Z,original,,false,,http://www.bignewsnetwork.com/news/279361174/healthcare-sector-may-offset-30-margin-cap-on-cancer-drug-price-through-cost-cuts-procedure-price-hikes-jefferies
gd-73356145903a,gdelt_gkg_v2,news,To the Editor: HMS Cannot Become a Soapbox | The Harvard Crimson,,2026-10-09T08:30:00Z,original,,false,,https://www.thecrimson.com/article/2026/10/9/letter-schwartzstein-hms-politics-education/
gd-738ff7efe5c1,gdelt_gkg_v2,news,Govt asks social media firms to act on unlawful content linked to protests,,2026-10-09T08:30:00Z,original,,false,,https://www.business-standard.com/industry/news/govt-asks-social-media-firms-to-act-on-unlawful-content-linked-to-protests-126100900358_1.html
gd-742409338f53,gdelt_gkg_v2,news,Digital IDs And Customer Identification: What FinCEN's New FAQs Mean For Onboarding - Financial Services,,2026-10-09T08:30:00Z,original,,false,,https://www.mondaq.com:443/unitedstates/financial-services/1853122/digital-ids-and-customer-identification-what-fincens-new-faqs-mean-for-onboarding
gd-74b4eb9d2f7a,gdelt_gkg_v2,news,Here Is How to Bring Israel Out of Isolation,,2026-10-09T08:30:00Z,original,,false,,https://article.wn.com/view/2026/10/09/Here_Is_How_to_Bring_Israel_Out_of_Isolation/
gd-74da92495ae0,gdelt_gkg_v2,news,LRT English Newsletter: 'Great people',,2026-10-09T08:30:00Z,original,,false,,https://www.lrt.lt/en/news-in-english/19/3076398/lrt-english-newsletter-great-people
gd-750bca272c87,gdelt_gkg_v2,news,British Council celebrates 10 years of reopening libraries in Pakistan,,2026-10-09T08:30:00Z,original,,false,,https://pakobserver.net/british-council-celebrates-10-years-of-reopening-libraries-in-pakistan/
gd-752c17676111,gdelt_gkg_v2,news,"South Asian Filmmakers to Vie for $150,000 at Tasveer Film Market",,2026-10-09T08:30:00Z,original,,false,,https://variety.com/2026/film/news/south-asian-filmmakers-tasveer-film-market-1236906336/
gd-75aca4f5c518,gdelt_gkg_v2,news,Russian plague victim's mother denies daughter was infected after breaking test tube | World | News,,2026-10-09T08:30:00Z,original,,false,,https://www.express.co.uk/news/world/2255745/russian-plague-victims-mother-denies
gd-75be1362b420,gdelt_gkg_v2,news,Amitabh Bachchan bids emotional farewell to Nana Patekar on KBC: 'I salute the art that you lived',,2026-10-09T08:30:00Z,original,,false,,https://gulfnews.com/entertainment/amitabh-bachchan-bids-emotional-farewell-to-nana-patekar-on-kbc-i-salute-the-art-that-you-lived-1.500704106
gd-7611b57ddc28,gdelt_gkg_v2,news,DOJ Sues Denver Over Law Enforcement Mask Ban | NewsRadio 104.9 WBUV,,2026-10-09T08:30:00Z,original,,false,,https://newsradio1049.iheart.com/content/2026-10-09-doj-sues-denver-over-law-enforcement-mask-ban/
gd-76c5e4acf565,gdelt_gkg_v2,news,These 5 grocery staples have skyrocketed in price this year. Here's why,,2026-10-09T08:30:00Z,original,,false,,https://www.cbc.ca/news/marketplace/grocery-staples-skyrocketed-9.7369694
gd-78890104a6ae,gdelt_gkg_v2,news,Assam: Health and wellness camps held in Kamrup under Seva Sankalp Abhiyan,,2026-10-09T08:30:00Z,original,,false,,http://www.pakistantelegraph.com/news/279360995/assam-health-and-wellness-camps-held-in-kamrup-under-seva-sankalp-abhiyan
gd-788efc3020ea,gdelt_gkg_v2,news,'Digger' has a lot of haters. Here's why they're wrong.,,2026-10-09T08:30:00Z,original,,false,,https://grist.org/culture/digger-has-a-lot-of-haters-heres-why-theyre-wrong/
gd-797f2ff302b5,gdelt_gkg_v2,news,Rare chance to enjoy family indoor Pembrokeshire attraction,,2026-10-09T08:30:00Z,original,,false,,https://www.milfordmercury.co.uk/news/26615015.rare-chance-enjoy-family-indoor-pembrokeshire-attraction/
gd-79af7b5b7b63,gdelt_gkg_v2,news,China to Resume October Fuel Exports after Holiday Pause,,2026-10-09T08:30:00Z,original,,false,,https://english.aawsat.com/business/5327629-china-resume-october-fuel-exports-after-holiday-pause
gd-7a20a0bb2e02,gdelt_gkg_v2,news,Vienna House by Wyndham Opens Frankfurt South Hotel,,2026-10-09T08:30:00Z,original,,false,,https://www.hotelnewsresource.com/article143245.html
gd-7aa5536ec7dc,gdelt_gkg_v2,news,Ukraine aware of details of US-Russia talks but will not disclose them – Zelenskyy,,2026-10-09T08:30:00Z,original,,false,,https://en.interfax.com.ua/news/general/1216992.html
gd-7ac2b452c339,gdelt_gkg_v2,news,5 die in building collapse in Istanbul-Xinhua,,2026-10-09T08:30:00Z,original,,false,,https://english.news.cn/20261009/d073a6549ded4a048fb2f6c5c62a70ed/c.html
gd-7b0339b2a6d4,gdelt_gkg_v2,news,COLUMN: Our ambition must continue despite pause,,2026-10-09T08:30:00Z,original,,false,,https://www.basingstokegazette.co.uk/news/26602853.column-ambition-must-continue-despite-pause/
gd-7b2d0ad214c1,gdelt_gkg_v2,news,Zack Polanski is heading for the exit - but one person will be licking | Politics | News,,2026-10-09T08:30:00Z,original,,false,,https://www.express.co.uk/news/politics/2255728/zack-polanski-heading-exit
gd-7b66f534b9a9,gdelt_gkg_v2,news,"'Serious questions over Dhruv Rathee's citizenship, visa after Bengaluru stir': Ex-IPS officer writes to home ministry",,2026-10-09T08:30:00Z,original,,false,,https://www.hindustantimes.com/india-news/dhruv-rathee-bengaluru-protest-sir-ex-ips-officer-bhaskar-rao-questions-citizenship-visa-writes-to-home-ministry-101791528610314.html
gd-7bb0169a01c5,gdelt_gkg_v2,news,Statesville Plans Activities For October Teacher Workdays,,2026-10-09T08:30:00Z,original,,false,,https://whky.com/statesville-plans-activities-for-october-teacher-workdays/
gd-7bbf06502d9d,gdelt_gkg_v2,news,Yorkshire Water to replace 3.7km of water mains in Snainton,,2026-10-09T08:30:00Z,original,,false,,https://www.gazetteherald.co.uk/news/26620567.yorkshire-water-replace-3-7km-water-mains-snainton/
gd-7c874acac11f,gdelt_gkg_v2,news,"Make Longford's Carrigglas Manor a top tourist destination, public meeting told",,2026-10-09T08:30:00Z,original,,false,,https://www.shannonside.ie/news/make-longfords-carrigglas-manor-a-top-tourist-destination-public-meeting-told-298712
gd-7cc3843a87e1,gdelt_gkg_v2,news,Perovskite Photodetectors Achieve Ultralow Dark Currents and High Detectivities,,2026-10-09T08:30:00Z,original,,false,,https://www.azom.com/news.aspx?newsID=65906
gd-7e135bb77449,gdelt_gkg_v2,news,Public transport partially halted in Kyiv due to power supply problems,,2026-10-09T08:30:00Z,original,,false,,https://en.interfax.com.ua/news/general/1216923.html
gd-7e4bbaf29ff9,gdelt_gkg_v2,news,Isaias becomes season's first hurricane - Pineisland Eagle,,2026-10-09T08:30:00Z,original,,false,,https://www.pineisland-eagle.com/news/2026/10/isaias-becomes-seasons-first-hurricane/
gd-7ecabee4ba66,gdelt_gkg_v2,news,OTT releases this week: From 'Eyes' to Parvathy Thiruvothu's thriller 'Pradhama Drishtiya Kuttakkar' and more,,2026-10-09T08:30:00Z,original,,false,,https://timesofindia.indiatimes.com/web-series/news/telugu/ott-releases-this-week-from-eyes-to-parvathy-thiruvothus-thriller-pradhama-drishtiya-kuttakkar-and-more/articleshow/134822827.cms
gd-7f4eb9871c84,gdelt_gkg_v2,news,Bereaved father praises hospice support after son's death | Barry And District News,,2026-10-09T08:30:00Z,original,,false,,https://www.barryanddistrictnews.co.uk/news/26619145.bereaved-father-praises-hospice-support-sons-death/
gd-7fc9affb92b7,gdelt_gkg_v2,news,"India allows no monopoly, satcom firms must meet security norms: Scindia",,2026-10-09T08:30:00Z,original,,false,,https://www.business-standard.com/industry/news/india-allows-no-monopoly-satcom-firms-must-meet-security-norms-scindia-126100900495_1.html
gd-7fe312e96168,gdelt_gkg_v2,news,Cambodian embassies announce end to visa stickers,,2026-10-09T08:30:00Z,original,,false,,https://www.thestar.com.my/aseanplus/aseanplus-news/2026/10/09/cambodian-embassies-announce-end-to-visa-stickers
gd-80661b761487,gdelt_gkg_v2,news,"Saudia Pilot Killed in Riyadh Airport Attack, Aircraft Damaged in Twin Strikes",,2026-10-09T08:30:00Z,original,,false,,https://gulfnews.com/business/aviation/saudia-pilot-killed-in-riyadh-airport-attack-airline-says-1.500704287
gd-80a59152276e,gdelt_gkg_v2,news,Thai Union on list confirmed in latest US anti-dumping ruling,,2026-10-09T08:30:00Z,original,,false,,https://www.intrafish.com/shrimp/thai-union-on-list-confirmed-in-latest-us-anti-dumping-ruling/2-1-2055664
gd-80e17047f497,gdelt_gkg_v2,news,Ben Affleck banned from Instagram twice,,2026-10-09T08:30:00Z,original,,false,,http://www.femalefirst.co.uk/celebrity/ben-affleck-banned-instagram-twice-1451859.html
gd-80e2d1d78093,gdelt_gkg_v2,news,Logan Police officer seeks summary judgment in lawsuit over 'seized' checks,,2026-10-09T08:30:00Z,original,,false,,http://www.athensmessenger.com/news/logan-police-officer-seeks-summary-judgment-in-lawsuit-over-seized-checks/article_aa92d74d-be1d-5a52-a3c0-b1320633ccc5.html
gd-819069bf46fb,gdelt_gkg_v2,news,Forty More Voices Won't Make Cambridge Safer | The Harvard Crimson,,2026-10-09T08:30:00Z,original,,false,,https://www.thecrimson.com/article/2026/10/9/editorial-harvard-shotspotter-cambridge-surveillance-assembly/
gd-81cf8b63480a,gdelt_gkg_v2,news,Police: Teen injured after crashing e-bike into car,,2026-10-09T08:30:00Z,original,,false,,https://www.newburyportnews.com/news/local_news/police-teen-injured-after-crashing-e-bike-into-car/article_5e7944b2-0219-4725-af88-8cc0679d5aa2.html
gd-820af3b99343,gdelt_gkg_v2,news,"Minor rescued, P646,000 shabu seized in Iloilo City bust",,2026-10-09T08:30:00Z,original,,false,,https://www.sunstar.com.ph/iloilo/minor-rescued-p646000-shabu-seized-in-iloilo-city-drug-bust
gd-8270bce3c774,gdelt_gkg_v2,news,US targets Iran's remaining oil lifelines with fresh sanctions,,2026-10-09T08:30:00Z,original,,false,,https://www.middle-east-online.com/en/us-targets-iran%E2%80%99s-remaining-oil-lifelines-fresh-sanctions
gd-82aa727f0fd2,gdelt_gkg_v2,news,"Budget 2027 Visualised | Helping you understand Budget 2027 through charts, graphs.",,2026-10-09T08:30:00Z,original,,false,,https://newslab.malaysiakini.com/budget-2027/en/visualised/
gd-82b606c361fd,gdelt_gkg_v2,news,"Mickela Panday, NCRHA clash over Mt Hope A&E conditions",,2026-10-09T08:30:00Z,original,,false,,https://www.guardian.co.tt/news/mickela-panday-ncrha-clash-over-mt-hope-ae-conditions-6.2.2684760.0665bac605
gd-8377ceba2f01,gdelt_gkg_v2,news,Muscle Man and Me | The Harvard Crimson,,2026-10-09T08:30:00Z,original,,false,,https://www.thecrimson.com/article/2026/10/8/muscle-man-and-me/
gd-83f6b58fbd06,gdelt_gkg_v2,news,Keri Russell addresses Matthew Rhys' Emmy Awards acceptance speech snub,,2026-10-09T08:30:00Z,original,,false,,http://www.femalefirst.co.uk/celebrity/keri-russell-addresses-matthew-rhys-emmy-awards-acceptance-speech-snub-1451857.html
gd-84e23de72c51,gdelt_gkg_v2,news,Why Moove is leaving the Nigerian market it was built in,,2026-10-09T08:30:00Z,original,,false,,https://techcabal.com/2026/10/09/moove-exits-nigeria-after-uber/
gd-8535151335cb,gdelt_gkg_v2,news,Watch: Astronaut Pikachu gets a special tour of International Space Station,,2026-10-09T08:30:00Z,original,,false,,https://www.moneycontrol.com/science/watch-astronaut-pikachu-gets-a-special-tour-of-international-space-station-article-14048466.html
gd-85afcb27d3b6,gdelt_gkg_v2,news,Hyderabad Commissioner urges citizens not to come out on roads to celebrate birthdays,,2026-10-09T08:30:00Z,original,,false,,https://www.prokerala.com/news/articles/a1822287.html
gd-8637d7e6e723,gdelt_gkg_v2,news,US prepares options for fresh three-day strikes on Iran,,2026-10-09T08:30:00Z,original,,false,,https://pakobserver.net/us-prepares-options-for-fresh-three-day-strikes-on-iran/
gd-86ba98ccb3f8,gdelt_gkg_v2,news,"Police recover snatched tricycle, arrest two suspects in Kano",,2026-10-09T08:30:00Z,original,,false,,https://tribuneonlineng.com/police-recover-snatched-tricycle-arrest-two-suspects-in-kano/
gd-86f1a238432d,gdelt_gkg_v2,news,TexAmericas Center partners with Japanese development institute,,2026-10-09T08:30:00Z,original,,false,,https://www.ksla.com/2026/10/09/texamericas-center-signs-agreement-with-japanese-technology-organization/
gd-87cde46e624a,gdelt_gkg_v2,news,The Pest: Frats are a problem with an easy solution,,2026-10-09T08:30:00Z,original,,false,,https://www.thepostathens.com/article/2026/10/the-pest-cornell-greek-life-fraternity-red-zone
gd-89ce7da38f54,gdelt_gkg_v2,news,"Charleston City Paper 30.11: Oct. 9, 2026 - Charleston City Paper",,2026-10-09T08:30:00Z,original,,false,,https://charlestoncitypaper.com/2026/10/09/charleston-city-paper-30-11-oct-9-2026/
gd-8a7ae061e500,gdelt_gkg_v2,news,"Murder suspect scans QR code sent by brother, falls into police trap in India",,2026-10-09T08:30:00Z,original,,false,,https://gulfnews.com/world/asia/india/murder-suspect-scans-qr-code-sent-by-brother-falls-into-police-trap-in-india-1.500704093
gd-8a8269ddb73f,gdelt_gkg_v2,news,US judge orders return of Egyptian held in Equatorial Guinea,,2026-10-09T08:30:00Z,original,,false,,https://www.middle-east-online.com/en/us-judge-orders-return-egyptian-held-equatorial-guinea
gd-8acded311e58,gdelt_gkg_v2,news,"Houthi attacks put Saudi energy sites on alert, disrupt air travel",,2026-10-09T08:30:00Z,original,,false,,https://www.middle-east-online.com/en/houthi-attacks-put-saudi-energy-sites-alert-disrupt-air-travel
gd-8ba800067f6e,gdelt_gkg_v2,news,The Village Inside the City,,2026-10-09T08:30:00Z,original,,false,,http://www.pakistantelegraph.com/news/279360983/the-village-inside-the-city
gd-8bc3b00a690c,gdelt_gkg_v2,news,Nobel Peace Prize to be awarded in Norway - Daily Sitka Sentinel,,2026-10-09T08:30:00Z,original,,false,,"http://www.sitkasentinel.com/stories/nobel-peace-prize-to-be-awarded-in-norway,177398"
gd-8c50e29c0781,gdelt_gkg_v2,news,Zack Polanski just got put on resignation watch after by-election blow,,2026-10-09T08:30:00Z,original,,false,,https://www.express.co.uk/news/politics/2255708/zack-polanski-holborn-st-pancras-byelection
gd-8d3f96be98bc,gdelt_gkg_v2,news,SC rejects plea seeking independent probe into CJP's July protest,,2026-10-09T08:30:00Z,original,,false,,https://www.business-standard.com/india-news/sc-rejects-plea-seeking-independent-probe-into-cjp-s-july-protest-126100900488_1.html
gd-8e7866b744ae,gdelt_gkg_v2,news,CEA calls for flexible special mention accounts norms for MSME loans,,2026-10-09T08:30:00Z,original,,false,,https://www.business-standard.com/finance/news/cea-moots-flexible-sma-period-for-msme-loans-126100900512_1.html
gd-8ed96aeef622,gdelt_gkg_v2,news,"Curious City 10/09/26: Oelsen, Brock, Negrete - Santa Monica Mirror",,2026-10-09T08:30:00Z,original,,false,,https://smmirror.com/curious-city-santa-monica-overdevelopment-and-city-council-races/
gd-8ef9eb022dc9,gdelt_gkg_v2,news,"ICE officer shoots Dominican man during New York arrest, sparking protests",,2026-10-09T08:30:00Z,original,,false,,https://article.wn.com/view/2026/10/09/ICE_officer_shoots_Dominican_man_during_New_York_arrest_spar/
gd-8efc91de6acc,gdelt_gkg_v2,news,Eastern Washington Congressional race draws national attention as Democrats challenge Republican stronghold,,2026-10-09T08:30:00Z,original,,false,,https://www.kxly.com/news/eastern-washington-congressional-race-draws-national-attention-as-democrats-challenge-republican-stronghold/article_905d8062-d431-434b-acd2-9348b0e86c75.html
gd-8fb4609a5475,gdelt_gkg_v2,news,Senate Chairman Gilani invites IPU President Tulia Ackson to visit Pakistan,,2026-10-09T08:30:00Z,original,,false,,https://pakobserver.net/senate-chairman-gilani-invites-ipu-president-tulia-ackson-to-visit-pakistan/
gd-8fe3ad7c6d87,gdelt_gkg_v2,news,"Solar Inverter Maker Solaire Targets Rs 1,000 Crore, Starts Work on Battery Plant",,2026-10-09T08:30:00Z,original,,false,,https://www.business-standard.com/content/specials/solar-inverter-maker-solaire-targets-rs-1-000-crore-starts-work-on-battery-plant-126100800948_1.html
gd-903811a75519,gdelt_gkg_v2,news,"Armenia, France discuss ways to boost Armenian exports",,2026-10-09T08:30:00Z,original,,false,,https://www.pan.am/en/626139
gd-906e445eaecb,gdelt_gkg_v2,news,Financing a new car? The interest could lower your taxes,,2026-10-09T08:30:00Z,original,,false,,https://www.fox8live.com/sponsored/onpath-credit-union/financing-new-car-interest-could-lower-your-taxes/
gd-90beedf3cfc7,gdelt_gkg_v2,news,"Jewar airport to be renamed Narendra Modi International Airport, UP passes resolution",,2026-10-09T08:30:00Z,original,,false,,https://www.hindustantimes.com/india-news/jewar-airport-to-be-renamed-narendra-modi-international-airport-up-passes-resolution-101791532399130.html
gd-916820889ac2,gdelt_gkg_v2,news,Packing Light | The Harvard Crimson,,2026-10-09T08:30:00Z,original,,false,,https://www.thecrimson.com/article/2026/10/8/packing-light-endpaper/
gd-917684efc81e,gdelt_gkg_v2,news,"Woman quits Rs 50,000 Zomato job, earns Rs 2.28 lakh in September through 4 different income streams",,2026-10-09T08:30:00Z,original,,false,,https://www.moneycontrol.com/news/trends/woman-quits-rs-50-000-zomato-job-earns-rs-2-28-lakh-in-september-through-4-different-income-streams-14048471.html
gd-9179399a8af9,gdelt_gkg_v2,news,"Between Newcastle Upon Tyne And Edinburgh Is A Small Town With Tasty Eats, Cute Shops, And River Views",,2026-10-09T08:30:00Z,original,,false,,https://www.islands.com/2278697/hawick-united-kingdom-between-newcastle-edinburgh-small-town-with-scottish-heritage-river-views/
gd-92133932f6d8,gdelt_gkg_v2,news,"Uzbekistan, Air Arabia discuss direct flights to new tourist destinations",,2026-10-09T08:30:00Z,original,,false,,https://www.trend.az/casia/uzbekistan/4232883.html
gd-9277c664586f,gdelt_gkg_v2,news,"Zamfara needs peace to progress, develop —Mayanchi",,2026-10-09T08:30:00Z,original,,false,,https://tribuneonlineng.com/zamfara-needs-peace-to-progress-develop-mayanchi/
gd-928469a46e4c,gdelt_gkg_v2,news,"'Please appreciate, see students' future': Top court refuses to reopen FIRs over CJP's July stir",,2026-10-09T08:30:00Z,original,,false,,https://www.hindustantimes.com/india-news/supreme-court-cjp-protest-july-jantar-mantar-students-firs-delhi-news-police-101791530298845.html
gd-92967a8f22af,gdelt_gkg_v2,news,GlobalFoundries to make AI chip component for TSMC in $2B deal,,2026-10-09T08:30:00Z,original,,false,,https://evertiq.com/news/2026-10-09-globalfoundries-to-make-ai-chip-component-for-tsmc-in-2b-deal
gd-930f41515437,gdelt_gkg_v2,news,"Build a more progressive wage ladder centred on productivity, says Economic Outlook 2027",,2026-10-09T08:30:00Z,original,,false,,https://www.thestar.com.my/news/nation/2026/10/09/build-a-more-progressive-wage-ladder-centred-on-productivity-says-economic-outlook-2027
gd-936247e75629,gdelt_gkg_v2,news,CJP exploits women with false housing promises in Bengaluru,,2026-10-09T08:30:00Z,original,,false,,https://organiser.org/2026/10/09/385447/bharat/exposed-how-abhijeet-dipkes-cjp-lured-women-with-false-housing-promises-to-stage-bengaluru-protest/
gd-937dad779581,gdelt_gkg_v2,news,MMHF honors Jim Johnson on Legacy Day,,2026-10-09T08:30:00Z,original,,false,,https://www.nujournal.com/news/local-news/2026/10/09/mmhf-honors-jim-johnson-on-legacy-day/
gd-9391c0885a3f,gdelt_gkg_v2,news,In Situ X-Ray Imaging Tracks Real-Time Boundary Melting and Crystallization,,2026-10-09T08:30:00Z,original,,false,,https://www.azom.com/news.aspx?newsID=65907
gd-93a97c0e6a69,gdelt_gkg_v2,news,"Robbyant, AFDE sign MoU to advance embodied AI adoption",,2026-10-09T08:30:00Z,original,,false,,https://evertiq.com/design/2026-10-09-robbyant-afde-sign-mou-to-advance-embodied-ai-adoption
gd-93b70ebd24d5,gdelt_gkg_v2,news,Nigeria emerging as one of Africa's AI hubs —World Bank,,2026-10-09T08:30:00Z,original,,false,,https://tribuneonlineng.com/nigeria-emerging-as-one-of-africas-ai-hubs-world-bank/
gd-93de7edc23ff,gdelt_gkg_v2,news,​​USS Lincoln docks in San Diego after 10-month mission,,2026-10-09T08:30:00Z,original,,false,,https://article.wn.com/view/2026/10/09/USS_Lincoln_docks_in_San_Diego_after_10month_mission/
gd-9432e711311d,gdelt_gkg_v2,news,Breathing should not be killing us,,2026-10-09T08:30:00Z,original,,false,,https://nepalitimes.com/breathing-should-not-be-killing-us
gd-956acee8f47e,gdelt_gkg_v2,news,Latvian nationals break into RAF base - police probe Russia connection,,2026-10-09T08:30:00Z,original,,false,,https://www.express.co.uk/news/uk/2255725/latvian-nationals-break-into-raf
gd-969f2c4945f7,gdelt_gkg_v2,news,Keysight Technologies (NYSE:KEYS) Sets New 52-Week High – Here's What Happened,,2026-10-09T08:30:00Z,original,,false,,https://www.themarketsdaily.com/2026/10/09/keysight-technologies-nysekeys-sets-new-52-week-high-heres-what-happened.html
gd-9746f8c172d0,gdelt_gkg_v2,news,"Area Rug Ophanie 6x9 Blue Rugs For Living Room, Fuzzy Plush Soft , Shaggy Carpets For Bedroom, Kids Boys Girls Dorm Nursery Home Decor Aesthetic Blue Area Rug",,2026-10-09T08:30:00Z,original,,false,,https://roarmag.org/Plush-Soft-Area-Rug-Shaggy-Carpets-For-Bedroom-Kids-Boys-Girls-b-1087426
gd-98166d36c0a2,gdelt_gkg_v2,news,Police discover illegal drugs in ambulance in northern Afghanistan,,2026-10-09T08:30:00Z,original,,false,,https://www.prokerala.com/news/articles/a1822308.html
gd-983e4df15619,gdelt_gkg_v2,news,"Insider Selling: Medline (NASDAQ:MDLN) Major Shareholder Sells $60,421,328.20 in Stock",,2026-10-09T08:30:00Z,original,,false,,https://www.themarketsdaily.com/2026/10/09/insider-selling-medline-nasdaqmdln-major-shareholder-sells-60421328-20-in-stock.html
gd-9910d907c28f,gdelt_gkg_v2,news,Faces of HR: Albert Marcelo challenges HR to turn transformation into action,,2026-10-09T08:30:00Z,original,,false,,https://www.humanresourcesonline.net/faces-of-hr-albert-marcelo-challenges-hr-to-turn-transformation-into-action
gd-99423f30108e,gdelt_gkg_v2,news,Trump gives 'national treasure' Musk top US medal after rift,,2026-10-09T08:30:00Z,original,,false,,https://www.yahoo.com/news/politics/articles/trump-gives-national-treasure-musk-193940175.html
gd-9a27625aa990,gdelt_gkg_v2,news,Woodsdale-Edgewood Community Association To Have First Meeting,,2026-10-09T08:30:00Z,original,,false,,https://www.theintelligencer.net/news/top-headlines/2026/10/woodsdale-edgewood-community-association-to-have-first-meeting/
gd-9ad7f4a3e1f3,gdelt_gkg_v2,news,Art Garfunkel 'heartbroken' after postponing UK tour,,2026-10-09T08:30:00Z,original,,false,,http://www.femalefirst.co.uk/music/musicnews/art-garfunkel-heartbroken-after-postponing-tour-1451861.html
gd-9b341b108153,gdelt_gkg_v2,news,"'Crazy Rich Asians' set to return as new series, with original movie's stars reprising roles",,2026-10-09T08:30:00Z,original,,false,,https://keyt.com/lifestyle/entertainment/cnn-entertainment/2026/10/08/crazy-rich-asians-set-to-return-as-new-series-with-original-movies-stars-reprising-roles/
gd-9b40638688ba,gdelt_gkg_v2,news,Norway turned 20 tonnes of aluminium from a decommissioned oil platform into a 55-metre pedestrian bridge,,2026-10-09T08:30:00Z,original,,false,,https://timesofindia.indiatimes.com/science/earth/norway-turned-20-tonnes-of-aluminium-from-a-decommissioned-oil-platform-into-a-55-metre-pedestrian-bridge/articleshow/134793413.cms
gd-9bcb7355d28a,gdelt_gkg_v2,news,Lavin joins Pleasanton Weekly as editor,,2026-10-09T08:30:00Z,original,,false,,https://www.pleasantonweekly.com/tri-valley/2026/10/08/lavin-joins-pleasanton-weekly-as-editor/
gd-9c2d23428073,gdelt_gkg_v2,news,"AI may replace only 5 percent of human work in 10 years, says Nobel winner",,2026-10-09T08:30:00Z,original,,false,,https://www.moneycontrol.com/world/ai-may-replace-only-5-percent-of-human-work-in-10-years-says-nobel-winner-article-14048483.html
gd-9ce93d092be7,gdelt_gkg_v2,news,80 attend Supported Housing Information Networking Event,,2026-10-09T08:30:00Z,original,,false,,https://www.basingstokegazette.co.uk/news/26608508.80-attend-supported-housing-information-networking-event/
gd-9d704cc9b1e8,gdelt_gkg_v2,news,'Chicken Shop Date' ending after 12 years,,2026-10-09T08:30:00Z,original,,false,,https://www.thepostathens.com/article/2026/10/amelia-dimoldenberg-chicken-shop-date-ending-emily-frank
gd-9ddbf1d9e3c8,gdelt_gkg_v2,news,Ukraine's Foreign Trade Deficit Approached $40 Billion in First Eight Months of 2026,,2026-10-09T08:30:00Z,original,,false,,https://en.interfax.com.ua/news/projects/1217001.html
gd-9e05b990f75d,gdelt_gkg_v2,news,Six banks offering up to £300 cash to switch current accounts,,2026-10-09T08:30:00Z,original,,false,,https://www.dailyrecord.co.uk/lifestyle/money/banks-free-cash-switching-deals-37752596
gd-9e8177db732c,gdelt_gkg_v2,news,"'Your best becomes your baseline': Woman explains why constantly overdelivering at work can backfire, urging corporate employees to protect their energy",,2026-10-09T08:30:00Z,original,,false,,https://timesofindia.indiatimes.com/life-style/people/your-best-becomes-your-baseline-woman-explains-why-constantly-overdelivering-at-work-can-backfire-urging-corporate-employees-to-protect-their-energy/articleshow/134820148.cms
gd-9e916aa39c40,gdelt_gkg_v2,news,A Historic Santa Monica Diner Faces Demolition. Local Advocates are Racing to Save It With a Landmark Bid,,2026-10-09T08:30:00Z,original,,false,,https://smmirror.com/landmark-bid-aims-to-save-historic-santa-monica-diner-from-demolition/
gd-9e9849d6cb12,gdelt_gkg_v2,news,'Steps announced do not advance shared ambitions of both countries': India on US Department of Labour's announcement,,2026-10-09T08:30:00Z,original,,false,,https://www.prokerala.com/news/articles/a1822303.html
gd-9ecbf979f827,gdelt_gkg_v2,news,Outgoing Quebec Premier Christine Fréchette pushed off 'glass cliff' in election – Winnipeg Free Press,,2026-10-09T08:30:00Z,original,,false,,https://www.winnipegfreepress.com/canada/2026/10/09/outgoing-quebec-premier-christine-frechette-pushed-off-glass-cliff-in-election
gd-9f0d951d61c7,gdelt_gkg_v2,news,"One arrested over attack on former CPI(M) MP's residence, counter complaints filed",,2026-10-09T08:30:00Z,original,,false,,https://www.prokerala.com/news/articles/a1822306.html
gd-9f42ada86e31,gdelt_gkg_v2,news,Soups will be thicker and creamier if you add one ingredient after cooking,,2026-10-09T08:30:00Z,original,,false,,https://www.express.co.uk/life-style/food/2255094/soups-thicken-natural-dairy-yoghurt-recipe
gd-9f537f2ae454,gdelt_gkg_v2,news,How Alia's marching order is tackling insecurity in Benue —LG chairman,,2026-10-09T08:30:00Z,original,,false,,https://tribuneonlineng.com/how-alias-marching-order-is-tackling-insecurity-in-benue-lg-chairman/
gd-9ffc519f30a7,gdelt_gkg_v2,news,No October Mid-Term Break for CBSE Students in UAE: Winter Holidays Begin in December,,2026-10-09T08:30:00Z,original,,false,,https://gulfnews.com/uae/education/uae-indian-schools-no-october-mid-term-break-next-holiday-1.500704097
gd-a085619cd943,gdelt_gkg_v2,news,SMO part 1 of 2 - Santa Monica Mirror,,2026-10-09T08:30:00Z,original,,false,,https://smmirror.com/santa-monica-airport-history-the-douglas-aircraft-legacy/
gd-a1a1dfe47c4e,gdelt_gkg_v2,news,InterContinental Hotels Group PLC Announces Transaction in Own Shares,,2026-10-09T08:30:00Z,original,,false,,http://www.hawaiitelegraph.com/news/279361127/intercontinental-hotels-group-plc-announces-transaction-in-own-shares-october-09
gd-a1abb05e254d,gdelt_gkg_v2,news,"Defence, PSU stocks' rally leave little room for error: Master Portfolio MD",,2026-10-09T08:30:00Z,original,,false,,https://www.business-standard.com/markets/interviews/defence-psu-stocks-rally-leave-little-room-for-error-master-portfolio-md-126100900541_1.html
gd-a23045aefb51,gdelt_gkg_v2,news,"Marvel announces VisionQuest premiere, Zodiac series, X-Men '97 Season 3 first look and more at New York Comic Con",,2026-10-09T08:30:00Z,original,,false,,https://www.moneycontrol.com/entertainment/hollywood/marvel-announces-visionquest-premiere-zodiac-series-x-men-97-season-3-first-look-and-more-at-new-york-comic-con-article-14048472.html
gd-a4b4db74daab,gdelt_gkg_v2,news,Developing Telecoms | Telecom news portal for emerging markets,,2026-10-09T08:30:00Z,original,,false,,https://www.developingtelecoms.com/component/tags/tag/phone-number-verification.html
gd-a53b70dc8528,gdelt_gkg_v2,news,"The impulse to back the weaker party, no matter what",,2026-10-09T08:30:00Z,original,,false,,https://www.carolinajournal.com/opinion/the-impulse-to-back-the-weaker-party-no-matter-what/
gd-a5f73103440f,gdelt_gkg_v2,news,"Diabetes And The Alphabet Soup: GLP-1s, DPP-4s and SGLT-2s"" | Opinion",,2026-10-09T08:30:00Z,original,,false,,https://www.plaintalk.net/local_news/opinion/article_d6adae41-ec4b-4181-9796-d4a918b3cea7.html
gd-a63cd113a3b0,gdelt_gkg_v2,news,FSIS Announces Nationwide Expansion Of Listeria Environmental Sampling At Ready-to-Eat Establishments,,2026-10-09T08:30:00Z,original,,false,,https://www.mondaq.com:443/unitedstates/food-and-drugs-law/1853096/fsis-announces-nationwide-expansion-of-listeria-environmental-sampling-at-ready-to-eat-establishments
gd-a68977b27222,gdelt_gkg_v2,news,Bethlehem Police Investigating Vehicle Break-Ins,,2026-10-09T08:30:00Z,original,,false,,https://www.theintelligencer.net/news/community/2026/10/bethlehem-police-investigating-vehicle-break-ins/
gd-a77bc0be9ba4,gdelt_gkg_v2,news,Former Colombo Chief Magistrate Thilina Gamage Permanently Dismissed from Judicial Service,,2026-10-09T08:30:00Z,original,,false,,https://www.lankanewspapers.com/2026/10/09/former-colombo-chief-magistrate-thilina-gamage-permanently-dismissed-from-judicial-service
gd-a7cb91781c97,gdelt_gkg_v2,news,"Jayesh vs State Of Rajasthan on 5 October, 2026",,2026-10-09T08:30:00Z,original,,false,,https://indiankanoon.org/doc/138793696/
gd-a7f048e9973a,gdelt_gkg_v2,news,Air Astana launches two new routes from Kazakhstan to Oman,,2026-10-09T08:30:00Z,original,,false,,https://www.trend.az/casia/kazakhstan/4232860.html
gd-a84078403afd,gdelt_gkg_v2,news,"Jantar Mantar protest: Railways cancels trains to two Delhi stations, check full list here",,2026-10-09T08:30:00Z,original,,false,,https://www.prokerala.com/news/articles/a1822301.html
gd-a85c26d7da9f,gdelt_gkg_v2,news,"4 most wanted persons arrested in Capiz, Guimaras",,2026-10-09T08:30:00Z,original,,false,,https://www.sunstar.com.ph/manila/4-most-wanted-persons-arrested-in-capiz-guimaras
gd-a92b7a6c69fd,gdelt_gkg_v2,news,"25 FIRs filed since October 2 over anti-EC protests in Delhi; Rahul, Priyanka named",,2026-10-09T08:30:00Z,original,,false,,https://www.hindustantimes.com/india-news/delhi-jantar-mantar-protests-india-bloc-connaught-place-rahul-gandhi-congress-firs-police-101791532304060.html
gd-a9b202531544,gdelt_gkg_v2,news,COREN charges newly inducted The Poly Ibadan graduates on competence,,2026-10-09T08:30:00Z,original,,false,,https://tribuneonlineng.com/coren-charges-newly-inducted-the-poly-ibadan-graduates-on-competence/
gd-a9ff4c3ae5ba,gdelt_gkg_v2,news,"Woke drivel about Virgin Mary is sickening, offensive and historically inaccurate | Politics | News",,2026-10-09T08:30:00Z,original,,false,,https://www.express.co.uk/news/politics/2255430/woke-drivel-virgin-mary-sickening
gd-aac95f5c2903,gdelt_gkg_v2,news,Where Do Ivy Grads Stand in India's Marriage Market?,,2026-10-09T08:30:00Z,original,,false,,https://www.thecrimson.com/article/2026/10/8/ivy-league-india-matrimony-apps-arranged-marriage/
gd-aad46ba17621,gdelt_gkg_v2,news,Prison riot leaves 10 dead as inmates open fire during visiting hours | World | News,,2026-10-09T08:30:00Z,original,,false,,https://www.express.co.uk/news/world/2255714/mexico-prison-riot-leaves-least-10-dead-inmates-open-fire-during-visiting-hours
gd-ac890989678f,gdelt_gkg_v2,news,Building Faith on a Firm Foundation,,2026-10-09T08:30:00Z,original,,false,,https://cbn.com/devotions/building-faith-firm-foundation
gd-ac8f47140696,gdelt_gkg_v2,news,US Army to live stream firing squad execution,,2026-10-09T08:30:00Z,original,,false,,https://www.theage.com.au/world/us-army-to-live-stream-firing-squad-execution-20261009-p614bn.html
gd-acbe4d171703,gdelt_gkg_v2,news,CoP defends TTPS overtime bill amid mounting scrutiny,,2026-10-09T08:30:00Z,original,,false,,https://www.guardian.co.tt/news/cop-defends-ttps-overtime-bill-amid-mounting-scrutiny-6.2.2685041.e186066bba
gd-ad39dd8d7019,gdelt_gkg_v2,news,Warm reception for freezer - The Journal,,2026-10-09T08:30:00Z,original,,false,,https://www.nujournal.com/news/local-news/2026/10/09/warm-reception-for-freezer/
gd-ad9e8937aa00,gdelt_gkg_v2,news,PCB Technologies to acquire Gorilla Circuits for $120 million,,2026-10-09T08:30:00Z,original,,false,,https://evertiq.com/news/2026-10-09-pcb-technologies-to-acquire-gorilla-circuits-for-120-million
gd-adc2f49d352b,gdelt_gkg_v2,news,"Hyderabad gets ready for Navratri: From first-timers to seasoned dancers, everyone's getting their garba groove on | Events Movie News",,2026-10-09T08:30:00Z,original,,false,,https://timesofindia.indiatimes.com/entertainment/events/hyderabad/hyderabad-gets-ready-for-navratri-from-first-timers-to-seasoned-dancers-everyones-getting-their-garba-groove-on/articleshow/134820488.cms
gd-adeb6c5b7c87,gdelt_gkg_v2,news,Inaugural Santa Ynez Art Walk,,2026-10-09T08:30:00Z,original,,false,,https://www.independent.com/events/inaugural-santa-ynez-art-walk-10/
gd-ae606c8c4d1c,gdelt_gkg_v2,news,Trump Online: A Burst of Anti-Somali and Anti-immigrant Rhetoric,,2026-10-09T08:30:00Z,original,,false,,https://english.aawsat.com/world/5327631-trump-online-burst-anti-somali-and-anti-immigrant-rhetoric
gd-ae6a3d375498,gdelt_gkg_v2,news,Tax reforms ensure fiscal sustainability,,2026-10-09T08:30:00Z,original,,false,,https://www.thestar.com.my/business/business-news/2026/10/09/tax-reforms-ensure-fiscal-sustainability
gd-aebbdd8fc502,gdelt_gkg_v2,news,Justice Saulawa's admonition - Tribune Online,,2026-10-09T08:30:00Z,original,,false,,https://tribuneonlineng.com/justice-saulawas-admonition/
gd-aee195b1a93d,gdelt_gkg_v2,news,Mahanayake Theras Assert Sangha's Sole Authority Over Monk's Robes in Gnanasara Case,,2026-10-09T08:30:00Z,original,,false,,https://www.lankanewspapers.com/2026/10/09/mahanayake-theras-assert-sangha-s-sole-authority-over-monk-s-robes-in-gnanasara-case
gd-aeed34b50d6b,gdelt_gkg_v2,news,US Green Card Freeze: Impact on Tech Workers and Indian IT Firms Explained,,2026-10-09T08:30:00Z,original,,false,,https://gulfnews.com/technology/us-green-card-freeze-why-tech-workers-may-face-a-longer-road-to-residency-1.500704190
gd-af4c111d9c02,gdelt_gkg_v2,news,The Alberta question: How separatists took hold of the province's governing party,,2026-10-09T08:30:00Z,original,,false,,https://www.cbc.ca/news/canada/the-alberta-question-9.7371294
gd-af5b3653b8bf,gdelt_gkg_v2,news,Board of Supervisors Seek to Fill Two Positions on the County's Retirement Board,,2026-10-09T08:30:00Z,original,,false,,https://www.independent.com/2026/10/08/board-of-supervisors-seek-to-fill-two-positions-on-the-countys-retirement-board/
gd-af6c02054b76,gdelt_gkg_v2,news,Warning over 'add me to WhatsApp scam' after rise in complaints,,2026-10-09T08:30:00Z,original,,false,,https://metro.co.uk/2026/10/09/warning-add-whatsapp-scam-rise-complaints-29694169/
gd-af6f7273d2eb,gdelt_gkg_v2,news,"'Jantar Mantar a designated site to protest, police permission not needed': Abhijeet Dipke on October 10 stir",,2026-10-09T08:30:00Z,original,,false,,https://timesofindia.indiatimes.com/india/jantar-mantar-a-designated-site-to-protest-police-permission-not-needed-abhijeet-dipke-on-october-10-stir/articleshow/134822962.cms
gd-affb7f71ca4c,gdelt_gkg_v2,news,Guide Dogs Jersey prepares for 32nd 'biggest' book sale,,2026-10-09T08:30:00Z,original,,false,,https://jerseyeveningpost.com/news/2026/10/09/guide-dogs-jersey-prepares-for-32nd-biggest-book-sale/
gd-b0b0906b5144,gdelt_gkg_v2,news,Personal Loan EMI Calculator: How to Plan Repayment Before You Borrow,,2026-10-09T08:30:00Z,original,,false,,https://www.business-standard.com/content/specials/personal-loan-emi-calculator-how-to-plan-repayment-before-you-borrow-126100600438_1.html
gd-b155ff7978a1,gdelt_gkg_v2,news,Police discover illegal drugs in ambulance in northern Afghanistan-Xinhua,,2026-10-09T08:30:00Z,original,,false,,https://english.news.cn/20261009/06936e49226d4b9a9083d16286a1c45b/c.html
gd-b16638eb4a80,gdelt_gkg_v2,news,Free climate change film screening to take place in Skipton,,2026-10-09T08:30:00Z,original,,false,,https://www.cravenherald.co.uk/news/26617592.free-climate-change-film-screening-take-place-skipton/
gd-b2b84a25a393,gdelt_gkg_v2,news,COPS RACK UP $800M IN OVERTIME,,2026-10-09T08:30:00Z,original,,false,,https://www.guardian.co.tt/news/cops-rack-up-800m-in-overtime-6.2.2685043.2644beb331
gd-b316ed458003,gdelt_gkg_v2,news,8 Best Industrial Communication and Lone Worker Safety Providers in the UK (2026),,2026-10-09T08:30:00Z,original,,false,,https://bmmagazine.co.uk/business/8-best-industrial-communication-and-lone-worker-safety-providers-in-the-uk-2026/
gd-b43667da84bd,gdelt_gkg_v2,news,Popular city event returns to the South Cape this Saturday,,2026-10-09T08:30:00Z,original,,false,,https://www.pineisland-eagle.com/news/community-news/2026/10/popular-city-event-returns-to-the-south-cape-this-saturday/
gd-b44f8dbe04a2,gdelt_gkg_v2,news,The true crime 'nobody is talking about' rejected for TV because it's 'too disturbing' | Celebrity News | Showbiz & TV,,2026-10-09T08:30:00Z,original,,false,,https://www.express.co.uk/celebrity-news/2255210/true-crime-nobody-talking-about-rejected-tv
gd-b462340b37db,gdelt_gkg_v2,news,Annecy Sci-Fi Animation 'Pilgrims' lands at EST N8,,2026-10-09T08:30:00Z,original,,false,,https://variety.com/2026/film/markets-festivals/annecy-sci-fi-animation-pilgrims-est-n8-1236906340/
gd-b468a9f2120b,gdelt_gkg_v2,news,Ballygar garda had to hitch a lift to emergency - as his EV was running out of battery,,2026-10-09T08:30:00Z,original,,false,,https://www.shannonside.ie/news/ballygar-garda-had-to-hitch-a-lift-to-emergency-as-his-ev-was-running-out-of-battery-298723
gd-b4cec1bbbbac,gdelt_gkg_v2,news,Andhra loses Supreme Court battle over 34% Backward Classes quota in local polls,,2026-10-09T08:30:00Z,original,,false,,https://www.hindustantimes.com/india-news/andhra-loses-supreme-court-battle-over-34-backward-classes-quota-in-local-polls-101791529785726.html
gd-b58aa661559c,gdelt_gkg_v2,news,Five injured after car ploughs through Canberra massage parlour,,2026-10-09T08:30:00Z,original,,false,,https://www.theage.com.au/national/five-injured-after-car-ploughs-through-canberra-massage-parlour-20261009-p614bj.html
gd-b5cad4edda10,gdelt_gkg_v2,news,ABVP-led DUSU launches 26 student cells at DU,,2026-10-09T08:30:00Z,original,,false,,https://organiser.org/2026/10/09/385480/bharat/abvp-led-dusu-launches-26-new-cells-to-provide-a-wider-platform-for-students-talent-participation/
gd-b5ffc84d00b5,gdelt_gkg_v2,news,Supreme Court upholds Andhra Pradesh High Court judgment on BC reservations,,2026-10-09T08:30:00Z,original,,false,,https://www.thehindu.com/news/national/andhra-pradesh/supreme-court-upholds-andhra-pradesh-high-court-judgment-on-bc-reservations/article71563098.ece
gd-b64e760330e6,gdelt_gkg_v2,news,Abby's Angle: Students must embrace Appalachia beyond campus,,2026-10-09T08:30:00Z,original,,false,,https://www.thepostathens.com/article/2026/10/abby-shriver-ohio-university-appalachia-region-athens-stereotype-culture-local
gd-b71e8b617d29,gdelt_gkg_v2,news,Senior Accountant - Πάφος,,2026-10-09T08:30:00Z,original,,false,,https://cyprusnews.eu/carierista/senior-accountant-pafos/
gd-b8194900c131,gdelt_gkg_v2,news,Why did Orkut disappear? Its founder now wants to bring it back to life,,2026-10-09T08:30:00Z,original,,false,,https://www.hindustantimes.com/trending/why-did-orkut-disappear-its-founder-now-wants-to-bring-it-back-to-life-101791531267920.html
gd-b8b6c8288463,gdelt_gkg_v2,news,Land Rover and vintage autojumble event in Malvern,,2026-10-09T08:30:00Z,original,,false,,https://www.malverngazette.co.uk/news/26618362.land-rover-vintage-autojumble-event-malvern/
gd-b8f60ff7bce7,gdelt_gkg_v2,news,Supreme Court verdict: Candidates not in party registers risk disqualification —INEC,,2026-10-09T08:30:00Z,original,,false,,https://tribuneonlineng.com/supreme-court-verdict-candidates-not-in-party-registers-risk-disqualification-inec/
gd-b9239020b570,gdelt_gkg_v2,news,One person killed in collision on SR-67 Thursday morning,,2026-10-09T08:30:00Z,original,,false,,https://www.sandiegouniontribune.com/2026/10/08/one-person-killed-in-collision-on-sr-67-thursday-morning/
gd-b95559cfd74b,gdelt_gkg_v2,news,Australia's AI business opportunity lies with expansion,,2026-10-09T08:30:00Z,original,,false,,https://www.macleayargus.com.au/story/9365346/australias-ai-business-opportunity-lies-with-expansion/
gd-b95a0cf41be3,gdelt_gkg_v2,news,Ground Broken On USD's Gassen Family Fieldhouse Project | Local News,,2026-10-09T08:30:00Z,original,,false,,https://www.plaintalk.net/local_news/article_ecb06258-8b6c-484a-acba-da27027a8006.html
gd-ba1bd742a667,gdelt_gkg_v2,news,Stronger wage ladder to pursue reform,,2026-10-09T08:30:00Z,original,,false,,https://www.thestar.com.my/business/business-news/2026/10/09/stronger-wage-ladder-to-pursue-reform
gd-ba43eb8e19ac,gdelt_gkg_v2,news,"NCC shares rise 5% on securing ₹1,286 crore road project order in Telangana",,2026-10-09T08:30:00Z,original,,false,,https://www.business-standard.com/markets/news/ncc-shares-rise-5-on-securing-1-286-crore-road-project-order-in-telangana-126100900497_1.html
gd-ba8cb251021d,gdelt_gkg_v2,news,The Friday 7: Royal Greenland CEO on being the black sheep of the family,,2026-10-09T08:30:00Z,original,,false,,https://www.intrafish.com/people/the-friday-7-royal-greenland-ceo-on-being-the-black-sheep-of-the-family/2-1-2053878?zephr_sso_ott=60058S
gd-bb0458423be2,gdelt_gkg_v2,news,World Social Forum: the failure of NGOization - International Viewpoint,,2026-10-09T08:30:00Z,original,,false,,https://internationalviewpoint.org/World-Social-Forum-the-failure-of-NGOization
gd-be1b32bf3cc3,gdelt_gkg_v2,news,Moldova ready to receive new wave of Ukrainian refugees this winter – Sandu,,2026-10-09T08:30:00Z,original,,false,,https://en.interfax.com.ua/news/general/1216920.html
gd-be5eb2751a45,gdelt_gkg_v2,news,"TTSWG expands focus to five sectors as tech, telecom leaders, policy makers meet to drive innovation",,2026-10-09T08:30:00Z,original,,false,,https://tribuneonlineng.com/ttswg-expands-focus-to-five-sectors-as-tech-telecom-leaders-policy-makers-meet-to-drive-innovation/
gd-bed9927c6e67,gdelt_gkg_v2,news,New York Mayor Says Asking Trump to Withdraw ICE after Shooting,,2026-10-09T08:30:00Z,original,,false,,https://english.aawsat.com/world/5327635-new-york-mayor-says-asking-trump-withdraw-ice-after-shooting
gd-bf50f04d45ce,gdelt_gkg_v2,news,"PERM programme's suspension won't affect existing H-1B visas, clarifies MEA",,2026-10-09T08:30:00Z,original,,false,,https://www.business-standard.com/india-news/perm-programme-s-suspension-won-t-affect-existing-h-1b-visas-clarifies-mea-126100900539_1.html
gd-c07c515c140a,gdelt_gkg_v2,news,Odisha cow trafficking case: 6 get life imprisonment,,2026-10-09T08:30:00Z,original,,false,,https://organiser.org/2026/10/09/385433/bharat/odisha/odisha-court-sentences-six-to-life-in-cow-trafficking-and-police-assault-case/
gd-c0c347483613,gdelt_gkg_v2,news,Council to vote Tuesday on latest plan for church site,,2026-10-09T08:30:00Z,original,,false,,https://www.pottsmerc.com/2026/10/08/pottstown-council-to-vote-tuesday-on-latest-plan-for-church-site/
gd-c1b0743e6ba2,gdelt_gkg_v2,news,"The Yorkshire market town with canals, cosy pubs and woodland walks perfect for an autumn trip",,2026-10-09T08:30:00Z,original,,false,,https://www.manchestereveningnews.co.uk/whats-on/whats-on-news/yorkshire-market-town-canals-cosy-34738119
gd-c1e92abb3179,gdelt_gkg_v2,news,US to livestream execution of Fort Hood mass shooter in December,,2026-10-09T08:30:00Z,original,,false,,https://www.middle-east-online.com/en/us-livestream-execution-fort-hood-mass-shooter-december
gd-c27f9b505724,gdelt_gkg_v2,news,"Budget 2027: Lower income tax for RM70,000 to RM150,000 range",,2026-10-09T08:30:00Z,original,,false,,https://www.thestar.com.my/news/nation/2026/10/09/budget-2027-lower-income-tax-for-rm70000-to-rm150000-range
gd-c48c9d6c02cf,gdelt_gkg_v2,news,DOJ Sues Denver Over Law Enforcement Mask Ban,,2026-10-09T08:30:00Z,original,,false,,https://veropatriot.iheart.com/content/2026-10-09-doj-sues-denver-over-law-enforcement-mask-ban/
gd-c4b09be518b9,gdelt_gkg_v2,news,Chart-topping soft-rock duo Air Supply gets Walk of Fame star,,2026-10-09T08:30:00Z,original,,false,,https://www.dailynews.com/2026/10/08/chart-topping-soft-rock-duo-air-supply-gets-walk-of-fame-star/
gd-c4f22cc516e8,gdelt_gkg_v2,news,FinCEN's Health Care Fraud Analysis: Investigating Suspicious Flows Without Treating Suspicion As Proof - Money Laundering,,2026-10-09T08:30:00Z,original,,false,,https://www.mondaq.com:443/unitedstates/money-laundering/1853124/fincens-health-care-fraud-analysis-investigating-suspicious-flows-without-treating-suspicion-as-proof
gd-c576863ba895,gdelt_gkg_v2,news,"Noida's Jewar Airport to be renamed as Narendra Modi International Airport, UP Cabinet clears proposal",,2026-10-09T08:30:00Z,original,,false,,https://www.moneycontrol.com/news/india/noida-s-jewar-airport-to-be-renamed-as-narendra-modi-international-airport-up-cabinet-clears-proposal-14048470.html
gd-c58f107478ff,gdelt_gkg_v2,news,"Tourism continues to drive economic growth, travel receipts hit RM110.6bil in 2025",,2026-10-09T08:30:00Z,original,,false,,https://www.thestar.com.my/news/nation/2026/10/09/tourism-continues-to-drive-economic-growth-travel-receipts-hit-rm1106bil-in-2025
gd-c5c52ee256f4,gdelt_gkg_v2,news,Prison officer's Snapchat messages with Long Lartin inmate,,2026-10-09T08:30:00Z,original,,false,,https://www.malverngazette.co.uk/news/26621240.hereford-prison-officers-snapchat-messages-long-lartin-inmate/
gd-c5d205532df5,gdelt_gkg_v2,news,"Iglesias Drops Oliver Zaren Twice, Scores 7th Round Stoppage",,2026-10-09T08:30:00Z,original,,false,,https://www.boxingnews24.com/2026/10/iglesias-drops-oliver-zaren-twice-scores-7th-round-stoppage/
gd-c6e7491ebeed,gdelt_gkg_v2,news,"Bauchi: Many ADC supporters defect to APM, cite Gov Bala's achievements",,2026-10-09T08:30:00Z,original,,false,,https://tribuneonlineng.com/bauchi-many-adc-supporters-defect-to-apm-cite-gov-balas-achievements/
gd-c7649da3914d,gdelt_gkg_v2,news,Researchers Invent Modular Materials Framework for Advanced Photonic Circuits,,2026-10-09T08:30:00Z,original,,false,,https://www.azom.com/news.aspx?newsID=65905
gd-c86c0a959b1c,gdelt_gkg_v2,news,Nobel Peace Prize announcement nears as Oslo weighs 287 nominees,,2026-10-09T08:30:00Z,original,,false,,https://article.wn.com/view/2026/10/09/Nobel_Peace_Prize_announcement_nears_as_Oslo_weighs_287_nomi/
gd-c90cd3d42dd0,gdelt_gkg_v2,news,MEA says U.S. green card suspension measures do not advance shared India-U.S. ambitions,,2026-10-09T08:30:00Z,original,,false,,https://www.thehindu.com/news/national/steps-do-not-advance-shared-ambitions-of-both-countries-india-reacts-to-green-card-restrictions/article71563190.ece
gd-c92e77ee87d3,gdelt_gkg_v2,news,Taxes — hike them or hold them — become theme in B.C. election campaign – Winnipeg Free Press,,2026-10-09T08:30:00Z,original,,false,,https://www.winnipegfreepress.com/arts-and-life/life/health/2026/10/09/taxes-hike-them-or-hold-them-become-theme-in-b-c-election-campaign
gd-c9776910ac97,gdelt_gkg_v2,news,Public meeting planned for US 33 safety improvement project in Hocking County,,2026-10-09T08:30:00Z,original,,false,,http://www.athensmessenger.com/news/public-meeting-planned-for-us-33-safety-improvement-project-in-hocking-county/article_525051b8-83ce-5e85-8542-6954bb8d8305.html
gd-c9c02480d3e7,gdelt_gkg_v2,news,dstny on how telcos can capture value from AI voice,,2026-10-09T08:30:00Z,original,,false,,https://www.telecomtv.com/content/ai/dstny-on-how-telcos-can-capture-value-from-ai-voice-56418/
gd-c9ca5e5ad442,gdelt_gkg_v2,news,Man Shot Dead in Kalutara in Latest Act of Gun Violence,,2026-10-09T08:30:00Z,original,,false,,https://www.lankanewspapers.com/2026/10/09/man-shot-dead-in-kalutara-in-latest-act-of-gun-violence
gd-ca6aa20fcfa5,gdelt_gkg_v2,news,Change that's hoped to improve 4G and 5G coverage in Tenby,,2026-10-09T08:30:00Z,original,,false,,https://www.milfordmercury.co.uk/news/26618360.change-hoped-improve-4g-5g-coverage-tenby/
gd-cb8ed397fd96,gdelt_gkg_v2,news,Statesville Fire Department Offers Free Homeschool Safety Lessons,,2026-10-09T08:30:00Z,original,,false,,https://whky.com/statesville-fire-department-offers-free-homeschool-safety-lessons/
gd-cd73034ecbf8,gdelt_gkg_v2,news,"NIA, others raid 11 premises over narcotics and fake currency syndicate case in Bihar's Madhubani",,2026-10-09T08:30:00Z,original,,false,,https://www.hindustantimes.com/india-news/nia-others-raid-11-premises-over-narcotics-and-fake-currency-syndicate-case-in-bihars-madhubani-101791523495784.html
gd-cd968d04a49c,gdelt_gkg_v2,news,Harry Styles says ex-girlfriend helped him overcome fear of going out,,2026-10-09T08:30:00Z,original,,false,,https://www.nzherald.co.nz/entertainment/harry-styles-says-ex-girlfriend-helped-him-overcome-fear-of-going-out/YWQUOUVFD5C65LLVCNFLKOLQBU/
gd-cdb8d3cbca24,gdelt_gkg_v2,news,"Person shot during encounter with ICE agents in New York City, source says",,2026-10-09T08:30:00Z,original,,false,,https://keyt.com/news/national-world/cnn-national/2026/10/08/person-shot-during-encounter-with-ice-agents-in-new-york-city-source-says/
gd-cdbcb36a5b83,gdelt_gkg_v2,news,Birthday boy and US Open finalist Ben Shelton advances at the Shanghai Masters,,2026-10-09T08:30:00Z,original,,false,,"http://www.sitkasentinel.com/stories/birthday-boy-and-us-open-finalist-ben-shelton-advances-at-the-shanghai-masters,177424"
gd-cdf1439253b3,gdelt_gkg_v2,news,King Lear at the Royal Exchange: Threlfall's king is missing his crown,,2026-10-09T08:30:00Z,original,,false,,https://www.manchestereveningnews.co.uk/whats-on/arts-culture-news/king-lear-royal-exchange-threlfalls-34738546
gd-ce0a1492ad24,gdelt_gkg_v2,news,"Jill Prendergast, Director of Fractional Accounting and Advisory Services, Barnes Dennig – Q102 101.9 WKRQ-FM",,2026-10-09T08:30:00Z,original,,false,,https://www.wkrq.com/episode/jill-prendergast-director-of-fractional-accounting-and-advisory-services-barnes-dennig/
gd-ce42ebb35085,gdelt_gkg_v2,news,Kenyans gain access to Dangote Refinery through $300m Nairobi Depositary Receipts,,2026-10-09T08:30:00Z,original,,false,,https://tribuneonlineng.com/kenyans-gain-access-to-dangote-refinery-through-300m-nairobi-depositary-receipts/
gd-cf01bd4ea1bf,gdelt_gkg_v2,news,DWP warning to pensioners over companies charging fees to claim benefits,,2026-10-09T08:30:00Z,original,,false,,https://www.dailyrecord.co.uk/lifestyle/money/dwp-warning-pensioners-disability-benefits-37752357
gd-cf1d0557ce84,gdelt_gkg_v2,news,Maintenance dredging begins at Lancelin Jetty WA project,,2026-10-09T08:30:00Z,original,,false,,https://www.dredgingtoday.com/2026/10/09/maintenance-dredging-begins-at-lancelin-jetty
gd-cf8e221cb62f,gdelt_gkg_v2,news,New Polling Shows Morrisey At 31-45% Approval,,2026-10-09T08:30:00Z,original,,false,,https://www.theintelligencer.net/news/top-headlines/2026/10/new-polling-shows-morrisey-at-31-45-approval/
gd-d04fa1850a65,gdelt_gkg_v2,news,Hot Talk Radio | News and Information with Commentary and Streaming,,2026-10-09T08:30:00Z,original,,false,,https://www.hottalkradio.com/commentary/2026/10/11
gd-d057afc14a5f,gdelt_gkg_v2,news,Leeds five-month-old's symptoms were 'dismissed' as Covid for 55 hours before it was too late,,2026-10-09T08:30:00Z,original,,false,,https://www.manchestereveningnews.co.uk/news/health/leeds-five-month-olds-symptoms-34738843
gd-d0bd5101f307,gdelt_gkg_v2,news,Not every stiff and painful shoulder is frozen shoulder: Here's what persistent pain could indicate about your health,,2026-10-09T08:30:00Z,original,,false,,https://www.hindustantimes.com/lifestyle/health/not-every-stiff-and-painful-shoulder-is-frozen-shoulder-heres-what-persistent-pain-could-indicate-about-your-health-101791526537596.html
gd-d0c07b7cf0cb,gdelt_gkg_v2,news,Caucasian Knot | A fighter from Stavropol was killed in a military operation.,,2026-10-09T08:30:00Z,original,,false,,https://www.eng.kavkaz-uzel.eu/articles/79239
gd-d197f3f2c113,gdelt_gkg_v2,news,Vande Mataram seminar disrupted; FIR against 25,,2026-10-09T08:30:00Z,original,,false,,https://organiser.org/2026/10/09/385450/politics/keralam-fir-against-25-left-jihadi-students-for-disrupting-vande-mataram-seminar-addressed-by-governor-at-kcu/
gd-d1cecb680dd2,gdelt_gkg_v2,news,Trump Delays Strikes on Iran Before Midterms as Tehran Reviews Hormuz Proposal,,2026-10-09T08:30:00Z,original,,false,,https://gulfnews.com/world/mena/us-iran-war-trump-rules-out-strikes-before-midterms-as-tehran-weighs-hormuz-plan-iranian-spies-eye-us-bases-in-germany-1.500704037
gd-d21111015d34,gdelt_gkg_v2,news,'We work to pay the bills': Swiss middle class under pressure,,2026-10-09T08:30:00Z,original,,false,,https://www.swissinfo.ch/eng/best-of-srg-content/we-work-to-pay-the-bills-swiss-middle-class-under-pressure/92187464
gd-d23e7139e3ac,gdelt_gkg_v2,news,"What's on and around: Singleton, Muswellbrook and Scone districts",,2026-10-09T08:30:00Z,original,,false,,https://www.sconeadvocate.com.au/story/9365684/whats-on-and-around-singleton-muswellbrook-and-scone-districts/
gd-d275be7b6fad,gdelt_gkg_v2,news,Free Tickets to Sully Burrows!,,2026-10-09T08:30:00Z,original,,false,,https://www.kx947.fm/index.php/kx947-kxtras/free-tickets-to-sully-burrows
gd-d28d1c9ad682,gdelt_gkg_v2,news,Trump escalates anti-Somali rhetoric ahead of midterm elections,,2026-10-09T08:30:00Z,original,,false,,https://www.middle-east-online.com/en/trump-escalates-anti-somali-rhetoric-ahead-midterm-elections
gd-d330412f84f6,gdelt_gkg_v2,news,"Malaysia closes schools in several states, territories due to haze",,2026-10-09T08:30:00Z,original,,false,,http://www.pakistantelegraph.com/news/279361074/malaysia-closes-schools-in-several-states-territories-due-to-haze
gd-d364babd72ce,gdelt_gkg_v2,news,22 Kids and Counting star supported after rushing baby to hospital | TV & Radio | Showbiz & TV,,2026-10-09T08:30:00Z,original,,false,,https://www.express.co.uk/showbiz/tv-radio/2255590/22-kids-and-counting-chloe-radford-baby
gd-d3660d6d3ed9,gdelt_gkg_v2,news,Love and War: Sherman's March is heading here for 13th Charleston Film Festival,,2026-10-09T08:30:00Z,original,,false,,https://charlestoncitypaper.com/2026/10/09/love-and-war-shermans-march-is-heading-here-for-13th-charleston-film-festival/
gd-d3e771fcd77f,gdelt_gkg_v2,news,Dear Abby: The surprise party took an unpleasant turn,,2026-10-09T08:30:00Z,original,,false,,https://www.mercurynews.com/2026/10/09/dear-abby-unhappy-birthday/
gd-d514375f85e9,gdelt_gkg_v2,news,Police officer raped woman in hotel room in 80-minute ordeal,,2026-10-09T08:30:00Z,original,,false,,https://www.express.co.uk/news/uk/2255717/police-officer-raped-woman-hotel
gd-d5429a1a20cd,gdelt_gkg_v2,news,NMDC Group inaugurates 'Abu Al Bakhoush' dredger,,2026-10-09T08:30:00Z,original,,false,,http://www.bignewsnetwork.com/news/279361258/nmdc-group-inaugurates-abu-al-bakhoush-dredger
gd-d58c8256647b,gdelt_gkg_v2,news,A legacy of love: Bosom Buddies Charities celebrates 20 years,,2026-10-09T08:30:00Z,original,,false,,http://www.myeasternshoremd.com/qa/news/a-legacy-of-love-bosom-buddies-charities-celebrates-20-years/article_e569ee57-a58c-4ae7-9be1-4f80b3dc0d1d.html
gd-d6aa5eaf7753,gdelt_gkg_v2,news,U.S. Hotels Post Early October Gains as Calendar Shift Lifts Demand,,2026-10-09T08:30:00Z,original,,false,,https://www.hotelnewsresource.com/article143246.html
gd-d7208befc718,gdelt_gkg_v2,news,China and EU Trade Envoys Seek Ways to Ease Tensions over Growing Imbalances,,2026-10-09T08:30:00Z,original,,false,,https://english.aawsat.com/business/5327645-china-and-eu-trade-envoys-seek-ways-ease-tensions-over-growing-imbalances
gd-d898f3a4fa79,gdelt_gkg_v2,news,RBI likely to deliver three more rate hikes by June 2027,,2026-10-09T08:30:00Z,original,,false,,https://www.prokerala.com/news/articles/a1822302.html
gd-d8b0b9952ebd,gdelt_gkg_v2,news,India imposes 30 pct margin cap on cancer medicines prices-Xinhua,,2026-10-09T08:30:00Z,original,,false,,https://english.news.cn/20261009/e06d44212e064f2291a8c06715958b9e/c.html
gd-d976c3252117,gdelt_gkg_v2,news,'Dangerous' hurricane to bring 100mph winds as authorities 'prepare for worst',,2026-10-09T08:30:00Z,original,,false,,https://www.express.co.uk/news/world/2255713/dangerous-hurricane-isias-bring-100mph
gd-da19449026be,gdelt_gkg_v2,news,Airtel Money to debut on London Stock Exchange; biggest listing in 5 yrs,,2026-10-09T08:30:00Z,original,,false,,https://www.business-standard.com/world-news/airtel-money-to-debut-on-london-stock-exchange-biggest-listing-in-5-yrs-126100900490_1.html
gd-dab94e9414b2,gdelt_gkg_v2,news,Mini Splits Explained: Room-by-Room Heating and Cooling,,2026-10-09T08:30:00Z,original,,false,,https://www.yankton.net/online_features/home_improvement/article_c8df6a47-398e-59f2-aa42-8314c7bd8793.html
gd-db3c049db107,gdelt_gkg_v2,news,Crate Questions with JoAnn Mar,,2026-10-09T08:30:00Z,original,,false,,https://www.kalw.org/2026-10-08/crate-questions-with-joann-mar
gd-dbf0ad99c1ff,gdelt_gkg_v2,news,"Forever & Friends event to benefit Friends of Wildlife | Forever Tattoo Parlour's charity vendor market to feature food, drink — and tattoos",,2026-10-09T08:30:00Z,original,,false,,https://www.pineisland-eagle.com/news/community-news/2026/10/forever-friends-event-to-benefit-friends-of-wildlife-forever-tattoo-parlours-charity-vendor-market-to-feature-food-drink-and-tattoos/
gd-dcae3778b8a4,gdelt_gkg_v2,news,Three more bodies recovered after İstanbul building collapse,,2026-10-09T08:30:00Z,original,,false,,https://bianet.org/haber/three-more-bodies-recovered-after-istanbul-building-collapse-324247
gd-dcb8c6ff8546,gdelt_gkg_v2,news,Dayton approves $80K consultant contract for city manager search,,2026-10-09T08:30:00Z,original,,false,,https://www.daytondailynews.com/local/dayton-approves-80k-consultant-contract-for-city-manager-search/article_294cbe43-27fb-5907-a397-c16eb6f01cac.html
gd-dccab289cb84,gdelt_gkg_v2,news,Statistics Canada set to report September jobs data this morning – Winnipeg Free Press,,2026-10-09T08:30:00Z,original,,false,,https://www.winnipegfreepress.com/business/2026/10/09/statistics-canada-set-to-report-september-jobs-data-this-morning
gd-dd3640fc1a03,gdelt_gkg_v2,news,Modern farming frees China's farmers to join holiday travel boom,,2026-10-09T08:30:00Z,original,,false,,http://www.bignewsnetwork.com/news/279361254/modern-farming-frees-china-farmers-to-join-holiday-travel-boom
gd-dd476c871f80,gdelt_gkg_v2,news,Egg Shape Magnetic Stir Bar Bel-Art™ SP Scienceware™ Octagon Spinbar™ Magnetic Stir Bars In Colors Laboratory Magnetic Stirrer,,2026-10-09T08:30:00Z,original,,false,,https://roarmag.org/Scienceware-Octagon-Spinbar-Magnetic-Stir-Bars-In-Colors-b-577663
gd-dd59370a6b2e,gdelt_gkg_v2,news,The European Parliament's New China Report Rebukes Beijing Over Tibet  – Central Tibetan Administration,,2026-10-09T08:30:00Z,original,,false,,https://tibet.net/the-european-parliaments-new-china-report-rebukes-beijing-over-tibet/
gd-de3c70541ce6,gdelt_gkg_v2,news,"NTA SWAYAM July 2026: Registration begins at exams.nta.nic.in/swayam/, direct link to apply here",,2026-10-09T08:30:00Z,original,,false,,https://www.hindustantimes.com/education/competitive-exams/nta-swayam-july-2026-registration-begins-at-exams-nta-nic-in-swayam-direct-link-to-apply-here-101791532973891.html
gd-df1fe4dd3797,gdelt_gkg_v2,news,Nigeria must redesign education system for digital age — Akanbi,,2026-10-09T08:30:00Z,original,,false,,https://tribuneonlineng.com/nigeria-must-redesign-education-system-for-digital-age-akanbi/
gd-df8477fcd0d3,gdelt_gkg_v2,news,KEC Int'l: Why Kotak upgraded stock to 'Add' despite 60% fall in a year,,2026-10-09T08:30:00Z,original,,false,,https://www.business-standard.com/markets/news/kec-institutional-why-kotak-upgraded-stock-to-add-despite-60-fall-in-a-year-126100900496_1.html
gd-df9581a98a2c,gdelt_gkg_v2,news,"Two MACC officers, ex-colleague ordered to enter defence in gang robbery case",,2026-10-09T08:30:00Z,original,,false,,https://www.thestar.com.my/news/nation/2026/10/09/two-macc-officers-ex-colleague-ordered-to-enter-defence-in-gang-robbery-case
gd-df9c1e524a59,gdelt_gkg_v2,news,"Affordability, farming, fraud and healthcare",,2026-10-09T08:30:00Z,original,,false,,https://www.nujournal.com/news/local-news/2026/10/09/affordability-farming-fraud-and-healthcare/
gd-dfd9cce31a16,gdelt_gkg_v2,news,David Wayne Fish: A Marketing Specialist's Path Through Health and Wellness Consulting,,2026-10-09T08:30:00Z,original,,false,,https://bmmagazine.co.uk/business/david-wayne-fish-a-marketing-specialists-path-through-health-and-wellness-consulting/
gd-e12127e1e161,gdelt_gkg_v2,news,Hyderabad police commissioner urges Jr NTR to also take note of his fans spreading AI-generated images,,2026-10-09T08:30:00Z,original,,false,,https://www.hindustantimes.com/entertainment/telugu-cinema/hyderabad-police-commissioner-urges-jr-ntr-to-take-note-of-his-fans-spreading-ai-generated-images-101791529909025.html
gd-e12fe98654f9,gdelt_gkg_v2,news,Dolly Parton returns with heartbreaking posthumous message,,2026-10-09T08:30:00Z,original,,false,,http://www.femalefirst.co.uk/celebrity/dolly-parton-returns-heartbreaking-posthumous-message-1451868.html
gd-e1866029c34d,gdelt_gkg_v2,news,"'Small contribution': Mayor defends $20,000 fee for children's swim program",,2026-10-09T08:30:00Z,original,,false,,https://www.6pr.com.au/small-contribution-mayor-defends-20000-fee-for-childrens-swim-program/
gd-e1ae5a9eee49,gdelt_gkg_v2,news,Idina Menzel 'saved' by work amid Taye Diggs split,,2026-10-09T08:30:00Z,original,,false,,http://www.femalefirst.co.uk/celebrity/idina-menzel-saved-work-amid-taye-diggs-split-1451870.html
gd-e29673e3408d,gdelt_gkg_v2,news,Community devastated as 'beloved' young jockey dies days after 16th birthday,,2026-10-09T08:30:00Z,original,,false,,https://www.dailyrecord.co.uk/news/uk-world-news/community-devastated-beloved-young-jockey-37752574
gd-e2b9124a976a,gdelt_gkg_v2,news,Even the Pope thinks AI is getting a bit much,,2026-10-09T08:30:00Z,original,,false,,https://www.thestar.com.my/lifestyle/entertainment/2026/10/07/commentary-even-the-pope-thinks-ai-is-getting-a-bit-much
gd-e2cf9d8cc9d3,gdelt_gkg_v2,news,HCLTech only Indian firm on Forbes' top 50 companies for women list,,2026-10-09T08:30:00Z,original,,false,,https://www.hindustantimes.com/trending/hcltech-only-indian-firm-on-forbes-top-50-companies-for-women-list-101791532333763.html
gd-e321cce6b971,gdelt_gkg_v2,news,"Alberta seeks studies on future water needs, infrastructure costs - DiscoverAirdrie.com - Local News, Weather, Sports, and Job Listings for Airdrie, Alberta, and the Rocky View County region.",,2026-10-09T08:30:00Z,original,,false,,https://discoverairdrie.com/articles/alberta-seeks-studies-on-future-water-needs-infrastructure-costs
gd-e484b28b9a5a,gdelt_gkg_v2,news,Ball Joints Upper And Lower Kit SIZZER Front Upper Lower Control Arms W/Ball Joint Assembly 2005 Dodge Ram 1500,,2026-10-09T08:30:00Z,original,,false,,https://roarmag.org/Control-Arms-W-Ball-Joint-Assembly-b-879048
gd-e4923a2ff810,gdelt_gkg_v2,news,Can Kemi ever become PM without doing a deal with Farage? | Politics | News,,2026-10-09T08:30:00Z,original,,false,,https://www.express.co.uk/news/politics/2255571/can-kemi-ever-become-pm
gd-e4a4c23edaa9,gdelt_gkg_v2,news,"India, ASEAN review AITIGA progress in Jakarta; next meet in Jan 2027",,2026-10-09T08:30:00Z,original,,false,,https://www.prokerala.com/news/articles/a1822304.html
gd-e5a746017d96,gdelt_gkg_v2,news,Raccoon Theology: Have you counted the cost lately?,,2026-10-09T08:30:00Z,original,,false,,http://www.wataugademocrat.com/columns/raccoon-theology-have-you-counted-the-cost-lately/article_ec898721-592f-4874-9be8-7a19baf7bbfe.html
gd-e60391224ed2,gdelt_gkg_v2,news,"El-Sayed, Rogers Clash In Michigan Senate Debate | NewsRadio 104.9 WBUV",,2026-10-09T08:30:00Z,original,,false,,https://newsradio1049.iheart.com/content/2026-10-09-el-sayed-rogers-clash-in-michigan-senate-debate/
gd-e6272ac0770d,gdelt_gkg_v2,news,Thom Yorke suffered 'self-confidence crash' after Radiohead reunion,,2026-10-09T08:30:00Z,original,,false,,http://www.femalefirst.co.uk/music/musicnews/thom-yorke-suffered-self-confidence-crash-after-radiohead-reunion-1451862.html
gd-e68544cbd6ec,gdelt_gkg_v2,news,"Plane hit, pilot killed: Riyadh airport attacks by Houthi kill three, damages Saudia aircraft",,2026-10-09T08:30:00Z,original,,false,,https://timesofindia.indiatimes.com/india/plane-hit-pilot-killed-riyadh-airport-attacks-by-houthi-kill-three-damages-saudia-aircraft/articleshow/134823391.cms
gd-e6aef115ae78,gdelt_gkg_v2,news,"Malvern death notices, tributes and funeral announcements",,2026-10-09T08:30:00Z,original,,false,,https://www.malverngazette.co.uk/news/26606384.malvern-death-notices-tributes-funeral-announcements/
gd-e7cf0dc97117,gdelt_gkg_v2,news,'Don't worry about PERM': Former HCL tech CEO Vinnet Nayyar explains why Trump admin's action against 'indentured servants' will help Indian techies than hurt,,2026-10-09T08:30:00Z,original,,false,,https://economictimes.indiatimes.com/news/new-updates/dont-worry-about-perm-former-hcl-tech-ceo-vinnet-nayyar-explains-why-trump-admins-action-against-indentured-servants-will-help-indian-techies-than-hurt/articleshow/134821975.cms
gd-e9597efecc80,gdelt_gkg_v2,news,2500 Hd Brakes Radiator Coolant Hose-Lower For 2001-2002 Chevrolet Silverado 2500 HD 8 Brake Master Cylinder Replacement,,2026-10-09T08:30:00Z,original,,false,,https://roarmag.org/For-2001-2002-Chevrolet-Silverado-2500-HD-b-852104
gd-e999ddefb460,gdelt_gkg_v2,news,New York Rebate Checks Are Now Arriving In Mailboxes,,2026-10-09T08:30:00Z,original,,false,,https://wsrkfm.com/ixp/854/p/new-york-rebate-checks-are-starting-to-arrive-in-mailboxes/
gd-ea0b02110d49,gdelt_gkg_v2,news,80-year-old inspired by amputee Islander to take on half-marathon,,2026-10-09T08:30:00Z,original,,false,,https://jerseyeveningpost.com/news/2026/10/09/80-year-old-inspired-by-amputee-islander-to-take-on-half-marathon/
gd-ea1cae09ce89,gdelt_gkg_v2,news,France considers military options to protect Saudi oil exports,,2026-10-09T08:30:00Z,original,,false,,https://www.middle-east-online.com/en/france-considers-military-options-protect-saudi-oil-exports
gd-ea44733f44ca,gdelt_gkg_v2,news,"Expired products, unhygienic conditions: Karnataka FDA uncovers violations at several ice cream units",,2026-10-09T08:30:00Z,original,,false,,https://www.hindustantimes.com/india-news/expired-products-unhygienic-conditions-karnataka-fda-uncovers-violations-at-several-ice-cream-units-101791530640560.html
gd-ea6dbaa0795b,gdelt_gkg_v2,news,U Mobile and Telenor Linx launch SIM-based number verification,,2026-10-09T08:30:00Z,original,,false,,https://www.developingtelecoms.com/telecom-technology/cybersecurity/20943-u-mobile-and-telenor-linx-launch-sim-based-number-verification.html
gd-ea847aa2e8fd,gdelt_gkg_v2,news,Agentic Frameworks Automate Battery Sample Imaging From Acquisition to Analysis,,2026-10-09T08:30:00Z,original,,false,,https://www.azom.com/news.aspx?newsID=65908
gd-ea8b4442659e,gdelt_gkg_v2,news,Gonzales questions if citizens getting value for money spent by TTPS,,2026-10-09T08:30:00Z,original,,false,,https://www.guardian.co.tt/news/gonzales-questions-if-citizens-getting-value-for-money-spent-by-ttps-6.2.2685037.903e22cf71
gd-eb4d72a9784a,gdelt_gkg_v2,news,'Chaotic': man charged with city-centre carjacking,,2026-10-09T08:30:00Z,original,,false,,https://www.muswellbrookchronicle.com.au/story/9365752/chaotic-man-charged-with-city-centre-carjacking/
gd-eb7ff1349bfe,gdelt_gkg_v2,news,Alia Bhatt-inspired jewellery pieces you can shop during Amazon Great Indian Festival,,2026-10-09T08:30:00Z,original,,false,,https://www.hindustantimes.com/lifestyle/fashion/alia-bhatt-inspired-jewellery-pieces-you-can-shop-during-amazon-great-indian-festival-101791525600252.html
gd-eb95baeda0fc,gdelt_gkg_v2,news,Vodacom South Africa and SmartOps launch e-hailing ecosystem,,2026-10-09T08:30:00Z,original,,false,,https://www.developingtelecoms.com/telecom-technology/enterprise-ecosystems/20944-vodacom-south-africa-and-smartops-launch-e-hailing-ecosystem.html
gd-ebd184ecceaa,gdelt_gkg_v2,news,Man shot and wounded by ICE agents during operation in New York City while in car with 5-year-old,,2026-10-09T08:30:00Z,original,,false,,https://keyt.com/news/national-world/cnn-national/2026/10/08/person-shot-during-encounter-with-federal-agents-in-new-york-city-nypd-says/
gd-eca87fee303c,gdelt_gkg_v2,news,Glasgow archdiocese to halve number of parishes,,2026-10-09T08:30:00Z,original,,false,,https://thecatholicherald.com/article/glasgow-archdiocese-to-halve-number-of-parishes
gd-ecccf566d124,gdelt_gkg_v2,news,Scarecrows Go Back Up at Historic Cockayne Farmstead Oct. 12,,2026-10-09T08:30:00Z,original,,false,,https://www.theintelligencer.net/news/community/2026/10/scarecrow-lane-exhibit-competition-slated-at-historic-cockayne-farmstead/
gd-ecf97d71209b,gdelt_gkg_v2,news,Sikyong Penpa Tsering Engages with Tibetan Youth and Students in Switzerland – Central Tibetan Administration,,2026-10-09T08:30:00Z,original,,false,,https://tibet.net/sikyong-penpa-tsering-engages-with-tibetan-youth-and-students-in-switzerland/
gd-ed5278b73a04,gdelt_gkg_v2,news,Why compassion remains central to faith and community life | Community,,2026-10-09T08:30:00Z,original,,false,,http://www.wataugademocrat.com/community/the-timely-truth-for-this-week-is-change/article_27fc2a6c-0227-46b2-8d57-17246cf1dcda.html
gd-eeb827c9da8d,gdelt_gkg_v2,news,Coordination Polymer Achieves Ultra-Sensitive Fifty-One Nanomolar Detection Limit,,2026-10-09T08:30:00Z,original,,false,,https://www.azom.com/news.aspx?newsID=65910
gd-ef60d82f8969,gdelt_gkg_v2,news,The moment Ringo Starr found out John Lennon had been shot | Music | Entertainment,,2026-10-09T08:30:00Z,original,,false,,https://www.express.co.uk/entertainment/music/2254635/ringo-starr-s-emotional-moment-he-found-out-about-john-lennon-s-death
gd-ef9987818c20,gdelt_gkg_v2,news,"Informa to Buy Clarion for £2.24B, Plans Taylor & Francis Separation",,2026-10-09T08:30:00Z,original,,false,,https://www.themarketsdaily.com/2026/10/09/informa-to-buy-clarion-for-2-24b-plans-taylor-francis-separation.html
gd-ef9fca9268a5,gdelt_gkg_v2,news,Australian Opposition vows biggest immigration cut: What the plan proposes,,2026-10-09T08:30:00Z,original,,false,,https://www.business-standard.com/immigration/australian-opposition-vows-biggest-immigration-cut-what-the-plan-proposes-126100900522_1.html
gd-f02de5d8c00b,gdelt_gkg_v2,news,"Singapore, Mongolia to open applications for carbon credit projects",,2026-10-09T08:30:00Z,original,,false,,http://www.singaporestar.com/news/279360920/singapore-mongolia-to-open-applications-for-carbon-credit-projects
gd-f04d2a351319,gdelt_gkg_v2,news,"CM Lalduhoma urges non-Mizo AIS officers to learn local language, culture",,2026-10-09T08:30:00Z,original,,false,,https://www.hindustantimes.com/india-news/cm-lalduhoma-urges-non-mizo-ais-officers-to-learn-local-language-culture-101791532127223.html
gd-f09ff68b8b68,gdelt_gkg_v2,news,Germany: VSB begins construction of Liethe-Lehmden repowering wind farm in Lower Saxony,,2026-10-09T08:30:00Z,original,,false,,https://www.energy-pedia.com/news/germany/vsb-begins-construction-of-liethe-lehmden-repowering-wind-farm-in-lower-saxony-205607
gd-f0a578f9d1ba,gdelt_gkg_v2,news,"Zara feared worse bullying if mother confronted, court hears",,2026-10-09T08:30:00Z,original,,false,,https://www.malaysiakini.com/news/886656-zara-feared-worse-bullying-if-mother-confronted-seniors-court-hears
gd-f0b940421744,gdelt_gkg_v2,news,EPF withdrawal: Form 121 replaces Forms 15G and 15H for TDS exemption from tax year 2026-27,,2026-10-09T08:30:00Z,original,,false,,https://www.moneycontrol.com/news/business/personal-finance/epf-withdrawal-form-121-replaces-forms-15g-and-15h-for-tds-exemption-from-tax-year-2026-27-14048482.html
gd-f14411b1d764,gdelt_gkg_v2,news,Man Charged With DWI And Hit-And-Run Involving Property Damage,,2026-10-09T08:30:00Z,original,,false,,https://whky.com/man-charged-with-dwi-and-hit-and-run-involving-property-damage/
gd-f187dde29835,gdelt_gkg_v2,news,"Insider Selling: Synopsys (NASDAQ:SNPS) CFO Sells $1,454,340.00 in Stock",,2026-10-09T08:30:00Z,original,,false,,https://www.themarketsdaily.com/2026/10/09/insider-selling-synopsys-nasdaqsnps-cfo-sells-1454340-00-in-stock.html
gd-f1a867bba698,gdelt_gkg_v2,news,AI-Produced Series 'Space Nation' and 'Kira' to Premiere at Mipcom,,2026-10-09T08:30:00Z,original,,false,,https://variety.com/2026/tv/global/ai-space-nation-kira-mipcom-1236905523/
gd-f56aae42034a,gdelt_gkg_v2,news,Switzerland resigned to spread of invasive raccoons,,2026-10-09T08:30:00Z,original,,false,,https://www.swissinfo.ch/eng/various/that-cute-raccoon-is-unlikely-to-be-stopped-even-in-zurich/92190209
gd-f5bbd22e5b0f,gdelt_gkg_v2,news,City To Hold Information Meeting On Data Centers,,2026-10-09T08:30:00Z,original,,false,,https://www.plaintalk.net/local_news/article_37db829d-7527-48a6-97ee-7693dadd6a29.html
gd-f731fcc400ca,gdelt_gkg_v2,news,Update On ICE Shooting In New York City | KOA 850 AM & 94.1 FM,,2026-10-09T08:30:00Z,original,,false,,https://koacolorado.iheart.com/content/2026-10-08-update-on-ice-shooting-in-new-york-city/
gd-f83ca3f31003,gdelt_gkg_v2,news,Late payments cost Britain £11bn a year. But getting paid on time is only half the problem,,2026-10-09T08:30:00Z,original,,false,,https://bmmagazine.co.uk/business/late-payments-cost-britain-11bn-a-year-but-getting-paid-on-time-is-only-half-the-problem/
gd-f8eb7b931bba,gdelt_gkg_v2,news,"Silver may trade at $58-$61 as dollar, yields weigh, says Mirae Asset",,2026-10-09T08:30:00Z,original,,false,,https://www.business-standard.com/markets/news/silver-may-trade-at-58-61-as-dollar-yields-weigh-says-mirae-asset-126100900471_1.html
gd-f9983a8ee0c2,gdelt_gkg_v2,news,Death to (Bad) Sections | The Harvard Crimson,,2026-10-09T08:30:00Z,original,,false,,https://www.thecrimson.com/article/2026/10/9/alamgir-harvard-sections/
gd-fa00c499f0a8,gdelt_gkg_v2,news,Osleys Iglesias Batters Oliver Zaren Into Seventh-Round Stoppage,,2026-10-09T08:30:00Z,original,,false,,https://www.boxingnews24.com/2026/10/osleys-iglesias-batters-oliver-zaren-into-seventh-round-stoppage/
gd-fa0c7367e239,gdelt_gkg_v2,news,Ousted B.C. Conservative candidate Joachim Agou apologizes for posts deemed racist – Winnipeg Free Press,,2026-10-09T08:30:00Z,original,,false,,https://www.winnipegfreepress.com/uncategorized/2026/10/09/ousted-b-c-conservative-candidate-joachim-agou-apologizes-for-posts-deemed-racist
gd-fa19d46245b2,gdelt_gkg_v2,news,Update On ICE Shooting In New York City | NewsRadio 104.9 WBUV,,2026-10-09T08:30:00Z,original,,false,,https://newsradio1049.iheart.com/content/2026-10-08-update-on-ice-shooting-in-new-york-city/
gd-fa29d7a81cf7,gdelt_gkg_v2,news,Google and environmental group to question Hydro-Québec consultants on data centres – Winnipeg Free Press,,2026-10-09T08:30:00Z,original,,false,,https://www.winnipegfreepress.com/arts-and-life/life/greenpage/2026/10/09/google-and-environmental-group-to-question-hydro-quebec-consultants-on-data-centres
gd-fb0f99333992,gdelt_gkg_v2,news,RSPCA appeals for adopters as centres come under strain,,2026-10-09T08:30:00Z,original,,false,,https://www.basingstokegazette.co.uk/news/26611665.rspca-appeals-adopters-centres-come-strain/
gd-fb5788767afe,gdelt_gkg_v2,news,Moms on a Mission holds forum to connect domestic violence survivors with resources,,2026-10-09T08:30:00Z,original,,false,,https://www.ksla.com/2026/10/09/group-hosts-domestic-violence-forum-shreveport-calls-hit-five-year-high/
gd-fccaa7053f79,gdelt_gkg_v2,news,Woman given wrong blood after accident; hospital's unusual defence fails before consumer panel,,2026-10-09T08:30:00Z,original,,false,,https://timesofindia.indiatimes.com/legal/news/woman-given-wrong-blood-after-accident-hospitals-unusual-defence-fails-before-consumer-panel/articleshow/134814434.cms
gd-fcdfa2b331ae,gdelt_gkg_v2,news,It was a High-Seas Chase in Chiriquí Panama Like in Action Movies.,,2026-10-09T08:30:00Z,original,,false,,https://newsroompanama.com/2026/10/08/it-was-a-high-seas-chase-in-chiriqui-panama-like-in-action-movies/
gd-fcff06a1c4bc,gdelt_gkg_v2,news,'Rahul Gandhi's supporters thrashed me': Srinagar man alleges assault at Delhi protest,,2026-10-09T08:30:00Z,original,,false,,https://www.moneycontrol.com/news/india/rahul-gandhi-s-supporters-thrashed-me-srinagar-man-alleges-assault-at-delhi-protest-14048464.html
gd-fd5bbfb7f3cd,gdelt_gkg_v2,news,Alli campaign council condemns attacks on Oyo APC candidates,,2026-10-09T08:30:00Z,original,,false,,https://tribuneonlineng.com/alli-campaign-council-condemns-attacks-on-oyo-apc-candidates/
gd-fd765c8b8422,gdelt_gkg_v2,news,Peter Petrov Dances Himself | The Harvard Crimson,,2026-10-09T08:30:00Z,original,,false,,https://www.thecrimson.com/article/2026/10/8/Peter-Petrov-Bulgarian-folk-dance/
gd-fde5d1245071,gdelt_gkg_v2,news,"BB 20: Gullu body-shames Aamrapali Dubey, compares her to 'Motu Patlu' characters",,2026-10-09T08:30:00Z,original,,false,,https://www.prokerala.com/news/articles/a1822294.html
gd-ffc72f177999,gdelt_gkg_v2,news,Gogglebox's Steph and Dom Parker now after exit from tragic death to new career,,2026-10-09T08:30:00Z,original,,false,,https://www.manchestereveningnews.co.uk/news/showbiz-news/goggleboxs-steph-dom-parker-now-34738906
gd-ffd7281de42e,gdelt_gkg_v2,news,Italy's RAI Inks Major Deal for Female-Led Titles Ahead of Mipcom,,2026-10-09T08:30:00Z,original,,false,,https://variety.com/2026/tv/global/italy-rai-beta-film-barton-vet-mozart-mozart-mipcom-1236905546/
gd-ffe5397416d4,gdelt_gkg_v2,news,"Supreme Court summons CJP, student organisations at 2pm today amid row over Delhi curbs",,2026-10-09T08:30:00Z,original,,false,,https://www.hindustantimes.com/india-news/delhi-jantar-mantar-cjp-protests-police-security-news-cec-gyanesh-kumar-101791532452764.html
