record_id,accession,company,file_date,item,label,text,url
sec-2ca4555b559b,0000045012-24-000052,HALLIBURTON CO  (HAL),2024-09-03,1.05,CYBER,"As previously disclosed in a Current Report on Form 8-K, on August 21, 2024, Halliburton Company (the “Company”) became aware that an unauthorized third party gained access to certain of its systems. When it learned of the issue, the Company activated its cybersecurity response plan and launched an investigation internally with the support of external advisors to assess and remediate the unauthorized activity.",https://www.sec.gov/Archives/edgar/data/45012/000004501224000052/hal-20240830.htm
sec-a82ea4e5bbf0,0000096313-05-000022,AVALON DIGITAL MARKETING SYSTEMS INC,2005-01-14,1.03,CREDIT,"On September 5, 2003, Avalon Digital Marketing Systems, Inc., a Delaware corporation (the ""Company""), filed a voluntary petition under Chapter 11 of the United States Bankruptcy Code (the ""Bankruptcy Code"").",https://www.sec.gov/Archives/edgar/data/1095792/000009631305000022/avalon8k.txt
sec-551c0f317de3,0000105770-26-000068,WEST PHARMACEUTICAL SERVICES INC  (WST),2026-05-11,1.05,CYBER,"On May 7, 2026, West Pharmaceutical Services, Inc. (the “Company”) determined that the Company has experienced a material cybersecurity attack, in which certain data was exfiltrated by an unauthorized party and certain systems were encrypted.",https://www.sec.gov/Archives/edgar/data/105770/000010577026000068/wst-20260507.htm
sec-fe0619ed789d,0000105770-26-000077,WEST PHARMACEUTICAL SERVICES INC  (WST),2026-05-20,1.05,CYBER,"As previously disclosed in the Original Report, the Company determined on May 7, 2026 that the Company had experienced a material cybersecurity attack, in which certain data was exfiltrated by an unauthorized party and certain systems were encrypted.",https://www.sec.gov/Archives/edgar/data/105770/000010577026000077/wst-20260507.htm
sec-57784d57bda0,0000719733-24-000015,KEY TRONIC CORP  (KTCC),2024-05-10,1.05,CYBER,"On May 6, 2024, Key Tronic Corporation (the “Company”) detected unauthorized third party access to portions of its information technology (“IT”) systems. Upon detection of this outside threat, the Company activated its cyber incident procedure to investigate, contain, and remediate the incident, including beginning an investigation with external cybersecurity experts and notifying law enforcement.",https://www.sec.gov/Archives/edgar/data/719733/000071973324000015/ktcc-20240506.htm
sec-fe56489d7fb9,0000719733-24-000035,KEY TRONIC CORP  (KTCC),2024-06-14,1.05,CYBER,"As disclosed in the Original Report, on May 6, 2024, the Company detected unauthorized third party access to portions of its information technology (“IT”) systems (the “cybersecurity incident”).",https://www.sec.gov/Archives/edgar/data/719733/000071973324000035/ktcc-20240506.htm
sec-3cbaf2561414,0000719733-24-000047,KEY TRONIC CORP  (KTCC),2024-08-06,1.05,CYBER,"As previously disclosed in the Original Report, on May 6, 2024, the Company detected unauthorized third party access to portions of its information technology (“IT”) systems (the “cybersecurity incident”).",https://www.sec.gov/Archives/edgar/data/719733/000071973324000047/ktcc-20240506.htm
sec-abc659b4d274,0000727634-04-000021,COMMUNICATION INTELLIGENCE CORP  (ISGN),2004-11-10,2.04,CREDIT,"On November 8, 2004, the Company paid $3.5 million to Cornell Capital Partners LLC in satisfaction of a note in the same amount. The payment was required under certain provisions of a Note and Warrant Purchase Agreement between the Company and the Purchasers identified therein dated October 28, 2004, which closed on November 2, 2004.",https://www.sec.gov/Archives/edgar/data/727634/000072763404000021/fr8kcornelloanpmt.txt
sec-9dd3eed37937,0000732717-24-000046,"AT&T INC.  (T, TBB, TBC, T-PA, T-PC)",2024-07-12,1.05,CYBER,"On April 19, 2024, AT&T Inc. (“AT&T”) learned that a threat actor claimed to have unlawfully accessed and copied AT&T call logs. AT&T immediately activated its incident response process to investigate and retained external cybersecurity experts to assist.",https://www.sec.gov/Archives/edgar/data/732717/000073271724000046/t-20240506.htm
sec-3cd9d5c49f10,0000797542-04-000005,ZAXIS INTERNATIONAL INC  (VBIX),2004-12-08,1.03,CREDIT,"Back to Zaxis International Inc., a Delaware corporation, is sometimes referred to herein as ""we"", ""us"", ""our"", ""Company"" and the ""Registrant"". On November 6, 2002, the Registrant filed a voluntary Chapter 7 petition under the U.S. Bankruptcy Code in the U.S. Bankruptcy Court Northern District of Ohio (case no. 02-55160).",https://www.sec.gov/Archives/edgar/data/797542/000079754204000005/form-8k.htm
sec-ffab28dbbb34,0000841501-09-000006,OWENS MORTGAGE INVESTMENT FUND A CALIF LTD PARTNERSHIP,2009-03-13,2.04,CREDIT,"On March 10, 2009, on the basis of preliminary unaudited financial information, Owens Mortgage Investment Fund, a California limited partnership (the “Partnership”), completed and sent a Form of Compliance Certificate to California Bank & Trust (the “Agent”), as required by the Credit Agreement by and among the Partnership, the Agent and the Lenders parties thereto dated as of August 31, 2001, as modified to date (the “Credit Agreement”).",https://www.sec.gov/Archives/edgar/data/841501/000084150109000006/omif8k0309.htm
sec-af2f546457ad,0000841501-09-000034,OWENS MORTGAGE INVESTMENT FUND A CALIF LTD PARTNERSHIP,2009-08-10,2.04,CREDIT,"Owens Mortgage Investment Fund, a California Limited Partnership (“the Partnership”) has a line of credit agreement with a group of banks (“the Lenders”), which provides interim financing on mortgage loans invested in by the Partnership. All assets of the Partnership are pledged as security for the line of credit. The line of credit is guaranteed by Owens Financial Group, Inc., the General Partner of the Partnership.",https://www.sec.gov/Archives/edgar/data/841501/000084150109000034/omif8k0809.htm
sec-d0d514eb37f6,0000841501-10-000011,OWENS MORTGAGE INVESTMENT FUND A CALIF LTD PARTNERSHIP,2010-06-21,2.04,CREDIT,"Forbearance as to Credit Agreement of Owens Mortgage Investment Fund Owens Mortgage Investment Fund, a California Limited Partnership (“the Partnership”), has a line of credit agreement with a group of banks (“the Lenders”) that previously provided interim financing on mortgage loans invested in by the Partnership. All assets of the Partnership are pledged as security for the line of credit.",https://www.sec.gov/Archives/edgar/data/841501/000084150110000011/form8k062110.htm
sec-3101cb49276c,0000885725-26-000059,BOSTON SCIENTIFIC CORP  (BSX),2026-09-08,1.05,CYBER,"As previously disclosed in a Current Report on Form 8-K filed on August 26, 2026 with the Securities and Exchange Commission, on August 25, 2026, Boston Scientific Corporation (the “ Company ”) identified a cybersecurity incident that affected certain of its information technology systems and resulted in a global disruption to the Company’s operations.",https://www.sec.gov/Archives/edgar/data/885725/000088572526000059/bsx-20260907.htm
sec-cedfdef4ba5a,0000891020-05-000318,ESTERLINE TECHNOLOGIES CORP,2005-11-18,2.04,CREDIT,"On November 15, 2005, the Company exercised its option under the terms of the Note Purchase Agreement, dated as of November 1, 1998, among the Company, certain subsidiaries of the Company and various purchasers (the “Purchase Agreement”) to prepay the outstanding principal amount of $40,000,000 of the 6.77% Senior Notes, Series C, due November 15, 2008 (the “Series C Notes”).",https://www.sec.gov/Archives/edgar/data/33619/000089102005000318/v14686e8vk.htm
sec-aaa29678135d,0000891092-07-005433,DELTA FINANCIAL CORP,2007-12-17,1.03,CREDIT,"On December 17, 2007, the Registrant and its principal operating subsidiaries filed voluntary petitions for relief under Chapter 11 of the U.S. Bankruptcy Code with the United States Bankruptcy Court for the District of Delaware (the ""Bankruptcy Court""). These subsidiaries include Delta Funding Corporation, Renaissance Mortgage Acceptance Corporation and Renaissance REIT Investment Corporation.",https://www.sec.gov/Archives/edgar/data/1021848/000089109207005433/e29567_8k.txt
sec-4f27d7560241,0000891618-05-000168,FIRST VIRTUAL COMMUNICATIONS INC,2005-02-18,1.03,CREDIT,"At a hearing held on February 14, 2005 in the United States Bankruptcy Court for the Northern District of California, the Bankruptcy Court granted final approval for the Company’s debtor-in-possession financing in the amount of up to $2 million (the “Financing”), the agreement (the “Cash Collateral Agreement”) with the Company’s existing bank lender regarding continued access to working capital and the procedures (the “Bidding Procedures”) for interested parties to submit proposals in connection with the Company’s restructuring efforts, including, but not limited to, higher or better proposals to compete with the",https://www.sec.gov/Archives/edgar/data/920317/000089161805000168/f06016e8vk.htm
sec-f810e47378e7,0000891618-05-000198,FIRST VIRTUAL COMMUNICATIONS INC,2005-03-04,1.03,CREDIT,"On February 23, 2005, the Bankruptcy Court entered a final order approving procedures (the “Bidding Procedures”) for interested parties to submit proposals in connection with the Company’s restructuring efforts, including, but not limited to, higher or better proposals to compete with the asset purchase agreement (the “Lender Group Purchase Agreement”) dated as of February 12, 2005 among the Company and an investment partnership led by Millennium Technology Value Partners, L.P., a New York-based private equity fund (“Millennium”), Silicon Valley Bank and Morrison & Foerster LLP (together with Silicon Valley Bank",https://www.sec.gov/Archives/edgar/data/920317/000089161805000198/f06466e8vk.htm
sec-2db672b378b9,0000891618-07-000142,FINISAR CORP,2007-03-07,2.04,CREDIT,"On January 4, 2007 and January 10, 2007, Finisar Corporation (the “Company”) filed current reports on Form 8-K and 8-K/A, respectively, reporting that the Company had received three substantially identical purported notices of default (the “Notices”) from U.S.",https://www.sec.gov/Archives/edgar/data/1094739/000089161807000142/f28139e8vk.htm
sec-684e7bf1a17f,0000893220-04-002072,SAFEGUARD SCIENTIFICS INC  (SFES),2004-10-05,2.04,CREDIT,"On September 30, 2004, Safeguard Delaware, Inc. (“SDI”) and Safeguard Scientifics (Delaware), Inc. (“SSDI”), both subsidiaries of Safeguard Scientifics, Inc. (“Safeguard”), entered into the Fourth Amendment to Loan Agreement dated as of May 10, 2002, as amended (as so amended, the “Agreement”), by and among Comerica Bank, successor by merger to Comerica Bank - California (“Bank”), SDI and SSDI.",https://www.sec.gov/Archives/edgar/data/86115/000089322004002072/w03240e8vk.htm
sec-c4bd948d9721,0000893220-04-002075,SAFEGUARD SCIENTIFICS INC  (SFES),2004-10-05,2.04,CREDIT,"In connection with the consummation of the CompuCom merger: (a) within 10 business days of October 1, 2004, Safeguard will utilize approximately $17.4 million of the proceeds received by Safeguard to escrow interest payments through March 15, 2009, on Safeguard’s 2.625% convertible senior debentures with a stated maturity of 2024 pursuant to the terms of the 2024 debentures; and (b) within 12 months of October 1, 2004, Safeguard will utilize approximately $54.8 million of the proceeds received by Safeguard to retire Safeguard’s 5% convertible subordinated notes due 2006 pursuant to the terms of",https://www.sec.gov/Archives/edgar/data/86115/000089322004002075/w03244e8vk.htm
sec-48377a236a34,0000893220-05-001824,SAFEGUARD SCIENTIFICS INC  (SFES),2005-08-04,2.04,CREDIT,"On August 1, 2005, Safeguard Delaware, Inc. (“SDI”) and Safeguard Scientifics (Delaware), Inc. (“SSDI”), both subsidiaries of the Registrant, entered into the Sixth Amendment (the “Amendment”) to Loan Agreement dated as of May 10, 2002, as amended, by and among Comerica Bank, successor by merger to Comerica Bank — California (“Comerica”), SDI and SSDI.",https://www.sec.gov/Archives/edgar/data/86115/000089322005001824/w11553e8vk.htm
sec-26b99015ccbd,0000895345-05-000642,NTL INC,2005-06-17,2.04,CREDIT,"On June 15, 2005, NTL Cable PLC (the “Issuer”), an indirect, wholly owned subsidiary of NTL Incorporated, gave notice of the redemption of all of its $100,000,000 of floating rate senior notes due 2012 (the “Notes”), CUSIP No. 62941FAF5, ISIN No. US62941FAF53 and Common Code No. 021787345.",https://www.sec.gov/Archives/edgar/data/906347/000089534505000642/jb8k_ntl.htm
sec-a9d5094accdb,0000903423-09-000034,APEX SILVER MINES LTD  (AUMN),2009-01-13,1.03,CREDIT,"On January 12, 2009, Apex Silver Mines Limited (the “Company”) and its wholly owned subsidiary, Apex Silver Mines Corporation (“ASMC”), filed voluntary petitions for reorganization relief under Chapter 11 of the United States Bankruptcy Code (the “Bankruptcy Code”) in the United States Bankruptcy Court for the Southern District of New York (“Bankruptcy Court”).",https://www.sec.gov/Archives/edgar/data/1011509/000090342309000034/apex-8k_0113.htm
sec-76849a8bef9a,0000904350-09-000023,Woozyfly Inc.,2009-06-23,1.03,CREDIT,"On May 12, 2009, Woozyfly, Inc. (the “ Company ” or the “ Debtor filed a voluntary petition in the United States Bankruptcy Court for the Southern District of New York (the “ Bankruptcy Court ”) seeking reorganization relief under the provisions of Chapter 11 of Title 11 of the United States Code (the “ Bankruptcy Code ”). The Chapter 11 case is being administered under the caption In re Woozyfly, Inc.",https://www.sec.gov/Archives/edgar/data/1357838/000090435009000023/form8k.htm
sec-56ad2c2ca956,0000906280-04-000439,TRICO MARINE SERVICES INC,2004-12-30,1.03,CREDIT,"As previously announced, on December 21, 2004, Trico Marine Services, Inc. (the ""Company"") and two of its domestic subsidiaries, Trico Marine Assets, Inc. and Trico Marine Operators, Inc., filed voluntary petitions in the United States Bankruptcy Court for the Southern District of New York (the ""Bankruptcy Court"") seeking relief under the provisions of Chapter 11 of Title 11 of the United States Code.",https://www.sec.gov/Archives/edgar/data/921549/000090628004000439/form8-k_122904.htm
sec-cdb392483150,0000908834-07-000159,HORIZON BANCORP /IN/  (HBNC),2007-03-28,2.04,CREDIT,"On March 26, 2007, Horizon Bancorp (“Horizon”), through Horizon Statutory Trust I (“HSTI”), redeemed $12 million of its Floating Rate Capital Securities (“Preferred Securities”) and Horizon redeemed all of the related Floating Rate Junior Subordinated Deferrable Interest Debentures due 2032 (the “Debentures”). The intent to make this redemption was initially announced in an 8-K filing on December 21, 2006.",https://www.sec.gov/Archives/edgar/data/706129/000090883407000159/horizon_8k0326.htm
sec-cf85edc3359a,0000909567-07-001335,IMAX CORP  (IMAX),2007-11-02,2.04,CREDIT,"On October 29, 2007, IMAX Corporation (“IMAX”, the “Company”) received a letter from Catalyst Fund Limited Partnership II (“Catalyst”), a beneficial holder of the Company’s 9 5/8% Senior Notes due December 1, 2010 (the “Senior Notes”), advising the Company that it had, on October 29, 2007, instructed the Depository Trust Company, through its nominee Cede & Co., to issue immediately a notice of acceleration to the Company, pursuant to the indenture (the “Indenture”) governing the Company’s $160.0 million aggregate principal amount of Senior Notes, to accelerate the maturity of the principal amount of the Senior No",https://www.sec.gov/Archives/edgar/data/921582/000090956707001335/o38250e8vk.htm
sec-0039da463515,0000909654-09-000616,COOPERATIVE BANKSHARES INC,2009-06-22,1.03,CREDIT,"On June 19, 2009, Cooperative Bank (the ""Bank""), the wholly owned subsidiary of Cooperative Bankshares, Inc. (the ""Company""), was closed by the North Carolina Commissioner of Banks and the Federal Deposit Insurance Corporation (the ""FDIC"") was appointed as receiver of the Bank.",https://www.sec.gov/Archives/edgar/data/923529/000090965409000616/cooperative8kjune19-09.txt
sec-bded7364239f,0000909654-09-000984,GREATER ATLANTIC FINANCIAL CORP,2009-12-09,1.03,CREDIT,"On December 4, 2009, Greater Atlantic Bank (the ""Bank""), the wholly owned subsidiary of Greater Atlantic Financial Corp. (the ""Company""), was closed by the Office of Thrift Supervision and the Federal Deposit Insurance Corporation (the ""FDIC"") was appointed as receiver of the Bank.",https://www.sec.gov/Archives/edgar/data/1082735/000090965409000984/greateratl8kdec9-09.txt
sec-c34a70bfcb79,0000911147-09-000017,CENTURY CASINOS INC /CO/  (CNTY),2009-07-13,2.04,CREDIT,"Century Casinos, Inc. (the “Company”) and certain of its subsidiaries are party to an amended and restated credit agreement with Wells Fargo Bank relating to the Company’s Cripple Creek, Colorado property. As previously disclosed, on June 30, 2009, the Company ’s subsidiary, Century Resorts Limited completed the sale of Century Casinos Africa (Pty) Limited.",https://www.sec.gov/Archives/edgar/data/911147/000091114709000017/form8-k.htm
sec-b3d65612e07a,0000914317-09-000512,RONSON CORP,2009-02-24,2.04,CREDIT,"On February 20, 2009, Ronson Corporation (the ""Company"") received from its primary lender, Wells Fargo Bank, National Association (""Wells Fargo""), additional notification of Wells Fargo's reservation of rights and remedies relating to previously disclosed events of default which would permit Wells Fargo to accelerate the Company's outstanding indebtedness owed to Wells Fargo.",https://www.sec.gov/Archives/edgar/data/84919/000091431709000512/form8k-97737_ronc.txt
sec-9b95886200ab,0000914317-10-001155,"RCLC, INC.",2010-07-15,2.04,CREDIT,"Under the terms of the Settlement Agreement and the Termination Agreement described in response to Items 1.01 and 1.02 above pursuant to which the Plan has been terminated, the Company’s pension liability increased to an aggregate of $4,410,361 from the amount of $2,669,000 included in the Company’s Consolidated Financial Statements of March 31, 2010, as reported in the Company’s Quarterly Report on Form 10-Q for the quarter ended March 31, 2010.",https://www.sec.gov/Archives/edgar/data/84919/000091431710001155/form8k-109591_rclc.htm
sec-1fecdb5b93f6,0000914317-11-001256,"RCLC, INC.",2011-09-09,1.03,CREDIT,"On August 29, 2011, the Bankruptcy Court entered an Order Confirming the Liquidating First Amended Joint Plan of RCLC, Inc. f/k/a Ronson Corporation, RA Liquidating Corp. f/k/a/ Ronson Aviation, Inc. and RCPC Liquidating Corp. f/k/a Ronson Consumer Products Corporation under Chapter 11 of the Bankruptcy Code (“Confirmation Order”) attached as Exhibit 99.1 to this Form 8-K.",https://www.sec.gov/Archives/edgar/data/84919/000091431711001256/form8k-117847_rclc.htm
sec-1b882c04c32b,0000914317-11-001341,"RCLC, INC.",2011-10-25,1.03,CREDIT,"On October 25, 2011, the Company’s Liquidating First Amended Joint Plan referred to below became effective. The outstanding shares of the Company are cancelled on the effective date and equity holders of the Company, RAL and RCPC will receive no distribution under the Joint Plan for their equity interests.",https://www.sec.gov/Archives/edgar/data/84919/000091431711001341/form8k-117873_rclc.htm
sec-54d43b88ede4,0000921549-05-000008,TRICO MARINE SERVICES INC,2005-03-04,1.03,CREDIT,"On March 2, 2005 Trico Marine Services, Inc. (the “Company” or “Trico”) announced that the United States Bankruptcy Court for the Southern District of New York (the “Bankruptcy Court”) entered a supplemental order approving certain modifications to the credit agreement for the $75 million exit facility that Trico has negotiated with its existing U.S. senior secured lenders (the “Exit Facility”).",https://www.sec.gov/Archives/edgar/data/921549/000092154905000008/form8k_030405.htm
sec-9535d1d241af,0000922423-08-000742,"ASCENDIA BRANDS, INC.",2008-08-08,1.03,CREDIT,"On August 5, 2008, the Registrant and its U.S. subsidiaries (the ""Debtors"") filed voluntary petitions for relief (the ""Chapter 11 Petitions"") under Chapter 11 of the United States Bankruptcy Code (the ""Bankruptcy Code"") in the Bankruptcy Court (Case Numbers 08-11787, 08-11788, 08-11789, 08-11790, 08-11791 and 08-11792).",https://www.sec.gov/Archives/edgar/data/843494/000092242308000742/kl08010.htm
sec-6904d7a1d783,0000935063-08-000046,DOWNEY FINANCIAL CORP,2008-11-24,1.03,CREDIT,"On Friday, November 21, 2008, Downey Savings and Loan Association, F.A. (the “Bank”), the principal operating subsidiary of Downey Financial Corp. (the “Company”), was closed by the Office of Thrift Supervision (“OTS”) and, by Order Number 2008-49 dated November 21, 2008, the OTS appointed the Federal Deposit Insurance Corporation (“FDIC”) as receiver for the Bank. On the same date, U.S.",https://www.sec.gov/Archives/edgar/data/935063/000093506308000046/k1124088kface.htm
sec-80180605d9fa,0000936392-08-000753,ARTES MEDICAL INC,2008-12-02,1.03,CREDIT,"Artes Medical, Inc. (the “Company”) today announced that it has filed a voluntary petition for relief under Chapter 7 of the United States Bankruptcy Code (the “Bankruptcy Petition”). The Bankruptcy Petition was filed in the United States Bankruptcy Court in the Southern District of California, Case No. 08-12317-7 (the “Bankruptcy Court”), on December 1, 2008.",https://www.sec.gov/Archives/edgar/data/1351197/000093639208000753/a50693e8vk.htm
sec-62d3c492a79a,0000946283-09-000004,LMIC INC,2009-06-11,1.03,CREDIT,"LMIC, Inc., a Delaware corporation, is sometimes referred to herein as “we”, “us”, “our”, “Company” and the “Registrant”. The Company was incorporated on December 30, 1999 in Delaware.",https://www.sec.gov/Archives/edgar/data/946283/000094628309000004/lmic_8k.htm
sec-0c6e0b608446,0000950103-24-002017,SouthState Corp  (SSB),2024-02-09,1.05,CYBER,"SouthState Bank, N.A., (the ""Company"") detected what was determined to be a cybersecurity incident on February 6, 2024. Upon detection, the Company initiated its incident response and business continuity protocols and began taking measures to disrupt the unauthorized activity.",https://www.sec.gov/Archives/edgar/data/764038/000095010324002017/dp206600_8k.htm
sec-00e5431a6133,0000950123-05-015370,COINMACH SERVICE CORP,2005-12-30,2.04,CREDIT,"Coinmach Corporation, a Delaware corporation (the “Company”), is a wholly-owned subsidiary of Coinmach Service Corp., a Delaware corporation. The Company has instructed U.S.",https://www.sec.gov/Archives/edgar/data/1282858/000095012305015370/y16087e8vk.htm
sec-ecf02ba3d952,0000950123-05-015371,COINMACH CORP,2005-12-30,2.04,CREDIT,"Coinmach Corporation, a Delaware corporation (the “Company”), has instructed U.S. Bank National Association (“US Bank”) to deliver, on December 30, 2005, notice to all holders of the Company’s 9% senior notes due 2010 (the “Notes”) that the Company will redeem all of the outstanding Notes (the “Redemption”) on February 1, 2006 (the “Redemption Date”).",https://www.sec.gov/Archives/edgar/data/91693/000095012305015371/y16087ae8vk.htm
sec-e73aefaad171,0000950123-06-011467,ATLANTIC COAST ENTERTAINMENT HOLDINGS INC,2006-09-12,2.04,CREDIT,"On September 6, 2006, the holders of a majority of the aggregate principal amount of the 3% Notes due 2008 (the “3% Notes”), issued by Atlantic Coast Entertainment Holdings, Inc. (“Atlantic”), a Delaware corporation, delivered a demand payment notice (the “Demand Payment Notice”), to Atlantic, pursuant to the terms of the indenture (the “Indenture”), dated as of July 22, 2004, between Atlantic, as issuer, ACE Gaming, LLC, as guarantor, and Wells Fargo Bank, National Association (the “Trustee”), as trustee.",https://www.sec.gov/Archives/edgar/data/1269977/000095012306011467/y25010e8vk.htm
sec-8d286202d05a,0000950123-07-005016,"WEBSTER FINANCIAL CORP  (WBS, WBS-PF, WBS-PG)",2007-04-04,2.04,CREDIT,"Redemption of Securities relating to Webster Capital Trust I On April 2, 2007, Webster Financial Corporation (the “Corporation”), pursuant to its optional prepayment right under the Indenture dated as of January 29, 1997 between the Corporation and The Bank of New York as Trustee (the “Trust I Indenture”), prepaid all the $103,093,000 outstanding aggregate principal amount of its 9.36% junior subordinated deferrable interest debentures due January 29, 2027 (the “Trust I Debentures”) at an aggregate prepayment price equal to $109,606,416, representing 104.68% of such outstanding principal amount plus accrued and u",https://www.sec.gov/Archives/edgar/data/801337/000095012307005016/y32928e8vk.htm
sec-2b80d29eda74,0000950123-07-008192,HAIGHTS CROSS COMMUNICATIONS INC,2007-06-01,2.04,CREDIT,"Haights Cross Communications, Inc. (the “Company”) is a “voluntary filer” for purposes of the periodic and current reporting requirements of the Securities and Exchange Commission (the “Commission”).",https://www.sec.gov/Archives/edgar/data/1124289/000095012307008192/y35696e8vk.htm
sec-649d27949aae,0000950123-07-012058,FEDDERS CORP /DE,2007-08-28,1.03,CREDIT,"On August 22, 2007, Fedders Corporation (the “Company”) and all of its North American subsidiaries (collectively, the “Debtors”) filed voluntary petitions for reorganization under Chapter 11 of the United States Bankruptcy Code (the “Bankruptcy Code”) in the United States Bankruptcy Court for the District of Delaware (the “Court”) (Case No. 07-11176 (BLS)) (the “Chapter 11 Cases”).",https://www.sec.gov/Archives/edgar/data/744106/000095012307012058/y39177e8vk.htm
sec-46100ac29739,0000950123-08-011064,"International Fight League, Inc.",2008-09-16,1.03,CREDIT,"On September 15, 2008 (the “Petition Date”), IFL Corp. (“IFLC”), a wholly-owned subsidiary of International Fight League, Inc. (the “Corporation”), filed a voluntary petition for reorganization relief under chapter 11 of the United States Bankruptcy Code (“Bankruptcy Code”) in the United States Bankruptcy Court for the Southern District of New York (the “Court”).",https://www.sec.gov/Archives/edgar/data/885475/000095012308011064/y71304e8vk.htm
sec-867e58cf4de8,0000950123-08-012401,FX Real Estate & Entertainment Inc.,2008-10-08,2.04,CREDIT,"On October 3, 2008, FX Real Estate and Entertainment Inc. (the “ Company ”) became aware that as of September 30, 2008, the Company’s subsidiaries that own its Las Vegas properties (the “ Las Vegas Subsidiaries ”) are out of compliance with the debt-to-loan value ratio covenants set forth in the Amended and Restated Credit Agreements (referenced below) governing the outstanding $475 million mortgage loan on the Las Vegas properties (the “ Loan ”).",https://www.sec.gov/Archives/edgar/data/1410402/000095012308012401/y71746e8vk.htm
sec-7e321f3eed63,0000950123-09-011473,"PACIFIC OFFICE PROPERTIES TRUST, INC.",2009-06-04,2.04,CREDIT,"On May 29, 2009, Pacific Office Properties, L.P. (the “Operating Partnership”), the operating partnership of which Pacific Office Properties Trust, Inc., a Maryland corporation (the “Company”), is the general partner, received a Notice of Default from KeyBank National Association (“KeyBank”) that an Event of Default existed under the Operating Partnership’s Credit Agreement dated as of August 25, 2008 (the “Credit Facility”) with KeyBank and KeyBanc Capital Markets.",https://www.sec.gov/Archives/edgar/data/830748/000095012309011473/c51746e8vk.htm
sec-475a113ba9f6,0000950123-09-012902,ADVANTA BUSINESS RECEIVABLES CORP,2009-06-10,2.04,CREDIT,"Defined terms used in this Form 8-K but not defined herein have the meanings ascribed to them in: • the Advanta Business Card Master Trust (“ABCMT”) Master Indenture dated as of August 1, 2000 (as amended, the “Master Indenture”), which was filed with the Securities and Exchange Commission (“SEC”) by ABRC on a Form 8-K on August 30, 2000 (File No. 333-32874; CIK 0001107920) (the “August 2000 Form 8-K”), as amended by Amendment No. 1 thereto, dated as of May 9, 2006, which was filed with the SEC by Advanta Business Receivables Corp. (“ABRC”) on a Form 8-K on May 19, 2006 (File No. 333-32874; CIK 0001107920) (the “",https://www.sec.gov/Archives/edgar/data/1107920/000095012309012902/w74435e8vk.htm
sec-e32d5d8306b3,0000950123-09-014402,ISOLAGEN INC,2009-06-16,1.03,CREDIT,"On June 15, 2009, Isolagen, Inc. (the “Company”) and, the Company’s wholly owned subsidiary, Isolagen Technologies, Inc. (“Isolagen Tech”), each filed a voluntary petition for reorganization under chapter 11 of the United States Bankruptcy Code (the “Bankruptcy Code”) in the United States Bankruptcy Court for the District of Delaware in Wilmington (the “Bankruptcy Court”) under Case Nos. 09-12072 and 09-12073, respectively.",https://www.sec.gov/Archives/edgar/data/357097/000095012309014402/c86912e8vk.htm
sec-ebc37c76ee4e,0000950123-09-023666,"EPIX Pharmaceuticals, Inc.",2009-07-21,1.03,CREDIT,"On July 20, 2009, EPIX Pharmaceuticals, Inc. (the “Company”) entered into an Assignment for the Benefit of Creditors (the “Assignment”) in accordance with Massachusetts law.",https://www.sec.gov/Archives/edgar/data/1027702/000095012309023666/b76414epe8vk.htm
sec-899d0537bc58,0000950123-09-041138,SOUTHERN COMMUNITY BANCSHARES INC /GA,2009-09-04,1.03,CREDIT,"On September 1, 2009, Southern Community Bancshares, Inc., a Georgia corporation (the “Company”), filed a voluntary petition for relief pursuant to Chapter 7 of Title 11 of the United States Bankruptcy Court for the Northern District of Georgia, Bankruptcy Case No. 09-13159. The bankruptcy trustee is Theo Davis Mann, 28 Jackson Street, P.O. Box 310, Newman, Georgia 30264-0310.",https://www.sec.gov/Archives/edgar/data/1171017/000095012309041138/g20418e8vk.htm
sec-4b9ae4e4a8a3,0000950123-09-047226,NORTHFIELD LABORATORIES INC /DE/,2009-09-30,1.03,CREDIT,"On June 1, 2009, Northfield Laboratories Inc. (the “Company”) filed a voluntary petition for relief under chapter 11 of title 11 of the United States Code (the “Bankruptcy Code”) with the United States Bankruptcy Court for the District of Delaware (the “Bankruptcy Court”).",https://www.sec.gov/Archives/edgar/data/920947/000095012309047226/c53826e8vk.htm
sec-095b6e7daeab,0000950123-09-047743,EVERGREEN SOLAR INC,2009-10-02,2.04,CREDIT,"Evergreen Solar, Inc. (the “Registrant”) previously reported that it received a letter from Lehman Brothers OTC Derivatives Inc. (“LB OTCD”) purporting to terminate a capped call transaction between the Registrant and LB OTCD.",https://www.sec.gov/Archives/edgar/data/947397/000095012309047743/b77509e8vkza.htm
sec-c708059ae712,0000950123-09-047954,SPSS INC,2009-10-02,2.04,CREDIT,"As a result of the completion of the Merger, the Company is required to make an offer to repurchase its outstanding 2.50% Convertible Subordinated Notes due 2012 (the “Convertible Notes”) from holders thereof for a purchase price equal to 100% of their principal amount plus accrued and unpaid interest.",https://www.sec.gov/Archives/edgar/data/869570/000095012309047954/c53862e8vk.htm
sec-4b2355afc8e1,0000950123-09-054215,CANARGO ENERGY CORP,2009-10-28,1.03,CREDIT,"On October 28, 2009, the Company (the “Debtor”) filed a voluntary petition seeking relief under the provisions of Chapter 11 of the Bankruptcy Code with the United States Bankruptcy Court for the Southern District of New York (the “Bankruptcy Court”). The Chapter 11 case is being administered under the caption In re CanArgo Energy Corporation. , No. 09-16453 (the “Chapter 11 Case”).",https://www.sec.gov/Archives/edgar/data/310316/000095012309054215/u07813e8vk.htm
sec-2b36bc4c5d9c,0000950123-09-056995,CANARGO ENERGY CORP,2009-11-03,1.03,CREDIT,"As previously disclosed in the Current Report on Form 8-K filed on October 28, 2009 by CanArgo Energy Corporation (the “Company”), on October 28, 2009, the Company filed a voluntary petition seeking relief under Chapter 11 (the “Chapter 11 Case”) of the United States Bankruptcy Code (the “Bankruptcy Code”) in the United States Bankruptcy Court for the Southern District of New York (the “Bankruptcy Court”).",https://www.sec.gov/Archives/edgar/data/310316/000095012309056995/u07840e8vk.htm
sec-5b7fb42e4c4f,0000950123-09-062531,UCBH HOLDINGS INC,2009-11-16,1.03,CREDIT,"On November 6, 2009, United Commercial Bank (the “Bank”), a wholly-owned subsidiary of UCBH Holdings, Inc. (the “Company”), was closed by the California Department of Financial Institutions (the “CDFI”) and the Bank’s banking charter was revoked by the CDFI. Receivorship of the institution was immediately thereafter tendered to, and accepted by, the Federal Deposit Insurance Corporation (the “FDIC”).",https://www.sec.gov/Archives/edgar/data/1061580/000095012309062531/f54084e8vk.htm
sec-d4f064f805ee,0000950123-09-065924,SONORAN ENERGY INC,2009-11-25,1.03,CREDIT,"As previously reported, on June 19, 2009, Sonoran Energy, Inc. (the “Company”) filed a voluntary petition for relief (the “Bankruptcy Case”) under Chapter 11 of the United States Bankruptcy Code (the “Bankruptcy Code”), in the United States Bankruptcy Court for the Northern District of Texas, Dallas Division (the “Bankruptcy Court”).",https://www.sec.gov/Archives/edgar/data/1101661/000095012309065924/c54853e8vk.htm
sec-596015d8011c,0000950123-09-073392,TLC VISION CORP,2009-12-24,1.03,CREDIT,"On December 21, 2009, TLC Vision Corporation (the “Company”) and two of its subsidiaries, TLC Vision (USA) Corporation and TLC Management Services Inc. (collectively, the “Company”), filed voluntary petitions for relief under Chapter 11 of the United States Bankruptcy Code (“Bankruptcy Code”) in the United States Bankruptcy Court for the District of Delaware (the “Court”) (Case No. 09-14473(KG)) in connection with a pre-arranged plan of reorganization with the Company’s senior secured lenders.",https://www.sec.gov/Archives/edgar/data/1010610/000095012309073392/c55273e8vk.htm
sec-4cba203b8d7c,0000950123-09-074091,CANARGO ENERGY CORP,2009-12-30,1.03,CREDIT,"As previously disclosed in the Current Report on Form 8-K filed on October 28, 2009 by CanArgo Energy Corporation (the “Company”), on October 28, 2009 the Company filed a voluntary petition seeking relief under Chapter 11 (the “Chapter 11 Case”) of the United States Bankruptcy Code (the “Bankruptcy Code”) in the United States Bankruptcy Court for the Southern District of New York (the “Bankruptcy Court”).",https://www.sec.gov/Archives/edgar/data/310316/000095012309074091/u08103e8vk.htm
sec-713e1be67e67,0000950123-10-002938,R H DONNELLEY CORP,2010-01-15,1.03,CREDIT,"As previously disclosed, on May 28, 2009, R.H. Donnelley Corporation, a Delaware corporation (the “Company”), and all of its subsidiaries (collectively, the “Debtors”), filed voluntary petitions (the “Chapter 11 Petitions”) for relief under Chapter 11 of the United States Code (the “Bankruptcy Code”) in the United States Bankruptcy Court for the District of Delaware (the “Bankruptcy Court”).",https://www.sec.gov/Archives/edgar/data/30419/000095012310002938/g21792e8vk.htm
sec-6c5c7adddcfd,0000950123-10-004797,"VERMILLION, INC.  (AWH)",2010-01-25,1.03,CREDIT,"On January 22, 2010, the confirmation order issued by the United States Bankruptcy Court for the District of Delaware approving Vermillion, Inc. (the “Company”)’s plan of reorganization (the “Plan”) became final and all conditions precedent to the “Effective Date” (as such term is defined in the Plan) were satisfied or waived. Accordingly, the Company emerged from bankruptcy.",https://www.sec.gov/Archives/edgar/data/926617/000095012310004797/f54711e8vk.htm
sec-2527f956a8a8,0000950123-10-019481,REGENT COMMUNICATIONS INC,2010-03-01,1.03,CREDIT,"On March 1, 2010 the Company and its subsidiaries (collectively, the “Debtors”) filed voluntary petitions for relief under Chapter 11 of the U.S. Bankruptcy Code with the U.S. Bankruptcy Court for the District of Delaware. The Debtors will continue to operate their businesses as debtors-in-possession under the jurisdiction of the Court and in accordance with applicable provisions of the U.S. Bankruptcy Code.",https://www.sec.gov/Archives/edgar/data/913015/000095012310019481/l39004e8vk.htm
sec-1644491f7816,0000950123-10-113458,INSIGHT HEALTH SERVICES HOLDINGS CORP,2010-12-14,1.03,CREDIT,"On December 10, 2010, InSight Health Services Holding Corp. (the “Company”) and certain of its subsidiaries (the “Debtors”) filed voluntary petitions in the U.S. Bankruptcy Court, Southern District of New York (the “Bankruptcy Court”) seeking reorganization relief under the provisions of Chapter 11 of the Bankruptcy Code. The cases will be jointly administered under Case No. 10-16564 (AJG) (collectively, the “Cases”).",https://www.sec.gov/Archives/edgar/data/1145238/000095012310113458/a58128e8vk.htm
sec-36251d63b6d5,0000950123-10-113662,NGAS Resources Inc,2010-12-15,2.04,CREDIT,"On December 10, 2010, we received a redemption notice from the holders of $7.5 million principal amount of the convertible notes. All holders of the convertible notes have joined in or are otherwise bound by the note agreements described in",https://www.sec.gov/Archives/edgar/data/746834/000095012310113662/l41358e8vk.htm
sec-9dc5a8e79f81,0000950123-11-030257,MIDWEST BANC HOLDINGS INC,2011-03-29,1.03,CREDIT,"March 28, 2011 — Midwest Banc Holdings, Inc. — Draft 8K Re Plan On August 20, 2010, Midwest Banc Holdings, Inc. (the “Company”), filed a voluntary petition in the United States Bankruptcy Court for the Northern District of Illinois, Eastern Division (the “Bankruptcy Court”) seeking relief under the provisions of Chapter 11 of Title 11 of the United States Code (the “Bankruptcy Code”) (Case No. 10-37319) (the “Case”).",https://www.sec.gov/Archives/edgar/data/1051379/000095012311030257/c63773e8vk.htm
sec-ce2a96afe5e2,0000950123-11-036725,SUPERIOR BANCORP,2011-04-19,1.03,CREDIT,"On April 15, 2011, the Office of Thrift Supervision (the “OTS”) closed Superior Bank (the “Bank”), the wholly owned subsidiary and principal asset of Superior Bancorp (the “Corporation”), and appointed the Federal Deposit Insurance Corporation (the “FDIC”) as receiver of the Bank.",https://www.sec.gov/Archives/edgar/data/1065298/000095012311036725/g26892e8vk.htm
sec-a87652eebe61,0000950123-11-045366,EDUCATION MANAGEMENT CORPORATION,2011-05-05,2.04,CREDIT,"On April 29, 2011, Education Management LLC and Education Management Finance Corp. (the “Issuers”), subsidiaries of Education Management Corporation (the “Company”), issued a notice of redemption to holders of their outstanding $47.7 million aggregate principal amount of 10.25% Senior Subordinated Notes due 2016 (the “Senior Subordinated Notes”).",https://www.sec.gov/Archives/edgar/data/880059/000095012311045366/l42623e8vk.htm
sec-12319682b664,0000950123-11-073782,TRICO MARINE SERVICES INC,2011-08-05,1.03,CREDIT,"As previously, disclosed, on August 25, 2010, Trico Marine Services, Inc. (the “Company”) and certain of its subsidiaries, Trico Marine Assets, Inc., Trico Holdco, LLC, Trico Marine Operators, Inc., Trico Marine Cayman, LP and Trico Marine International, Inc. (each a “Debtor” and collectively with the Company, the “Debtors”) filed voluntary petitions for relief (the “Chapter 11 Cases”) under Chapter 11 of Title 11 of the United States Code, 11 U.S.C. §§ 101 et seq., as amended (the “Bankruptcy Code”) in the United States Bankruptcy Court for the District of Delaware (the “Bankruptcy Court”).",https://www.sec.gov/Archives/edgar/data/921549/000095012311073782/h83931be8vk.htm
sec-186f194767fa,0000950123-23-011228,V F CORP  (VFC),2023-12-18,1.05,CYBER,"On December 13, 2023, VF Corporation (“VF” or the “Company”) detected unauthorized occurrences on a portion of its information technology (IT) systems.",https://www.sec.gov/Archives/edgar/data/103379/000095012323011228/d659095d8k.htm
sec-a120eafebe2b,0000950124-04-004439,ROCKFORD CORP,2004-09-21,2.04,CREDIT,"Rockford determined on September 15, 2004, that it had not met the EBITDA covenant as of the end of August 2004, under Rockford’s asset based credit facility with Congress Financial Corporation (Western). Rockford notified Congress of this event on the same date. The failure to meet the EBITDA requirement constitutes a default under the current terms of the credit facility.",https://www.sec.gov/Archives/edgar/data/828064/000095012404004439/p69652e8vk.htm
sec-98b8ad9f0175,0000950124-05-000156,MGM MIRAGE  (MGM),2005-01-11,2.04,CREDIT,"On January 11, 2005, MGM MIRAGE (the “Company”) issued a press release, a copy which is filed herewith, announcing that the Company has called for the redemption of its $200 million in outstanding principal amount of its 6 7/8% Senior Collateralized Notes due February 6, 2008 (the “Collateralized Notes”) that were originally issued pursuant to an Indenture between the Company (formerly known as MGM Grand, Inc.), the subsidiary guarantors thereof, and The Bank of New York, as successor to U.S.",https://www.sec.gov/Archives/edgar/data/789570/000095012405000156/p70083e8vk.htm
sec-74d5b0c2eacb,0000950124-05-005752,DELPHI CORP,2005-10-14,1.03,CREDIT,"On October 8, 2005, Delphi Corporation (“Delphi”) and certain of its subsidiaries (collectively, the “Debtors”) filed voluntary petitions for reorganization under chapter 11 of the United States Bankruptcy Code (the “Bankruptcy Code”), in the United States Bankruptcy Court for the Southern District of New York (the “Court”) (Case No. 05-44481).",https://www.sec.gov/Archives/edgar/data/1072342/000095012405005752/k98983e8vk.htm
sec-0dbd475c017f,0000950124-07-002546,PAC-WEST TELECOMM INC,2007-05-01,1.03,CREDIT,"On April 30, 2007, Pac-West Telecomm, Inc., a California corporation (the “ Company ”), and its domestic subsidiaries (collectively, the “ Debtors ”), filed voluntary petitions in the United States Bankruptcy Court for the District of Delaware (the “ Bankruptcy Court ”) seeking reorganization relief under the provisions of Chapter 11 of Title 11 of the United States Code (the “ Bankruptcy Code ”) (Proposed Lead Case No. 07-10562 (collectively, the “ Cases ”).",https://www.sec.gov/Archives/edgar/data/1071598/000095012407002546/c14738e8vk.htm
sec-5801ffe5b0c7,0000950129-05-003084,PRIDE INTERNATIONAL INC,2005-03-31,2.04,CREDIT,"On March 25, 2005, Pride International, Inc. called for redemption all of its outstanding 2 1 / 2 % Convertible Senior Notes Due 2007 on April 25, 2005.",https://www.sec.gov/Archives/edgar/data/833081/000095012905003084/h23988e8vk.htm
sec-bfff1d19058e,0000950129-05-012229,"CalGen Expansion Company, LLC",2005-12-23,1.03,CREDIT,"(a) On December 20, 2005, Calpine Corporation (“Calpine”) and certain of its subsidiaries, including Calpine Generating Company, LLC, CalGen Finance Corp., the additional registrants listed in the “Additional Registrants” table above (collectively, the “Company” or “CalGen”) and Calpine Energy Services LP (“CES”) (collectively, the “Debtors”) filed voluntary petitions for reorganization (the “Reorganization Cases”) under Chapter 11 of the United States Bankruptcy Code (the “Code”) in the United States Bankruptcy Court for the Southern District of New York (the “Bankruptcy Court”).",https://www.sec.gov/Archives/edgar/data/1294382/000095012905012229/h31532e8vk.htm
sec-43e460f19754,0000950129-07-003454,UNIVERSAL COMPRESSION HOLDINGS INC,2007-07-19,2.04,CREDIT,"On July 13, 2007, Universal Compression, Inc. (“Universal”) called for redemption all $175 million in aggregate principal amount of its outstanding 7 1 / 4 % Senior Notes due 2010. The notes will be redeemed on August 13, 2007. The notes were issued and the redemption will be effected pursuant to the provisions of the Indenture dated as of May 27, 2003 between Universal and The Bank of New York, as trustee.",https://www.sec.gov/Archives/edgar/data/1057234/000095012907003454/h48025fe8vk.htm
sec-ae9380401db7,0000950129-08-002429,Superior Offshore International Inc.,2008-04-25,1.03,CREDIT,"On April 24, 2008, Superior Offshore International, Inc., a Delaware corporation (the “Company”) filed a voluntary petition under Chapter 11 of the United States Bankruptcy Code (the “Bankruptcy Code”), in the United States Bankruptcy Court for the Southern District of Texas (the “Court”) (Case No. 08-32590-H2-11).",https://www.sec.gov/Archives/edgar/data/1372326/000095012908002429/h56161e8vk.htm
sec-60e1f0c6fe6c,0000950134-04-018680,GADZOOKS INC,2004-12-06,2.04,CREDIT,"As of November 30, 2004, Gadzooks, Inc. was not in compliance with the sales receipt financial performance covenant with respect to cash receipts, as well as its covenant to timely provide financial information, each as set forth in its Debtor-in-Possession Loan and Security Agreement dated February 3, 2004 by and between Gadzooks and Wells Fargo Retail Finance, LLC, as amended, referred to as the DIP Loan Agreement.",https://www.sec.gov/Archives/edgar/data/924140/000095013404018680/d20748e8vk.htm
sec-f24619bd500b,0000950134-05-000126,GADZOOKS INC,2005-01-04,2.04,CREDIT,"As of December 28, 2004 Gadzooks, Inc. was not in compliance with the sales receipt financial performance covenant with respect to cash receipts as set forth in its Debtor-in-Possession Loan and Security Agreement dated February 3, 2004 by and between Gadzooks and Wells Fargo Retail Finance, LLC, as amended, referred to as the DIP Loan Agreement.",https://www.sec.gov/Archives/edgar/data/924140/000095013405000126/d21400e8vk.htm
sec-3b98b0918a63,0000950134-05-000461,GADZOOKS INC,2005-01-10,2.04,CREDIT,"As of January 4, 2005 Gadzooks, Inc. was not in compliance with the inventory balance covenant as set forth in its Debtor-in-Possession Loan and Security Agreement dated February 3, 2004 by and between Gadzooks and Wells Fargo Retail Finance, LLC, as amended, referred to as the DIP Loan Agreement.",https://www.sec.gov/Archives/edgar/data/924140/000095013405000461/d21629e8vk.htm
sec-63099106090b,0000950134-05-001226,FIRST VIRTUAL COMMUNICATIONS INC,2005-01-25,1.03,CREDIT,"On January 24, 2005, First Virtual Communications, Inc. issued a press release which provided updated information regarding its filing of Chapter 11 reorganization cases (the “Cases”) for itself and its domestic subsidiary, CUseeMe Networks, Inc. (collectively, the “Company”), in the United States Bankruptcy Court for the Northern District of California, San Francisco Division on January 20, 2005.",https://www.sec.gov/Archives/edgar/data/920317/000095013405001226/f04847e8vk.htm
sec-d12be8a61e8e,0000950134-05-001843,FIRST VIRTUAL COMMUNICATIONS INC,2005-02-02,1.03,CREDIT,"At a hearing held on January 26, 2005 in the United States Bankruptcy Court for the Northern District of California, the Bankruptcy Court approved substantially all of the initial relief that the Company requested.",https://www.sec.gov/Archives/edgar/data/920317/000095013405001843/f05237e8vk.htm
sec-590565617b50,0000950134-05-007783,SOLECTRON CORP,2005-04-20,2.04,CREDIT,"On April 20, 2005, Solectron Corporation (the “Registrant”) gave notice to holders of its outstanding 9.625% Senior Notes due 2009 (the “Notes”) that it has called the Notes for redemption on May 20, 2005. The Notes were issued pursuant to an Indenture, dated as of February 6, 2002 (the “Base Indenture”), between the Registrant and U.S.",https://www.sec.gov/Archives/edgar/data/835541/000095013405007783/f08112e8vk.htm
sec-dc912a47de3d,0000950134-05-011028,UCBH HOLDINGS INC,2005-05-27,2.04,CREDIT,"Pursuant to the Indenture dated as of April 17, 1998 (the “Indenture”), between UCBH Holdings, Inc. (the “Company”) and Wilmington Trust Company (“Wilmington”), as Trustee, the Company gave notice to Wilmington of its intention to redeem on June 27, 2005 all $30,928,000 aggregate principal amount of the 9.375% junior subordinated debentures due May 1, 2028 (the “Debentures”) issued by the Company under the Indenture.",https://www.sec.gov/Archives/edgar/data/1061580/000095013405011028/f09606e8vk.htm
sec-a31f3ab740fd,0000950134-05-011793,LAM RESEARCH CORP  (LRCX),2005-06-10,2.04,CREDIT,"Payment of guaranteed residual value for vacated properties to lessor upon sale of the properties. On June 6, 2005, Lam Research Corporation (“Lam” or the “Company”) received a notice of approval from a designated buyer under a contract to purchase two properties at its Fremont, California campus. Lam had vacated these properties in connection with previously disclosed restructuring plans.",https://www.sec.gov/Archives/edgar/data/707549/000095013405011793/f09883e8vk.htm
sec-c2f8b15bdc8b,0000950134-05-017048,PIONEER NATURAL RESOURCES CO,2005-09-01,2.04,CREDIT,"On September 1, 2005 Pioneer Natural Resource Company (the “Company”) gave notice that it will call for redemption all of its outstanding 9-5/8% Senior Notes due 2010 (the “9-5/8 Notes”) and 7.50% Senior Notes due 2012 (the “7.50 Notes” and together with the 9-5/8 Notes, the “Notes”) pursuant to the terms and conditions of the Indenture, dated as of January 13, 1998, between the Company and The Bank of New York, as trustee (as amended and supplemented through the date hereof, the “Indenture”).",https://www.sec.gov/Archives/edgar/data/1038357/000095013405017048/d28519e8vk.htm
sec-e58036cd41ae,0000950134-05-022836,3DFX INTERACTIVE INC,2005-12-09,1.03,CREDIT,"3dfx Interactive, Inc. (the “Company”) filed a Chapter 11 bankruptcy petition on October 15, 2002, Case No. 02-55795JRG (the “ Bankruptcy Case ”) in the United States Bankruptcy Court, for the Northern District of California, San Jose Division (the “ Bankruptcy Court ”). Shortly after the Bankruptcy Case was commenced, the Bankruptcy Court appointed William A.",https://www.sec.gov/Archives/edgar/data/1010026/000095013405022836/d31132e8vk.htm
sec-6730dce9d0b4,0000950134-06-000565,TERAYON COMMUNICATION SYSTEMS,2006-01-17,2.04,CREDIT,"As previously announced on November 7, 2005, Terayon Communication Systems, Inc. has delayed the filing of its Quarterly Report on Form 10-Q for the period ended September 30, 2005 (“Form 10-Q”).",https://www.sec.gov/Archives/edgar/data/1052303/000095013406000565/f16191e8vk.htm
sec-72e4bcd8645e,0000950134-06-005695,TERAYON COMMUNICATION SYSTEMS,2006-03-22,2.04,CREDIT,"On March 16, 2006, Terayon received a notice of acceleration from bondholders of Terayon’s 5% Convertible Subordinated Notes due 2007, and on March 21, 2006, paid in full the entire principal amount of the outstanding Notes, including all accrued and unpaid interest thereon and related fees, for a total of $65.6 million.",https://www.sec.gov/Archives/edgar/data/1052303/000095013406005695/f18915e8vk.htm
sec-a8d14cd3b2c3,0000950134-06-007287,SCHLOTZSKYS INC,2006-04-13,1.03,CREDIT,"(b) As previously disclosed, on August 3, 2004, SI Restructuring, Inc., formerly known as Schlotzsky’s, Inc. (the “Company”) and certain subsidiaries of the Company filed voluntary petitions for relief under Chapter 11 of Title 11, United States Code (the “Bankruptcy Code”) in the United States Bankruptcy Court for the Western District of Texas, San Antonio Division (the “Bankruptcy Court”).",https://www.sec.gov/Archives/edgar/data/1002178/000095013406007287/d35013e8vk.htm
sec-5ab134a34bfa,0000950134-06-008299,SCHLOTZSKYS INC,2006-05-01,1.03,CREDIT,"(b) As previously disclosed, on August 3, 2004, SI Restructuring, Inc., formerly known as Schlotzsky’s, Inc. (the “Company”), and certain subsidiaries of the Company filed voluntary petitions for relief under Chapter 11 of Title 11, United States Code (the “Bankruptcy Code”) in the United States Bankruptcy Court for the Western District of Texas, San Antonio Division (the “Bankruptcy Court”).",https://www.sec.gov/Archives/edgar/data/1002178/000095013406008299/d35517e8vk.htm
sec-f7f8f069ad42,0000950134-06-014449,THERMA WAVE INC,2006-08-02,2.04,CREDIT,"The Company was in breach of the tangible net worth covenants contained in the Loan Agreement during the month of May 2006, and a waiver was secured from Silicon Valley Bank in connection with such breach. As of June 30, 2006, the Company is in compliance with the covenants contained in the Loan Agreement.",https://www.sec.gov/Archives/edgar/data/828119/000095013406014449/f22557e8vk.htm
sec-b185115524e8,0000950134-06-016378,PIZZA INN INC /MO/  (RAVE),2006-08-17,2.04,CREDIT,"On August 14, 2006, Pizza Inn, Inc. (“Company”) and Wells Fargo Bank, N.A. (“Wells Fargo”) entered into a Limited Forbearance Agreement (the “Forbearance Agreement”), under which Wells Fargo has agreed to forbear until October 1, 2006 (the “Forbearance Period”) from exercising its rights and remedies as a result of the Company’s existing defaults under the Third Amended and Restated Loan Agreement between the Company and Wells Fargo dated January 22, 2003 (as amended, the “Loan Agreement”).",https://www.sec.gov/Archives/edgar/data/718332/000095013406016378/d38976e8vk.htm
sec-6761920b3dbd,0000950134-06-016580,NEWPARK RESOURCES INC  (NR),2006-08-22,2.04,CREDIT,"On August 18, 2006, Newpark Resources, Inc. sent a notice of redemption to the trustee of the holders of Newpark’s 8 5/8% Senior Subordinated Notes. Pursuant to this notice of redemption, Newpark set a redemption date of September 22, 2006.",https://www.sec.gov/Archives/edgar/data/71829/000095013406016580/d39089e8vk.htm
sec-82e7d18d3266,0000950134-06-019322,PIZZA INN INC /MO/  (RAVE),2006-10-19,2.04,CREDIT,"On August 14, 2006, Pizza Inn, Inc. (the “Company”) and Wells Fargo Bank, N.A. (“Wells Fargo”) entered into a Limited Forbearance Agreement (the “Forbearance Agreement”), under which Wells Fargo agreed to forbear until October 1, 2006 from exercising its rights and remedies related to the Company’s existing defaults under the Third Amended and Restated Loan Agreement between the Company and Wells Fargo dated January 22, 2003 (as amended, the “Loan Agreement”).",https://www.sec.gov/Archives/edgar/data/718332/000095013406019322/d40453e8vk.htm
sec-b1e538ae2eb4,0000950134-06-021720,PIZZA INN INC /MO/  (RAVE),2006-11-15,2.04,CREDIT,"On November 5, 2006, Pizza Inn, Inc. (the “Company”) and Wells Fargo Bank, N.A. (“Wells Fargo”) entered into a Supplemental Limited Forbearance Agreement (the “Supplemental Forbearance Agreement”), under which Wells Fargo agreed to forbear until December 28, 2006 (the “Supplemental Forbearance Period”) from exercising its rights and remedies related to the Company’s existing defaults under the Third Amended and Restated Loan Agreement between the Company and Wells Fargo dated January 22, 2003 and other related loan agreements (as amended, the “Loan Agreements”), subject to, among other conditions, Wells Fargo rec",https://www.sec.gov/Archives/edgar/data/718332/000095013406021720/d41412e8vk.htm
sec-a845649fcf41,0000950134-07-006825,INTERVOICE INC,2007-03-28,2.04,CREDIT,"On March 23, 2007 Intervoice Limited, a wholly owned subsidiary of Intervoice, Inc. (the “Company”), entered into a lease (the “Lease”) with Urban Generation (Gatley) Limited, as lessor, pursuant to which such subsidiary will lease certain land and buildings near Manchester, United Kingdom.",https://www.sec.gov/Archives/edgar/data/764244/000095013407006825/d45005e8vk.htm
sec-60b6bb47294f,0000950134-07-006931,KOMAG INC /DE/,2007-03-29,2.04,CREDIT,"On March 28, 2007, Komag, Incorporated issued a press release announcing that, on such date, it was calling for redemption on April 17, 2007, all $80,500,000 principal amount of its 2.0% Convertible Subordinated Notes due 2024 (the “2.0% Notes”).",https://www.sec.gov/Archives/edgar/data/813347/000095013407006931/f28790e8vk.htm
sec-fc9e1fb8addb,0000950134-07-008179,"GRAN TIERRA ENERGY, INC.  (GTE)",2007-04-16,2.04,CREDIT,"As previously disclosed, in June, 2006, Gran Tierra Energy Inc. completed the sale of 50,000,000 units for gross proceeds totaling $75,000,000, less issue costs of $6,306,699. Each unit consisted of one share of Gran Tierra common stock and a warrant to purchase one-half share of Gran Tierra common stock for a period of five years at an exercise price of $1.75 per whole share.",https://www.sec.gov/Archives/edgar/data/1273441/000095013407008179/f29242e8vk.htm
sec-e763a59cad9d,0000950134-08-018062,TVIA INC,2008-10-16,1.03,CREDIT,"On October 15, 2008, Tvia, Inc. (the “ Company ”) filed a voluntary petition for reorganization under Chapter 11 of the United States Bankruptcy Code in the United States Bankruptcy Court for the Northern District of California, San Jose Division (the “ Court ”), in the proceeding titled In re: Tvia, Inc., Case No. 08-55860.",https://www.sec.gov/Archives/edgar/data/1109279/000095013408018062/f50127e8vk.htm
sec-123a117ccabf,0000950134-08-021653,INTROGEN THERAPEUTICS INC,2008-12-05,1.03,CREDIT,"On December 3, 2008, Introgen Therapeutics, Inc. (“Introgen”) and two of its subsidiaries Introgen Technical Services, Inc. and TMX Realty Corporation (collectively with Introgen, “The Debtors”), filed voluntary petitions in the United States Bankruptcy Court for the Western District of Texas (the “Bankruptcy Court”) seeking reorganization relief under the provisions of Chapter 11 of Title 11 of the United States Code (the “Bankruptcy Code”).",https://www.sec.gov/Archives/edgar/data/1018710/000095013408021653/d65452e8vk.htm
sec-c2556c0959c6,0000950134-09-008357,ASYST TECHNOLOGIES INC,2009-04-24,1.03,CREDIT,"On April 20, 2009, Asyst Technologies, Inc. (the “Company”) filed a voluntary petition for relief under Chapter 11 of the United States Bankruptcy Code in the United States Bankruptcy Court for the Northern District of California (the “Bankruptcy Court”). The case number assigned to the Company is 09-43246.",https://www.sec.gov/Archives/edgar/data/909326/000095013409008357/f52227e8vk.htm
sec-b22aa6d56d20,0000950134-09-010285,"WSB Financial Group, Inc.",2009-05-11,1.03,CREDIT,"On Friday, May 8, 2009, Westsound Bank (the “Bank”), the wholly-owned subsidiary and principal asset of WSB Financial Group, Inc. (the “Company”), was closed by the State of Washington, Department of Financial Institutions, Division of Banks (the “DFI”) and the Federal Deposit Insurance Corporation (the “FDIC”) was appointed as receiver of the Bank.",https://www.sec.gov/Archives/edgar/data/1372791/000095013409010285/v52463e8vk.htm
sec-295830368317,0000950135-05-000371,VIACELL INC,2005-01-31,2.04,CREDIT,"The closing of the initial public offering of ViaCell, Inc. (the “Company”) on January 26, 2005 triggered a mandatory repayment obligation under the Company’s promissory notes (the “Notes”) issued to entities affiliated with MPM Asset Management LLC (collectively, “MPM”).",https://www.sec.gov/Archives/edgar/data/1114529/000095013505000371/b53381vie8vk.htm
sec-d51cec49c1ed,0000950135-06-003558,BROOKS AUTOMATION INC  (AZTA),2006-05-18,2.04,CREDIT,"As previously announced on May 11, 2006, the Company has delayed the filing of its quarterly report on Form 10-Q for the period ended March 31, 2006.",https://www.sec.gov/Archives/edgar/data/933974/000095013506003558/b61002bae8vk.htm
sec-bc4952bba37d,0000950135-06-004321,BROOKS AUTOMATION INC  (AZTA),2006-07-17,2.04,CREDIT,"As previously announced on May 18, 2006, the Company on May 15, 2006 received a notice from holders of more than 25% in aggregate principal amount of the Company’s 4.75% Convertible Subordinated Notes due 2008 (the “Notes”) outstanding that it is in default of Section 6.2 of the Indenture, dated May 23, 2001 (the “Indenture”), with respect to the Notes, based on the Company’s failure to file its Form 10-Q for the period ended March 31, 2006.",https://www.sec.gov/Archives/edgar/data/933974/000095013506004321/b616448ke8vk.htm
sec-f087fdb665b7,0000950135-08-001299,WELLMAN INC,2008-02-28,1.03,CREDIT,"On February 22, 2008, Wellman, Inc. (“Wellman” or the “Company”) and certain of its subsidiaries (collectively, the “Debtors”) filed voluntary petitions in the United States Bankruptcy Court for the Southern District of New York (the “Bankruptcy Court”) seeking reorganization relief under the provisions of Chapter 11 of Title 11 of the United States Code (the “Bankruptcy Code”).",https://www.sec.gov/Archives/edgar/data/812708/000095013508001299/b68930wie8vk.htm
sec-90f167efafbf,0000950135-08-005578,PAREXEL INTERNATIONAL CORP,2008-08-13,2.04,CREDIT,"On August 7, 2008, the Company became aware that as of June 27, 2008 it had been in default under the New Credit Agreement as a result of its incurring indebtedness under the 2007 Credit Agreement which was prohibited under the New Credit Agreement (the “2008 Default”). As described under",https://www.sec.gov/Archives/edgar/data/799729/000095013508005578/b71682pie8vk.htm
sec-9bbb49b182f0,0000950135-09-004134,"EPIX Pharmaceuticals, Inc.",2009-05-20,2.04,CREDIT,"On May 14, 2009, EPIX Pharmaceuticals, Inc.’s (the “Company”) common stock was delisted from The NASDAQ Capital Market. The delisting of the Company’s common stock represents a “Designated Event” under the Indenture, dated as of June 7, 2004, by and between the Company and U.S.",https://www.sec.gov/Archives/edgar/data/1027702/000095013509004134/b75598epe8vk.htm
sec-ccbfbefaf861,0000950137-04-007407,"LINCOLN NATIONAL CORP  (LNC, LNC-PD)",2004-09-01,2.04,CREDIT,"(a) Direct Financial Obligations. The information called for by this item is incorporated by reference from Lincoln National Corporation’s (LNC) press release dated September 1, 2004 which is attached as Exhibit 99.1",https://www.sec.gov/Archives/edgar/data/59558/000095013704007407/c87952e8vk.htm
sec-73b3aa7aca21,0000950137-05-009783,AMERUS GROUP CO/IA,2005-08-08,2.04,CREDIT,"On August 5, 2005, the Company provided notice to the Bank of New York Trust Company, N.A. that it will redeem all of its outstanding $185,000,000 aggregate principal amount of 3.83% Optionally Convertible Equity-Linked Accreting Notes due March 6, 2032 (the “OCEANs”) on August 25, 2005 (“Redemption Date”) at a redemption price of 100% of the outstanding aggregate principal amount of OCEANs, plus accrued and unpaid interest up to, but not including, the Redemption Date plus the treasury make-whole premium under the terms and conditions of the Indenture between BNY Midwest Trust Company dated as of December 15, 20",https://www.sec.gov/Archives/edgar/data/1051717/000095013705009783/c97497e8vk.htm
sec-870c9e0ec6e2,0000950137-06-004975,FIRST BUSEY CORP /NV/  (BUSE),2006-04-26,2.04,CREDIT,"On April 25, 2006, First Busey Corporation (the “Company” ), pursuant to the provisions of the Indenture dated as of June 18, 2001 (the “Indenture” ) between the Company and Wilmington Trust Company (the “Trustee” ), gave notice to the Trustee of the Company’s intention to prepay on June 19, 2006 (the “Redemption Date” ) all $25,773,190 aggregate principal amount of the 9.00% Subordinated Debentures due 2031 (the “Debentures” ) held by First Busey Capital Trust I (the “Trust” ).",https://www.sec.gov/Archives/edgar/data/314489/000095013706004975/c04690e8vk.htm
sec-a96c33078f2c,0000950137-06-007865,INTERNATIONAL GAME TECHNOLOGY,2006-07-18,2.04,CREDIT,"On July 14, 2006, International Game Technology announced that as of July 18, 2006, the market price condition for convertibility of its Zero-Coupon Convertible Debentures due January 29, 2033 (the “Debentures”), will have been satisfied with respect to the conversion period beginning on July 18, 2006 and ending on October 13, 2006 (the “Conversion Period”).",https://www.sec.gov/Archives/edgar/data/353944/000095013706007865/a22122e8vk.htm
sec-f7d71ddc1091,0000950137-07-001318,KELLOGG CO  (K),2007-02-01,2.04,CREDIT,"On January 31, 2007, a wholly-owned subsidiary of Kellogg Company, exercised its right to call for early redemption all of its outstanding Guaranteed Floating Rate Notes due 2007 (the “Euro Notes”).",https://www.sec.gov/Archives/edgar/data/55067/000095013707001318/k11833e8vk.htm
sec-d52b878a3534,0000950137-07-015754,MTI TECHNOLOGY CORP,2007-10-19,1.03,CREDIT,"On October 15, 2007, the Company filed a voluntary petition for relief under Chapter 11 of the Bankruptcy Code in the United States Bankruptcy Court for the Central District of California, Santa Ana Division (the “Bankruptcy Court”), Case No. SA 07-13347-ES (the “Chapter 11 Case”). The Chapter 11 Case is being administered under the caption “In re MTI Technology Corporation”.",https://www.sec.gov/Archives/edgar/data/901696/000095013707015754/a34728e8vk.htm
sec-58a20b082f23,0000950137-08-006845,"Tropicana Entertainment, LLC",2008-05-06,1.03,CREDIT,"On May 5, 2008, Tropicana Entertainment, LLC (the “ Company ”), Tropicana Entertainment Intermediate Holdings, LLC, JMBS Casino, LLC, Columbia Properties Vicksburg, LLC, CP Laughlin Realty, LLC , and certain of the Company’s subsidiaries (collectively, the “ Debtors ”), filed voluntary petitions in the United States Bankruptcy Court for the District of Delaware (the “ Bankruptcy Court ”) seeking reorganization relief under the provisions of Chapter 11 of Title 11 of the United States Code (the “ Bankruptcy Code ”) (Proposed Lead Case No. 08-10856) (collectively, the “ Cases ”).",https://www.sec.gov/Archives/edgar/data/1401300/000095013708006845/c26460e8vk.htm
sec-c0ab7c78e883,0000950137-08-009326,BELDEN INC.  (BDC),2008-07-15,2.04,CREDIT,"Pursuant to the Indenture (the “Indenture”), dated as of April 20, 2007, between Belden CDT Inc. n/k/a Belden Inc. (the “Company”) and U.S.",https://www.sec.gov/Archives/edgar/data/913142/000095013708009326/c31364e8vk.htm
sec-c8f3a568cdd3,0000950137-08-012915,"Advanced BioEnergy, LLC",2008-10-22,2.04,CREDIT,"On October 17, 2007, Advanced BioEnergy, LLC (the “Company”) issued a $10 million Secured Term Loan Note dated October 17, 2007 (the “Note”) to PJC Capital LLC (“PJC”). The Note bore interest at 13% per annum compounded quarterly until July 15, 2008 and 15% per annum compounded quarterly thereafter. The Note matured on October 16, 2008.",https://www.sec.gov/Archives/edgar/data/1325740/000095013708012915/c47186e8vk.htm
sec-fc66d63cb921,0000950137-08-014360,INTERSTATE BAKERIES CORP/DE/,2008-12-11,1.03,CREDIT,"On December 5, 2008, the United States Bankruptcy Court for the Western District of Missouri (the “ Bankruptcy Court ”) entered an order confirming the Amended Joint Plan of Reorganization of Interstate Bakeries Corporation (the “ Company ”) and its Affiliated Debtors and Debtors-in-Possession dated October 31, 2008 (as amended, the “ Plan ”).",https://www.sec.gov/Archives/edgar/data/829499/000095013708014360/c48149e8vk.htm
sec-2b0a43675cd1,0000950137-09-003468,MIDWEST BANC HOLDINGS INC,2009-04-30,2.04,CREDIT,"Midwest Banc Holdings, Inc. (the “Company”), has agreed with its lender to extend its short-term revolving line of credit until June 3, 2009, and to reduce the revolving line of credit to $15 million from $25 million. The loan bears interest at prime plus 155 basis points with a floor of 4.25%.",https://www.sec.gov/Archives/edgar/data/1051379/000095013709003468/c50960e8vk.htm
sec-8f11bc4eb5fd,0000950144-04-012285,PSYCHIATRIC SOLUTIONS INC,2004-12-21,2.04,CREDIT,"On December 15, 2004, Psychiatric Solutions, Inc. (the “Company”) issued a notice of partial redemption to the Trustee indicating that it was exercising its right to redeem $50 million of its outstanding 10 5/8% Senior Subordinated Notes due June 15, 2013 (the “Notes”) on January 14, 2005. The Company will also pay a redemption premium of $5.3 million to the Trustee on behalf of the holders of the redeemed Notes.",https://www.sec.gov/Archives/edgar/data/829608/000095014404012285/g92480e8vk.htm
sec-52f9e37a55d5,0000950144-05-007988,ALLIED HOLDINGS INC,2005-08-01,1.03,CREDIT,"On July 31, 2005, each of Allied Holdings, Inc. (the “Company”) and certain of its subsidiaries filed voluntary petitions in the United States Bankruptcy Court for the Northern District of Georgia, Newnan Division (the “Bankruptcy Court”) seeking relief under the provisions of Chapter 11 of the United States Bankruptcy Code (Case Nos. 05-12515 through 05-12537) (the “Chapter 11 Cases”).",https://www.sec.gov/Archives/edgar/data/909950/000095014405007988/g96574e8vk.htm
sec-799da9360fb7,0000950144-05-008511,ANCHOR GLASS CONTAINER CORP /NEW,2005-08-09,1.03,CREDIT,"On August 8, 2005, Anchor Glass Container Corporation (the “Registrant”) filed a voluntary petition for reorganization under Chapter 11 of the US Bankruptcy Code in the Middle District of Florida, Tampa Division. The Registrant said that it intends to request Court approval to continue payments of employee salaries and continue health and welfare benefits to current employees without disruption.",https://www.sec.gov/Archives/edgar/data/1052163/000095014405008511/g96782e8vk.htm
sec-80b9a4054952,0000950144-05-011829,COMMUNITY HEALTH SYSTEMS INC  (CYH),2005-11-14,2.04,CREDIT,"On November 14, 2005, Community Health Systems, Inc. (the “Company”) elected to call for redemption $150.0 million in principal amount of its 4.25% Convertible Subordinated Notes due 2008 (the “Notes”). As of November 14, 2005, there was $287.5 million in aggregate principal amount of the Notes outstanding.",https://www.sec.gov/Archives/edgar/data/1108109/000095014405011829/g98357e8vk.htm
sec-72276f4651ef,0000950144-05-011862,CIVITAS BANKGROUP INC,2005-11-15,2.04,CREDIT,"On November 14, 2005, Civitas BankGroup, Inc., a Tennessee corporation (“Civitas”) gave notice to Wilmington Trust Company (“Wilmington”), as Property Trustee of Cumberland Capital Trust I (the “Trust”), of its intent to redeem on December 29, 2005, subject to the receipt of any required regulatory approval, (the “Redemption Date”) all $8,248,000 aggregate principal amount of its floating rate junior subordinated debentures due 2025 (the “Debentures”) held by the Trust and issued pursuant to the terms of that certain Junior Subordinated Indenture by and between Civitas and Wilmington dated as of December 29, 2000",https://www.sec.gov/Archives/edgar/data/1092099/000095014405011862/g98394e8vk.htm
sec-732649ce878d,0000950144-05-012281,IVAX CORP,2005-11-29,2.04,CREDIT,"On November 28, 2005, IVAX and U.S. Bank National Association (the “Trustee”) entered into supplemental indentures amending the indentures relating to IVAX’ 1.5% Convertible Senior Notes due 2024 (the “2024 Notes”), its 1.875% Convertible Senior Notes due 2024 (the “1.875% Notes”) and its 1.5% Convertible Senior Notes due 2025 (the “2025 Notes”).",https://www.sec.gov/Archives/edgar/data/772197/000095014405012281/g98573e8vk.htm
sec-14acf98a7f53,0000950144-05-012847,COMMUNITY HEALTH SYSTEMS INC  (CYH),2005-12-16,2.04,CREDIT,"On December 15, 2005, Community Health Systems, Inc. (the “Company”) elected to call for redemption all of its remaining outstanding 4.25% Convertible Subordinated Notes due 2008 (the “Notes”). As of December 15, 2005, there was $136,624,000 million in aggregate principal amount of the Notes outstanding.",https://www.sec.gov/Archives/edgar/data/1108109/000095014405012847/g98833e8vk.htm
sec-095db104a30b,0000950144-06-006695,VECTOR GROUP LTD  (VGR),2006-07-17,2.04,CREDIT,"On July 14, 2006, pursuant to Section 3.02 of the Indenture, dated as of July 5, 2001, between the Company and U.S. Bank National Association, as Trustee, the Company issued a Notice of Redemption to redeem all of its outstanding 6 1/4% Convertible Subordinated Notes due 2008 (the “Notes”).",https://www.sec.gov/Archives/edgar/data/59440/000095014406006695/g02417e8vk.htm
sec-8c635ed60ee6,0000950144-06-008585,"PORTRAIT CORP OF AMERICA, INC.",2006-09-07,1.03,CREDIT,"On August 31, 2006, Portrait Corporation of America, Inc. (the “Company”) and its domestic subsidiaries (collectively, the “Debtors”), filed voluntary petitions in the United States Bankruptcy Court for the Southern District of New York (the “Bankruptcy Court”) seeking relief under the provisions of Chapter 11 of the U.S.",https://www.sec.gov/Archives/edgar/data/76791/000095014406008585/g03315e8vk.htm
sec-7b1cb0e69261,0000950144-08-007648,INTEGRITY BANCSHARES INC,2008-10-17,1.03,CREDIT,"On October 10, 2008, Integrity Bancshares, Inc., a Georgia corporation (the “Company”), filed a voluntary petition for relief pursuant to Chapter 7 of Title 11 of the United States Code in the United States Bankruptcy Court for the Northern District of Georgia, Bankruptcy Case No. 08-80512. The bankruptcy trustee is Jordan E. Lubin, Building 2, 8325 Dunwoody Place, Atlanta, Georgia 30350,.",https://www.sec.gov/Archives/edgar/data/1103764/000095014408007648/g16119e8vk.htm
sec-0a1287c5af08,0000950144-09-004676,R H DONNELLEY CORP,2009-05-29,1.03,CREDIT,"On May 28, 2009, R.H. Donnelley Corporation, a Delaware corporation (the “Company”), and all of its subsidiaries (collectively, the “Debtors”), filed voluntary petitions (the “Chapter 11 Petitions”) for relief under Chapter 11 of the United States Code (the “Bankruptcy Code”) in the United States Bankruptcy Court for the District of Delaware (the “Bankruptcy Court”).",https://www.sec.gov/Archives/edgar/data/30419/000095014409004676/g19324e8vk.htm
sec-6cf0ed06556c,0000950152-05-000253,SHOPSMITH INC,2005-01-14,2.04,CREDIT,"On January 10, 2005 Shopsmith, Inc. (the “Company”) determined that it was not in compliance with the Debt Service Coverage financial covenant as set forth in the Loan Agreement dated December 31, 2002 between the Company and The Provident Bank (the “Lender”), as amended (the “Loan Agreement”). The Loan Agreement provides, among other terms, that the Company shall: “Maintain the following financial covenants: ...",https://www.sec.gov/Archives/edgar/data/89925/000095015205000253/l11460ae8vk.htm
sec-f90c680ebda7,0000950152-05-000743,"WESCO INTERNATIONAL INC  (WCC, WCC-PA)",2005-02-04,2.04,CREDIT,"On January 6, 2005, WESCO International, Inc. (the “Company”) and WESCO Distribution, Inc. (“WESCO Distribution”) advised JPMorgan (the “Trustee”), as trustee under the respective indentures governing WESCO Distribution’s 9 1/8% Senior Subordinated Notes due 2008 (CUSIP No. 95081Q AC 8) issued in 1998 (the “1998 Notes”) and WESCO Distribution’s 9 1/8% Senior Subordinated Notes due 2008 (CUSIP No. 95099A AD 1) issued in 2001 (the “2001 Notes”), that the Company and WESCO Distribution intended to exercise their rights under those indentures to redeem $31,047,000 in principal amount of the outstanding 1998 Notes and",https://www.sec.gov/Archives/edgar/data/929008/000095015205000743/j1186301e8vk.htm
sec-2213235561db,0000950152-08-006958,PORTOLA PACKAGING INC,2008-09-03,1.03,CREDIT,"On August 27, 2008, Portola Packaging, Inc. (the “Company”) and certain of the Company’s domestic subsidiaries (collectively, the “Debtors”), filed voluntary petitions in the United States Bankruptcy Court for the District of Delaware (the “Bankruptcy Court”) seeking reorganization relief under the provisions of chapter 11 of title 11 of the United States Code (the “Bankruptcy Code”) (Proposed Lead Case No. 08-12001) (collectively, the “Cases”).",https://www.sec.gov/Archives/edgar/data/788983/000095015208006958/l33121ae8vk.htm
sec-c6361369ce7a,0000950152-09-001011,"BPI Energy Holdings, Inc.",2009-02-05,1.03,CREDIT,"On February 3, 2009, BPI Energy Holdings, Inc. (“BPI Holdings”) and its wholly owned subsidiary, BPI Energy, Inc. (“BPI Energy”), filed a voluntary petition for relief under Chapter 11 of the U.S. Bankruptcy Code with the U.S. Bankruptcy Court for the Northern District of Ohio, Eastern Division.",https://www.sec.gov/Archives/edgar/data/1314077/000095015209001011/l35399ae8vk.htm
sec-3629c1527ecc,0000950152-09-003795,GENERAL GROWTH PROPERTIES INC,2009-04-16,1.03,CREDIT,"On April 16, 2009 (the “ Commencement Date ”), General Growth Properties, Inc. (the “ Company ”), GGP Limited Partnership (“ GGPLP ”) and certain of the Company’s domestic subsidiaries (collectively, the “ Debtors ”) filed voluntary petitions for relief under Chapter 11 of Title 11 of the United States Code (the “ Bankruptcy Code ”) in the United States Bankruptcy Court for the Southern District of New York (the “ Bankruptcy Court ”) (the “ Chapter 11 Cases ”).",https://www.sec.gov/Archives/edgar/data/895648/000095015209003795/c50600e8vk.htm
sec-017f6010cd73,0000950153-05-000800,EAGLE PICHER HOLDINGS INC,2005-04-13,1.03,CREDIT,"On April 11, 2005, EaglePicher Holdings, Inc., a Delaware corporation (the “Company”), and certain of its domestic subsidiaries (collectively, the “Debtors”), filed voluntary petitions in the United States Bankruptcy Court for the Southern District of Ohio (the “Bankruptcy Court”) seeking reorganization relief under the provisions of Chapter 11 of Title 11 of the United States Code (the “Bankruptcy Code”) (Case No. 05-12601, jointly administered) (the “Case”).",https://www.sec.gov/Archives/edgar/data/1059364/000095015305000800/p70480e8vk.htm
sec-bc6868f8c112,0000950153-05-002316,THREE FIVE SYSTEMS INC,2005-09-09,1.03,CREDIT,"On September 8, 2005, the Registrant filed a voluntary petition for bankruptcy under Chapter 11 of the United States Bankruptcy Code, in the United States Bankruptcy Court for the District of Arizona (Case No. 2-05-bk-17104-SSC).",https://www.sec.gov/Archives/edgar/data/32272/000095015305002316/p71185e8vk.htm
sec-cd1ad6f90837,0000950153-06-001543,AMKOR TECHNOLOGY INC  (AMKR),2006-06-05,2.04,CREDIT,"On May 31, 2006, Amkor Technology, Inc. (the “Company”) gave notice to holders of its outstanding 10.5% Senior Subordinated Notes due 2009 (the “Notes”) that it has called $178,118,000 aggregate principal amount of the Notes for redemption on June 30, 2006. The Notes were issued pursuant to an Indenture, dated May 13, 1999 (as supplemented, the “Indenture”), between the Company and U.S.",https://www.sec.gov/Archives/edgar/data/1047127/000095015306001543/p72448e8vk.htm
sec-c87914658bb9,0000950153-07-001119,AMKOR TECHNOLOGY INC  (AMKR),2007-05-14,2.04,CREDIT,"On May 10, 2007, Amkor Technology, Inc. (the “Company”) gave notice to holders of its outstanding 10.50% Senior Subordinated Notes due 2009 (the “Notes”) that it has elected to redeem all remaining outstanding Notes issued pursuant to an Indenture, dated May 13, 1999 (as supplemented, the “Indenture”), between the Company and U.S.",https://www.sec.gov/Archives/edgar/data/1047127/000095015307001119/p73889e8vk.htm
sec-c5bd08354492,0000950153-08-001052,MESA AIR GROUP INC  (MESA),2008-05-29,2.04,CREDIT,"On May 22, 2008, Mesa Air Group, Inc. (the “Company”) received a notice of default (the “Notice”) from U.S.",https://www.sec.gov/Archives/edgar/data/810332/000095015308001052/p75580e8vk.htm
sec-591fa4aad9ab,0000950153-08-001228,SYNTAX-BRILLIAN CORP,2008-07-08,1.03,CREDIT,"On July 8, 2008, we and two of our wholly owned subsidiaries, Syntax Groups Corporation and Syntax-Brillian SPE, Inc., filed voluntary petitions for relief under Chapter 11 of the United States Bankruptcy Code in the United States Bankruptcy Court for the District of Delaware.",https://www.sec.gov/Archives/edgar/data/1232229/000095015308001228/p75832e8vk.htm
sec-4282b0769c19,0000950170-24-030041,MARINEMAX INC  (HZO),2024-03-12,1.05,CYBER,"MarineMax, Inc. (the ""Company"") determined on March 10, 2024, that it experienced a “cybersecurity incident,” as defined in applicable Securities and Exchange Commission rules, whereby a third party gained unauthorized access to portions of its information environment.",https://www.sec.gov/Archives/edgar/data/1057060/000095017024030041/hzo-20240310.htm
sec-009544cec0be,0000950170-24-033954,"RADIANT LOGISTICS, INC  (RLGT)",2024-03-20,1.05,CYBER,"On or about March 14, 2024, through its information technology systems monitoring tools, Radiant Logistics, Inc. (the “Company”) detected what was determined to be the initial stages of a cybersecurity incident related to its Canadian operations. Upon detection, the Company immediately initiated its incident response and business continuity protocols and began taking measures to disrupt the unauthorized activity.",https://www.sec.gov/Archives/edgar/data/1171155/000095017024033954/rlgt-20240319.htm
sec-f48174a2b051,0000950170-24-038881,MARINEMAX INC  (HZO),2024-04-01,1.05,CYBER,"As disclosed in the Original Report, on March 10, 2024, we determined that the Company experienced a “cybersecurity incident,” as defined in applicable SEC rules, whereby a third party gained unauthorized access to portions of our information environment (the “Incident”).",https://www.sec.gov/Archives/edgar/data/1057060/000095017024038881/hzo-20240310.htm
sec-9eba5a3b7fc7,0001004878-11-000090,"EPIC ENERGY RESOURCES, INC.",2011-03-24,1.03,CREDIT,"On March 18, 2011 the Company, and its wholly owed subsidiary, Epic Integrated Services, Inc. filed voluntary petitions pursuant to Chapter 11 of the U.S. Bankruptcy Code in the U.S. Bankruptcy Court, District of Colorado. Both cases are being jointly administered under Case No. 11-15521-MER. The Company is planning on retaining possession of its assets but will be supervised by the U.S.",https://www.sec.gov/Archives/edgar/data/1122101/000100487811000090/form8kmarch-11.txt
sec-967ec01c0824,0001016900-10-000005,PNG VENTURES INC,2010-03-17,1.03,CREDIT,"As previously disclosed, on September 9, 2009, PNG Ventures, Inc. and its subsidiaries (collectively, the “Company,” “we” or “us”) filed a voluntary petition for relief under Chapter 11 of the United States Bankruptcy Code (“Bankruptcy Code”), in the United States Bankruptcy Court for the District of Delaware (“Bankruptcy Court”) (Case No. 09-13162).",https://www.sec.gov/Archives/edgar/data/1016900/000101690010000005/form8-k.htm
sec-22dfc94ea120,0001019687-09-001387,SGD HOLDINGS LTD,2009-04-15,1.03,CREDIT,"On October 24, 2006, (defined as one day after the entry of the confirmation order) (the ""Effective Date"") of the plan or reorganization for SGD Holdings, Ltd. as approved by the Bankruptcy Court for the Northern District of Texas, Fort Worth Division, the common stock and preferred stock of the Company will be reclassified, the management of the Company will be changed and certain shares of common stock of the Company will be issued, all as discussed below.",https://www.sec.gov/Archives/edgar/data/1106836/000101968709001387/sgd_8k-041509.txt
sec-2355d41800f4,0001020859-25-000036,UNITED NATURAL FOODS INC  (UNFI),2025-06-26,1.05,CYBER,"As previously disclosed in a Current Report on Form 8-K filed with the Securities and Exchange Commission (“SEC”) on June 9, 2025 (the “Prior 8-K”), on June 5, 2025 , United Natural Foods, Inc. (the “Company”) became aware of unauthorized activity on certain information technology (IT) systems.",https://www.sec.gov/Archives/edgar/data/1020859/000102085925000036/unfi-20250621.htm
sec-383b49b8b4e5,0001035704-05-000652,FRONT RANGE CAPITAL CORP,2005-11-10,2.04,CREDIT,"Pursuant to the Indenture dated December 28, 2000, between Front Range Capital Corporation (the “Company”) and Wilmington Trust Company (“Trustee”), the Company gave notice on November 10, 2005, to the Trustee of its intention to redeem on December 28, 2005, all $9,485,000 aggregate principal amount of the 11% junior subordinated debentures due 2030 (the “Debentures”) held by Front Range Capital Trust I (the “Trust”).",https://www.sec.gov/Archives/edgar/data/813964/000103570405000652/d30307e8vk.htm
sec-6f8c6552731b,0001043509-24-000060,SONIC AUTOMOTIVE INC  (SAH),2024-07-05,1.05,CYBER,"As previously disclosed on its Current Report on Form 8-K filed on June 21, 2024, Sonic Automotive, Inc. (the “Company”) has experienced disruptions since June 19, 2024 in its access to certain information systems provided to the Company by CDK Global (“CDK”) due to a cybersecurity incident experienced by CDK (the “Incident”).",https://www.sec.gov/Archives/edgar/data/1043509/000104350924000060/sah-20240705.htm
sec-b7e3e35073a1,0001043509-24-000063,SONIC AUTOMOTIVE INC  (SAH),2024-08-05,1.05,CYBER,"As previously disclosed in the Original Form 8-K, the Company has experienced disruptions in its access to certain information systems provided to the Company by CDK Global (“CDK”) due to a cybersecurity incident experienced by CDK on June 19, 2024 (the “Incident”).",https://www.sec.gov/Archives/edgar/data/1043509/000104350924000063/sah-20240705.htm
sec-9c06efc7a5d4,0001045014-10-000060,GAMETECH INTERNATIONAL INC,2010-11-04,2.04,CREDIT,"As previously disclosed by GameTech International, Inc. (the “Company”) in its Form 8-K filed on September 16, 2010, the Company and Bank of the West and U.S.",https://www.sec.gov/Archives/edgar/data/1045014/000104501410000060/form8k.htm
sec-c08a45bf97a1,0001045014-10-000061,GAMETECH INTERNATIONAL INC,2010-11-09,2.04,CREDIT,"As previously disclosed by GameTech International, Inc. (the “Company”) in its Form 8-K filed on September 16, 2010, the Company and Bank of the West (the “Lender”) entered into a Forbearance Agreement (the “Line of Credit Forbearance”) on September 15, 2010, pursuant to which the Lender agreed to forbear from exercising certain rights available to it under the Company’s Line of Credit with the Lender until October 31, 2010 or earlier upon the occurrence of certain events, as a result of certain technical events of default existing under the line of credit.",https://www.sec.gov/Archives/edgar/data/1045014/000104501410000061/form8k.htm
sec-15195215b1f6,0001047469-04-032166,NORTHWESTERN CORP,2004-10-26,1.03,CREDIT,"On October 20, 2004, the United States Bankruptcy Court for the District of Delaware (the “Bankruptcy Court”) entered an order (the “Confirmation Order”) confirming the Second Amended and Restated Plan of Reorganization (the “Plan”) of NorthWestern Corporation (the “Company”) under Chapter 11 of the Bankruptcy Code.",https://www.sec.gov/Archives/edgar/data/73088/000104746904032166/a2145439z8-k.htm
sec-0084708af312,0001047469-04-035102,HUNTSMAN LLC,2004-11-23,2.04,CREDIT,"In connection with our issuance on June 22, 2004 of $400 million of senior notes, consisting of $300 million of senior unsecured notes, which bear interest at 11.5% and mature on July 15, 2012, and $100 million of senior unsecured floating rate notes, which bear interest at a rate equal to LIBOR plus 7.25% and mature on July 15, 2011, we and the guarantors of the notes entered into a registration rights agreement with the initial purchasers of the notes.",https://www.sec.gov/Archives/edgar/data/1266794/000104746904035102/a2147187z8-k.htm
sec-b1ca31879980,0001047469-05-004607,HUNTSMAN LLC,2005-02-24,2.04,CREDIT,"In connection with our issuance on June 22, 2004 of $400 million of senior notes, consisting of $300 million of senior unsecured notes, which bear interest at 11.5% and mature on July 15, 2012 (the ""Fixed Rate Notes""), and $100 million of senior unsecured floating rate notes, which bear interest at a rate equal to LIBOR plus 7.25% and mature on July 15, 2011, we and the guarantors of the notes entered into a registration rights agreement with the initial purchasers of the notes.",https://www.sec.gov/Archives/edgar/data/1266794/000104746905004607/a2152547z8-k.htm
sec-c858a98dd5c0,0001047469-05-015850,COBIZ INC,2005-05-26,2.04,CREDIT,"On May 25, 2005, CoBiz Inc. issued a press release announcing that on June 30, 2005 it will redeem all 2,000,000 outstanding shares of its Colorado Business Bankshares Capital Trust I, 10.0% Cumulative Capital Securities. The redemption price will be $10.00 per Capital Security plus $0.25 in accrued and unpaid dividends thereon to the date of redemption.",https://www.sec.gov/Archives/edgar/data/1028734/000104746905015850/a2158780z8-k.htm
sec-f9c8e7d8684a,0001047469-06-000448,LARGE SCALE BIOLOGY CORP,2006-01-13,1.03,CREDIT,"On January 9, 2006, Large Scale Biology Corporation (the ""Company"") and certain of its subsidiaries, including Large Scale Bioprocessing Inc. and Predictive Diagnostics Inc. (collectively, the ""Debtors"") filed voluntary petitions (the ""Cases"") under Chapter 11 of the United States Bankruptcy Code (the ""Code"") in the United States Bankruptcy Court for the Eastern District of California (the""Bankruptcy Court"").",https://www.sec.gov/Archives/edgar/data/1108951/000104746906000448/a2166599z8-k.htm
sec-8e33618be6c6,0001047469-08-012479,OGLETHORPE POWER CORP,2008-11-21,2.04,CREDIT,"As discussed in Oglethorpe Power Corporation's (""Oglethorpe"") Annual Report on Form 10-K for the fiscal year ended December 31, 2007 under the caption "" MANAGEMENT'S DISCUSSION AND ANALYSIS OF FINANCIAL CONDITION AND RESULTS OF OPERATIONS—FINANCIAL CONDITION — Off-Balance Sheet Arrangements — Rocky Mountain Lease Arrangements "" and Quarterly Report on Form 10-Q for the quarter ended September 30, 2008 under the caption ""MANAGEMENT'S DISCUSSION AND ANALYSIS OF FINANCIAL CONDITION AND RESULTS OF OPERATIONS —Financial Condition— Rocky Mountain Lease Arrangements, "" Oglethorpe entered into six lease transactions rela",https://www.sec.gov/Archives/edgar/data/788816/000104746908012479/a2189296z8-k.htm
sec-42e5f5ab2f60,0001047469-09-000545,OGLETHORPE POWER CORP,2009-02-03,2.04,CREDIT,"As discussed in Oglethorpe Power Corporation's (""Oglethorpe"") Annual Report on Form 10-K for the fiscal year ended December 31, 2007 under the caption ""MANAGEMENT'S DISCUSSION AND ANALYSIS OF FINANCIAL CONDITION AND RESULTS OF OPERATIONS—FINANCIAL CONDITION— Off-Balance Sheet Arrangements — Rocky Mountain Lease Arrangements"" and Quarterly Report on Form 10-Q for the quarter ended September 30, 2008 under the caption ""MANAGEMENT'S DISCUSSION AND ANALYSIS OF FINANCIAL CONDITION AND RESULTS OF OPERATIONS—Financial Condition— Rocky Mountain Lease Arrangements,"" Oglethorpe entered into six lease transactions relating",https://www.sec.gov/Archives/edgar/data/788816/000104746909000545/a2190260z8-ka.htm
sec-45de60a818d3,0001048695-25-000149,"F5, INC.  (FFIV)",2025-10-15,1.05,CYBER,"On August 9, 2025, F5, Inc. (the “Company”, “F5”, “we”, or “our”) learned that a highly sophisticated nation-state threat actor had gained unauthorized access to certain Company systems. The Company promptly activated its incident response processes, and has taken extensive actions to contain the threat actor. To support these activities, the Company engaged leading external cybersecurity experts.",https://www.sec.gov/Archives/edgar/data/1048695/000104869525000149/ffiv-20251015.htm
sec-481d577035d1,0001050606-06-000079,SALEM COMMUNICATIONS CORP /DE/  (SALM),2006-06-06,2.04,CREDIT,"On June 6, 2006, Salem Communications Corporation (the “Corporation”) announced its election to redeem, on July 6, 2006 (the “Redemption Date”), the remainder of its outstanding 9% Senior Subordinated Notes due July 2011 (the “9% Notes”) issued through its wholly-owned subsidiary Salem Communications Holding Corporation (“HoldCo”).",https://www.sec.gov/Archives/edgar/data/1050606/000105060606000079/form8kreredemptionnotice0051.htm
sec-4038df5d210d,0001050606-06-000081,SALEM COMMUNICATIONS CORP /DE/  (SALM),2006-06-07,2.04,CREDIT,"This Form 8-K/A amends and restates the Form 8-K filed by Salem Communications Corporation (the “Corporation”) on June 6, 2006 to correct the amount of the loss to be reported from the early redemption of its outstanding 9% Senior Subordinated Notes due July 2011 (the “9% Notes”) which, due to a clerical error, was incorrectly originally reported as $6.7 million rather than the correct amount of $3.6 million.",https://www.sec.gov/Archives/edgar/data/1050606/000105060606000081/form8karedemptionnotice.htm
sec-adacd59e5c76,0001056404-08-001448,Lehman Mortgage Trust 2008-6,2008-09-18,1.03,CREDIT,"On September 15, 2008, Lehman Brothers Holdings Inc. (the Sponsor and the Seller) filed a voluntary petition for relief under Chapter 11 of the U.S. Bankruptcy Code in the U.S. Bankruptcy Court for the Southern District of New York (In re Lehman Brothers Holdings Inc., 08-13555, U.S. Bankruptcy Court, Southern District of New York (Manhattan)). Pursuant to Instruction 1 of",https://www.sec.gov/Archives/edgar/data/1443002/000105640408001448/lmt08006_8k-20080915.txt
sec-7b6b9c6ee266,0001056404-08-001471,Structured Adjustable Rate Mortgage Loan Trust Series 2008-1,2008-10-08,1.03,CREDIT,"On October 3, 2008, Lehman Brothers Special Financing Inc. (the Cap Counterparty and the Swap Counterparty) filed a voluntary petition for relief under Chapter 11 of the U.S. Bankruptcy Code in the U.S. Bankruptcy Court for the Southern District of New York (In re: Lehman Brothers Special Financing Inc., 08-13888, U.S. Bankruptcy Court, Southern District of New York (Manhattan)). Pursuant to Instruction 1 of",https://www.sec.gov/Archives/edgar/data/1430996/000105640408001471/srm08001_8k-20081003.txt
sec-8928a5080014,0001056404-08-001472,Lehman Mortgage Trust 2008-6,2008-10-08,1.03,CREDIT,"On October 3, 2008, Lehman Brothers Special Financing Inc. (the Cap Counterparty) filed a voluntary petition for relief under Chapter 11 of the U.S. Bankruptcy Code in the U.S. Bankruptcy Court for the Southern District of New York (In re: Lehman Brothers Special Financing Inc., 08-13888, U.S. Bankruptcy Court, Southern District of New York (Manhattan)). Pursuant to Instruction 1 of",https://www.sec.gov/Archives/edgar/data/1443002/000105640408001472/lmt08006_8k-20081003.txt
sec-e737cee00d5f,0001056404-08-001473,BNC CORP Mortgage Loan Trust 2007-BNC4,2008-10-08,1.03,CREDIT,"On October 3, 2008, Lehman Brothers Special Financing Inc. (the Swap Counterparty) filed a voluntary petition for relief under Chapter 11 of the U.S. Bankruptcy Code in the U.S. Bankruptcy Court for the Southern District of New York (In re: Lehman Brothers Special Financing Inc., 08-13888, U.S. Bankruptcy Court, Southern District of New York (Manhattan)). Pursuant to Instruction 1 of",https://www.sec.gov/Archives/edgar/data/1421105/000105640408001473/bnc07004_8k-20081003.txt
sec-f1befe8b83a9,0001079973-25-001631,JEWETT CAMERON TRADING CO LTD  (JCTC),2025-10-21,1.05,CYBER,"On October 15, 2025, Jewett-Cameron Trading Co. Ltd. (the “Company”) learned that a threat actor had gained unauthorized access to portions of the Company’s information technology (“IT”) environment and claimed to have unlawfully accessed certain Company information and data.",https://www.sec.gov/Archives/edgar/data/885307/000107997325001631/jctc_8k.htm
sec-d7cafb2b890b,0001096906-09-000175,ILX RESORTS INC,2009-03-02,1.03,CREDIT,"This Current Report on Form 8-K is also being furnished to disclose that on March 2, 2009, the Company and certain of its subsidiaries and limited liability companies (collectively, the “Debtors”) filed voluntary petitions for relief under Chapter 11 of the United States Bankruptcy Code. The petitions were filed in the United States Bankruptcy Court for the District of Arizona.",https://www.sec.gov/Archives/edgar/data/819551/000109690609000175/ilx8k030109.htm
sec-bb128693abbb,0001104659-04-040627,CROWN PACIFIC PARTNERS L P,2004-12-21,1.03,CREDIT,"On December 20, 2004, the United States Bankruptcy Court for the District of Arizona in Phoenix, Arizona (the “Bankruptcy Court”), confirmed our joint Chapter 11 plan (the “Plan”) as filed by the Plan proponents. The Plan is a liquidating plan and includes the transfer of our timberlands and certain assets to a new entity (or entities), that will be owned by the creditors that hold liens in the timberlands.",https://www.sec.gov/Archives/edgar/data/930735/000110465904040627/a04-15059_18k.htm
sec-40b3f3a4fc9e,0001104659-06-025776,BIOJECT MEDICAL TECHNOLOGIES INC,2006-04-19,2.04,CREDIT,"On April 13, 2006, we sold our New Jersey office building located at 211 Somerville Road, Bedminster, New Jersey 07921 (the “Property”) for net proceeds of $1.125 million. This Property was collateral for our $3.0 million term loan with Partners For Growth, L.P.",https://www.sec.gov/Archives/edgar/data/810084/000110465906025776/a06-9160_18k.htm
sec-a3556a263ccc,0001104659-07-084718,BIOJECT MEDICAL TECHNOLOGIES INC,2007-11-21,2.04,CREDIT,"(a) See Item 1 .01 Entry into a Material Definitive Agreement - Forbearance No. 1, Limited Waiver and Modification to Loan and Security Agreement above for disclosures required pursuant to this",https://www.sec.gov/Archives/edgar/data/810084/000110465907084718/a07-29905_18k.htm
sec-c8c93991beb6,0001104659-08-035829,"PRB Energy, Inc.",2008-05-27,1.03,CREDIT,"As previously reported, on March 6, 2008, PRB Energy, Inc. and its subsidiaries (“PRB”) filed a voluntary petition for relief under Chapter 11 of the United States Bankruptcy Code (the “Bankruptcy Code”) in the United States Bankruptcy Court for the District of Colorado (the “Bankruptcy Court”) (Case Number 08-12658 ABC).",https://www.sec.gov/Archives/edgar/data/1299966/000110465908035829/a08-15136_18k.htm
sec-2bbe638cafba,0001104659-09-016160,APEX SILVER MINES LTD  (AUMN),2009-03-10,1.03,CREDIT,"As previously reported, on January 12, 2009, Apex Silver Mines Limited (the “Company”) and its wholly-owned subsidiary Apex Silver Mines Corporation (“ASMC”) filed voluntary joint petitions for relief under Chapter 11 of the United States Bankruptcy Code in the United States Bankruptcy Court for the Southern District of New York (the “Bankruptcy Court”) (Case Number 09-10182).",https://www.sec.gov/Archives/edgar/data/1011509/000110465909016160/a09-7391_18k.htm
sec-21ae3b152c21,0001104659-09-037432,"Otter Tail Ag Enterprises, LLC",2009-06-09,2.04,CREDIT,"On June 3, 2009, Otter Tail Ag Enterprises, LLC (the “Company”) received a notice letter (the “Notice”) from Agstar Financial Services, PCA, the Company’s senior lender (the “Lender”), that the Company is in default under the Amended and Restated Master Loan Agreement between the Company and Lender dated as of June 23, 2008 (the “Agstar Agreement”), and that the Company is in default under the NMF Construction and Term Loan Agreement between the Company and MMCDC New Markets Fund II, LLC (“NMF”) dated as of March 30, 2007 (the “NMF Agreement”).",https://www.sec.gov/Archives/edgar/data/1425319/000110465909037432/a09-15467_18k.htm
sec-219f0ed5ed8f,0001104659-12-005046,"Tennessee Commerce Bancorp, Inc.",2012-01-30,1.03,CREDIT,"On January 27, 2012, Tennessee Commerce Bank (the “Bank”), Franklin Tennessee, the wholly-owned banking subsidiary of Tennessee Commerce Bancorp, Inc. (the “Company”) was closed by the Tennessee Department of Financial Institutions, which appointed the Federal Deposit Insurance Corporation (the “FDIC”) as receiver.",https://www.sec.gov/Archives/edgar/data/1323033/000110465912005046/a12-3654_18k.htm
sec-d16c969082c8,0001104659-15-051260,SABINE OIL & GAS CORP,2015-07-15,1.03,CREDIT,"On July 15, 2015, Sabine Oil & Gas Corporation (the “ Company ”) and certain of its subsidiaries, including Giant Gas Gathering LLC, Sabine Bear Paw Basin LLC, Sabine East Texas Basin LLC, Sabine Mid-Continent Gathering LLC, Sabine Mid-Continent LLC, Sabine Oil & Gas Finance Corp., Sabine South Texas Gathering LLC, Sabine South Texas LLC and Sabine Williston Basin LLC ( collectively, the “ Filing Subsidiaries ” and, together with the Company, the “ Debtors ”), filed voluntary petitions (the “ Bankruptcy Petitions ”) for reorganization under Chapter 11 of the United States Bankruptcy Code (the “ Bankruptcy Code ”)",https://www.sec.gov/Archives/edgar/data/38079/000110465915051260/a15-15721_18k.htm
sec-c17525a8bcbd,0001104659-18-038607,"GenOn Energy, Inc.",2018-06-06,1.03,CREDIT,"As previously disclosed, on June 14, 2017 (the “ Petition Date ”), GenOn, GAG and certain of their directly and indirectly-owned subsidiaries (collectively, the “ Debtors ”) filed voluntary petitions for reorganization under Chapter 11 of the United States Bankruptcy Code in the United States Bankruptcy Court for the Southern District of Texas (the “ Bankruptcy Court ”).",https://www.sec.gov/Archives/edgar/data/1126294/000110465918038607/a18-14934_18ka.htm
sec-0a0ec5992760,0001104659-25-024589,"BurgerFi International, Inc.",2025-03-18,1.03,CREDIT,"As previously reported, on September 11, 2024, BurgerFi International, Inc. (the “ Company ”) and 114 direct or indirect subsidiaries (collectively with the Company, the “ Debtors ”) filed voluntary petitions for relief under chapter 11 of Title 11 of the United States Code (the “ Bankruptcy Code ”) in the United States Bankruptcy Court for the District Court of Delaware (the “ Court ”).",https://www.sec.gov/Archives/edgar/data/1723580/000110465925024589/tm259561d1_8k.htm
sec-a491845d96bd,0001104659-26-109813,"Astrana Health, Inc.  (ASTH)",2026-09-23,1.05,CYBER,"Astrana Health, Inc. (the “Company”) recently became aware that its subsidiary Astrana Health Management, Inc. detected unusual activity within its environment.",https://www.sec.gov/Archives/edgar/data/1083446/000110465926109813/asth-20260922x8k.htm
sec-620f4a7493a1,0001136261-10-000004,MESA AIR GROUP INC  (MESA),2010-01-06,1.03,CREDIT,"On January 5, 2010, Mesa Air Group, Inc. (the ""Company"") announced that it had commenced a financial restructuring through the voluntary filing of petitions to reorganize under Chapter 11 of the United States Bankruptcy Code in the United States Bankruptcy Court for the Southern District of New York (the ""Bankruptcy Court"").",https://www.sec.gov/Archives/edgar/data/810332/000113626110000004/body8k.htm
sec-138b051a0319,0001140361-08-015338,SHEARSON FINANCIAL NETWORK INC,2008-06-19,1.03,CREDIT,"On June 16, 2008, Shearson Financial Network, Inc. (the ""Company"") filed a voluntary petition under Chapter 11 of the United States Bankruptcy Code in the United States Bankruptcy Court located in Law Vegas, Nevada (the "" Bankruptcy Court""). The Company's case is No. 08-16350. The Company is continuing to manage its affairs as debtor in possession.",https://www.sec.gov/Archives/edgar/data/1138173/000114036108015338/form8k.htm
sec-36e80ede673e,0001140361-09-006795,CHARYS HOLDING CO INC,2009-03-12,1.03,CREDIT,"On February 20, 2008, the registrant filed a Current Report on Form 8-K with respect to the commencement of cases (the “Chapter 11 Cases”) by the registrant and one of its subsidiaries, Crochet & Borel Services, Inc. under Chapter 11 of the Bankruptcy Code in the United States Bankruptcy Court for the District of Delaware (the “Bankruptcy Court”).",https://www.sec.gov/Archives/edgar/data/845879/000114036109006795/form8ka.htm
sec-01b384f3b1a5,0001140361-17-001094,COSI INC,2017-01-09,1.03,CREDIT,"Cosi, Inc. (the “Company”), the fast-casual restaurant company, today announced that, on January 5, 2017, it filed, in the United States Bankruptcy Court for the District of Massachusetts (Eastern Division) (the “Court”), a Motion for Authority to Deregister Cosi, Inc. Common Stock [Docket No. 607] (“Motion”).",https://www.sec.gov/Archives/edgar/data/1171014/000114036117001094/form8k.htm
sec-5c6e045056ec,0001140361-26-027441,"NAVIENT CORP  (JSM, NAVI)",2026-07-02,1.05,CYBER,"On June 8, 2026, the Company became aware of a cybersecurity incident involving a third‑party law firm (the “Firm”) that provides services to the Company. The incident involved a ransomware attack affecting certain of the Firm’s information systems.",https://www.sec.gov/Archives/edgar/data/1593538/000114036126027441/ef20077249_8k.htm
sec-e5d3a5559f4f,0001144204-07-011087,WIRELESS AGE COMMUNICATIONS INC,2007-03-02,2.04,CREDIT,"On February 21, 2007, mmwave Technologies Inc. (“mmwave”) a wholly owned subsidiary of Wireless Age Communications, Inc. (“Wireless Age” or the “Company”) received a notice of default letter from The Bank of Nova Scotia, mmwave’s senior secured lender advising that due to the continuing breaches of financial covenant ratios and the ongoing operating losses, they intended to reduce credit limits over several weeks during the month of March 2007.",https://www.sec.gov/Archives/edgar/data/1130131/000114420407011087/v067550_8k.htm
sec-1634be8089c9,0001144204-09-035489,ICO Global Communications (Holdings) LTD,2009-07-01,1.03,CREDIT,"On June 30, 2009, DBSD North America, Inc. (formerly ICO North America, Inc.) (“ DBSD ”), a 99.84% owned subsidiary of ICO Global Communications (Holdings) Limited (“ ICO Global ”), entered into a Waiver dated as of June 22, 2009 (“Waiver”) to the Support Agreement dated May 14, 2009 (“ Support Agreement ”) by and among DBSD, ICO Global, the Guarantors named therein and the Participating Holders named therein.",https://www.sec.gov/Archives/edgar/data/1359555/000114420409035489/v153905_8k.htm
sec-8210f967d54a,0001144204-09-055789,"Otter Tail Ag Enterprises, LLC",2009-11-02,1.03,CREDIT,"On October 30, 2009, Otter Tail Ag Enterprises, LLC (the “Debtor” or the “Company”) filed a voluntary petition for relief in the United States Bankruptcy Court, District of Minnesota (the “Bankruptcy Court”) under Chapter 11 of Title 11 of the U.S. Bankruptcy Code (the “Code”). The Debtor’s negotiated Chapter 11 bankruptcy filing, In re: Otter Tail AG Enterprises, LLC, was done with the approval of its senior lenders.",https://www.sec.gov/Archives/edgar/data/1425319/000114420409055789/v164400_8k.htm
sec-de75880bb96d,0001144204-10-008859,"BioAuthorize Holdings, Inc.",2010-02-18,1.03,CREDIT,"On February 11, 2010, the Company’s wholly-owned subsidiary, BioAuthorize, Inc., a Colorado corporation (“BioAuthorize”), filed for bankruptcy protection under Chapter 11 of the United States Bankruptcy Code in the United States Bankruptcy Court, District of Arizona, Case No. 2:10-bk-03505-GBN. The bankruptcy filling was made for strategic purposes as a result of the disputed claims made by Michael A.",https://www.sec.gov/Archives/edgar/data/1129695/000114420410008859/v174938_8k.htm
sec-589350bbd020,0001144204-10-032900,"BioAuthorize Holdings, Inc.",2010-06-10,1.03,CREDIT,"On February 11, 2010, the Company’s wholly-owned subsidiary, BioAuthorize, Inc., a Colorado corporation (“BioAuthorize”), filed for bankruptcy protection under Chapter 11 of the United States Bankruptcy Code in the United States Bankruptcy Court, District of Arizona, Case No. 2:10-bk-03505-GBN. The case has been converted to Chapter 7 of the United States Bankruptcy Code",https://www.sec.gov/Archives/edgar/data/1129695/000114420410032900/v187949_8k.htm
sec-fc3bc54f826f,0001144204-11-050420,"IRON MINING GROUP, INC.",2011-08-30,1.03,CREDIT,"On August 24, 2011, Iron Mining Group, Inc., a Florida corporation (the “Company”), pursuant to the provisions of the United States Bankruptcy Code (the “Bankruptcy Code”), filed a voluntary petition (the “Bankruptcy Filing”) in the United States Bankruptcy Court for the Southern District of New York (the “Bankruptcy Court”) seeking relief under the provisions of Chapter 11 of Title 11 of the Bankruptcy Code (Case No. 11-14032) (the “Bankruptcy Case”).",https://www.sec.gov/Archives/edgar/data/1416712/000114420411050420/v233779_8k.htm
sec-e7c92a8a3b71,0001144204-12-068319,IMAGENETIX INC /NV/,2012-12-18,1.03,CREDIT,"On December 17, 2012, Imagenetix, Inc., a Nevada corporation (“IAGXE”, or the “Company”), filed a voluntary petition in the United States Bankruptcy Court for the Southern District of California seeking relief under the provisions of Chapter 11 of the United States Bankruptcy Code (the “Bankruptcy Code”). The filing, case no. 12-16423-MM11, was made by the Company (the “Bankruptcy Case”).",https://www.sec.gov/Archives/edgar/data/839441/000114420412068319/v330457_8k.htm
sec-24f405cf0362,0001144204-15-008590,"Oryon Technologies, Inc.",2015-02-13,2.04,CREDIT,"On February 9, 2015 Oryon Technologies, Inc. (the “Company”) received notice from Myant Capital Partners, Inc. and Tony Chahine (collectively, the “Myant Payees”) and M.",https://www.sec.gov/Archives/edgar/data/1436164/000114420415008590/v401596_8k.htm
sec-2b928575202c,0001144204-16-089675,"Emerald Oil, Inc.",2016-03-23,1.03,CREDIT,"On March 22, 2016, Emerald Oil, Inc. (the “ Company ”) and certain of its subsidiaries, including Emerald WB, LLC, Emerald NWB, LLC, EOX Marketing, LLC, and Emerald DB, LLC (collectively, the “ Filing Subsidiaries ” and, together with the Company, the “ Debtors ”), filed voluntary petitions (the “ Bankruptcy Petitions ”) for reorganization under Chapter 11 of the United States Bankruptcy Code (the “ Bankruptcy Code ”) in the United States Bankruptcy Court for the District of Delaware (the “ Court ”).",https://www.sec.gov/Archives/edgar/data/1283843/000114420416089675/v434920_8k.htm
sec-fa0ee1d3a5eb,0001145549-05-001682,PSYCHIATRIC SOLUTIONS INC,2005-09-22,2.04,CREDIT,"On July 1, 2005, Psychiatric Solutions, Inc. (the “Company”) amended and restated its credit facility to consist of a $325.0 million senior secured term loan and a revolving credit facility of up to $150.0 million.",https://www.sec.gov/Archives/edgar/data/829608/000114554905001682/g97402e8vk.htm
sec-ff0af7129aa6,0001157523-09-001196,MIDWAY GAMES INC,2009-02-12,1.03,CREDIT,"On February 12, 2009, the Registrant and its U.S. Operating Subsidiaries filed voluntary petitions in the United States Bankruptcy Court for the District of Delaware seeking relief under the provisions of Chapter 11 of the United States Bankruptcy Code (collectively, the ""Chapter 11 Case""). The Chapter 11 Case will be jointly administered and the Registrant and U.S.",https://www.sec.gov/Archives/edgar/data/1022080/000115752309001196/a5895266.htm
sec-978bd5f2c768,0001171843-09-000344,"Znomics, Inc.",2009-04-17,2.04,CREDIT,"s of Certain Officers Our compensation committee approved changes in the compensation for our officers effective April 14, 2009. Mark Philip, our president, chief executive officer and director and Bruce Beutel, our chief scientific officer, will retain such offices and shall render services to us on a part time basis at $250 per hour.",https://www.sec.gov/Archives/edgar/data/1371473/000117184309000344/f8k_041709.htm
sec-4a41301032d9,0001171843-16-010644,"PREMIER EXHIBITIONS, INC.",2016-06-14,1.03,CREDIT,"On June 14, 2016, the Company and each of its wholly-owned United States subsidiaries filed voluntary petitions for reorganization relief under Chapter 11 of the United States Bankruptcy Code in the United States Bankruptcy Court for the Middle District of Florida.",https://www.sec.gov/Archives/edgar/data/796764/000117184316010644/f8k_061416.htm
sec-156e13f11f52,0001181431-09-042272,UNIVERSAL ENERGY CORP.,2009-09-02,2.04,CREDIT,"On September 1, 2009, the Company was served with a verified complaint captioned Roswell Capital Partners, LLC, as Collateral Agent; Bridgepointe Master Fund Ltd. vs. Universal Energy Corp.; Universal Explorations Corp.; UT Holdings, Inc.; Universal Energy Services Corp; and John Does 1-10 (the ""Complaint"").",https://www.sec.gov/Archives/edgar/data/1207029/000118143109042272/rrd252168.htm
sec-2c2439d03d3d,0001183740-14-000358,NORD RESOURCES CORP,2014-11-24,1.03,CREDIT,"On November 18, 2014, Nedbank Limited ( "" Nedbank "" ), the principal secured lender under the $52 million secured loan facility granted to Nord Resources Corporation, has appointed Christopher G.",https://www.sec.gov/Archives/edgar/data/72316/000118374014000358/f8k.htm
sec-048231177697,0001193125-07-159865,LBI MEDIA HOLDINGS INC,2007-07-23,2.04,CREDIT,"” below), the Company amended its senior revolving credit agreement pursuant to a Second Amendment to Amended and Restated Credit Agreement, dated as of July 23, 2007 (the “ Second Amendment ”), by and among the Company, the guarantors party thereto, the lenders party thereto, Credit Suisse Cayman Islands Branch, as administrative agent, and Credit Suisse, Cayman Islands Branch, as collateral agent.",https://www.sec.gov/Archives/edgar/data/1267023/000119312507159865/d8k.htm
sec-a7da471e1177,0001193125-09-006031,NORTEL NETWORKS CORP,2009-01-14,1.03,CREDIT,"On January 14, 2009, NNC announced that NNC, NNL and certain other subsidiaries organized under Canadian law (collectively, the “Canadian Debtors”) will file an application with the Ontario Superior Court of Justice (the “Canadian Court”) under the Companies’ Creditors Arrangement Act (Canada) (the “CCAA”) seeking relief from their creditors (collectively, the “CCAA Proceedings”).",https://www.sec.gov/Archives/edgar/data/72911/000119312509006031/d8k.htm
sec-222f22e39ac6,0001193125-09-032138,"Platinum Research Organization, Inc.",2009-02-18,1.03,CREDIT,"On February 17, 2009, Platinum Research Organization, Inc. (the “Company”) and its limited partnerships PRO Operations, L.P. and Platinum Intellectual Property, L.P. filed voluntary petitions in the United States Bankruptcy Court for the Northern District of Texas (Case Number 09-30977-SGJ-7), seeking relief under Chapter 7 of Title 11 of the United States Code.",https://www.sec.gov/Archives/edgar/data/1330340/000119312509032138/d8k.htm
sec-464f54828f7f,0001193125-09-258972,FIRSTFED FINANCIAL CORP,2009-12-23,1.03,CREDIT,"On Friday, December 18, 2009, First Federal Bank of California, FSB (the “Bank”), the wholly-owned subsidiary and principal asset of FirstFed Financial Corp. (the “Company”), was closed by the Office of Thrift Supervision and the Federal Deposit Insurance Corporation (the “FDIC”) was appointed as receiver of the Bank.",https://www.sec.gov/Archives/edgar/data/810536/000119312509258972/d8k.htm
sec-c8e0158c0868,0001193125-10-145736,"AMHN, Inc.  (TXMD)",2010-06-24,2.04,CREDIT,"As previously disclosed in the Current Report on Form 8-K filed by AMHN, Inc. (the “Company”) with the Commission on April 7, 2010, the Company issued a 4% Secured Promissory Note (the “Note”) in the principal base amount of $800,000 (the “Principal Base Amount”) to Seatac Digital Resources, Inc. (“Seatac”) on April 1, 2010, pursuant to the terms of that certain Note Purchase Agreement (the “Note Purchase Agreement”) of even date therewith.",https://www.sec.gov/Archives/edgar/data/25743/000119312510145736/d8k.htm
sec-cc4653088eb4,0001193125-12-023734,RIGHTNOW TECHNOLOGIES INC,2012-01-26,2.04,CREDIT,"Pursuant to the Indenture, the consummation of the Merger constitutes a Make-Whole Fundamental Change (as defined in the Indenture) and January 25, 2012, the date of consummation of the Merger, constitutes a Make-Whole Effective Date (as defined in the Indenture).",https://www.sec.gov/Archives/edgar/data/1111247/000119312512023734/d289377d8k.htm
sec-1e7ff8614b9f,0001193125-15-321622,American Standard Energy Corp.,2015-09-17,1.03,CREDIT,"On August 3, 2015, American Standard Energy Corp., a Delaware corporation (the “ Company ”), and its operating subsidiary, American Standard Energy Corp., a Nevada corporation (“ ASEN ” and, together with the Company, the “ Debtors ”), filed voluntary petitions (the “ Bankruptcy Petitions ”) in the United States Bankruptcy Court for the Western District of Texas (the “ Bankruptcy Court ”) seeking relief under Chapter 11 of Title 11 of the United States Code (the “ Bankruptcy Code ”).",https://www.sec.gov/Archives/edgar/data/1349976/000119312515321622/d47754d8k.htm
sec-4286f722cd05,0001193125-16-797241,Violin Memory Inc,2016-12-19,1.03,CREDIT,"On December 14, 2016, Violin Memory, Inc. (the “ Company ”) filed a voluntary petition (the “ Bankruptcy Petition ”) under chapter 11 (“ Chapter 11 ”) of title 11 of the United States Code (the “ Bankruptcy Code ”) in the United States Bankruptcy Court for the District of Delaware (the “ Court ”). The Company’s Chapter 11 case is being administered under the caption In re Violin Memory, Inc. (Case No. 16-12782).",https://www.sec.gov/Archives/edgar/data/1407190/000119312516797241/d313497d8k.htm
sec-c49600744360,0001193125-20-330447,Approach Resources Inc,2020-12-31,1.03,CREDIT,"As previously disclosed, on November 18, 2019, Approach Resources Inc. (“Approach,” the “Company” or “we”) and all of its subsidiaries (the “Filing Subsidiaries and, together with Approach, the “Debtors”) filed voluntary petitions (collectively, the “Bankruptcy Petitions”) under chapter 11 (“Chapter 11”), of Title 11 of the U.S.",https://www.sec.gov/Archives/edgar/data/1405073/000119312520330447/d39174d8k.htm
sec-361bf9fdfc9b,0001193125-23-248188,"Athenex, Inc.",2023-10-02,1.03,CREDIT,"As previously disclosed, on May 14, 2023, Athenex, Inc. (the “Company”) together with certain of its subsidiaries (collectively, the “Debtors”) filed voluntary petitions for relief under Chapter 11 of the United States Bankruptcy Code with the United States Bankruptcy Court for the Southern District of Texas (the “Bankruptcy Court”).",https://www.sec.gov/Archives/edgar/data/1300699/000119312523248188/d516484d8k.htm
sec-e0cf3ffd123a,0001193125-23-277096,"Quanergy Systems, Inc.",2023-11-14,1.03,CREDIT,"As previously disclosed in a Current Report on Form 8-K filed with the Securities and Exchange Commission (the “SEC”) on December 13, 2022, on December 13, 2022, Quanergy Systems, Inc. (the “Company”) filed a voluntary petition (Case No. 22-11305) for relief under Chapter 11 of the Bankruptcy Code in the United States Bankruptcy Court for the District of Delaware (such court, the “Court” and such case, the “Case”).",https://www.sec.gov/Archives/edgar/data/1794621/000119312523277096/d349496d8k.htm
sec-6a675b778eef,0001193125-24-010243,V F CORP  (VFC),2024-01-18,1.05,CYBER,"As disclosed in the Original Report, on December 13, 2023, VF detected unauthorized occurrences on a portion of its information technology (IT) systems.",https://www.sec.gov/Archives/edgar/data/103379/000119312524010243/d641969d8ka.htm
sec-fa2ba9bf72af,0001193125-24-033753,"PRUDENTIAL FINANCIAL INC  (PFH, PRH, PRS, PRU)",2024-02-13,1.05,CYBER,"On February 5, 2024, Prudential Financial, Inc. (the “Company” or “we”) detected that, beginning February 4, 2024, a threat actor had gained unauthorized access to certain of our systems. With assistance from external cybersecurity experts, we immediately activated our cybersecurity incident response process to investigate, contain, and remediate the incident.",https://www.sec.gov/Archives/edgar/data/1137774/000119312524033753/d770643d8k.htm
sec-f36810f85efd,0001193125-24-040749,"PRUDENTIAL FINANCIAL INC  (PFH, PRH, PRS, PRU)",2024-02-21,1.05,CYBER,"As disclosed in the Original Report, on February 5, 2024, we detected that, beginning February 4, 2024, a threat actor had gained unauthorized access to certain of our systems. With assistance from external cybersecurity experts, we immediately activated our cybersecurity incident response process to investigate, contain, and remediate the incident.",https://www.sec.gov/Archives/edgar/data/1137774/000119312524040749/d766318d8ka.htm
sec-ecdff510d0ba,0001193125-24-094797,ORASURE TECHNOLOGIES INC  (OSUR),2024-04-12,1.05,CYBER,"On or about March 27, 2024, OraSure Technologies, Inc. (the “Company”) became aware of a cybersecurity incident in which an unauthorized third party gained access to Company data from certain information systems. Following detection of the incident, the Company initiated response protocols, commenced an investigation with the assistance of cybersecurity experts and external counsel, and notified law enforcement.",https://www.sec.gov/Archives/edgar/data/1116463/000119312524094797/d825009d8k.htm
sec-bc07450e221e,0001193125-24-133132,BRANDYWINE REALTY TRUST  (BDN),2024-05-07,1.05,CYBER,"On May 1, 2024, Brandywine Realty Trust (the “Company”) detected what was determined to be a cybersecurity incident, whereby a third party gained unauthorized access to portions of its information technology (“IT”) environment.",https://www.sec.gov/Archives/edgar/data/790816/000119312524133132/d824906d8k.htm
sec-7a4d68b009fb,0001193125-24-147625,BRANDYWINE REALTY TRUST  (BDN),2024-05-28,1.05,CYBER,"As disclosed in the Original Report, on May 1, 2024, the Company detected unauthorized occurrences by a third party on portions of the Company’s information technology (“IT”) systems.",https://www.sec.gov/Archives/edgar/data/790816/000119312524147625/d774339d8ka.htm
sec-c0b85d28f7ec,0001193125-24-167032,Fisker Inc./DE  (FSRNQ),2024-06-24,1.03,CREDIT,"On June 17, 2024, Fisker Group Inc., a subsidiary of Fisker Inc. (“Fisker” or the “Company”), commenced a voluntary case under chapter 11 of title 11 of the United States Code (the “Bankruptcy Code”) in the United States Bankruptcy Court for the District of Delaware (the “Bankruptcy Court”).",https://www.sec.gov/Archives/edgar/data/1720990/000119312524167032/d798771d8k.htm
sec-74f8e5f454df,0001193125-25-119311,NUCOR CORP  (NUE),2025-05-14,1.05,CYBER,Nucor Corporation (the “Company”) recently identified a cybersecurity incident involving unauthorized third party access to certain information technology systems used by the Company.,https://www.sec.gov/Archives/edgar/data/73309/000119312525119311/d795264d8k.htm
sec-dc08ff6598ec,0001193125-25-143135,NUCOR CORP  (NUE),2025-06-20,1.05,CYBER,"As disclosed in the Original Form 8-K, the Company recently experienced a cybersecurity incident affecting certain information technology systems used by the Company. The Company’s investigation revealed that a threat actor illegally accessed the Company’s information technology systems.",https://www.sec.gov/Archives/edgar/data/73309/000119312525143135/d926586d8ka.htm
sec-282dfe7d754d,0001193125-26-147772,"Bitcoin Depot Inc.  (BTM, BTMWW)",2026-04-08,1.05,CYBER,"On March 23, 2026, Bitcoin Depot Inc. (the “Company”) discovered that an unauthorized party gained access to certain of its information technology systems. Upon detection, the Company promptly activated its incident response protocols, engaged external cybersecurity experts, and notified law enforcement.",https://www.sec.gov/Archives/edgar/data/1901799/000119312526147772/btm-20260406.htm
sec-717d63280dd4,0001206774-16-006561,BAKKEN RESOURCES INC,2016-07-26,2.04,CREDIT,To the extent of Registrant’s obligation to disclose a triggering event causing the increase or acceleration of a direct financial obligation of the Registrant pursuant to this,https://www.sec.gov/Archives/edgar/data/1450390/000120677416006561/bakken3110481_1-8k.htm
sec-8274d40cbba9,0001213900-21-023524,GULFPORT ENERGY CORP  (GPOR),2021-04-29,1.03,CREDIT,"As previously disclosed, on November 13, 2020, Gulfport Energy Corporation (“Gulfport”) and certain of its subsidiaries (together with Gulfport, the “Company” or the “Debtors”) filed voluntary petitions for relief under chapter 11 of title 11 of the United States Code (the “Bankruptcy Code”) in the United States Bankruptcy Court for the Southern District of Texas, Houston Division (the “Bankruptcy Court”).",https://www.sec.gov/Archives/edgar/data/874499/000121390021023524/ea140017-8k_gulfport.htm
sec-a87d9497092b,0001213900-23-015846,"Clarus Therapeutics Holdings, Inc.",2023-03-01,1.03,CREDIT,"As previously disclosed, on September 5, 2022, Clarus Therapeutics Holdings, Inc., or Clarus, and its wholly-owned subsidiary Clarus Therapeutics, Inc., or OpCo, filed voluntary petitions for bankruptcy protection under Chapter 11 of Title 11 of the United States Bankruptcy Code. The filing was made in the United States Bankruptcy Court for the District of Delaware, or the Court (Case No. 22-10845).",https://www.sec.gov/Archives/edgar/data/1817944/000121390023015846/ea174454-8k_clarus.htm
sec-c74414723436,0001213900-24-099394,"iLearningEngines, Inc.  (AILE, AILEW)",2024-11-18,1.05,CYBER,"iLearningEngines, Inc. (the “ Company ”) recently became aware of a cybersecurity incident. The ongoing investigation has revealed that a threat actor illegally accessed the Company’s environment and certain files on its network, misdirected a $250,000 wire payment, and deleted a number of email messages. The wire payment has not been recovered.",https://www.sec.gov/Archives/edgar/data/1835972/000121390024099394/ea0221424-8k_ilearning.htm
sec-76ba3c60f72e,0001213900-26-013285,"Borealis Foods Inc.  (BRLS, BRLSW)",2026-02-06,2.04,CREDIT,"of a Registrant On February 2, 2026, Borealis Foods Inc. (the “Company”) received a letter from counsel to Frontwell Capital Partners Inc. (the “Lender”) regarding the Credit Agreement, dated as of August 10, 2023 (as the same has been amended, supplemented or otherwise modified, from time to time, prior to the date hereof, the “Credit Agreement”), by and among the Company, Palmetto Gourmet Foods, Inc., PGF Real Estate I, Inc., PGF Real Estate II, Inc., Borealis IP Inc. and Palmetto Gourmet Foods (Canada) Inc., (together with the Company, the “Loan Parties”) and the Lender, pursuant to which, the Lender has (a) m",https://www.sec.gov/Archives/edgar/data/1852973/000121390026013285/ea0275816-8k_borealis.htm
sec-7e0de3ebb383,0001215811-10-000027,AMERICAN MORTGAGE ACCEPTANCE CO,2010-04-28,1.03,CREDIT,"On April 26, 2010, American Mortgage Acceptance Company (the “Registrant”), a Massachusetts statutory trust, filed a voluntary petition for relief under Chapter 11 of the United States Bankruptcy Code in the United States Bankruptcy Court for the Southern District of New York (Case No. 10-12196).",https://www.sec.gov/Archives/edgar/data/878774/000121581110000027/f8k_april2010-amac.htm
sec-4eae0a341088,0001299933-06-002569,TERAFORCE TECHNOLOGY CORP,2006-04-10,1.03,CREDIT,"On April 6, 2006 (the ""Confirmation Date"") Federal Bankruptcy Court For the Northern District of Texas Dallas Division entered an order (the ""Confirmation Order"") confirming the Company's Fourth Amended Joint Consolidated Plan of Reorganization, As Modified (the ""Plan""). The Plan shall become effective on April 17, 2006 (the ""Effective Date""), unless the Confirmation Order is stayed.",https://www.sec.gov/Archives/edgar/data/316672/000129993306002569/htm_11571.htm
sec-010e5fff7213,0001299933-08-004210,LUMINENT MORTGAGE CAPITAL INC,2008-09-08,1.03,CREDIT,"On September 8, 2008, we issued a press release announcing that on September 5, 2008 we, together with certain of our subsidiaries, had filed a voluntary petition for relief under Chapter 11 of the U.S. Bankruptcy Code in the U.S. Bankruptcy Court for the District of Maryland (Case No. 08-21389).",https://www.sec.gov/Archives/edgar/data/1236309/000129993308004210/htm_28844.htm
sec-ce4c4ea3fee0,0001341004-10-000503,ANTHRACITE CAPITAL INC,2010-03-15,1.03,CREDIT,"On March 15, 2010, Anthracite Capital, Inc. ( the ""Company"") filed a voluntary petition for relief under chapter 7 of title 11 of the United States Code in the United States Bankruptcy Court for the Southern District of New York (Case No. 10-11319). The court will appoint a chapter 7 trustee who will be responsible for the liquidation of the business through the bankruptcy case.",https://www.sec.gov/Archives/edgar/data/1050112/000134100410000503/form_8k.htm
sec-73078ae4b7fc,0001341004-11-001955,SYMS CORP  (TPHS),2011-11-02,1.03,CREDIT,"On November 2, 2011, Syms Corp. (the “Company”) and each of its subsidiaries, Filene's Basement, LLC, Syms Advertising Inc., and Syms Clothing, Inc. (together with the Company, the “Debtors”), filed voluntary petitions for relief under Chapter 11 of the United States Bankruptcy Code (the “Bankruptcy Code”) in the United States Bankruptcy Court for the District of Delaware (the ""Bankruptcy Court"").",https://www.sec.gov/Archives/edgar/data/724742/000134100411001955/syms8k.htm
sec-f3bc4a857c28,0001341004-13-000982,ANCHOR BANCORP WISCONSIN INC,2013-09-27,1.03,CREDIT,"As previously disclosed, on August 12, 2013 (the “Petition Date”), the Company filed a voluntary petition for relief (the “Chapter 11 Case”) under the provisions of chapter 11 of title 11 of the United States Code, 11 U.S.C. §§ 101, et seq., in the United States Bankruptcy Court for the Western District of Wisconsin (the “Bankruptcy Court”) to implement a “pre-packaged” plan of reorganization (the “Plan of Reorganization”) in order to facilitate the restructuring of the Company and the recapitalization of AnchorBank, fsb, a wholly-owned subsidiary of the Company (the “Bank”).",https://www.sec.gov/Archives/edgar/data/885322/000134100413000982/form8k.htm
sec-c931f41aa774,0001341843-13-000030,"POLYMEDIX, INC",2013-04-01,1.03,CREDIT,"On April 1, 2013, registrant, PolyMedix, Inc., and its subsidiary, PolyMedix Pharmaceuticals, Inc., filed voluntary petitions under Chapter 7 of the United States Bankruptcy Code in the United States Bankruptcy Court, District of Delaware, case numbers 13-10689 and 13-10690, respectively. A trustee will be appointed to serve as the Chapter 7 trustee for the debtors' estates",https://www.sec.gov/Archives/edgar/data/1341843/000134184313000030/form8k.htm
sec-3cf23707c998,0001387308-15-000036,"AVT, Inc.",2015-05-04,1.03,CREDIT,"On May 1, 2015 (the “Petition Date”), AVT, Inc. (the “Company”) filed a voluntary petition in the United States Bankruptcy Court for the Central District of California case number is 6:15-bk-14464 MW (the “Bankruptcy Court”) seeking relief under Chapter 11 of Title 11 of the United States Code (the “Bankruptcy Code”).",https://www.sec.gov/Archives/edgar/data/1431888/000138730815000036/form8k.htm
sec-ba93ce78cfb4,0001397867-12-000005,Global Aviation Holdings Inc.,2012-02-06,1.03,CREDIT,"On February 5, 2012, Global Aviation Holdings Inc. (the ""Company"") the parent company of World Airways, Inc., North American Airlines, Inc. and other U.S. subsidiaries announced that it had commenced a financial restructuring through the voluntary filing of petitions to reorganize under Chapter 11 of the United States Bankruptcy Code in the United States Bankruptcy Court for the Eastern District of New York (the ""Bankruptcy Court"").",https://www.sec.gov/Archives/edgar/data/1397867/000139786712000005/glah8krefebprelease.txt
sec-512ca9251b1b,0001411886-08-000219,PLATINA ENERGY GROUP INC.,2008-12-03,1.03,CREDIT,"On December 2, 2008, Platina Energy Group, Inc. (the “Company”) and its wholly owned subsidiaries, Wildcat Energy Corp. and Appalachian Energy Corp. (the “Subsidiaries”), filed voluntary petitions for reorganization relief under Chapter 11 of the United States Bankruptcy Code in the United States Bankruptcy Court for the Southern District of Texas, Corpus Christi Division.",https://www.sec.gov/Archives/edgar/data/1098278/000141188608000219/eightk.htm
sec-442d3418e030,0001437749-09-000636,"Aviza Technology, Inc.",2009-06-12,1.03,CREDIT,"On June 9, 2009, we and two of our subsidiaries, Aviza, Inc. and Trikon Technologies, Inc., filed voluntary petitions for relief under Chapter 11 of the United States Bankruptcy Code in the United States Bankruptcy Court for the Northern District of California. The case numbers are 09-54511-RLE-11, 09-54514-RLE-11 and 09-54515-RLE-11 for us, Aviza, Inc. and Trikon Technologies, Inc., respectively.",https://www.sec.gov/Archives/edgar/data/1311396/000143774909000636/aviza_8k-061209.htm
sec-ea3653353d4e,0001437749-12-006563,GAMETECH INTERNATIONAL INC,2012-07-02,1.03,CREDIT,"On July 2, 2012, GameTech International, Inc. (the “Company”) and its wholly owned subsidiaries; GameTech Arizona, GameTech Canada Corporation, and GameTech Mexico, S. de R.L. de C.V. filed voluntary petitions in the United States Bankruptcy Court for District of Delaware (the “Bankruptcy Court”) seeking relief under the provisions of Chapter 11 of the United States Bankruptcy Code (the “Bankruptcy Code”).",https://www.sec.gov/Archives/edgar/data/1045014/000143774912006563/gametech_8k-070212.htm
sec-c90da15797a3,0001437749-12-006893,VALENCE TECHNOLOGY INC,2012-07-13,1.03,CREDIT,"On July 12, 2012, Valence Technology, Inc. (the ""Company"" or the “Debtor”) filed a voluntary petition in the United States Bankruptcy Court for the Western District of Texas (the ""Bankruptcy Court"") seeking relief under the provisions of Chapter 11 (""Chapter 11"") of Title 11 of the United States Bankruptcy Code (""Bankruptcy Code"").",https://www.sec.gov/Archives/edgar/data/885551/000143774912006893/vti_8k-071212.htm
sec-dbf6672bb71e,0001437749-12-008998,GAMETECH INTERNATIONAL INC,2012-08-30,1.03,CREDIT,"As previously disclosed, on July 2, 2012, GameTech International, Inc. (the “Company”) and its wholly owned subsidiaries, GameTech Arizona Corp., GameTech Canada Corp. and GameTech Mexico S. de R.L. de C.V. (collectively, the “Subsidiaries”) filed voluntary petitions in the United States Bankruptcy Court for the District of Delaware (the “Bankruptcy Court”) seeking relief under the provisions of Chapter 11 of the United States Bankruptcy Code (the “Code”).",https://www.sec.gov/Archives/edgar/data/1045014/000143774912008998/gametech_8k-082112.htm
sec-0a3d93df1da9,0001437749-13-001776,"COVENANT BANCSHARES, INC.",2013-02-21,1.03,CREDIT,"On February 15, 2013, Covenant Bank (the “Bank”), the wholly-owned bank subsidiary of Covenant Bancshares, Inc. (the “Company”), was closed by the Illinois Division of Banking and placed into receivership by the Federal Deposit Insurance Corporation. The Company’s ownership interest in the Bank represented substantially all of the Company’s assets.",https://www.sec.gov/Archives/edgar/data/1488591/000143774913001776/cbi20130220_8k.htm
sec-772f2f1757b9,0001437749-24-022743,BASSETT FURNITURE INDUSTRIES INC  (BSET),2024-07-15,1.05,CYBER,"On July 10, 2024, Bassett Furniture Industries, Incorporated (the “Company”) detected unauthorized occurrences on a portion of its information technology (IT) systems. Upon detecting the unauthorized occurrences, the Company immediately began taking steps to contain, assess and remediate the incident, including beginning an investigation, activating its incident response plan, and shutting down some systems.",https://www.sec.gov/Archives/edgar/data/10329/000143774924022743/bset20240715_8k.htm
sec-97917ab35e4f,0001437749-24-024679,BASSETT FURNITURE INDUSTRIES INC  (BSET),2024-08-06,1.05,CYBER,"As disclosed in the Original Report, on July 10, 2024, Bassett detected unauthorized occurrences on a portion of its information technology (IT) systems.",https://www.sec.gov/Archives/edgar/data/10329/000143774924024679/bset20240805_8ka.htm
sec-993134e35b90,0001437749-25-006475,NATIONAL PRESTO INDUSTRIES INC  (NPK),2025-03-06,1.05,CYBER,"On March 1, 2025, the Registrant experienced a system outage caused by a cybersecurity incident. Upon discovery, the Registrant activated its incident response team, comprised of internal personnel and external cybersecurity experts retained to assist in addressing the incident. The Registrant is actively conducting a forensic analysis to determine the nature, scope and impact of the incident.",https://www.sec.gov/Archives/edgar/data/80172/000143774925006475/npk20250306_8k.htm
sec-453dfc89d96f,0001437749-26-009193,TRIO-TECH INTERNATIONAL  (TRT),2026-03-20,1.05,CYBER,"On March 11, 2026, Trio-Tech International (“Company”) identified and responded to a cybersecurity incident in one of its subsidiaries (“subsidiary”) in Singapore. The subsidiary experienced a ransomware incident that resulted in encryption of certain files within the Company’s network. At that time, management determined that the incident was not material.",https://www.sec.gov/Archives/edgar/data/732026/000143774926009193/trt20260320_8k.htm
sec-db17186dcb05,0001445305-14-004279,GT Advanced Technologies Inc.,2014-10-10,1.03,CREDIT,"On October 6, 2014, GT Advanced Technologies Inc. (the “Company”) and certain of its subsidiaries (collectively, the “Debtors”) filed voluntary petitions in the United States Bankruptcy Court for the District of New Hampshire (the “Bankruptcy Court”) for reorganization relief under the provisions of Chapter 11 of Title 11 of the United States Code (the “Bankruptcy Code”).",https://www.sec.gov/Archives/edgar/data/1394954/000144530514004279/gtatq32014br8-k.htm
sec-189b8747b598,0001445866-12-000763,"Freedom Environmental Services, Inc.",2012-09-28,1.03,CREDIT,"On August 13, 2012, certain individuals (the “Filing Parties”) asserting to be the controlling officers and directors of Freedom Environmental Services, Inc. (“Registrant”) filed a voluntary Chapter 11 bankruptcy petition (the “Petition”) in the U.S. Bankruptcy Court for the Middle District of Florida, Orlando Division (“Bankruptcy Court”) (Case No. 6:12-bk-10958-KSJ).",https://www.sec.gov/Archives/edgar/data/1443818/000144586612000763/frdm8k.htm
sec-4e391cfe075f,0001467623-24-000024,"DROPBOX, INC.  (DBX)",2024-05-01,1.05,CYBER,"On April 24, 2024, Dropbox, Inc. (“ Dropbox ” or “ we ”) became aware of unauthorized access to the Dropbox Sign (formerly HelloSign) production environment. We immediately activated our cybersecurity incident response process to investigate, contain, and remediate the incident.",https://www.sec.gov/Archives/edgar/data/1467623/000146762324000024/dbx-20240429.htm
sec-2086e1be0184,0001473061-16-000099,PostRock Energy Corp,2016-04-01,1.03,CREDIT,"On April 1, 2016, PostRock Energy Corporation (the “Company”) and certain of its subsidiaries, including PostRock Energy Services Corporation, PostRock Eastern Production, LLC, PostRock Holdco, LLC, PostRock MidContinent Production, LLC and STP Newco, Inc. (collectively, the “Filing Subsidiaries” and, together with the Company, the “Debtors”), filed voluntary petitions for relief under Chapter 11 of the United States Bankruptcy Code (the “Bankruptcy Code”) in the United States Bankruptcy Court for the Western District of Oklahoma (the “Court”) for an orderly wind-down of its operations, and Constellation Energy P",https://www.sec.gov/Archives/edgar/data/1473061/000147306116000099/pstr-20160401x8k.htm
sec-401d15b6dad4,0001477294-25-000047,Sensata Technologies Holding plc  (ST),2025-04-09,1.05,CYBER,"On April 6, 2025, Sensata Technologies Holding plc (the “Company”) experienced a ransomware incident that has encrypted certain devices in the Company’s network. Upon discovery, Sensata immediately activated its response protocols, implemented containment measures, including proactively taking its network offline, and launched an investigation with the assistance of third-party cybersecurity professionals.",https://www.sec.gov/Archives/edgar/data/1477294/000147729425000047/st-20250406.htm
sec-2f42926102be,0001477932-15-006756,Bio Nitrogen Holdings Corp,2015-11-04,1.03,CREDIT,"On November 3, 2015, the Registrant and certain of our subsidiaries and affiliates, including, BIO-SNG Technologies International Corp., Bionitrogen Florida Holdings, LLC, Bionitrogen Plant FL Taylor, LLC, Bionitrogen Plant FL Hendry, LLC, Hendry BN Construction & Fertilizer Services, LLC and 4A Technologies, LLC (the ""Debtors""), filed voluntary petitions for relief under Chapter 11 of Title 11 of the United States Code (the ""Bankruptcy Code"") in the United States Bankruptcy Court for the District of Florida (the ""Bankruptcy Court""), and the filings therein, the (""Chapter 11 Filings"").",https://www.sec.gov/Archives/edgar/data/1015979/000147793215006756/bion_8k.htm
sec-ad9b2cb985f3,0001493152-18-014813,"ALLIANCE BIOENERGY PLUS, INC.  (BIOF)",2018-10-23,1.03,CREDIT,"On October 22, 2018, the Company filed a Voluntary Petition for Non-Individuals Filing for Bankruptcy pursuant to Chapter 11 of the United States Bankruptcy Act in the United States Bankruptcy Court for the Southern District of Florida (Case No. 18-23071-EPK).",https://www.sec.gov/Archives/edgar/data/1549145/000149315218014813/form8-k.htm
sec-f4c7e0fa6e4b,0001493152-19-014286,"ALLIANCE BIOENERGY PLUS, INC.  (BIOF)",2019-09-19,1.03,CREDIT,"On September 17, 2019, the United States Bankruptcy Court for the Southern District of Florida (Case No. 18-23071-EPK) issued an Order Confirming Debtor’s Chapter 11 Plan of Reorganization and approved the implementation of the Plan by the Company. The Plan permits the Company to emerge from Chapter 11 in accordance with the provisions of the Plan",https://www.sec.gov/Archives/edgar/data/1549145/000149315219014286/form8-k.htm
sec-edaa83187685,0001493152-24-018371,"TREX WIND-DOWN, INC.",2024-05-09,1.03,CREDIT,"As previously disclosed, on November 17, 2023, Trex Wind-down, Inc. f/k/a Timber Pharmaceuticals, Inc. ( the “Company”) and certain of its subsidiaries (the “Debtors”) filed voluntary petitions under Chapter 11 of the United States Bankruptcy Code (the “Chapter 11 Case”) in the United States Bankruptcy Court for the District of Delaware (the “Court”).",https://www.sec.gov/Archives/edgar/data/1504167/000149315224018371/form8-k.htm
sec-ab0c820ab432,0001493152-24-042616,"GLOBAL TECH INDUSTRIES GROUP, INC.  (GTII)",2024-10-28,1.03,CREDIT,"On September 18, 2024, in a case styled White Rocks (BVI) Holdings Inc., et al., v. Reichman, et al., Case No.: A-24-896359-B , Clark County, Nevada, District Court, the Court entered an Order Appointing Receiver (the “Receivership Order” ) of Global Tech Industries Group, Inc., a Nevada corporation (the “Company” ). Pursuant to the Receivership Order, Paul L.",https://www.sec.gov/Archives/edgar/data/356590/000149315224042616/form8-k.htm
sec-7efb85fe0231,0001562151-24-000032,"Crimson Wine Group, Ltd  (CWGL)",2024-07-25,1.05,CYBER,"As previously disclosed on the Current Report on Form 8-K filed by Crimson Wine Group, Ltd. (the “Company”) on July 5, 2024 (the “Initial Report”), on June 30, 2024, the Company detected a cybersecurity incident in which an unauthorized third party gained access to certain information systems of the Company.",https://www.sec.gov/Archives/edgar/data/1562151/000156215124000032/cwgl-20240725.htm
sec-769ab996b882,0001595585-23-000052,"Tricida, Inc.",2023-06-13,1.03,CREDIT,"As previously disclosed, on January 11, 2023, Tricida, Inc. (the “Company”) filed a voluntary petition for relief under Chapter 11 of Title 11 of the United States Code in the United States Bankruptcy Court for the District of Delaware (the “Court”), thereby commencing a Chapter 11 case for the Company (Case No. 23-10024).",https://www.sec.gov/Archives/edgar/data/1595585/000159558523000052/tcda-20230612.htm
sec-c8cdefc58288,0001628280-25-005855,"LEE ENTERPRISES, Inc  (LEE)",2025-02-18,1.05,CYBER,"On February 3, 2025, Lee Enterprises, Inc. (""Lee"" or the ""Company"") experienced a systems outage caused by a cybersecurity attack. Upon discovery, Lee activated its incident response team, comprised of internal personnel and external cybersecurity experts retained to assist in addressing the incident.",https://www.sec.gov/Archives/edgar/data/58361/000162828025005855/lee-20250212.htm
sec-1d47c4d4f2a2,0001628280-25-010944,"LEE ENTERPRISES, Inc  (LEE)",2025-03-06,1.05,CYBER,"As previously disclosed in the Original Form 8-K, the Company experienced a system outage on February 3, 2025, caused by a cybersecurity attack by threat actors who unlawfully accessed the Company’s network, encrypted critical applications, and exfiltrated certain files (the “Incident”).",https://www.sec.gov/Archives/edgar/data/58361/000162828025010944/lee-20250212.htm
sec-20e55ce723bb,0001628280-26-011152,UFP TECHNOLOGIES INC  (UFPT),2026-02-24,1.05,CYBER,"On or about February 14, 2026, UFP Technologies, Inc. (the “Company”) detected suspicious activity involving its information technology (“IT”) systems. Upon detecting the issue, the Company began taking steps to assess, contain, and remediate the unauthorized activity, including isolating the affected systems and launching an investigation with the assistance of external cybersecurity advisors.",https://www.sec.gov/Archives/edgar/data/914156/000162828026011152/ufpt-20260219.htm
sec-b529488c604b,0001654954-24-015098,ENGLOBAL CORP  (ENG),2024-12-02,1.05,CYBER,"On November 25, 2024, ENGlobal Corporation (the “Company”) became aware of a cybersecurity incident. The preliminary investigation has revealed that a threat actor illegally accessed the Company’s information technology (“IT”) system and encrypted some of its data files.",https://www.sec.gov/Archives/edgar/data/933738/000165495424015098/eng_8k.htm
sec-f7dc93ddf6b4,0001654954-25-000798,ENGLOBAL CORP  (ENGC),2025-01-27,1.05,CYBER,"As previously reported in the Original Form 8-K, on November 25, 2024, the Company became aware of a cybersecurity incident. The preliminary investigation revealed that a threat actor illegally accessed the Company’s information technology (“IT”) system and encrypted some of its data files.",https://www.sec.gov/Archives/edgar/data/933738/000165495425000798/eng_8ka.htm
sec-d67db0933873,0001654954-25-010613,DATA I/O CORP  (DAIO),2025-09-10,1.05,CYBER,"As previously disclosed on August 21, 2025 in a Current Report on Form 8-K filed with the Securities and Exchange Commission (“SEC”), on August 16, 2025, Data I/O Corporation (the “Company”) experienced a ransomware incident (the “Incident”) on certain of its internal IT systems.",https://www.sec.gov/Archives/edgar/data/351998/000165495425010613/daio_8k.htm
sec-b8b9124613e4,0001654954-26-006627,DATA I/O CORP  (DAIO),2026-07-13,2.04,CREDIT,"On July 8, 2026, Data I/O Corporation (the “Company”) held its 2026 Annual Meeting of Shareholders (the “Annual Meeting”). The information set forth below under",https://www.sec.gov/Archives/edgar/data/351998/000165495426006627/daio_8k.htm
sec-3ed64e2f3e67,0001679788-25-000094,"Coinbase Global, Inc.  (COIN)",2025-05-15,1.05,CYBER,"On May 11, 2025, Coinbase, Inc., a subsidiary of Coinbase Global, Inc. (“Coinbase” or the “Company”), received an email communication from an unknown threat actor claiming to have obtained information about certain Coinbase customer accounts, as well as internal Coinbase documentation, including materials relating to customer-service and account-management systems.",https://www.sec.gov/Archives/edgar/data/1679788/000167978825000094/coin-20250514.htm
sec-f249d4338c9e,0001683168-18-001878,"JRjr33, Inc.",2018-07-06,1.03,CREDIT,"On June 29, 2018, JRjr33, Inc. (the “ Company ”) and its subsidiary The Longaberger Company (the “ Subsidiary ” and collectively with the Company, the “ Debtors ”) filed petitions under Chapter 11 of the United States Bankruptcy Code in the United States Bankruptcy Court for the Northern District of Texas.",https://www.sec.gov/Archives/edgar/data/1403085/000168316818001878/jrjr33_8k.htm
sec-fe06bf06ca17,0001683168-25-006583,WYTEC INTERNATIONAL INC  (WYTC),2025-08-29,1.05,CYBER,"On August 25, 2025 , Wytec International, Inc. (the “Company”) became aware of a cybersecurity incident in which a bad actor published a defaced website at the Company’s web address, wytecintl.com. After the Company restored the website from back-ups, the bad actor was able to deface the website again. To date the Company has received no contact from the bad actor, nor is it aware of any reason for this attack.",https://www.sec.gov/Archives/edgar/data/1560143/000168316825006583/wytec_8k.htm
sec-0fa04e33edf2,0001683168-26-000732,WYTEC INTERNATIONAL INC  (WYTC),2026-02-03,1.05,CYBER,"As disclosed in a Current Report on Form 8-K (the “Original Report”), on August 25, 2025, Wytec International, Inc. (the “Company”) became aware of a cybersecurity incident in which a bad actor published a defaced website at the Company’s web address, wytecintl.com. After the Company restored the website from back-ups, the bad actor was able to deface the website again.",https://www.sec.gov/Archives/edgar/data/1560143/000168316826000732/wytec_8ka1.htm
sec-321888249b2b,0001834584-25-000196,"Coupang, Inc.  (CPNG)",2025-12-16,1.05,CYBER,"On November 18, 2025, Coupang Corp. (“Coupang Corp.”), a wholly-owned Korean subsidiary of Coupang, Inc. (Coupang Corp., together with Coupang, Inc. (“Coupang, Inc.,” “our,” or “we”) and its subsidiaries and affiliates, “Coupang,”), became aware of a cybersecurity incident involving unauthorized access to customer accounts (the “Incident”).",https://www.sec.gov/Archives/edgar/data/1834584/000183458425000196/cpng-20251215.htm
sec-ee6804acf73f,0001834584-25-000202,"Coupang, Inc.  (CPNG)",2025-12-29,1.05,CYBER,"On December 24, 2025 (PST) and December 28, 2025 (PST), Coupang Corp., a wholly-owned Korean subsidiary (“Coupang Corp.”) of Coupang, Inc. (“Coupang, Inc.,” “our,” or “we”) (Coupang Corp., together with Coupang, Inc. and its subsidiaries and affiliates, “Coupang,”), issued updates (collectively, the “Updates”) on the cybersecurity incident (the “Incident”) disclosed in the Current Report on Form 8-K filed by Coupang, Inc. with the U.S.",https://www.sec.gov/Archives/edgar/data/1834584/000183458425000202/cpng-20251215.htm
