record_id,ticker,reaction_date,abnormal_z
pg-d70bf2b54df9,DLR,2023-01-03,1.72004
pg-d70bf2b54df9,CPT,2023-01-03,-0.50802
pg-d70bf2b54df9,ARE,2023-01-03,-0.40981
pg-f2343068db92,T,2023-01-03,1.65659
pg-38aee288efca,GOOGL,2023-01-03,0.80443
pg-2dcc24a35cc5,DVN,2023-01-03,-2.35627
pg-4010836be722,MCO,2023-01-03,-0.11364
pg-7e09c360fd9d,TSLA,2023-01-03,-2.63886
pg-3f0f893a051d,LLY,2023-01-04,-0.75225
pg-93747f2a38ce,PG,2023-01-04,0.07085
pg-194c232ff757,HAL,2023-01-04,0.39152
pg-85fededf8f3d,BRK-B,2023-01-04,0.73239
pg-85fededf8f3d,WMT,2023-01-04,-0.36389
pg-85fededf8f3d,PG,2023-01-04,0.07085
pg-85fededf8f3d,CSCO,2023-01-04,-0.60081
pg-85fededf8f3d,MCO,2023-01-04,0.89433
pg-5ba51f5c8b92,AMZN,2023-01-04,-0.95226
pg-010dd2ca08ef,FTNT,2023-01-04,-0.70186
pg-0f372426fa9d,CHRW,2023-01-04,-0.075
pg-472e06079a81,AXP,2023-01-04,1.04605
pg-472e06079a81,V,2023-01-04,1.33159
pg-32484f32546b,IBKR,2023-01-04,0.36462
pg-2d7f011c3d2f,CRM,2023-01-04,0.87173
pg-2d7f011c3d2f,TSLA,2023-01-04,0.75623
pg-b91a90591f93,AMZN,2023-01-04,-0.95226
pg-b91a90591f93,GOOGL,2023-01-04,-1.12253
pg-a203cc0555c4,NSC,2023-01-04,0.42179
pg-b0ab72b317a3,VLO,2023-01-05,2.70024
pg-b2df0add2bb2,FANG,2023-01-05,1.655
pg-b5e8e4636206,HUM,2023-01-05,-0.44176
pg-042713fee729,OKE,2023-01-05,0.89922
pg-b7ca41d59cd8,MSFT,2023-01-05,-0.73405
pg-b7ca41d59cd8,GOOGL,2023-01-05,-0.29456
pg-5045d61b5a69,NEE,2023-01-05,-1.10146
pg-5045d61b5a69,BLK,2023-01-05,-1.03705
pg-5045d61b5a69,TJX,2023-01-05,2.30304
pg-5045d61b5a69,ADI,2023-01-05,-1.15857
pg-5045d61b5a69,SO,2023-01-05,-1.90327
pg-1f6e31679fd9,XOM,2023-01-05,1.83263
pg-1f6e31679fd9,CVX,2023-01-05,1.54868
pg-8660960b2501,SO,2023-01-05,-1.90327
pg-370fed2cface,BX,2023-01-05,0.05934
pg-a0fe8b76c42c,FSLR,2023-01-05,-0.03523
pg-b0a33c702337,UPS,2023-01-05,-0.4194
pg-b453c8e40499,PLTR,2023-01-05,-0.68813
pg-b21fbc508185,DIS,2023-01-06,-0.36691
pg-055b941bedd1,DOW,2023-01-06,1.16059
pg-3f8b778cd52c,GOOGL,2023-01-06,-0.90658
pg-3f8b778cd52c,ADBE,2023-01-06,-0.91523
pg-53d7139c505b,AAPL,2023-01-06,0.27384
pg-53d7139c505b,NVDA,2023-01-06,-0.17635
pg-11f294e96230,INTC,2023-01-06,0.63221
pg-11f294e96230,AMD,2023-01-06,-0.65251
pg-feb267191d77,ABBV,2023-01-06,1.06482
pg-feb267191d77,NI,2023-01-06,0.00845
pg-0431b5fbabe0,MCO,2023-01-06,0.78421
pg-2ab1d2f8264e,BAC,2023-01-06,-0.73486
pg-cef8677a5a57,TSLA,2023-01-06,-0.1519
pg-a3647772c792,TSLA,2023-01-06,-0.1519
pg-dfa4217e737f,CAT,2023-01-06,1.0266
pg-9ed05a14ab58,MRNA,2023-01-09,0.40927
pg-9ed05a14ab58,VRTX,2023-01-09,-1.67333
pg-cf23100d949a,HD,2023-01-09,0.10189
pg-cf23100d949a,V,2023-01-09,0.29717
pg-35340dcac383,SWK,2023-01-09,0.62551
pg-97e771da2a1b,MDT,2023-01-09,-2.73488
pg-02301d54c8e2,EOG,2023-01-09,0.11682
pg-02301d54c8e2,DVN,2023-01-09,0.68838
pg-d99172d85841,XOM,2023-01-09,-1.13001
pg-207e7b63e768,F,2023-01-09,0.37388
pg-207e7b63e768,WMT,2023-01-09,-1.17868
pg-9589b55111bf,CAH,2023-01-09,-0.99519
pg-9589b55111bf,ATO,2023-01-09,0.89893
pg-9589b55111bf,NRG,2023-01-09,0.41785
pg-7f52c527b746,EQT,2023-01-09,1.23763
pg-7548421de825,TMO,2023-01-09,1.25957
pg-7548421de825,SBUX,2023-01-09,-1.25458
pg-7548421de825,MRNA,2023-01-09,0.40927
pg-ae42a95db2de,CRWD,2023-01-09,0.48853
pg-ae42a95db2de,TFC,2023-01-09,-0.03438
pg-ee2c1b741d3e,MS,2023-01-09,0.10083
pg-46d245ba9805,ADM,2023-01-10,0.30605
pg-59fbb37fdd02,TDY,2023-01-10,-0.25486
pg-31bef49df283,BA,2023-01-10,-0.72034
pg-f44026135143,MRNA,2023-01-10,0.4425
pg-46f7bbe61b8e,COIN,2023-01-10,1.72572
pg-13bb3a76d34b,TSLA,2023-01-11,0.34978
pg-aafef8371c3e,INTC,2023-01-11,-0.14499
pg-3502cea6365b,MRVL,2023-01-11,0.3438
pg-035260704b7d,HUM,2023-01-11,1.70516
pg-36f95b19a9b0,LMT,2023-01-11,-0.38048
pg-70b7ae85c001,NUE,2023-01-11,0.22872
pg-70b7ae85c001,STLD,2023-01-11,0.66875
pg-25c08a793364,AMD,2023-01-11,-0.32466
pg-25c08a793364,NVDA,2023-01-11,-0.55771
pg-417c380ac724,DIS,2023-01-11,-0.37195
pg-417c380ac724,NFLX,2023-01-11,-0.61825
pg-0c878f8f5bf0,DG,2023-01-11,-1.42821
pg-380ef4e24907,EMR,2023-01-11,-0.60859
pg-a3bad13a4063,V,2023-01-11,-0.41229
pg-a3bad13a4063,GPN,2023-01-11,-0.60234
pg-f74e0bc1bda3,BLK,2023-01-12,-0.48603
pg-10a881414e3d,ANET,2023-01-12,0.13543
pg-10a881414e3d,BRK-B,2023-01-12,-0.68153
pg-10a881414e3d,PM,2023-01-12,-0.76437
pg-10a881414e3d,TDG,2023-01-12,0.37967
pg-67058ce3f247,ZTS,2023-01-12,0.46441
pg-67058ce3f247,ABT,2023-01-12,-1.10339
pg-67058ce3f247,JPM,2023-01-12,-0.37295
pg-d1c3b41bf4c8,TJX,2023-01-13,-0.82678
pg-6f7d9874b643,BBY,2023-01-13,-0.71125
pg-282cd13eab11,WFC,2023-01-13,1.99015
pg-edd4780b91b7,D,2023-01-13,-0.19641
pg-5de8b2530ea5,ABNB,2023-01-13,0.45036
pg-830cdb3cebed,LLY,2023-01-13,0.37014
pg-6d29c52bbe0d,C,2023-01-13,0.87138
pg-5dfc0e8b8d38,CLX,2023-01-17,1.19862
pg-42a9dba20b6e,BKNG,2023-01-17,0.87671
pg-42a9dba20b6e,USB,2023-01-17,0.25847
pg-42a9dba20b6e,CME,2023-01-17,0.23933
pg-fc7c0e65093b,QCOM,2023-01-17,0.12997
pg-1debd1e8f8a0,CNP,2023-01-17,-0.46263
pg-e302435eac01,SO,2023-01-17,-0.20353
pg-b03c4380c99f,VRTX,2023-01-17,2.3206
pg-59d00a501a4c,NEE,2023-01-17,1.34636
pg-efc679fb1615,LLY,2023-01-17,-0.72742
pg-517185567ab3,AAPL,2023-01-17,0.5816
pg-517185567ab3,MSFT,2023-01-17,0.39203
pg-517185567ab3,AMZN,2023-01-17,-0.75404
pg-dc82c154920b,VRTX,2023-01-18,0.085
pg-8325085e1f94,HAL,2023-01-18,-0.97643
pg-5a68b91304af,MMM,2023-01-18,-1.1211
pg-fbd54796e5f9,SO,2023-01-18,-1.7844
pg-4c224f12cd4e,TRV,2023-01-18,0.03438
pg-15c38730daeb,TSLA,2023-01-19,-0.04855
pg-ba10f4febd1e,BRK-B,2023-01-19,-0.28647
pg-a6cabef4e213,TSLA,2023-01-19,-0.04855
pg-5d934cfd7b57,KEY,2023-01-19,-2.08359
pg-a489cb0c3852,TRV,2023-01-19,0.41946
pg-02ad80d5255d,DTE,2023-01-19,-0.43331
pg-8ede0e366df2,MA,2023-01-19,0.33224
pg-dfa9de7a0d35,NFLX,2023-01-20,1.96797
pg-fba9b5ec6d0b,HON,2023-01-20,-0.59015
pg-78b7ca945f96,MSFT,2023-01-20,0.59778
pg-a21d4a66c8e3,SPG,2023-01-20,0.17043
pg-79b82309f006,MGM,2023-01-20,-0.03454
pg-79b82309f006,VZ,2023-01-20,-0.81946
pg-79b82309f006,COIN,2023-01-20,0.93821
pg-96adb9ecc6a2,NFLX,2023-01-20,1.96797
pg-f2928af749da,MKC,2023-01-20,-0.09085
pg-8941a047f5bf,NFLX,2023-01-20,1.96797
pg-f17c21cb487a,PLD,2023-01-23,0.65198
pg-f17c21cb487a,BX,2023-01-23,0.43561
pg-6f09be6e962c,MO,2023-01-23,-0.89306
pg-d5590abc562e,SMCI,2023-01-23,0.21973
pg-ec9fe234560e,VICI,2023-01-23,-0.43954
pg-e663588cd806,NVDA,2023-01-23,1.33422
pg-b330dd7d2507,BRK-B,2023-01-23,-0.75975
pg-b330dd7d2507,KHC,2023-01-23,0.32934
pg-b330dd7d2507,AXP,2023-01-23,0.11788
pg-694069e12701,AAPL,2023-01-23,0.37505
pg-f86ebac84e01,IDXX,2023-01-23,-0.05985
pg-5519bd1f9d2c,BKR,2023-01-23,-1.20017
pg-f8c953a31742,JBHT,2023-01-23,0.56715
pg-8037e2cf019d,GOOGL,2023-01-24,-0.99546
pg-880334cecf2e,NRG,2023-01-24,0.9009
pg-f95320eb389b,APD,2023-01-24,1.31715
pg-1e9455db0ab3,JNJ,2023-01-24,0.04345
pg-1e9455db0ab3,MDT,2023-01-24,-1.20434
pg-c651bf9b7dce,CFG,2023-01-24,-0.93779
pg-c3911ad66821,MSFT,2023-01-24,-0.04213
pg-ceaaa6906e11,TSLA,2023-01-24,0.04539
pg-ee870a91dd3a,NEE,2023-01-24,1.30801
pg-ee870a91dd3a,BA,2023-01-24,0.55427
pg-ee870a91dd3a,PNC,2023-01-24,-0.21864
pg-ee870a91dd3a,CNC,2023-01-24,0.01442
pg-958a1d3c925f,ANET,2023-01-24,1.01392
pg-664554e15d54,ABNB,2023-01-24,-0.35305
pg-793d30736ef0,TSLA,2023-01-24,0.04539
pg-a33427bb69e0,BRK-B,2023-01-24,0.32348
pg-a33427bb69e0,ACN,2023-01-24,-0.68643
pg-43620b15e43f,GNRC,2023-01-25,-0.80825
pg-f1af54a99df1,AMAT,2023-01-25,0.28315
pg-adc15722feaa,IRM,2023-01-25,0.37031
pg-da695cab8362,TSLA,2023-01-25,0.05908
pg-965add5bda56,BRK-B,2023-01-25,0.13576
pg-c5417bff084d,ABT,2023-01-25,-1.17193
pg-94f7c63707d9,ROK,2023-01-25,-0.00528
pg-e6966537b04b,NSC,2023-01-25,-3.62976
pg-e6966537b04b,ODFL,2023-01-25,-0.07486
pg-dd3877e6e0b2,APH,2023-01-25,-0.08963
pg-8b50e8e019ee,PGR,2023-01-25,4.04752
pg-20cd4fbf0697,ALL,2023-01-25,0.62589
pg-9fb0e24ba686,BSX,2023-01-25,0.55993
pg-6c3dcb8e1dd2,NVDA,2023-01-25,0.06012
pg-6c3dcb8e1dd2,AMD,2023-01-25,0.06577
pg-6c3dcb8e1dd2,QCOM,2023-01-25,0.11104
pg-16d815b03b5a,FCX,2023-01-25,2.07693
pg-cf1d29a4ae12,KMB,2023-01-25,-1.76431
pg-9070d7364cf2,DIS,2023-01-25,0.93183
pg-5a5736b26194,NEE,2023-01-25,-7.45147
pg-252a22d04ca3,TSLA,2023-01-26,1.64191
pg-ff8990ecba65,ABNB,2023-01-26,1.23809
pg-67a8e61d978f,MA,2023-01-26,-1.67631
pg-67a8e61d978f,TSLA,2023-01-26,1.64191
pg-67a8e61d978f,INTC,2023-01-26,-0.12438
pg-67a8e61d978f,IBM,2023-01-26,-3.78281
pg-67a8e61d978f,V,2023-01-26,-0.85354
pg-e479c9d43df0,TSLA,2023-01-26,1.64191
pg-cb6772e1e505,CCI,2023-01-26,0.38386
pg-efeff74944d0,PYPL,2023-01-26,0.3786
pg-65a5b8ae7e39,NOW,2023-01-26,0.60737
pg-f5f097b3fd92,TROW,2023-01-26,-1.58145
pg-52720bcceaf0,BAC,2023-01-26,0.22709
pg-f813c7bd4b00,PKG,2023-01-26,5.18667
pg-22d5531f4056,TSLA,2023-01-26,1.64191
pg-ed4fbc7d7511,USB,2023-01-26,-1.07303
pg-795ebff5cdf0,WMB,2023-01-27,0.04919
pg-e07e58748b37,V,2023-01-27,2.45884
pg-15756f83e154,AMZN,2023-01-27,1.10877
pg-15756f83e154,GOOGL,2023-01-27,0.75001
pg-15756f83e154,AAPL,2023-01-27,0.53913
pg-15756f83e154,META,2023-01-27,1.11201
pg-15756f83e154,NFLX,2023-01-27,-0.47155
pg-1046773f1c3b,VRTX,2023-01-27,0.00318
pg-1046773f1c3b,LLY,2023-01-27,-1.42029
pg-6735ba8bc33a,INTC,2023-01-27,-3.43011
pg-5cb90d1eee6a,CRM,2023-01-27,-0.30012
pg-dd8bfd80651c,ROP,2023-01-27,-2.0108
pg-1559393f1730,T,2023-01-27,-0.21407
pg-33eb4e1de295,VTRS,2023-01-27,1.21179
pg-f62ec9dd1010,URI,2023-01-27,0.12276
pg-dba1ff1f5a71,META,2023-01-27,1.11201
pg-b87480944217,TXN,2023-01-30,0.54744
pg-b87480944217,AVGO,2023-01-30,0.0154
pg-871b8da37845,SBUX,2023-01-30,0.45266
pg-b8300aad03e6,ABNB,2023-01-30,-1.4233
pg-1781c532ce00,NFLX,2023-01-30,-0.07696
pg-259bd941d694,CVNA,2023-01-30,2.64752
pg-a0272761ff74,DPZ,2023-01-30,-0.47971
pg-a0272761ff74,PANW,2023-01-30,-0.03257
pg-a0272761ff74,PLD,2023-01-30,-0.10945
pg-2be2071aa8b0,GILD,2023-01-30,0.30794
pg-2be2071aa8b0,VLO,2023-01-30,-0.49612
pg-2be2071aa8b0,MO,2023-01-30,1.46911
pg-ee67110b9ed7,T,2023-01-30,0.99987
pg-ee67110b9ed7,INTC,2023-01-30,0.43809
pg-c5b5f8e5b13f,MET,2023-01-30,1.06065
pg-8fb6a370e17f,TSN,2023-01-30,-1.23464
pg-1875fcb97ed3,SLB,2023-01-30,-0.01483
pg-a3d074b14f78,TROW,2023-01-30,-0.18186
pg-e08152a7ce13,ARE,2023-01-31,0.39761
pg-e8e3b02c46cf,VRTX,2023-01-31,0.09805
pg-73af7577f002,KR,2023-01-31,0.19506
pg-23bb28013c53,PFG,2023-01-31,-1.70988
pg-ac3bea354493,PM,2023-01-31,-0.515
pg-ac3bea354493,KR,2023-01-31,0.19506
pg-ac3bea354493,EXPE,2023-01-31,-1.37111
pg-ac3bea354493,A,2023-01-31,-0.79314
pg-d0ae95843cac,AAPL,2023-01-31,-0.53245
pg-d0ae95843cac,MSFT,2023-01-31,0.08124
pg-b975a58ef048,ADM,2023-01-31,-0.12686
pg-4016d94d0e6b,PSX,2023-01-31,-3.90759
pg-ce82f2852708,MET,2023-01-31,0.05255
pg-ce82f2852708,AFL,2023-01-31,-0.34942
pg-ce82f2852708,ALL,2023-01-31,-0.39888
pg-86a7184eed61,ILMN,2023-01-31,-0.00914
pg-d7f075b46fc9,INTC,2023-01-31,-0.40544
pg-d7f075b46fc9,NVDA,2023-01-31,-0.30725
pg-d7f075b46fc9,AMD,2023-01-31,0.25687
pg-e0a5a5a8551a,CHD,2023-01-31,-0.35219
pg-85959fe874ed,WMT,2023-02-01,-0.06493
pg-072cbc563f52,HAL,2023-02-01,-0.91807
pg-8a866da2c28b,AXP,2023-02-01,-0.83145
pg-284fa6941917,CBOE,2023-02-01,-0.30392
pg-284fa6941917,CAT,2023-02-01,-1.33287
pg-284fa6941917,PFE,2023-02-01,-0.64354
pg-fb41c240d95e,META,2023-02-01,0.5213
pg-0d123bcca303,MET,2023-02-01,-1.21222
pg-c0bd5ceab8a5,SBUX,2023-02-01,-0.13939
pg-ca53fcea9b89,DECK,2023-02-01,-0.52579
pg-ca53fcea9b89,LVS,2023-02-01,-0.4439
pg-8c7931d63e45,NOC,2023-02-01,-0.87428
pg-d18d974c0361,COST,2023-02-01,0.19357
pg-53d337462c48,AXON,2023-02-01,0.32495
pg-670866b6426c,DIS,2023-02-01,-0.27062
pg-43f92db19341,ULTA,2023-02-01,1.04627
pg-d720ee7255ff,WDC,2023-02-01,-1.06911
pg-d720ee7255ff,APO,2023-02-01,0.52813
pg-72c9f35d110a,MDLZ,2023-02-01,1.18432
pg-ffe7c2391861,V,2023-02-02,-1.65738
pg-80ba956e5ded,FCX,2023-02-02,-2.06008
pg-794e80a26d47,FTV,2023-02-02,0.98733
pg-8be7ab6f0278,APD,2023-02-02,-8.00667
pg-a2dd0a036be5,AMAT,2023-02-02,0.62047
pg-356a81b97cf9,MRK,2023-02-02,-3.34452
pg-752dcae89737,ITW,2023-02-02,2.21858
pg-8c02f3c86ad5,TSLA,2023-02-02,0.25966
pg-8c02f3c86ad5,WDC,2023-02-02,0.21603
pg-f3119991ad09,BALL,2023-02-02,1.83264
pg-708bd06c542e,CCL,2023-02-02,0.91697
pg-ed5f855b4a8e,J,2023-02-02,-0.74059
pg-1687bf4b87ac,META,2023-02-02,8.60961
pg-b268464b52b4,DLR,2023-02-03,-1.48403
pg-00c915a0844c,F,2023-02-03,-2.53724
pg-00c915a0844c,AMZN,2023-02-03,-2.83891
pg-5290e74ef449,VRTX,2023-02-03,-0.21928
pg-4219158bf0f5,MA,2023-02-06,0.29279
pg-4219158bf0f5,BRK-B,2023-02-06,0.47998
pg-d1853fba4eea,AMZN,2023-02-06,-0.06968
pg-d1853fba4eea,NVR,2023-02-06,-1.18113
pg-d1853fba4eea,BKNG,2023-02-06,0.97366
pg-4862d057c55f,XOM,2023-02-06,0.1462
pg-78ec34a4b32e,RCL,2023-02-06,0.70165
pg-7dbb7057bb35,ANET,2023-02-06,-0.45991
pg-17cdc4becdff,NXPI,2023-02-06,-0.39015
pg-8119138c9336,PYPL,2023-02-06,-1.4439
pg-af9ef276b997,CRM,2023-02-06,-0.16583
pg-e10feebae254,ON,2023-02-06,0.19865
pg-3d51ed5800bf,WMT,2023-02-07,-0.51201
pg-cc751ca374a9,FISV,2023-02-07,5.55907
pg-d065d87dec35,ACGL,2023-02-07,0.96229
pg-40c5b90545d3,AEP,2023-02-08,-1.03764
pg-75ef2ff6a693,AMCR,2023-02-08,-3.84552
pg-f91aa5bb8d86,SBUX,2023-02-08,0.33201
pg-6c891178153c,TSLA,2023-02-08,0.7038
pg-4c00d92a81f3,AZO,2023-02-08,0.46
pg-2ba986afbdde,AAPL,2023-02-08,-0.17775
pg-b8b679a59181,C,2023-02-09,-1.31859
pg-f9e5bba9fc67,WYNN,2023-02-09,2.29801
pg-b7b8a70787a3,ALLE,2023-02-09,-0.17035
pg-b7b8a70787a3,AXON,2023-02-09,0.01497
pg-80550017c85f,WMT,2023-02-09,1.34028
pg-80550017c85f,AMZN,2023-02-09,-0.15421
pg-2f615acfc356,DASH,2023-02-09,0.18272
pg-1a3438667901,NVDA,2023-02-09,0.66826
pg-3fcb2ebcede1,VRSN,2023-02-10,0.54089
pg-09f00f0ae8e8,DIS,2023-02-10,-1.34784
pg-09f00f0ae8e8,PEP,2023-02-10,1.93405
pg-61fa0a524516,NUE,2023-02-10,0.01508
pg-33e7994b92b0,GPN,2023-02-10,2.71669
pg-1c56a0268e17,DIS,2023-02-10,-1.34784
pg-54ec9e47ce36,PYPL,2023-02-10,1.11035
pg-7d30b8f28342,PYPL,2023-02-10,1.11035
pg-4e77892d30e6,BG,2023-02-10,1.53965
pg-5ed6c4ed6ee3,KO,2023-02-13,1.00223
pg-5ed6c4ed6ee3,DOV,2023-02-13,0.17708
pg-5ed6c4ed6ee3,GPC,2023-02-13,0.70412
pg-10ea90317e21,TSCO,2023-02-13,0.4035
pg-de3e8c731efc,SBUX,2023-02-13,0.2043
pg-77b0b01ce9e9,EG,2023-02-13,0.05025
pg-0f0e70b91a96,TGT,2023-02-13,0.38202
pg-e7756f9d4acc,SPGI,2023-02-13,0.35445
pg-fcb232299ae7,NUE,2023-02-13,0.27531
pg-384566236eab,NDSN,2023-02-13,-0.00836
pg-863d5988c335,WMB,2023-02-14,0.26785
pg-030562085469,KO,2023-02-14,-1.66217
pg-b00db08b8957,YUM,2023-02-14,-1.22589
pg-3a5cad78ab9e,META,2023-02-14,0.0238
pg-410902a796f8,SPG,2023-02-14,-0.14075
pg-410902a796f8,FRT,2023-02-14,-1.10959
pg-c4946d6eb4ce,CVS,2023-02-14,-1.3049
pg-c4946d6eb4ce,AMZN,2023-02-14,0.07797
pg-9043d9f54eb7,PEG,2023-02-14,-0.15698
pg-ce257abc9691,EXC,2023-02-14,1.7596
pg-0fe59287ac78,CINF,2023-02-14,-0.40053
pg-436783e9526c,ABNB,2023-02-15,3.85605
pg-3921d5c5844c,BBY,2023-02-15,0.20834
pg-0b7232e728c5,AMZN,2023-02-15,0.31887
pg-8e7adff0f871,O,2023-02-15,0.76206
pg-558fb5df3f5a,USB,2023-02-15,-0.22567
pg-6685b63ed87c,NFLX,2023-02-15,-0.02241
pg-16b09711961c,ARE,2023-02-15,-0.07426
pg-d8e780210cb4,ABNB,2023-02-15,3.85605
pg-f0eb8ad20a72,ABNB,2023-02-15,3.85605
pg-475929128257,NEM,2023-02-16,0.15521
pg-4691131d3083,AMD,2023-02-16,-0.9333
pg-4691131d3083,MSFT,2023-02-16,-0.37259
pg-6d898530b026,GOOGL,2023-02-16,0.15408
pg-6d898530b026,MSFT,2023-02-16,-0.37259
pg-8eee8ca1637a,TYL,2023-02-16,1.51156
pg-5c5cc2a8449a,ROST,2023-02-16,0.1351
pg-2f1b8bc2ed2a,ADBE,2023-02-16,-0.51517
pg-2ca7615516b2,DTE,2023-02-16,0.27126
pg-c98452a7e910,TSLA,2023-02-16,-0.95315
pg-3dd59b503f70,AMZN,2023-02-17,-0.19245
pg-3dd59b503f70,TSLA,2023-02-17,0.79214
pg-3dd59b503f70,PLTR,2023-02-17,-0.94504
pg-bd5ba2459d13,KMB,2023-02-17,0.68546
pg-6d4ff1458b48,COIN,2023-02-17,0.00801
pg-1205a9142483,WMT,2023-02-17,1.45501
pg-1205a9142483,TGT,2023-02-17,-0.28443
pg-1205a9142483,COST,2023-02-17,0.50736
pg-a266cd6fd62e,CVX,2023-02-21,0.22366
pg-daefa3f03ef2,MRK,2023-02-21,0.10385
pg-c6c5d195af9c,PFE,2023-02-21,-0.0238
pg-5eedb24f86ac,KO,2023-02-21,0.61062
pg-7d51b8020f27,PYPL,2023-02-21,1.51227
pg-191106ac6e2e,UAL,2023-02-21,-0.31284
pg-01a0daaac24c,AMT,2023-02-21,-0.39643
pg-bc6244591f30,LII,2023-02-21,-1.42287
pg-89f1cc59ebd0,GOOGL,2023-02-21,0.02095
pg-646a833ad5f6,WMT,2023-02-21,1.51046
pg-646a833ad5f6,HD,2023-02-21,-3.16214
pg-646a833ad5f6,LOW,2023-02-21,-1.80836
pg-646a833ad5f6,TGT,2023-02-21,-1.11022
pg-982d7e1ebef7,BKNG,2023-02-21,0.40849
pg-27c95ad2494d,TSLA,2023-02-22,0.44167
pg-b04385cdb833,OKE,2023-02-22,0.42366
pg-a8956a483a73,KO,2023-02-22,0.38676
pg-a8956a483a73,DIS,2023-02-22,-0.12444
pg-1e767707e0eb,CSGP,2023-02-22,-2.91101
pg-b9ca4626d6a3,C,2023-02-23,0.11463
pg-b0d7b55bad1c,BLK,2023-02-23,-0.06415
pg-2725a7185eb7,MU,2023-02-23,1.0061
pg-50e1c05ab02d,NVDA,2023-02-23,3.40477
pg-6993bfa0f65d,TPL,2023-02-23,-0.73641
pg-8d57aba1c191,TT,2023-02-23,0.14103
pg-1596ac119aa8,HD,2023-02-23,0.19907
pg-1596ac119aa8,LULU,2023-02-23,-0.14966
pg-52301290e2e1,AMD,2023-02-23,0.79116
pg-bb4b87b571ce,XYZ,2023-02-23,0.08061
pg-912c89019cdd,ABNB,2023-02-23,-0.54203
pg-19854e303f1f,IRM,2023-02-23,2.38751
pg-4c2d0577d196,AMT,2023-02-23,0.50853
pg-fc126a7e7260,HAL,2023-02-23,0.3697
pg-dafd6302b7e0,FFIV,2023-02-23,-0.05425
pg-6468f9cb72b9,NVDA,2023-02-23,3.40477
pg-4cdae11cf568,INTU,2023-02-24,1.49554
pg-65db59aabe05,LOW,2023-02-24,0.45107
pg-638c3ebecc4d,ROST,2023-02-24,0.93563
pg-b36d674bf509,STT,2023-02-24,0.88644
pg-ffe836e44649,EIX,2023-02-24,3.88532
pg-ecb4f625ac75,PODD,2023-02-27,-3.26565
pg-1054892732af,SPG,2023-02-27,0.14122
pg-c71c6c66b011,COST,2023-02-27,-0.50247
pg-22a832a73885,UNP,2023-02-27,6.00466
pg-32f51a4cd2e2,TSLA,2023-02-27,1.08949
pg-8ce5ecec2d65,CDNS,2023-02-27,-0.32914
pg-7e0d73fe4e3e,MSFT,2023-02-27,-0.04737
pg-92701954d8b7,IVZ,2023-02-27,-0.38608
pg-7a5278dd7c75,ULTA,2023-02-27,0.39754
pg-7a5278dd7c75,TSCO,2023-02-27,0.799
pg-0a4acab77eff,C,2023-02-27,0.18501
pg-8102c83d29fa,GS,2023-02-27,0.1012
pg-8102c83d29fa,WFC,2023-02-27,0.04922
pg-0928880a4d44,UNP,2023-02-27,6.00466
pg-502411ddc40b,OKE,2023-02-28,-2.80026
pg-1b1c83d59166,TSLA,2023-02-28,-0.08353
pg-e20c57d14375,GOOGL,2023-02-28,0.24431
pg-d04a9de35a6d,AMZN,2023-02-28,0.3862
pg-e47f89a11bdf,CSGP,2023-02-28,0.00134
pg-bd10afc855de,VLO,2023-02-28,-0.87741
pg-bd10afc855de,HSY,2023-02-28,-0.18415
pg-91071f1ffb9c,MCD,2023-02-28,0.35507
pg-3f37869c7118,CRM,2023-02-28,0.39289
pg-d54b2b796b1d,TT,2023-02-28,0.42867
pg-f572410db781,KO,2023-03-01,-0.94209
pg-ce69be02e9c8,MU,2023-03-01,-0.13926
pg-b62481d7b012,MA,2023-03-01,-0.12686
pg-b62481d7b012,CVS,2023-03-01,-0.94259
pg-0c0e63d27dd4,MMM,2023-03-01,1.25237
pg-f81703a258b3,PANW,2023-03-01,-0.13081
pg-6d7bcd044551,PM,2023-03-01,0.4121
pg-f417539441dc,STLD,2023-03-01,1.10611
pg-9ff91d382574,HUM,2023-03-01,0.17163
pg-a90409ae91b2,ZTS,2023-03-01,0.43202
pg-bbefe0aa35cf,ICE,2023-03-01,-0.53099
pg-a402f1ae3cb6,CRM,2023-03-02,4.87787
pg-3d6cf2717dac,MS,2023-03-02,-0.85881
pg-407e01a17644,TXN,2023-03-02,0.13443
pg-09a313d452c4,GOOGL,2023-03-02,0.24439
pg-49cbaf8174ae,SBUX,2023-03-02,0.67374
pg-0e454f260db3,CSCO,2023-03-02,-0.18348
pg-0e454f260db3,TMUS,2023-03-02,-0.45696
pg-0e454f260db3,SYK,2023-03-02,0.02859
pg-0e454f260db3,PGR,2023-03-02,-0.28103
pg-0e454f260db3,PYPL,2023-03-02,-0.26816
pg-e10b68937d65,TGT,2023-03-02,0.7513
pg-e10b68937d65,VEEV,2023-03-02,1.91105
pg-e10b68937d65,DLTR,2023-03-02,-0.90209
pg-e10b68937d65,CRM,2023-03-02,4.87787
pg-06e5160678d1,DAL,2023-03-02,-0.81798
pg-0eea720b78a9,ULTA,2023-03-02,0.51875
pg-2c8fba4dc5b7,ABT,2023-03-02,1.00731
pg-2c8fba4dc5b7,O,2023-03-02,0.42392
pg-9c322221373d,CRM,2023-03-03,-0.83111
pg-0577c8e94b11,MRVL,2023-03-03,-2.29556
pg-7cb294bedaf5,ABNB,2023-03-03,0.05824
pg-7cb294bedaf5,DIS,2023-03-03,0.10042
pg-1d53b2afbf83,TSLA,2023-03-03,0.26378
pg-1562c2a51e50,SLB,2023-03-03,-0.05417
pg-1562c2a51e50,BDX,2023-03-03,0.21221
pg-1562c2a51e50,MPC,2023-03-03,0.71261
pg-1562c2a51e50,TWLO,2023-03-03,0.06149
pg-c519a0662438,VZ,2023-03-03,-1.13705
pg-40799f2da62b,HPQ,2023-03-03,-1.5949
pg-b2c4ee90c896,DUK,2023-03-03,0.59988
pg-df08420bfd1a,BG,2023-03-06,-0.5034
pg-ae1c9075b9fc,AMZN,2023-03-06,-0.47658
pg-ae1c9075b9fc,COST,2023-03-06,1.2035
pg-d4311ab36d87,ABNB,2023-03-06,0.09554
pg-de8c69934449,ABT,2023-03-06,-1.38246
pg-de8c69934449,ABBV,2023-03-06,-0.53002
pg-1aad08746899,AMZN,2023-03-06,-0.47658
pg-1bd806a6d6c8,O,2023-03-06,-0.38009
pg-1bd806a6d6c8,ESS,2023-03-06,0.60042
pg-be224f64f323,VTRS,2023-03-06,-1.96677
pg-65c8777e8ec4,NSC,2023-03-06,-1.49843
pg-03bfa5fa58c9,BAC,2023-03-06,-0.26368
pg-23b45d20a7cd,MRVL,2023-03-06,-1.19185
pg-23b45d20a7cd,AXON,2023-03-06,0.06095
pg-23b45d20a7cd,AVGO,2023-03-06,-0.03795
pg-efba477cf068,ALB,2023-03-06,-0.31604
pg-6c4139363813,COST,2023-03-06,1.2035
pg-1840a5f27cbc,TSLA,2023-03-07,-0.20344
pg-060ab9445384,DOW,2023-03-07,-0.68868
pg-440ab2604f54,VZ,2023-03-07,0.10254
pg-d3739fa5176c,ADM,2023-03-07,-1.22868
pg-791c5974fac9,CIEN,2023-03-07,-0.60758
pg-10556c0bcdb3,PEP,2023-03-08,0.23312
pg-e12933fdfe34,WM,2023-03-08,0.28269
pg-0e70721e0ab4,DAL,2023-03-08,1.18002
pg-7290abc1fb16,F,2023-03-09,-0.57937
pg-a911dd63f634,JPM,2023-03-09,-3.683
pg-f18e1e4ee40a,MA,2023-03-09,0.72862
pg-8570360d7c10,TSLA,2023-03-09,-0.50574
pg-7ed2c44ae3d9,AMT,2023-03-09,-0.19819
pg-7ed2c44ae3d9,AVGO,2023-03-09,0.51136
pg-962f54bb25df,ACGL,2023-03-09,-1.29507
pg-aeae5a23ea97,MPC,2023-03-09,0.79708
pg-bcf74f6e3a7e,TSLA,2023-03-10,0.55386
pg-cd1266a48851,MSFT,2023-03-10,0.26528
pg-1477494a97c1,EMR,2023-03-10,-0.08456
pg-1477494a97c1,FTV,2023-03-10,-0.79285
pg-85f63f0232c6,LUV,2023-03-10,0.27627
pg-665606de7305,CHD,2023-03-10,0.89802
pg-665606de7305,AOS,2023-03-10,-0.14929
pg-665606de7305,ILMN,2023-03-10,-0.60881
pg-665606de7305,JPM,2023-03-10,2.56943
pg-c65287c8ea0f,CHRW,2023-03-10,0.21374
pg-c65287c8ea0f,UPS,2023-03-10,0.49142
pg-02a8110a6131,MPWR,2023-03-10,0.00169
pg-972102095f38,AMZN,2023-03-13,0.77177
pg-972102095f38,MSFT,2023-03-13,1.23441
pg-972102095f38,GOOGL,2023-03-13,0.2639
pg-6c34a164da0a,MU,2023-03-13,-0.81071
pg-3b2b06a90960,UAL,2023-03-13,-2.08854
pg-3b2b06a90960,NVDA,2023-03-13,0.07609
pg-c5c848c0c837,ACN,2023-03-14,-1.08091
pg-47a21d0fc2b1,MRNA,2023-03-14,0.1465
pg-d35f0d81929e,BKR,2023-03-14,-0.48957
pg-6c45c6bb7d35,MPC,2023-03-14,0.8045
pg-77096d14fcf7,AJG,2023-03-14,0.6366
pg-dd72f34adc32,BAC,2023-03-15,-0.17029
pg-aa18d02501c7,HUM,2023-03-15,0.31764
pg-4d017539caca,CCL,2023-03-15,-0.84571
pg-7b29050e7198,CCI,2023-03-15,1.023
pg-7b29050e7198,DLR,2023-03-15,0.17942
pg-7b29050e7198,PLD,2023-03-15,0.52086
pg-a5a541cc14cd,AMZN,2023-03-15,0.87183
pg-78d89c7085fa,C,2023-03-15,-2.20261
pg-2428bcf0ce3d,AMGN,2023-03-15,1.62101
pg-5a739bb83459,META,2023-03-15,0.64711
pg-9a81367bffac,SMCI,2023-03-16,1.0581
pg-b105fb3bb4e6,INTC,2023-03-16,1.50734
pg-789bf39c3270,GILD,2023-03-16,-0.47887
pg-5b769a8c5d38,LULU,2023-03-16,-0.49624
pg-635fb255db8c,TFC,2023-03-16,0.13046
pg-a2eadaceb921,SYY,2023-03-16,-1.80308
pg-7ef16aee497a,TSN,2023-03-16,-0.41931
pg-d9c8652e2f7b,AMZN,2023-03-16,0.47399
pg-a8265bd44761,FTNT,2023-03-16,0.02775
pg-fe8757cc4142,GNRC,2023-03-16,-0.48211
pg-2d29efb3f58e,META,2023-03-16,0.17761
pg-2d29efb3f58e,NFLX,2023-03-16,-0.19011
pg-9d1837580bc6,DIS,2023-03-16,-0.63894
pg-e8c449c41cbc,INTU,2023-03-16,0.02426
pg-2a2c3dae3328,UAL,2023-03-17,-0.05565
pg-c1187246ea2d,NEM,2023-03-17,2.66377
pg-2352f566fa47,BRK-B,2023-03-17,-1.68961
pg-2352f566fa47,AMZN,2023-03-17,0.26129
pg-d8513b50cf43,CRWD,2023-03-17,0.38903
pg-d8513b50cf43,BKNG,2023-03-17,0.68649
pg-60528e7c5771,FDX,2023-03-17,4.91791
pg-2ad09ae77872,BDX,2023-03-17,-0.17939
pg-2ad09ae77872,COR,2023-03-17,0.39257
pg-f65d4ef5049c,AON,2023-03-17,0.08542
pg-a3f9394fc090,UNH,2023-03-17,-0.02677
pg-a3f9394fc090,CI,2023-03-17,-1.05602
pg-a3f9394fc090,HUM,2023-03-17,0.3665
pg-a3f9394fc090,CNC,2023-03-17,-0.35602
pg-75ae9189e70f,TWLO,2023-03-17,-0.01104
pg-910a3c9b55f3,ADI,2023-03-17,0.58951
pg-7a5b7d0fa4ea,CRWD,2023-03-20,-0.51327
pg-7a5b7d0fa4ea,BLK,2023-03-20,-0.14775
pg-19e030fa2a6e,JNJ,2023-03-20,0.71409
pg-ca33cb2122b2,AMZN,2023-03-20,-1.15188
pg-9174f035e36e,AMZN,2023-03-20,-1.15188
pg-9174f035e36e,NVDA,2023-03-20,-0.36603
pg-30f0c818d715,CCL,2023-03-20,-0.44112
pg-30f0c818d715,NCLH,2023-03-20,-0.95573
pg-30f0c818d715,RCL,2023-03-20,-0.8512
pg-ff644989fb2c,SCHW,2023-03-20,-0.27814
pg-bc12d2c22476,ODFL,2023-03-20,-0.40529
pg-1b3d438cb763,ALLE,2023-03-20,0.73393
pg-6b6d633a3332,ADM,2023-03-21,0.11139
pg-6381394f53c4,CI,2023-03-21,0.78345
pg-130aca491468,TTWO,2023-03-21,0.31564
pg-0699adc2e1d1,KHC,2023-03-21,-0.17747
pg-fcb5b4f9b06c,NVDA,2023-03-21,-0.44121
pg-fcb5b4f9b06c,MSFT,2023-03-21,-0.66855
pg-efbee72c0d15,PPL,2023-03-22,-0.49574
pg-87aadf64a223,TMUS,2023-03-22,-0.01735
pg-b28c93df4dfd,NKE,2023-03-22,-1.92949
pg-9595d2065f44,MSFT,2023-03-22,0.98634
pg-9595d2065f44,AMZN,2023-03-22,0.39708
pg-9595d2065f44,NVDA,2023-03-22,1.27801
pg-f78e78f49a33,ORCL,2023-03-22,1.21454
pg-0e2bd7ec5331,PHM,2023-03-23,0.28974
pg-a5850d4f82c5,BMY,2023-03-23,-0.45086
pg-8a74b8ab4119,GOOGL,2023-03-23,0.7147
pg-8a74b8ab4119,NVDA,2023-03-23,0.60489
pg-c048bb12de24,FSLR,2023-03-23,0.65147
pg-136586902a97,AAPL,2023-03-23,0.2256
pg-136586902a97,MSFT,2023-03-23,0.92839
pg-136586902a97,GOOGL,2023-03-23,0.7147
pg-136586902a97,TSLA,2023-03-23,0.03259
pg-c724f6617900,C,2023-03-23,-0.34323
pg-56072399ee8c,META,2023-03-23,0.68178
pg-9c0ec319e76b,MCHP,2023-03-24,-2.57244
pg-fe16478b71aa,DD,2023-03-24,-0.16479
pg-71b4d9b45678,GOOGL,2023-03-24,-0.54158
pg-c4839b66338a,PYPL,2023-03-24,0.50063
pg-d377dfd93fc0,F,2023-03-24,-0.04611
pg-6e30df9446b6,TRGP,2023-03-24,0.14003
pg-b6d2218cfaa3,ACN,2023-03-24,-0.3705
pg-b6d2218cfaa3,ADBE,2023-03-24,0.26426
pg-6fda66b84e32,CF,2023-03-27,0.28159
pg-9d5b99b1d604,TSLA,2023-03-27,0.11681
pg-b1ee890682d9,ARE,2023-03-27,-0.46985
pg-599bab3c779d,GOOGL,2023-03-27,-1.75685
pg-54a1ce716e33,MCHP,2023-03-28,0.4058
pg-f95b064c9845,MKC,2023-03-28,8.30402
pg-64a1b7e9f25b,META,2023-03-28,-0.29499
pg-64a1b7e9f25b,AMAT,2023-03-28,-0.81232
pg-5faa353d9b0b,V,2023-03-28,-0.46081
pg-87aa5085be30,ELV,2023-03-28,-0.74281
pg-abf0af727c2f,ZBH,2023-03-28,0.43328
pg-0073a6eb71be,OXY,2023-03-28,1.97466
pg-78c21836cb48,SWK,2023-03-29,-0.35219
pg-67f84f2b3c28,PM,2023-03-29,-0.23257
pg-ab3ff893f277,MS,2023-03-29,0.02299
pg-0f4044285085,RTX,2023-03-29,0.11387
pg-657f83597152,BIIB,2023-03-29,0.18407
pg-81fd19ad02d9,LLY,2023-03-29,-0.67742
pg-81fd19ad02d9,XOM,2023-03-29,0.39606
pg-878b61fe437b,HD,2023-03-29,-0.38277
pg-a4e7ed2ec4c5,ESS,2023-03-29,0.28194
pg-30bbcf386f96,VZ,2023-03-29,0.63257
pg-048cfb400c00,HD,2023-03-30,0.05212
pg-b2951cb9a81c,C,2023-03-30,-0.13508
pg-2a703ee11c25,DIS,2023-03-30,0.32257
pg-e8e6b3fd62e1,LMT,2023-03-30,-0.50279
pg-3594e5d3f876,AMGN,2023-03-30,-0.01119
pg-8e2a5f58abcc,AAPL,2023-03-30,0.12545
pg-8e2a5f58abcc,DIS,2023-03-30,0.32257
pg-45c6c05397a1,PANW,2023-03-30,0.0482
pg-6530286dee10,USB,2023-03-30,-0.36098
pg-c447de2a0542,VRTX,2023-03-30,-0.70698
pg-e124f3d1e5ca,CNC,2023-03-30,0.32897
pg-cf45d20d1f68,BX,2023-03-31,-0.04864
pg-084c4f9e3c0b,TMO,2023-03-31,0.66527
pg-30a240387064,LITE,2023-03-31,-0.02616
pg-cf71ecdc598f,VZ,2023-03-31,0.03485
pg-34fdb6f5e764,DDOG,2023-03-31,1.31747
pg-9394c595d098,STZ,2023-03-31,-0.56055
pg-9394c595d098,KMB,2023-03-31,0.17111
pg-9394c595d098,KDP,2023-03-31,-0.33434
pg-9394c595d098,MO,2023-03-31,-0.17288
pg-b46031c290e8,HII,2023-04-03,0.52916
pg-56226ac7ce69,AAPL,2023-04-03,0.1705
pg-4d7b00784b9f,DVN,2023-04-03,1.78516
pg-4d7b00784b9f,KMI,2023-04-03,0.42193
pg-d1e27749f7ed,OXY,2023-04-03,1.8559
pg-d1e27749f7ed,CIEN,2023-04-03,-0.44754
pg-d1e27749f7ed,HWM,2023-04-03,0.60326
pg-7ea4de156d41,CVS,2023-04-03,1.71313
pg-7ea4de156d41,UNH,2023-04-03,3.90002
pg-7ea4de156d41,ABT,2023-04-03,-0.00449
pg-1da3e3d430cc,AMZN,2023-04-03,-0.80598
pg-1da3e3d430cc,LRCX,2023-04-03,-0.95624
pg-54b2892bfa5d,LULU,2023-04-03,0.1545
pg-d94697283ccd,FTNT,2023-04-03,-0.44091
pg-f655ef659f18,NVDA,2023-04-03,-0.03707
pg-f655ef659f18,BSX,2023-04-03,-0.90503
pg-2f9eafcf4bd0,OXY,2023-04-03,1.8559
pg-2f9eafcf4bd0,DVN,2023-04-03,1.78516
pg-19c68b65b0f0,FDX,2023-04-03,-0.08659
pg-bd104b29a2d0,NVDA,2023-04-03,-0.03707
pg-bd104b29a2d0,META,2023-04-03,-0.04747
pg-bd104b29a2d0,TSLA,2023-04-03,-2.06627
pg-bd104b29a2d0,AAPL,2023-04-03,0.1705
pg-d3e0947aaadb,NVDA,2023-04-03,-0.03707
pg-d3e0947aaadb,CRM,2023-04-03,-0.8715
pg-d3e0947aaadb,ABNB,2023-04-03,-1.2565
pg-8410e85642c4,GOOGL,2023-04-04,0.61931
pg-e3b5319a8ce2,AVGO,2023-04-04,-0.36401
pg-e3b5319a8ce2,ADBE,2023-04-04,0.84421
pg-e3b5319a8ce2,ADI,2023-04-04,0.07553
pg-e3b5319a8ce2,FTNT,2023-04-04,0.1549
pg-34fb61657c57,CRWD,2023-04-04,0.39591
pg-34fb61657c57,ABNB,2023-04-04,-0.70178
pg-9056059e1748,PFE,2023-04-04,-0.74355
pg-72d0ce7b5030,CVX,2023-04-04,-0.08399
pg-72d0ce7b5030,UNH,2023-04-04,0.01554
pg-18daeb75de8e,KO,2023-04-04,-0.00853
pg-9fb80e1dee5e,MRK,2023-04-04,0.07248
pg-f7c9b69392d4,AMD,2023-04-05,-1.23522
pg-753a1784ad30,AMZN,2023-04-05,-1.37081
pg-ddfe5abc692b,JNJ,2023-04-05,5.1334
pg-a4c542467981,FTNT,2023-04-05,-0.53377
pg-f7d01d9e73a8,BX,2023-04-05,0.25962
pg-4e51bf348ab1,PANW,2023-04-05,-0.37884
pg-de14cf2a982e,ADP,2023-04-06,0.81965
pg-edce9cece7b1,MSFT,2023-04-06,1.28588
pg-edce9cece7b1,MA,2023-04-06,-0.95771
pg-edce9cece7b1,BRK-B,2023-04-06,0.27627
pg-33441b411e95,JNJ,2023-04-06,-0.36146
pg-33441b411e95,F,2023-04-06,-0.60004
pg-22126fbfc98a,MDLZ,2023-04-06,-0.71708
pg-c4588d3a6bba,PLTR,2023-04-10,1.20759
pg-18a55364ddde,RTX,2023-04-10,1.09852
pg-3c0e5180280b,WTW,2023-04-10,-0.61284
pg-4bca299e2c3f,XOM,2023-04-10,-0.25128
pg-ebb4b9a2b2ea,HUM,2023-04-10,0.50338
pg-4a6e75af8dae,UPS,2023-04-10,0.77251
pg-eaa0e045f7d4,BRK-B,2023-04-10,-0.04187
pg-ade484d22b34,TSLA,2023-04-10,-0.14062
pg-dbaa14799cf6,CHRW,2023-04-10,1.80197
pg-ffeae2fdd79b,BAC,2023-04-11,1.11376
pg-3f4f3937ad00,LULU,2023-04-11,0.25142
pg-525d8b49347e,GM,2023-04-11,-0.38811
pg-8f91d3e863a7,KMI,2023-04-11,0.61233
pg-93f7b12ca470,SCHW,2023-04-11,-0.00785
pg-856d465f3331,LULU,2023-04-11,0.25142
pg-3e8bc5020f39,ITW,2023-04-11,0.55048
pg-af3ccda0ec49,IBM,2023-04-12,-1.07913
pg-fcea15ac757e,V,2023-04-12,0.07083
pg-ac24d69360da,VICI,2023-04-12,0.06025
pg-7ecc02fecf8c,GM,2023-04-12,-0.71501
pg-b13609722b54,PSX,2023-04-12,-0.07215
pg-41d96aa4c788,ULTA,2023-04-12,-0.37739
pg-154d2d7d1965,HSY,2023-04-12,-0.19665
pg-154d2d7d1965,CHD,2023-04-12,-0.95574
pg-f6593a1ba2af,CASY,2023-04-12,0.25983
pg-f6593a1ba2af,ULTA,2023-04-12,-0.37739
pg-dba610e51f90,MRNA,2023-04-12,0.28571
pg-a681e04ee235,COST,2023-04-12,-1.34743
pg-53f6ef38dc05,CRM,2023-04-12,0.52886
pg-53f6ef38dc05,CSCO,2023-04-12,-0.68492
pg-53f6ef38dc05,ADBE,2023-04-12,0.14046
pg-e2299f511308,GOOGL,2023-04-12,-0.0311
pg-268c85a07025,ARE,2023-04-12,-0.2824
pg-cff0d21b42c2,SWK,2023-04-12,-0.02919
pg-8ef2439554f9,HON,2023-04-12,0.76008
pg-9e581185218c,JPM,2023-04-12,0.14727
pg-e4e22c982144,MSFT,2023-04-12,0.49814
pg-21178f9f81ad,ANET,2023-04-13,0.30332
pg-c9d47a33464f,AMZN,2023-04-13,1.34165
pg-eab281311ac8,PM,2023-04-13,0.22175
pg-778a7a25affd,ORCL,2023-04-13,0.56183
pg-341d4641b966,STX,2023-04-13,-1.79646
pg-f74af8980f2c,C,2023-04-14,1.85557
pg-509aa8430c90,AMZN,2023-04-17,-0.17881
pg-b5fc53894cf9,DG,2023-04-17,-0.03813
pg-c195cb9251f0,INVH,2023-04-17,1.13031
pg-c195cb9251f0,CPT,2023-04-17,1.53481
pg-c5cbcde2e76b,JPM,2023-04-17,0.20431
pg-c5cbcde2e76b,C,2023-04-17,-0.0453
pg-c5cbcde2e76b,WFC,2023-04-17,1.33884
pg-01273aeb6307,JNJ,2023-04-17,-0.21381
pg-1bd66ea0aff5,MSFT,2023-04-17,0.26312
pg-1bd66ea0aff5,GOOGL,2023-04-17,-1.69205
pg-1bd66ea0aff5,AMZN,2023-04-17,-0.17881
pg-6600b28cf7b2,BRO,2023-04-17,0.97743
pg-fb64018a5a79,META,2023-04-17,-0.78944
pg-9bf2ba6d7715,LRCX,2023-04-17,-0.91817
pg-c9bc5c0c437d,AMZN,2023-04-17,-0.17881
pg-c9bc5c0c437d,GOOGL,2023-04-17,-1.69205
pg-67dab7ad1b1f,PEP,2023-04-18,0.24942
pg-8372cde194c5,PFE,2023-04-18,-1.68864
pg-fe24cb4fc999,ADBE,2023-04-18,-0.10617
pg-fe24cb4fc999,ADSK,2023-04-18,0.03442
pg-6e428d8d2030,JNJ,2023-04-18,-2.54621
pg-a053a336fc72,FSLR,2023-04-18,0.09547
pg-397511a3b987,APA,2023-04-18,-0.0778
pg-397511a3b987,WFC,2023-04-18,0.4516
pg-b3cba4e1d54e,CINF,2023-04-18,0.09979
pg-930de98b7e4b,DE,2023-04-19,-0.43248
pg-eb101885a387,NEM,2023-04-19,-0.52146
pg-51eaf287ad09,TSLA,2023-04-19,-0.64802
pg-a04802a4b578,F,2023-04-19,-1.90441
pg-bb0b991c4d97,PG,2023-04-19,0.03492
pg-bb0b991c4d97,ALB,2023-04-19,-0.25725
pg-bb0b991c4d97,APD,2023-04-19,0.67891
pg-bd62ea713857,TRV,2023-04-19,3.27532
pg-5ca8a2921b18,SLB,2023-04-19,0.28605
pg-73405f7d1b1d,HAL,2023-04-19,0.21697
pg-5dc6c360964a,GD,2023-04-19,-0.50604
pg-d8076b2065de,AMAT,2023-04-20,2.27277
pg-06621dab2062,AMZN,2023-04-20,0.22085
pg-2d9397e63299,KR,2023-04-20,0.66592
pg-2d9397e63299,CLX,2023-04-20,1.67387
pg-2d9397e63299,PG,2023-04-20,0.92266
pg-20b48a653eb3,LII,2023-04-20,1.56391
pg-21c17ca1da9c,T,2023-04-20,-12.10506
pg-0a4b91dd91e7,NUE,2023-04-20,2.30623
pg-a83898c2ac4a,NFLX,2023-04-20,0.56028
pg-a83898c2ac4a,DIS,2023-04-20,0.02037
pg-c70be3f26551,FFIV,2023-04-20,-0.93419
pg-9a15ee82a763,TSLA,2023-04-20,-3.03099
pg-9a15ee82a763,JPM,2023-04-20,0.04657
pg-b9805efb676a,GOOGL,2023-04-21,-0.0019
pg-49c754376051,BX,2023-04-21,-0.97979
pg-7cf336369234,KIM,2023-04-21,0.36074
pg-495bd751493d,ZTS,2023-04-24,-0.34182
pg-b7d7dec2b06e,LLY,2023-04-24,-0.4795
pg-c9fd6ea89e9b,GPN,2023-04-24,-0.34985
pg-793835a4bceb,RTX,2023-04-24,0.11528
pg-6f6799153e56,CMS,2023-04-24,0.62113
pg-7db8c681b861,FITB,2023-04-24,-0.43627
pg-a08ccac46b88,CMCSA,2023-04-24,-1.47975
pg-42716b4e93b9,DXCM,2023-04-25,1.06883
pg-42716b4e93b9,MRK,2023-04-25,0.6446
pg-42716b4e93b9,ISRG,2023-04-25,0.0743
pg-84e1987ca02e,DIS,2023-04-25,0.34024
pg-84e1987ca02e,HD,2023-04-25,0.01139
pg-fe9565aa4ea4,V,2023-04-25,0.10128
pg-d58cbd1b6f39,GOOGL,2023-04-25,0.19827
pg-b177f1d41f70,AAPL,2023-04-25,1.09717
pg-645fd5f0615b,LLY,2023-04-25,0.66414
pg-645fd5f0615b,DXCM,2023-04-25,1.06883
pg-71a6082def2f,GPC,2023-04-25,-0.19313
pg-a80a133450e7,KO,2023-04-25,1.21171
pg-a80a133450e7,PEP,2023-04-25,4.00959
pg-062fe726453e,V,2023-04-25,0.10128
pg-062fe726453e,MA,2023-04-25,-0.0108
pg-a395c2c92aa7,MSFT,2023-04-26,4.67855
pg-b91f1dc8f081,COIN,2023-04-26,-0.30541
pg-22ca58975f58,T,2023-04-26,-0.66261
pg-82239055e383,ALLE,2023-04-26,3.09491
pg-7d825bda59b6,CF,2023-04-26,-0.38363
pg-0f7a3225e9af,HSIC,2023-04-26,-2.04445
pg-0f7a3225e9af,PODD,2023-04-26,-0.77338
pg-be848c15670e,FISV,2023-04-26,-0.71177
pg-be848c15670e,AJG,2023-04-26,-0.41535
pg-afb3d32494f7,GD,2023-04-26,-3.91094
pg-f7f8dcd781d5,PCG,2023-04-26,-1.5495
pg-806303fe9436,TT,2023-04-26,-0.13595
pg-6796fdf5a296,CMI,2023-04-26,-1.16822
pg-cb2a337c62c2,INCY,2023-04-26,0.05092
pg-ea8ec48ab270,HUM,2023-04-26,0.45378
pg-6cacf1a5d51a,MS,2023-04-26,0.43928
pg-7e768f65cef0,RJF,2023-04-27,-1.99747
pg-f4b394c98100,ROL,2023-04-27,5.29575
pg-6476371e37fc,AMAT,2023-04-27,-1.13573
pg-b404362e9914,MAA,2023-04-27,0.41229
pg-e4616549f028,LLY,2023-04-27,2.98571
pg-570495346edc,GWW,2023-04-27,2.41512
pg-12abfe002728,CEG,2023-04-27,-0.61443
pg-eb17a8f3e314,COP,2023-04-27,-0.30565
pg-31a39dd55dad,HAS,2023-04-27,7.79803
pg-4d9c253ed297,GWW,2023-04-27,2.41512
pg-fa7f61bf4627,MRNA,2023-04-28,0.48679
pg-108333243640,HD,2023-04-28,0.98049
pg-083138265454,BAX,2023-04-28,0.70416
pg-2c94552f80c6,FDX,2023-04-28,-0.00469
pg-50c265f136c1,CMG,2023-04-28,0.28391
pg-11e2170c9cea,MSFT,2023-04-28,-0.17062
pg-05ea2093d13a,AMD,2023-04-28,0.22695
pg-ceaecff95bee,ANET,2023-04-28,0.61834
pg-c451dfd37206,FIS,2023-04-28,1.59331
pg-c451dfd37206,WFC,2023-04-28,-0.29019
pg-afcbf350cc9e,PG,2023-05-01,0.18904
pg-025c7d04747d,IBKR,2023-05-01,-0.4028
pg-025c7d04747d,PGR,2023-05-01,-0.17356
pg-a9b7c087d4cf,SWK,2023-05-01,0.27652
pg-a9b7c087d4cf,CVX,2023-05-01,-0.54154
pg-1989a88e6cbb,BRK-B,2023-05-01,0.57391
pg-1989a88e6cbb,AMZN,2023-05-01,-1.41887
pg-ddeb0f2b66c1,PLD,2023-05-01,-1.22793
pg-ddeb0f2b66c1,CCI,2023-05-01,-0.38781
pg-40153c005369,ES,2023-05-01,0.16622
pg-d87836dea4b2,LNT,2023-05-01,0.22312
pg-e637d3a46828,CLX,2023-05-01,0.92626
pg-e637d3a46828,GIS,2023-05-01,0.91079
pg-ce117b359a07,NOC,2023-05-01,0.27539
pg-c1a81985f07d,CRL,2023-05-01,0.04465
pg-304df89a3bce,TROW,2023-05-02,-1.88477
pg-54b6d199c313,SYK,2023-05-02,-1.14557
pg-e857729633c9,AMZN,2023-05-02,1.53371
pg-e857729633c9,F,2023-05-02,-0.23852
pg-b712bfed4dad,FSLR,2023-05-02,-0.44173
pg-95a9c6f29c6e,ZBH,2023-05-02,3.85589
pg-a0051e73b2ce,REGN,2023-05-02,-0.38976
pg-93a216bf6809,AMGN,2023-05-02,-0.78134
pg-93a216bf6809,JNJ,2023-05-02,1.01929
pg-d3783e71487f,DUK,2023-05-02,-0.76043
pg-d3783e71487f,LNT,2023-05-02,-0.45042
pg-c91c0813e740,AMD,2023-05-02,1.32597
pg-b7bf55887429,ABNB,2023-05-02,0.47897
pg-e4f2d5dbbb1e,BAC,2023-05-03,-0.18575
pg-6a30c7235d4e,EIX,2023-05-03,-1.40856
pg-96f74d1d5be8,F,2023-05-03,0.44392
pg-c2d6ee28dbc2,CSX,2023-05-03,0.14545
pg-d5789fce58e2,AAPL,2023-05-03,0.23564
pg-4fd80e9bf8b8,F,2023-05-03,0.44392
pg-9019b3d31cd9,ZBRA,2023-05-03,0.89972
pg-fb4dd3313a23,AAPL,2023-05-04,-0.03577
pg-ca800d6ef1f6,WDC,2023-05-04,0.38865
pg-421222516c04,PH,2023-05-04,0.27598
pg-a4b5da18f5e7,EQIX,2023-05-04,3.4823
pg-ff18dc31f96d,COP,2023-05-04,0.85357
pg-8207c85ada04,PSA,2023-05-04,2.04597
pg-635409fe6be9,MA,2023-05-04,1.10376
pg-635409fe6be9,DDOG,2023-05-04,4.4195
pg-635409fe6be9,LLY,2023-05-04,-0.28294
pg-635409fe6be9,YUM,2023-05-04,-0.38551
pg-c762468e881a,ACGL,2023-05-05,1.4536
pg-c762468e881a,TRV,2023-05-05,0.50807
pg-eb6235bf1027,REG,2023-05-05,-0.65388
pg-133686ab753e,GS,2023-05-05,0.10681
pg-a7a552b90f21,AMD,2023-05-05,0.04008
pg-d6e56787041d,COP,2023-05-05,0.69398
pg-9057be9c6181,XYZ,2023-05-05,-1.71957
pg-1a45b45c3486,MTD,2023-05-05,-3.05351
pg-d759c7b16013,AAPL,2023-05-05,1.82752
pg-d759c7b16013,COST,2023-05-05,0.15123
pg-d26e0a7da54c,AMZN,2023-05-08,0.05445
pg-6ce8843948f4,CLX,2023-05-08,-1.05236
pg-e6cf25055212,TSLA,2023-05-08,0.29261
pg-52dcae5f4ccf,RVTY,2023-05-08,-0.95697
pg-916f60b8aff7,UPS,2023-05-08,-0.34776
pg-916f60b8aff7,NSC,2023-05-08,-0.58312
pg-916f60b8aff7,DAL,2023-05-08,0.37598
pg-916f60b8aff7,JBHT,2023-05-08,-0.2918
pg-d2aaf28a1a68,WAT,2023-05-08,-0.07687
pg-9acf0a25920c,AFL,2023-05-08,0.03972
pg-84d3b78bc256,JPM,2023-05-08,0.12093
pg-8b4686586c2d,RL,2023-05-09,-0.22262
pg-992296a62cb6,T,2023-05-09,-0.14089
pg-49669a137790,CRWD,2023-05-09,-0.44815
pg-20b9f9a6e693,DIS,2023-05-10,-0.94008
pg-20b9f9a6e693,OXY,2023-05-10,-2.28729
pg-20b9f9a6e693,XYZ,2023-05-10,-1.79303
pg-53a521e924dc,TGT,2023-05-10,-0.18807
pg-53a521e924dc,NEE,2023-05-10,1.09701
pg-53a521e924dc,MSFT,2023-05-10,0.62122
pg-5e125d74d6b9,IDXX,2023-05-10,0.26829
pg-e27ef54a8552,BAC,2023-05-11,0.25149
pg-21c86379134e,ZBRA,2023-05-11,-0.75597
pg-c3f300365618,STT,2023-05-12,-0.66533
pg-514dcfb30f8f,CCL,2023-05-12,-1.46961
pg-4a2568aa91e8,JPM,2023-05-12,-0.77374
pg-8352460fb6f0,MA,2023-05-15,0.07739
pg-402653e318e8,MSFT,2023-05-15,-0.15362
pg-402653e318e8,AAPL,2023-05-15,-0.53954
pg-402653e318e8,GOOGL,2023-05-15,-0.72867
pg-402653e318e8,PLTR,2023-05-15,-0.10297
pg-402653e318e8,CRWD,2023-05-15,1.17925
pg-48f3180c025b,AMGN,2023-05-15,0.097
pg-48f3180c025b,GILD,2023-05-15,0.08875
pg-48f3180c025b,REGN,2023-05-15,0.48186
pg-5f42f979e645,CMG,2023-05-15,-0.1063
pg-5f42f979e645,CVNA,2023-05-15,1.03267
pg-4d07bd049418,HD,2023-05-15,-0.72111
pg-4d07bd049418,TGT,2023-05-15,0.84851
pg-4d07bd049418,WMT,2023-05-15,-1.51227
pg-2f9215ec2cb2,PNW,2023-05-15,-1.14286
pg-2f2a918bdf7c,TSLA,2023-05-16,0.46968
pg-2f2a918bdf7c,META,2023-05-16,0.46179
pg-2f2a918bdf7c,MSFT,2023-05-16,0.88063
pg-2f2a918bdf7c,NVDA,2023-05-16,1.14324
pg-843d11b4abf1,XOM,2023-05-16,-1.02028
pg-843d11b4abf1,CVX,2023-05-16,-1.23687
pg-843d11b4abf1,EOG,2023-05-16,-1.39105
pg-17bd60987a8b,HD,2023-05-16,-1.16892
pg-dc8fa716726a,GILD,2023-05-16,0.22777
pg-dc8fa716726a,MOS,2023-05-16,-1.0621
pg-dc8fa716726a,HCA,2023-05-16,-0.15162
pg-a3e28d2a4d92,VZ,2023-05-16,-1.10504
pg-1f3a7ecbeda2,MU,2023-05-16,-0.18947
pg-507ff09f8218,MS,2023-05-16,-0.41361
pg-d4c8971d2ef9,MSFT,2023-05-17,-0.32615
pg-e962f644051f,KEYS,2023-05-17,4.06242
pg-2abd29107deb,ABNB,2023-05-17,0.28005
pg-d2ee0819905e,PHM,2023-05-17,-0.72696
pg-3c06338feb64,JBHT,2023-05-17,-0.34021
pg-3c06338feb64,NVDA,2023-05-17,0.38621
pg-3c06338feb64,TSCO,2023-05-17,-1.04784
pg-e8766f70da1d,CMCSA,2023-05-17,0.02417
pg-a5cd8c8b2078,KO,2023-05-17,-1.29499
pg-0dfe05973dc5,GOOGL,2023-05-17,-0.32512
pg-0dfe05973dc5,META,2023-05-17,-0.26856
pg-a701d907da3d,GOOGL,2023-05-17,-0.32512
pg-a701d907da3d,ADBE,2023-05-17,0.7599
pg-11aa593ecee6,FITB,2023-05-17,1.70454
pg-f3d60ecdb441,SWK,2023-05-17,0.86562
pg-571432a933c0,MDLZ,2023-05-17,-1.46673
pg-b8970791fa8c,TTWO,2023-05-18,6.64526
pg-f315e609eaac,ON,2023-05-18,-0.26576
pg-efea4c5947d4,BRK-B,2023-05-18,-0.04058
pg-efea4c5947d4,O,2023-05-18,-1.58487
pg-efea4c5947d4,WM,2023-05-18,-1.85461
pg-c72427cbf25f,A,2023-05-18,0.0366
pg-5ca449096b30,CRWD,2023-05-18,0.69208
pg-db2bbe749596,V,2023-05-18,-0.37687
pg-db2bbe749596,MA,2023-05-18,0.42794
pg-db2bbe749596,FISV,2023-05-18,-0.53904
pg-02b382636925,WMT,2023-05-18,1.45653
pg-ceda63029053,TSLA,2023-05-18,-0.05764
pg-7986b8146b8f,VEEV,2023-05-19,-0.50409
pg-5a6ef5d9f6f3,FAST,2023-05-19,-0.25927
pg-7949142ae945,TROW,2023-05-19,-0.48665
pg-29b4acd69d56,DIS,2023-05-19,-0.98988
pg-ac7a9224dd64,XOM,2023-05-22,-0.79964
pg-d4b5ddede272,HD,2023-05-22,-0.08174
pg-55987d846a0a,INVH,2023-05-22,0.24172
pg-55987d846a0a,PSA,2023-05-22,-0.11557
pg-5bc19eca0c16,NVDA,2023-05-22,-0.16824
pg-b250d1f9b1bf,NOW,2023-05-22,0.06533
pg-f5f8b0c0ba39,NVDA,2023-05-22,-0.16824
pg-42138cffbe2b,PWR,2023-05-22,-0.34718
pg-1a58c2d350d9,NVDA,2023-05-22,-0.16824
pg-8bac8ce7e7bf,XOM,2023-05-22,-0.79964
pg-f833fb2f769f,NKE,2023-05-22,-2.82567
pg-ca970c89dfa3,DIS,2023-05-23,-0.27192
pg-127cd2664bfa,IVZ,2023-05-23,0.43085
pg-cdc3b003c9b0,UNH,2023-05-23,0.19886
pg-41bbf356acdf,AZO,2023-05-23,-6.82176
pg-3efcf27f4a0c,JPM,2023-05-23,-0.04648
pg-6232ff85fde4,GM,2023-05-24,-1.19707
pg-abeb584d3717,DIS,2023-05-24,0.06098
pg-abeb584d3717,GM,2023-05-24,-1.19707
pg-980ddcf187b0,MDT,2023-05-24,0.6542
pg-5e1494da523f,TSLA,2023-05-24,-0.03702
pg-7a48a2629f40,GOOGL,2023-05-24,-0.18276
pg-0319df0a4406,GWW,2023-05-24,0.21931
pg-29ba8affa995,ABBV,2023-05-25,-1.09625
pg-29ba8affa995,INTC,2023-05-25,-3.33755
pg-29ba8affa995,QCOM,2023-05-25,-0.19674
pg-46d3257dcad1,NVDA,2023-05-25,9.57372
pg-46d3257dcad1,DLTR,2023-05-25,-12.56736
pg-46d3257dcad1,BBY,2023-05-25,1.27176
pg-46d3257dcad1,COST,2023-05-25,0.0424
pg-d94ca157829b,ABNB,2023-05-25,-0.79932
pg-f6d8b3b45838,GS,2023-05-25,0.36191
pg-ce95c42a9a16,JPM,2023-05-25,-0.28833
pg-ce95c42a9a16,BRK-B,2023-05-25,-1.2685
pg-1af6b57c3882,RL,2023-05-25,2.54986
pg-daf79befd7ec,META,2023-05-25,-0.06727
pg-ab280382a6ab,PFE,2023-05-25,-1.80398
pg-864207bc284b,KR,2023-05-26,-3.99355
pg-f842b3b4d99d,SCHW,2023-05-26,-1.00311
pg-ddfc562109d6,INTC,2023-05-26,1.81183
pg-805dd3fbd706,SLB,2023-05-26,-1.26325
pg-ebe77553ec7b,IEX,2023-05-26,-0.19694
pg-883aa677162c,BBY,2023-05-26,1.59071
pg-6bf444735641,ALLE,2023-05-26,0.13547
pg-507e8c8cb4c8,VICI,2023-05-30,-0.04818
pg-ff3989f5d873,AMD,2023-05-30,-0.40448
pg-ff3989f5d873,INTC,2023-05-30,1.31363
pg-ff3989f5d873,NVDA,2023-05-30,0.64759
pg-e506946a94ed,MSFT,2023-05-30,-0.30598
pg-e506946a94ed,AAPL,2023-05-30,0.83366
pg-431dffe4e8e1,NVDA,2023-05-30,0.64759
pg-d5f5fc387bf5,MRK,2023-05-30,-1.90489
pg-fb5cbe475ba0,NVDA,2023-05-30,0.64759
pg-a83cdf521725,CMI,2023-05-30,-1.22394
pg-68357a6bce0b,KO,2023-05-30,-1.35274
pg-68357a6bce0b,V,2023-05-30,-1.42219
pg-68357a6bce0b,BRK-B,2023-05-30,0.55471
pg-568049347fa1,JBL,2023-05-30,-0.19895
pg-92b28613d1f5,DHI,2023-05-30,0.37222
pg-4bc7bb88767c,CVX,2023-05-30,-0.44587
pg-3b54cf1281ac,WDAY,2023-05-30,-1.48845
pg-a45ec2abc998,STE,2023-05-30,-0.22857
pg-82a7f15a2861,NVDA,2023-05-30,0.64759
pg-9bf73701e67e,AAPL,2023-05-30,0.83366
pg-9bf73701e67e,AVGO,2023-05-30,-0.45169
pg-c9c75c6aaaad,TSLA,2023-05-31,0.76342
pg-c9c75c6aaaad,ISRG,2023-05-31,0.39927
pg-9f72328843fb,JNJ,2023-05-31,0.8153
pg-6c4a804eaf41,STZ,2023-05-31,2.81957
pg-7ee3af226a2f,CIEN,2023-05-31,-1.0
pg-16865e7d7fcf,META,2023-05-31,0.69836
pg-69d0d7cc59ef,NVDA,2023-05-31,-1.04493
pg-a8757a8d0ce8,MSFT,2023-06-01,0.05542
pg-9bfffd6f9676,NVDA,2023-06-01,0.63303
pg-8b28a4ff70da,JNJ,2023-06-01,-1.06292
pg-8b28a4ff70da,MDT,2023-06-01,-0.35838
pg-8b28a4ff70da,CVS,2023-06-01,0.47503
pg-80b84bbdd051,LLY,2023-06-01,0.78141
pg-0fc33a22d341,DG,2023-06-01,-21.59481
pg-b350b2708b15,ZBRA,2023-06-01,-0.09
pg-1746870bc725,UBER,2023-06-01,0.11436
pg-0e04bf823b97,F,2023-06-01,-0.2916
pg-2a0dfa9e0b46,FSLR,2023-06-01,0.33091
pg-c6136e809e7b,GDDY,2023-06-01,0.96327
pg-0eae18a26ecd,GS,2023-06-02,0.69934
pg-eab46ce6baca,BA,2023-06-02,0.83545
pg-da4a210cd451,LEN,2023-06-02,1.8003
pg-022f75b177ed,FSLR,2023-06-02,-0.51675
pg-5b3f24e5dec4,EMR,2023-06-02,2.2297
pg-589b888db977,DELL,2023-06-02,1.11003
pg-7e2b9ae28aa5,C,2023-06-05,0.03047
pg-5612fd96fe46,MRK,2023-06-05,0.55507
pg-09eac6266c77,MSFT,2023-06-05,0.2173
pg-09eac6266c77,AMD,2023-06-05,0.10523
pg-5fefd8d6eb23,KLAC,2023-06-05,0.12074
pg-5fefd8d6eb23,NVDA,2023-06-05,0.00217
pg-8d2a5ca16307,BAC,2023-06-05,-0.21963
pg-754793ca9f5d,STLD,2023-06-05,0.12125
pg-6bfa8eb1934d,PANW,2023-06-05,1.94648
pg-1ffa507569b2,META,2023-06-05,-0.04236
pg-1ffa507569b2,AAPL,2023-06-05,-0.4223
pg-1ffa507569b2,AVGO,2023-06-05,-0.34545
pg-5429aefbbafc,CVS,2023-06-05,0.79455
pg-5429aefbbafc,PWR,2023-06-05,-0.14731
pg-62de1e56dc34,SCHW,2023-06-06,0.04968
pg-a2d3fc5667ce,MSFT,2023-06-06,-0.51829
pg-a2d3fc5667ce,AMZN,2023-06-06,0.3386
pg-a2d3fc5667ce,NVDA,2023-06-06,-0.38668
pg-90969a06423f,TGT,2023-06-06,0.75495
pg-5d8af6106ad5,WFC,2023-06-06,0.80403
pg-5399437cb89f,HLT,2023-06-06,0.72708
pg-6e9b8e5bb83a,ODFL,2023-06-06,-0.80463
pg-d90b819992bb,FDX,2023-06-07,1.97365
pg-4421c6e263f3,COIN,2023-06-07,0.72136
pg-83a1d2513c2c,GS,2023-06-07,2.18423
pg-9adee784af33,EME,2023-06-07,0.6924
pg-f4a01e6e6114,V,2023-06-07,-0.84077
pg-c78a0832119c,LIN,2023-06-07,0.9551
pg-fa71acd2acd7,TSLA,2023-06-08,1.34717
pg-23653f79e1dc,F,2023-06-08,-0.45071
pg-633555c876a6,NVDA,2023-06-08,0.30919
pg-633555c876a6,CRWD,2023-06-08,0.15083
pg-a9e57d079b34,EFX,2023-06-08,0.10134
pg-06ebafceb31f,AAPL,2023-06-08,0.63486
pg-06ebafceb31f,AMZN,2023-06-08,0.71477
pg-a578b39fef25,NVDA,2023-06-08,0.30919
pg-5d3a93d44144,J,2023-06-08,-0.0416
pg-b7186b002f21,FOXA,2023-06-08,0.59348
pg-b7186b002f21,FOX,2023-06-08,0.54556
pg-4326a8e239e3,DHI,2023-06-08,-0.71916
pg-cc94d073b8da,DDOG,2023-06-08,0.36371
pg-cc94d073b8da,MSFT,2023-06-08,-0.08189
pg-cf1895964172,NVDA,2023-06-09,0.06259
pg-d9bb4183d024,DIS,2023-06-09,-0.37359
pg-d9bb4183d024,BA,2023-06-09,-0.38782
pg-2b5d6bac86da,NVDA,2023-06-09,0.06259
pg-a85a8d7c737c,AXP,2023-06-09,0.06352
pg-fed45c3ebf6d,MS,2023-06-09,-0.19275
pg-d895171f76be,DIS,2023-06-09,-0.37359
pg-4620c92e8597,AME,2023-06-09,-0.06002
pg-f82aa30d50bd,ABT,2023-06-12,-1.07324
pg-7362b7e8c5f7,FTNT,2023-06-12,0.83781
pg-7362b7e8c5f7,PANW,2023-06-12,1.38012
pg-7362b7e8c5f7,CRWD,2023-06-12,-0.13651
pg-67ad018d626f,AAPL,2023-06-12,0.39773
pg-67ad018d626f,KO,2023-06-12,-1.05401
pg-67ad018d626f,PG,2023-06-12,-1.26527
pg-50dd3867d5b3,JNJ,2023-06-12,-0.63549
pg-b3cb976955d9,MCD,2023-06-12,0.2051
pg-dce6fe858f0b,PFE,2023-06-12,1.28824
pg-42c7e8ef2a52,V,2023-06-12,0.37352
pg-47d1728accc2,CPRT,2023-06-12,0.34944
pg-969dcac7cffa,NDSN,2023-06-12,-0.5735
pg-8c25d437b2ab,ADM,2023-06-12,0.13493
pg-8c25d437b2ab,MNST,2023-06-12,0.53792
pg-8c25d437b2ab,PEP,2023-06-12,-0.56322
pg-83294973abea,HBAN,2023-06-12,-0.42936
pg-8817877a8523,PNR,2023-06-12,-0.21639
pg-ab9fda2a9e6c,COF,2023-06-13,0.22416
pg-32aeb5593c1e,TXT,2023-06-13,-0.09933
pg-5bf7aa166154,IP,2023-06-13,0.01635
pg-0c71acb00f62,CCL,2023-06-13,0.76036
pg-0c71acb00f62,JPM,2023-06-13,0.10705
pg-0c71acb00f62,BAC,2023-06-13,0.1194
pg-cb256d59f3b1,ABBV,2023-06-13,0.26997
pg-ef47f8c02294,TMUS,2023-06-14,-0.82457
pg-60e2e5d58dc1,NVR,2023-06-14,-0.77099
pg-0b6381b96bf1,CAT,2023-06-14,-0.46879
pg-0b6381b96bf1,HSY,2023-06-14,1.60118
pg-0b6381b96bf1,LOW,2023-06-14,-0.79137
pg-7acc5ade6994,COP,2023-06-14,-0.49082
pg-453b4fbdf4c8,CMG,2023-06-14,-0.36482
pg-ad4455c95187,LEN,2023-06-14,-0.8211
pg-914c3ff568d7,NVDA,2023-06-14,0.9574
pg-eafe521a40b3,SMCI,2023-06-15,-0.47779
pg-809c9bea13bb,LEN,2023-06-15,2.11485
pg-7efc552ebd1a,TSLA,2023-06-15,-1.43458
pg-7dd7edca70fa,ADBE,2023-06-16,0.58128
pg-7bee5ace2326,DDOG,2023-06-16,-0.53552
pg-4fb950611339,AWK,2023-06-16,0.89794
pg-4fb950611339,SO,2023-06-16,1.83515
pg-a806114639f8,INTC,2023-06-16,0.6686
pg-a806114639f8,APD,2023-06-16,0.68288
pg-a806114639f8,AMZN,2023-06-16,-0.43884
pg-0e05d57318f8,MU,2023-06-16,-0.47788
pg-fe916f9b329e,BLK,2023-06-16,-0.54533
pg-a61172520f14,AMD,2023-06-20,-0.02415
pg-a61172520f14,ADBE,2023-06-20,-0.41952
pg-c1b0d3184922,TWLO,2023-06-20,-0.00997
pg-3888706ea949,CINF,2023-06-20,-0.91095
pg-d9e17b6c5fcb,UAL,2023-06-20,-0.52298
pg-21266fe3b0ed,CTAS,2023-06-20,-0.92006
pg-2389bf46edb6,DE,2023-06-20,0.31308
pg-9eb1dafb76a5,PGR,2023-06-20,-0.02562
pg-f2ee95915ebc,TSLA,2023-06-21,-2.09619
pg-f8758eb45b9a,MNST,2023-06-21,0.41117
pg-f8758eb45b9a,F,2023-06-21,-0.24605
pg-f8758eb45b9a,CMG,2023-06-21,1.86663
pg-314ab1ad152f,NI,2023-06-21,1.38609
pg-314ab1ad152f,BX,2023-06-21,-0.39622
pg-39a49a2a8ec3,AAPL,2023-06-21,0.04327
pg-39a49a2a8ec3,MSFT,2023-06-21,-0.49119
pg-8425d8f7d675,CAT,2023-06-21,0.32364
pg-76d1a9b5a447,PSX,2023-06-22,-1.5809
pg-a935e07781f9,KMI,2023-06-22,-1.03652
pg-9470ec4e1013,NFLX,2023-06-22,-0.39402
pg-9470ec4e1013,INTU,2023-06-22,-0.20685
pg-58dee8b15a3a,MCD,2023-06-22,-0.76969
pg-58dee8b15a3a,PG,2023-06-22,0.2023
pg-52248537b96e,DLTR,2023-06-22,0.22763
pg-827b7031e5d9,BSX,2023-06-22,0.8248
pg-4d1c0a0daa33,INTC,2023-06-23,0.5835
pg-be56b9d21d71,BA,2023-06-23,0.43603
pg-74c723ab25fb,GIS,2023-06-23,0.06539
pg-0b7aaef4f422,LLY,2023-06-26,-1.22927
pg-ee5d092a89ea,KMI,2023-06-26,1.42051
pg-ee5d092a89ea,VZ,2023-06-26,1.46401
pg-004422acf0db,ABBV,2023-06-26,-0.53526
pg-8a9052a2d18e,T,2023-06-26,0.83139
pg-f2f624693e7b,CMG,2023-06-26,-0.28093
pg-f2f624693e7b,META,2023-06-26,-2.13012
pg-35cba01d3a39,INVH,2023-06-26,2.67004
pg-7559cbef3e03,PGR,2023-06-27,-0.1407
pg-1bb97f0aa4de,NVDA,2023-06-27,0.16549
pg-9441ffca0a1a,WM,2023-06-27,1.25347
pg-2af05d1c05ab,AMZN,2023-06-27,-0.10448
pg-d2de8e0d6243,ARES,2023-06-27,-0.1909
pg-b7992e523ed1,WMT,2023-06-27,-1.02786
pg-5c0688ca27cd,MOS,2023-06-28,-0.99053
pg-3f28783dc154,FITB,2023-06-28,0.19233
pg-d57d399b2350,META,2023-06-28,-0.44189
pg-d57d399b2350,NVDA,2023-06-28,-0.41091
pg-1627f44ef921,VZ,2023-06-28,0.53943
pg-f7b47ddaebba,CASY,2023-06-28,2.67279
pg-149ec2023bdf,AIZ,2023-06-28,-0.38864
pg-2e82ad5f5de5,META,2023-06-28,-0.44189
pg-e44a97cd08fd,FICO,2023-06-28,1.00272
pg-a82db13e469c,MS,2023-06-28,-0.40545
pg-9543b237baa8,FAST,2023-06-29,0.29074
pg-a9e9f062ad6a,BAC,2023-06-29,1.12385
pg-38530a07dcfc,GOOGL,2023-06-29,-0.93138
pg-38530a07dcfc,GOOG,2023-06-29,-0.9047
pg-6e97c8329fa3,MOS,2023-06-30,-0.30725
pg-c88304af3cc3,HD,2023-06-30,-0.20439
pg-c88304af3cc3,WYNN,2023-06-30,-0.09026
pg-c88304af3cc3,SCHW,2023-06-30,-1.44213
pg-c88304af3cc3,JPM,2023-06-30,0.21881
pg-75e861da6d16,STZ,2023-06-30,-1.08007
pg-36b23ea114c6,ABNB,2023-06-30,0.22888
pg-df8fe6b16c46,HII,2023-06-30,-0.38336
pg-2f196c3329c8,AMZN,2023-06-30,0.07216
pg-2f196c3329c8,AAPL,2023-06-30,1.11459
pg-3a2a03dd6c1d,DOW,2023-07-03,0.54784
pg-c3e1fdf8a216,PFE,2023-07-03,-0.07356
pg-69484d9f4a29,AAPL,2023-07-03,-0.96771
pg-69484d9f4a29,TSLA,2023-07-03,2.28659
pg-85db572c062d,TSLA,2023-07-03,2.28659
pg-85db572c062d,PCAR,2023-07-03,-0.08261
pg-d9541bd5cbcb,OXY,2023-07-03,0.55766
pg-d9541bd5cbcb,BRK-B,2023-07-03,0.26026
pg-597c5c31a2f0,WDAY,2023-07-03,-0.28813
pg-ce4a2a66acc6,SYK,2023-07-03,-1.94749
pg-29905215432b,AAPL,2023-07-03,-0.96771
pg-146fd574b6d0,PHM,2023-07-03,-0.39284
pg-830830c506fe,AMD,2023-07-05,-0.38551
pg-830830c506fe,CRWD,2023-07-05,-0.1572
pg-830830c506fe,QCOM,2023-07-05,-1.01337
pg-830830c506fe,TWLO,2023-07-05,0.54997
pg-dee2b3877d51,XOM,2023-07-05,-0.33012
pg-dee2b3877d51,CVX,2023-07-05,-0.35189
pg-059018adce0d,V,2023-07-05,0.59599
pg-86d3ebcf402e,C,2023-07-05,0.24704
pg-02b999a9e695,MRNA,2023-07-05,0.65786
pg-02b999a9e695,PFE,2023-07-05,-0.24857
pg-7db27b0a99fe,TT,2023-07-05,-0.43167
pg-92924f231777,AMD,2023-07-05,-0.38551
pg-83900594efef,NKE,2023-07-05,-0.82878
pg-22b9e1470b80,MSFT,2023-07-05,0.153
pg-2ba0a65336c2,MRNA,2023-07-06,-1.44933
pg-9c4322027a53,D,2023-07-06,-0.85036
pg-bdf1c8500ba6,WMB,2023-07-06,0.27182
pg-238e1e58a859,PFE,2023-07-06,-1.06747
pg-238e1e58a859,MRNA,2023-07-06,-1.44933
pg-76dc08cf2a42,PYPL,2023-07-06,-1.66844
pg-32489bf48636,HII,2023-07-06,-0.27691
pg-182c56384c82,ISRG,2023-07-06,-0.22407
pg-914e67d68b2a,KO,2023-07-06,-0.64991
pg-583d02291645,HBAN,2023-07-06,0.08361
pg-db74423acd20,ITW,2023-07-06,-0.43048
pg-24460fb0d79f,ABBV,2023-07-07,-0.98982
pg-15ce58ce5b79,DDOG,2023-07-07,0.58251
pg-133771a8604d,AMT,2023-07-07,0.00078
pg-133771a8604d,CCI,2023-07-07,-0.55828
pg-dfb0178c1b56,NVDA,2023-07-07,0.31395
pg-dfb0178c1b56,AMZN,2023-07-07,0.82629
pg-9b2f9cc1447b,MA,2023-07-07,-0.73469
pg-9b2f9cc1447b,ORCL,2023-07-07,-0.21801
pg-9b2f9cc1447b,ADBE,2023-07-07,0.53574
pg-9b2f9cc1447b,ACN,2023-07-07,-0.27075
pg-9b2f9cc1447b,QCOM,2023-07-07,0.42802
pg-3e528a4178ab,PNW,2023-07-07,-0.00504
pg-f9e753d9f770,NI,2023-07-07,-0.72043
pg-ceeb23c267dd,ODFL,2023-07-07,0.63022
pg-1a424da87d63,NVDA,2023-07-07,0.31395
pg-9fe58ed7d9b1,AXON,2023-07-10,2.38887
pg-81b0f7083be6,EQT,2023-07-10,0.60785
pg-bf4cfb731b49,DASH,2023-07-10,-0.49134
pg-bf4cfb731b49,ADBE,2023-07-10,0.76394
pg-445883c4aef9,GOOGL,2023-07-10,-2.05465
pg-04e9f30019b3,AMD,2023-07-10,-0.02313
pg-04e9f30019b3,NVDA,2023-07-10,-0.27603
pg-d81c890c8d95,META,2023-07-10,0.4358
pg-d81c890c8d95,GOOGL,2023-07-10,-2.05465
pg-9c37d952c5d9,CVS,2023-07-10,0.06289
pg-bf9bff2d65bf,ARES,2023-07-10,-1.21533
pg-0c922213230d,PYPL,2023-07-10,1.83321
pg-0c922213230d,XYZ,2023-07-10,0.81799
pg-0c922213230d,HOOD,2023-07-10,1.48151
pg-0c922213230d,COIN,2023-07-10,0.47986
pg-2401bb22d86b,TSLA,2023-07-11,-0.43924
pg-2401bb22d86b,CMI,2023-07-11,0.40385
pg-79370452ab2f,HPE,2023-07-11,0.50625
pg-2f47f1ae25e0,DIS,2023-07-12,-0.32909
pg-033dca24227d,PG,2023-07-12,0.24262
pg-561a3c6fead6,GS,2023-07-12,0.59948
pg-9deea15a8fbc,COIN,2023-07-12,-1.16511
pg-9deea15a8fbc,BLK,2023-07-12,1.04163
pg-97067b1d424b,SPGI,2023-07-12,1.6161
pg-97067b1d424b,ROL,2023-07-12,0.07203
pg-d6b274682520,ADBE,2023-07-12,-0.44369
pg-cf98eebf7273,INCY,2023-07-12,-0.61737
pg-296afd81b0fd,UAL,2023-07-12,-1.32823
pg-98fab93f7ca0,PWR,2023-07-12,-1.09852
pg-788b8b13571d,CMCSA,2023-07-12,-0.09913
pg-42aacf0df445,DAL,2023-07-13,-0.88568
pg-42aacf0df445,DIS,2023-07-13,-0.70947
pg-42aacf0df445,PGR,2023-07-13,-15.96638
pg-723b63346f6e,META,2023-07-13,-0.13524
pg-c301d1f9ee88,PGR,2023-07-13,-15.96638
pg-18572dfb51df,DTE,2023-07-13,0.20061
pg-146f9718b8db,DAL,2023-07-13,-0.88568
pg-be85b2ebd86d,PEP,2023-07-13,2.73343
pg-f295b9f09a00,FAST,2023-07-13,-3.80211
pg-36dbca5c1e98,DECK,2023-07-13,-1.80001
pg-d1eb3c7d9a96,KIM,2023-07-13,0.11003
pg-5e9822b1dd84,VZ,2023-07-14,-1.51464
pg-2676d15fea9b,MO,2023-07-14,-0.17231
pg-2676d15fea9b,VZ,2023-07-14,-1.51464
pg-1619f07c0a53,BLK,2023-07-14,-1.21004
pg-7503b30014f4,EXC,2023-07-14,-0.35874
pg-9d326ea5e59a,SBAC,2023-07-14,0.0275
pg-a59b40e19ec2,SLB,2023-07-14,-0.19424
pg-946c0690f672,AXP,2023-07-14,-0.33262
pg-283c04163cc7,CCL,2023-07-14,-0.68142
pg-cea6a18043be,JPM,2023-07-14,0.61554
pg-cea6a18043be,WFC,2023-07-14,-0.1702
pg-cea6a18043be,UNH,2023-07-14,4.03244
pg-cea6a18043be,C,2023-07-14,-3.17276
pg-e4ba202ba29f,AVGO,2023-07-17,0.97868
pg-0e5e18b1658e,PYPL,2023-07-17,0.82752
pg-a7d7e87a802b,AAPL,2023-07-17,1.46138
pg-a7d7e87a802b,MSFT,2023-07-17,-0.20403
pg-aa3f9438db0f,PG,2023-07-17,-0.94305
pg-723d18daec61,ABBV,2023-07-17,-0.72885
pg-723d18daec61,CCI,2023-07-17,-4.36733
pg-723d18daec61,USB,2023-07-17,-0.44294
pg-455c15c3c28f,T,2023-07-17,-4.76834
pg-455c15c3c28f,VZ,2023-07-17,-6.73592
pg-9e520607dbc2,TWLO,2023-07-17,-0.42576
pg-9e520607dbc2,PCAR,2023-07-17,1.35671
pg-9e520607dbc2,WFC,2023-07-17,1.5509
pg-9e520607dbc2,DAL,2023-07-17,0.14609
pg-9e520607dbc2,STT,2023-07-17,-1.02484
pg-a0eeb815ad59,WFC,2023-07-17,1.5509
pg-a0eeb815ad59,C,2023-07-17,0.45934
pg-75faa4976ec8,KLAC,2023-07-17,1.51712
pg-01486b96b165,PKG,2023-07-17,-0.46422
pg-f8937f6a8f5a,SYF,2023-07-18,0.48406
pg-7e4521164f47,PLD,2023-07-18,-3.06747
pg-c7f37ab49947,PHM,2023-07-18,-0.22335
pg-447b85152b76,SYF,2023-07-18,0.48406
pg-e51ab721b180,LMT,2023-07-18,-3.83357
pg-1d24a164a8f9,MSFT,2023-07-19,-0.97578
pg-8563c446bb15,AMZN,2023-07-19,0.93249
pg-0fca00e9f8f4,LMT,2023-07-19,-0.96306
pg-0fca00e9f8f4,C,2023-07-19,0.5613
pg-0fca00e9f8f4,WFC,2023-07-19,0.79308
pg-5a52cbcf0f5a,OMC,2023-07-19,-7.84369
pg-b4414713947a,KEYS,2023-07-19,1.20019
pg-c5a39bcde4c6,AMZN,2023-07-19,0.93249
pg-9b3622e77134,PCAR,2023-07-19,-0.55339
pg-45de5f34ec08,UDR,2023-07-19,0.4739
pg-4bfbd2d50036,BRO,2023-07-20,2.91522
pg-7a34194ea28e,IVZ,2023-07-20,0.18504
pg-59b6eb0c0b64,SPG,2023-07-20,0.78544
pg-a97f3b63f667,SO,2023-07-20,1.33655
pg-63a26a77009c,MO,2023-07-20,0.94271
pg-974c94580bc8,ABNB,2023-07-20,0.46522
pg-92ce95a5e860,HAL,2023-07-20,-0.26939
pg-92ce95a5e860,JPM,2023-07-20,1.85617
pg-46d7b2385325,DHI,2023-07-20,-0.74825
pg-1a9cddda88ab,KEY,2023-07-20,1.91072
pg-62cbe6bcc27f,NFLX,2023-07-20,-4.39793
pg-f6cbf1880e6c,FDX,2023-07-20,1.20956
pg-707a01ec01ad,SNA,2023-07-20,-6.97697
pg-604ad0214821,LOW,2023-07-20,0.64669
pg-2dfdf72462da,NEM,2023-07-20,-3.66921
pg-63a8f69c8185,ROP,2023-07-21,5.55565
pg-4e83dccdecce,HD,2023-07-21,0.36586
pg-788fc802d81f,LYB,2023-07-21,0.47375
pg-e2dab2bf0db6,TSLA,2023-07-21,-0.31287
pg-677c5245173a,WRB,2023-07-21,-0.10552
pg-6e691426e2ce,HBAN,2023-07-21,-0.39253
pg-7d9a4158fca8,IBM,2023-07-24,0.17825
pg-f955f59b7850,D,2023-07-24,0.01857
pg-f955f59b7850,BRK-B,2023-07-24,1.30702
pg-e732d6fdd439,NVR,2023-07-24,-0.4753
pg-e732d6fdd439,MSFT,2023-07-24,-0.11393
pg-710e93ecae5e,CVX,2023-07-24,1.38382
pg-2bd5575f195c,LOW,2023-07-24,-0.34853
pg-2bd5575f195c,ORLY,2023-07-24,-0.01199
pg-b64e7b7402fe,BA,2023-07-24,0.96441
pg-fc45ce3f7ee5,PYPL,2023-07-24,0.17994
pg-23f4d6310dfb,CDNS,2023-07-24,-0.78084
pg-be07e23be4c3,OTIS,2023-07-24,-0.51142
pg-1503f5e6bc66,SPGI,2023-07-24,-0.68426
pg-e41452c88993,QCOM,2023-07-25,0.19957
pg-460b2c4a44d0,UPS,2023-07-25,-1.86083
pg-460b2c4a44d0,FCX,2023-07-25,1.41629
pg-2a20169300ae,CPAY,2023-07-25,-0.10878
pg-c87697b4165d,GOOGL,2023-07-25,0.10744
pg-a45e150546df,LLY,2023-07-25,-0.32299
pg-524a6dc51b05,AVY,2023-07-25,-1.43529
pg-ca7d655966c7,DIS,2023-07-25,-1.24754
pg-0b70a6a88a81,SO,2023-07-25,-0.44845
pg-8fff5ddfa5f9,KO,2023-07-25,-0.5429
pg-bcb22618bac9,IBM,2023-07-25,0.39578
pg-9ce739ca1188,UPS,2023-07-25,-1.86083
pg-edaafdb7a0a9,GOOGL,2023-07-26,3.49157
pg-dae236d078cf,TXN,2023-07-26,-3.32192
pg-ee5abd4b3e3e,GILD,2023-07-26,-0.04916
pg-d48992d73215,TSN,2023-07-26,1.3626
pg-832ff7158f87,TEL,2023-07-26,2.51909
pg-2ef6c8e18a1c,ALLE,2023-07-26,-6.48959
pg-a00c4ea7e945,TMO,2023-07-26,0.44591
pg-9956f29be5ed,MSFT,2023-07-26,-2.48517
pg-9956f29be5ed,GOOGL,2023-07-26,3.49157
pg-95d5ea91c901,T,2023-07-26,0.25931
pg-85ea285a6d47,MET,2023-07-26,1.33245
pg-863c82e0544e,UNP,2023-07-27,-0.9844
pg-192f54972f61,CMG,2023-07-27,-8.29082
pg-6459bc458fd1,VZ,2023-07-27,-0.98297
pg-2f8032f65d35,CMG,2023-07-27,-8.29082
pg-2f8032f65d35,LOW,2023-07-27,0.9791
pg-7ce13e82d81d,BRK-B,2023-07-27,0.6007
pg-e6185384a2aa,LIN,2023-07-27,-0.32043
pg-5105bff1d066,CARR,2023-07-27,3.87234
pg-a5b4e5d4bc4e,NEE,2023-07-27,-0.79748
pg-e48c02ec1bc1,VLO,2023-07-27,-0.01514
pg-f8afeae4a74f,FE,2023-07-27,-1.87501
pg-aeab97e76973,URI,2023-07-27,0.08149
pg-25a30484c8ef,BA,2023-07-27,0.54648
pg-f1cb00f636f1,RMD,2023-07-28,0.00654
pg-dab083757d1f,MDLZ,2023-07-28,3.94886
pg-473488fe8f6e,KLAC,2023-07-28,1.86171
pg-64889f7137e6,META,2023-07-28,1.33652
pg-64889f7137e6,CL,2023-07-28,-2.72193
pg-64889f7137e6,PG,2023-07-28,2.91176
pg-64889f7137e6,XOM,2023-07-28,-1.39692
pg-fd2b2653d046,META,2023-07-28,1.33652
pg-68aa45380be0,DIS,2023-07-28,-0.3007
pg-68aa45380be0,BA,2023-07-28,0.47126
pg-a25fe6a96b13,BA,2023-07-31,-0.07359
pg-6b274e34d5fd,TSLA,2023-07-31,-0.00582
pg-87d51083028e,TSLA,2023-07-31,-0.00582
pg-87d51083028e,COIN,2023-07-31,0.6008
pg-3f35492b9d3d,TSLA,2023-07-31,-0.00582
pg-70c18413fbe0,MCD,2023-07-31,-0.51637
pg-b0850ffbff7b,AAPL,2023-07-31,0.11157
pg-b0850ffbff7b,BAC,2023-07-31,0.04053
pg-b0850ffbff7b,BRK-B,2023-07-31,0.75827
pg-6f1e5d0d668f,RVTY,2023-07-31,-1.89006
pg-dccb29fd9d05,DIS,2023-07-31,2.53828
pg-dccb29fd9d05,CMCSA,2023-07-31,-0.08846
pg-29d80c8eccb6,AME,2023-07-31,0.06953
pg-248cb2ad0db8,KLAC,2023-07-31,0.10157
pg-9cdb448f1a70,MNST,2023-08-01,0.52946
pg-1737a57ed2f8,XOM,2023-08-01,-0.23515
pg-1737a57ed2f8,CVX,2023-08-01,-0.45231
pg-3bde7e10bbbf,IT,2023-08-01,-1.94085
pg-db1ac04710a1,WDAY,2023-08-01,1.03797
pg-d3bd89d82fcd,ZTS,2023-08-01,-0.69668
pg-9be4f3ce5d5a,GPN,2023-08-01,6.29048
pg-f1b12db7cfed,SYY,2023-08-01,-0.02301
pg-9885fbf2cf1b,HWM,2023-08-01,-3.69059
pg-dea06ee3884d,AME,2023-08-01,1.21058
pg-0506b6245e4d,V,2023-08-02,0.24129
pg-fc00e9ed2b1b,LLY,2023-08-02,0.57134
pg-70c141de74d1,FAST,2023-08-02,0.39745
pg-bd05e6a1fe1e,WFC,2023-08-02,0.40507
pg-aca77a858ecb,FFIV,2023-08-02,0.50513
pg-f078fdc9da4e,GOOGL,2023-08-02,-0.34635
pg-8c07b723a4d4,VTR,2023-08-02,0.71539
pg-fd2e6dbc28f9,HUM,2023-08-02,4.99605
pg-12708c2426ac,AMD,2023-08-02,-2.43087
pg-12708c2426ac,NVDA,2023-08-02,-1.09849
pg-999120ad1451,VRSK,2023-08-02,2.29778
pg-d0a36fd59de8,BLK,2023-08-03,-0.55042
pg-b99a085b9491,PSA,2023-08-03,2.69805
pg-7a3d17d3bc15,KO,2023-08-03,-0.55251
pg-0edeb8274d26,DASH,2023-08-03,-0.09067
pg-a183c14c2fc6,CCL,2023-08-03,-0.07075
pg-a183c14c2fc6,NCLH,2023-08-03,-0.37412
pg-d661809ec36b,PNW,2023-08-03,-4.01049
pg-a1172e332bed,APO,2023-08-03,4.48276
pg-5fc13955582f,DASH,2023-08-03,-0.09067
pg-9537abd914b1,VZ,2023-08-03,-0.30322
pg-e58a7d13cc7f,DVA,2023-08-04,6.26068
pg-aa9f860330c6,XYZ,2023-08-04,-4.67663
pg-493ee4d87e48,TSLA,2023-08-04,-0.34026
pg-493ee4d87e48,F,2023-08-04,-0.52005
pg-70a0b8435a3d,AMAT,2023-08-04,-0.3663
pg-c7fae2571a64,URI,2023-08-04,0.47451
pg-c7fae2571a64,IP,2023-08-04,-0.39756
pg-94c648a6fdf4,C,2023-08-04,0.46221
pg-b72de2bdfa99,AMZN,2023-08-04,4.89493
pg-b72de2bdfa99,GOOGL,2023-08-04,0.12948
pg-b72de2bdfa99,AAPL,2023-08-04,-4.73031
pg-b72de2bdfa99,MSFT,2023-08-04,0.52231
pg-e610f0a966f4,D,2023-08-04,-2.03859
pg-bd4b3c63767f,RL,2023-08-04,0.09268
pg-03b0bd50981d,APD,2023-08-04,0.85033
pg-4f38f8f60d57,SO,2023-08-07,-0.02805
pg-c6f734733267,AMZN,2023-08-07,0.36639
pg-c6f734733267,UPS,2023-08-07,-0.24523
pg-3341bf3742e4,VZ,2023-08-07,-0.35423
pg-3341bf3742e4,ORLY,2023-08-07,0.07483
pg-3341bf3742e4,CMG,2023-08-07,-0.25941
pg-38f54de7d365,SLB,2023-08-07,-0.24867
pg-fced53339036,AAPL,2023-08-07,-2.1523
pg-fced53339036,AMZN,2023-08-07,0.36639
pg-4ea14145955a,XYL,2023-08-07,0.34188
pg-c52d6e5f969b,SYK,2023-08-07,0.31861
pg-c52d6e5f969b,WYNN,2023-08-07,-0.15561
pg-97bd607393e4,PNR,2023-08-07,0.74985
pg-fcd68d74fe4e,D,2023-08-07,-0.34026
pg-b63f04947299,WYNN,2023-08-07,-0.15561
pg-91779a54a04d,DIS,2023-08-07,-0.38789
pg-0eb29949f014,APO,2023-08-08,-2.48119
pg-1bf24104e1bc,FOX,2023-08-08,5.90833
pg-30d46a41df92,LMT,2023-08-08,0.11015
pg-dec670784084,UPS,2023-08-08,-0.35537
pg-7c48a5afacaf,ROK,2023-08-08,-0.48673
pg-a54422e3336e,JPM,2023-08-08,-0.09767
pg-9291b7a02c8f,DDOG,2023-08-08,-6.85293
pg-95eb51a0991e,LITE,2023-08-09,-1.50687
pg-5d40e34d6ccf,DELL,2023-08-09,-0.59945
pg-5d40e34d6ccf,NVDA,2023-08-09,-1.65887
pg-759be2bb2e2d,AAPL,2023-08-09,-0.11848
pg-897ab9e11085,MPC,2023-08-09,1.74898
pg-9ac01249840a,GS,2023-08-09,-0.5883
pg-82ff28de9219,VRTX,2023-08-09,0.44492
pg-2cc10bfaea7f,KMI,2023-08-10,-0.08327
pg-940a69d5665d,WMT,2023-08-10,-0.07519
pg-940a69d5665d,AMZN,2023-08-10,0.2157
pg-940a69d5665d,TGT,2023-08-10,0.19608
pg-627e41fcd049,TGT,2023-08-10,0.19608
pg-83bf203eb0e0,MRK,2023-08-10,-0.42727
pg-8773bc8cf8ce,GM,2023-08-10,-4.08104
pg-fa7733a7f74d,KO,2023-08-10,-0.29504
pg-75a958862a40,TRV,2023-08-10,-0.19693
pg-9012451b5ac1,AMGN,2023-08-10,0.66745
pg-c85c600ef182,CRM,2023-08-10,0.70535
pg-39a5592ee8e2,META,2023-08-10,0.05404
pg-0f702eae77b6,JPM,2023-08-11,0.58276
pg-0f702eae77b6,CRM,2023-08-11,0.18084
pg-0f702eae77b6,ABT,2023-08-11,0.44607
pg-0f702eae77b6,HCA,2023-08-11,0.64546
pg-0f702eae77b6,GM,2023-08-11,-0.39419
pg-5e292706f5b1,BA,2023-08-11,-0.51251
pg-5e292706f5b1,NOC,2023-08-11,0.16772
pg-646b2ed309ba,TSN,2023-08-11,2.01677
pg-87fe9dd9069c,DE,2023-08-11,0.14784
pg-87fe9dd9069c,IR,2023-08-11,0.29415
pg-ddb41944be23,ROST,2023-08-11,-0.36205
pg-f8ceb942482e,GD,2023-08-11,0.72899
pg-ca404e29c653,XYZ,2023-08-14,-0.42178
pg-5ae01d406574,SWK,2023-08-14,-0.63707
pg-81d1e4c74d9b,GS,2023-08-14,-1.11689
pg-6bb61eee3b44,TPR,2023-08-14,0.15352
pg-3c42d3dd0eef,HRL,2023-08-14,-1.76406
pg-f88b32c7aef4,AMZN,2023-08-14,0.3991
pg-18b73f230bc6,C,2023-08-14,-1.26378
pg-893c70171630,NDSN,2023-08-14,-1.4889
pg-d1ed9ba04c31,PYPL,2023-08-14,0.62581
pg-d1ed9ba04c31,INTU,2023-08-14,0.5788
pg-2aed9f905f03,WMT,2023-08-14,-1.13652
pg-57324e317225,PG,2023-08-15,-0.21046
pg-57324e317225,FRT,2023-08-15,-0.43933
pg-0e1e8ed8cf49,META,2023-08-15,0.30032
pg-0e1e8ed8cf49,COST,2023-08-15,0.21515
pg-0e1e8ed8cf49,BLK,2023-08-15,-1.17358
pg-0e1e8ed8cf49,T,2023-08-15,-0.09775
pg-15ba578abd22,CVX,2023-08-15,-1.6559
pg-15ba578abd22,CMI,2023-08-15,-0.31112
pg-8e9c9f4a6a08,NVDA,2023-08-15,1.10419
pg-f4834ef2c67b,EQIX,2023-08-15,0.00678
pg-706586325747,HD,2023-08-15,1.73623
pg-356ffc19ce28,JBL,2023-08-16,-1.49605
pg-030522b4a55e,ACN,2023-08-16,0.90761
pg-39dc6a8885d5,TGT,2023-08-16,3.24987
pg-db49850a3bfa,COST,2023-08-16,0.64634
pg-db49850a3bfa,UNH,2023-08-16,-0.15668
pg-db49850a3bfa,BRK-B,2023-08-16,0.50395
pg-9b2cd4403c22,AAPL,2023-08-16,0.26019
pg-9b2cd4403c22,MSFT,2023-08-16,0.3835
pg-c9bc174f6aed,LLY,2023-08-16,0.02527
pg-c2567a5c7be1,TGT,2023-08-16,3.24987
pg-c2567a5c7be1,TJX,2023-08-16,6.7307
pg-228ea4f72cf3,VZ,2023-08-17,-0.13089
pg-fe9eb12d2fbe,BKNG,2023-08-17,-0.86389
pg-36d3759e730c,FDX,2023-08-17,0.47456
pg-999cb260c88f,DLTR,2023-08-17,-1.35323
pg-150f3997e623,D,2023-08-17,0.26125
pg-2d1d0e72054d,ROST,2023-08-18,5.11711
pg-f2571252ec33,GOOGL,2023-08-18,-1.07079
pg-de93383a2e49,BRK-B,2023-08-18,-0.23238
pg-de93383a2e49,AAPL,2023-08-18,0.1868
pg-de93383a2e49,BAC,2023-08-18,-0.40097
pg-de93383a2e49,AXP,2023-08-18,-0.21193
pg-de93383a2e49,KO,2023-08-18,0.71063
pg-de93383a2e49,CVX,2023-08-18,0.51267
pg-de93383a2e49,OXY,2023-08-18,0.87638
pg-aaec7932f59f,DIS,2023-08-18,-0.00851
pg-a0dcefbc1732,LEN,2023-08-18,-0.04758
pg-a0dcefbc1732,NVR,2023-08-18,0.69635
pg-cbad6df10f1e,PG,2023-08-18,0.28447
pg-11f0eac308dc,ILMN,2023-08-18,-0.88383
pg-6a60c871b668,HD,2023-08-21,-1.82332
pg-ca4a32a663e2,MA,2023-08-21,-0.36359
pg-ca4a32a663e2,VRTX,2023-08-21,1.0071
pg-ca4a32a663e2,META,2023-08-21,0.53495
pg-5d0ef99b9269,AMZN,2023-08-21,0.12444
pg-5d0ef99b9269,AMD,2023-08-21,0.61601
pg-5d0ef99b9269,AAPL,2023-08-21,0.04872
pg-5a1cdc19f61d,BRK-B,2023-08-21,-0.69819
pg-6ee2b1bff2f0,AMZN,2023-08-21,0.12444
pg-6ee2b1bff2f0,DDOG,2023-08-21,0.01963
pg-9ad6ffc46110,ORLY,2023-08-21,0.32726
pg-9ad6ffc46110,AZO,2023-08-21,-0.76095
pg-f65ba52f8626,ABNB,2023-08-21,-1.00584
pg-133ef63616a4,WMT,2023-08-21,-0.62928
pg-133ef63616a4,CSCO,2023-08-21,0.20574
pg-b60a590c9a6d,AOS,2023-08-21,-0.61008
pg-06df289af3c5,MRK,2023-08-21,0.2154
pg-a318a41fba5f,GIS,2023-08-21,-2.23475
pg-7c46154cdef3,ROST,2023-08-21,-0.18247
pg-594bd436be7b,TER,2023-08-22,0.19659
pg-41aaf78e12d9,NKE,2023-08-22,-1.03157
pg-b01ff5a455c7,AMZN,2023-08-22,0.01045
pg-b01ff5a455c7,INTC,2023-08-22,-0.18297
pg-5d1fa775d6d4,NVDA,2023-08-22,-0.76848
pg-d491bd32591b,AMZN,2023-08-23,-0.20512
pg-d491bd32591b,TSLA,2023-08-23,-0.3117
pg-7a7f1ede89c6,VZ,2023-08-23,-0.28025
pg-edfce944a33e,AMZN,2023-08-23,-0.20512
pg-edfce944a33e,MA,2023-08-23,-0.21869
pg-1e9c8cbf18fb,BAC,2023-08-23,-0.93822
pg-b3d27a9122bb,MSFT,2023-08-23,0.09137
pg-0c41b884d2ba,IBM,2023-08-23,0.98475
pg-87d8affd6972,XOM,2023-08-23,-1.21389
pg-6e148c2f7778,XYZ,2023-08-24,-0.02952
pg-3fb7bedee4c7,BRK-B,2023-08-24,1.18707
pg-4f95a57593bd,BA,2023-08-24,-1.74313
pg-baacc963f0c5,DLR,2023-08-24,1.65172
pg-51c0a52918e4,VEEV,2023-08-24,0.86477
pg-3ea69005cdf6,CRM,2023-08-24,-0.14583
pg-5827e8bc5308,SBAC,2023-08-25,0.20383
pg-1a997f83b99e,LHX,2023-08-25,-0.15546
pg-2e0dbea5181b,MSFT,2023-08-25,0.08393
pg-667721252463,KEYS,2023-08-28,-0.21126
pg-1c99598c50ad,AMZN,2023-08-28,-0.40852
pg-1c99598c50ad,GOOGL,2023-08-28,0.08185
pg-394983f6d06a,DVN,2023-08-28,-0.30968
pg-d8c5a8a51242,AMZN,2023-08-28,-0.40852
pg-906a2d184d0b,O,2023-08-28,0.41396
pg-df28b495c3ad,AMT,2023-08-28,-0.08726
pg-a829a79d7f03,GEHC,2023-08-28,0.36582
pg-a829a79d7f03,JCI,2023-08-28,-0.36049
pg-a829a79d7f03,ALLE,2023-08-28,0.03007
pg-e8ba039e15a4,MRK,2023-08-28,-1.05387
pg-6b5590442e63,AMZN,2023-08-28,-0.40852
pg-92cdbcd06714,CVNA,2023-08-29,-0.19452
pg-c2a9e2d4d77d,COO,2023-08-29,0.4413
pg-1be36d992377,FICO,2023-08-29,0.79321
pg-3813c4dd0aed,ATO,2023-08-29,0.16656
pg-3813c4dd0aed,MCK,2023-08-29,-0.4668
pg-ccc95a41afa4,GE,2023-08-29,-0.00122
pg-0105ab1ce3fb,ULTA,2023-08-29,0.29062
pg-564d428d558c,EXR,2023-08-29,0.14872
pg-5c0c646b7f61,WFC,2023-08-30,-1.306
pg-c2c5f26cab7a,PEP,2023-08-30,-0.03907
pg-b95c35c66b49,NVDA,2023-08-30,0.05773
pg-b95c35c66b49,INTC,2023-08-30,0.03571
pg-b95c35c66b49,GOOGL,2023-08-30,0.27956
pg-b95c35c66b49,TSLA,2023-08-30,-0.32295
pg-32a90835e42a,C,2023-08-30,-1.38476
pg-32a90835e42a,WFC,2023-08-30,-1.306
pg-32a90835e42a,MS,2023-08-30,-1.09028
pg-9fcf0f77b5e8,PHM,2023-08-30,0.51067
pg-ef091c5c8b7f,ETN,2023-08-30,0.26988
pg-6038a5e918be,NFLX,2023-08-30,0.15421
pg-eed65c2e4d43,KMB,2023-08-30,-0.15257
pg-eed65c2e4d43,LOW,2023-08-30,1.15801
pg-eed65c2e4d43,ROST,2023-08-30,0.08967
pg-69c975ebacf1,PHM,2023-08-30,0.51067
pg-69c975ebacf1,ATO,2023-08-30,0.03178
pg-8eac3905c2e7,CMS,2023-08-30,-0.37146
pg-9506139e559b,NVDA,2023-08-30,0.05773
pg-9506139e559b,AMZN,2023-08-30,-0.18628
pg-9506139e559b,ADBE,2023-08-30,0.07304
pg-160115a47f0e,META,2023-08-30,-0.76932
pg-75343c0edf0d,WFC,2023-08-31,-0.33757
pg-75343c0edf0d,MS,2023-08-31,0.07766
pg-ef57b3caaea2,CRWD,2023-08-31,2.98669
pg-d74739abb17c,GS,2023-08-31,-0.08025
pg-8496853a6dd1,QCOM,2023-08-31,0.5875
pg-22cbf76e980a,ETN,2023-08-31,0.19907
pg-1704465ed636,WEC,2023-08-31,-1.42814
pg-c32931c32e42,USB,2023-08-31,0.44269
pg-0681f315a413,PCAR,2023-08-31,-0.36222
pg-0681f315a413,TSLA,2023-08-31,0.23674
pg-f139ef6b2920,GM,2023-08-31,0.48798
pg-1c98ff4da891,AVGO,2023-09-01,-2.88306
pg-2360b82d4ab7,CPRT,2023-09-01,0.11477
pg-bad4208243c4,PHM,2023-09-01,0.26821
pg-4c423d073f29,GM,2023-09-01,-0.10675
pg-4c423d073f29,F,2023-09-01,-0.10427
pg-10acff737dae,TDG,2023-09-01,0.52861
pg-10acff737dae,BLK,2023-09-01,0.51038
pg-efd22919095e,BRK-B,2023-09-01,0.54466
pg-2a6b96b9b8b9,MGM,2023-09-01,0.28164
pg-068e5365e6d8,GS,2023-09-05,-0.60926
pg-53c000adf52a,VRSN,2023-09-05,0.92965
pg-460471a3c337,INTC,2023-09-05,0.39252
pg-df4448e100a5,NUE,2023-09-05,-0.5038
pg-6401a08c6d39,SHW,2023-09-05,-1.2836
pg-3d5a98f9d2fc,V,2023-09-05,-1.00865
pg-71c7a90d0ce4,TXT,2023-09-05,-0.5997
pg-d73ad330b42b,PFE,2023-09-05,-0.90422
pg-d73ad330b42b,MRNA,2023-09-05,-0.77722
pg-be2cf78a9ead,GD,2023-09-05,-1.32879
pg-0c74a57c2ad5,MS,2023-09-06,0.06353
pg-0c74a57c2ad5,CB,2023-09-06,0.91393
pg-e04bd7bcdebe,INTC,2023-09-06,0.73278
pg-b27e987f9caf,TSLA,2023-09-06,-0.0549
pg-b27e987f9caf,HD,2023-09-06,0.02129
pg-2894bed6a7fb,MS,2023-09-06,0.06353
pg-19918082f2ac,UNH,2023-09-06,-0.54843
pg-3d80e5bdfd80,TSLA,2023-09-06,-0.0549
pg-2f3efb1d5ba2,D,2023-09-06,-1.26728
pg-e4365e04a2c5,JPM,2023-09-07,-0.64143
pg-e4365e04a2c5,NOW,2023-09-07,0.37653
pg-e4365e04a2c5,AXP,2023-09-07,-0.34338
pg-42122c7082e7,BAC,2023-09-07,-0.43243
pg-3261a5ee8870,COST,2023-09-07,0.68789
pg-611fc4ad2658,AMZN,2023-09-07,1.0811
pg-611fc4ad2658,IBM,2023-09-07,-0.30757
pg-cb3957fcd20a,ON,2023-09-07,-0.19361
pg-7a5ab8ae1621,IR,2023-09-07,-0.24302
pg-dc07140ad96d,BRO,2023-09-07,1.86548
pg-2ddbc6ce12e6,VZ,2023-09-07,-0.85865
pg-7c737d4e4883,SMCI,2023-09-07,-0.28062
pg-b47ee4387c0a,USB,2023-09-08,0.74656
pg-ffbeea84f6d0,AOS,2023-09-08,-2.14518
pg-4f8f44cc43f8,KR,2023-09-08,3.33671
pg-81348b768955,SNPS,2023-09-08,0.0327
pg-81348b768955,AMD,2023-09-08,-0.24209
pg-81348b768955,NVDA,2023-09-08,-0.60127
pg-ba1fca6b8361,PYPL,2023-09-11,0.10229
pg-c855354ab05d,REGN,2023-09-11,0.0207
pg-7d7dd08f91b6,HUBB,2023-09-11,-0.49494
pg-ccb2a4879c46,CI,2023-09-11,0.3774
pg-3301c1ac549c,CMI,2023-09-11,-0.67279
pg-75ad7d8a3c02,VZ,2023-09-11,1.02869
pg-75ad7d8a3c02,T,2023-09-11,0.41458
pg-b82a6a4ab80b,INTC,2023-09-11,0.23158
pg-b82a6a4ab80b,GOOGL,2023-09-11,-0.27835
pg-c8c68d5feb3e,TSLA,2023-09-11,2.6375
pg-992ae0366e2a,NVDA,2023-09-11,-0.74945
pg-992ae0366e2a,AMD,2023-09-11,-0.62426
pg-b92f2083cbcd,TPR,2023-09-11,-0.37226
pg-b12ecb9f2345,TSLA,2023-09-11,2.6375
pg-b12ecb9f2345,EVRG,2023-09-11,-2.2711
pg-6844f19103fc,NVDA,2023-09-11,-0.74945
pg-b80d3310df6e,WY,2023-09-11,-0.78668
pg-8fcaf4eb2075,AMD,2023-09-12,0.31919
pg-8fcaf4eb2075,NVDA,2023-09-12,0.14616
pg-9c4e0915d2a3,BNY,2023-09-12,1.60073
pg-d421289cc28f,BXP,2023-09-12,0.29303
pg-32d6abfc6c2b,ADBE,2023-09-12,-1.79262
pg-258db4e17eb6,PEP,2023-09-13,0.86073
pg-d3ac9efb9f8c,JNJ,2023-09-13,0.2199
pg-d3ac9efb9f8c,PEP,2023-09-13,0.86073
pg-d3ac9efb9f8c,NEE,2023-09-13,1.05409
pg-482d1d21d1c1,LMT,2023-09-13,0.63631
pg-b16ce2f5445a,UPS,2023-09-13,0.65099
pg-332257b5b253,NTRS,2023-09-13,-0.05457
pg-af91f78fcc54,C,2023-09-14,0.89996
pg-6ba1b9c948f8,ALB,2023-09-14,-0.33787
pg-57abd38882f5,PFE,2023-09-14,-0.15244
pg-03c81695f386,MDT,2023-09-14,0.25929
pg-44f0a0211cf1,TSLA,2023-09-14,-0.12502
pg-02affec58bc9,NSC,2023-09-14,1.86883
pg-a907eb5b6a43,AAPL,2023-09-14,-0.13453
pg-8baf493a7832,TSLA,2023-09-14,-0.12502
pg-8baf493a7832,GOOGL,2023-09-14,0.00856
pg-8baf493a7832,GOOG,2023-09-14,0.03529
pg-2d0aae8a4d12,VRSK,2023-09-14,1.13576
pg-f605b975f79d,HD,2023-09-14,0.45266
pg-f97de80c2948,MAS,2023-09-14,-0.25943
pg-6c8ea9bf3620,MET,2023-09-14,2.07783
pg-086ecae1add2,WFC,2023-09-14,0.79016
pg-2f324482c2f1,HST,2023-09-15,1.71814
pg-fad51e9c0d23,AMD,2023-09-15,-1.02582
pg-a75cc1babf91,GS,2023-09-15,0.48804
pg-69891173e98f,TMUS,2023-09-15,-0.45569
pg-96d87f61a121,VZ,2023-09-15,-0.03231
pg-acd9ff69ad6f,TSLA,2023-09-15,0.7182
pg-acd9ff69ad6f,NFLX,2023-09-15,0.55366
pg-d619e36d0651,PGR,2023-09-15,-0.27987
pg-1d77f5dff842,CTAS,2023-09-15,-0.56364
pg-a6931803e297,HPQ,2023-09-15,-0.21908
pg-a6931803e297,BRK-B,2023-09-15,0.3643
pg-a6931803e297,MRNA,2023-09-15,0.78795
pg-d8b9ec10dab1,BXP,2023-09-15,0.97857
pg-46b18f33852b,TXT,2023-09-15,0.95813
pg-032f29d7f207,WFC,2023-09-15,0.936
pg-032f29d7f207,GS,2023-09-15,0.48804
pg-8ed9b8348641,SYK,2023-09-15,-0.02452
pg-33dad313d53b,AAPL,2023-09-18,0.94941
pg-b73d35a2aed4,COST,2023-09-18,1.27077
pg-b73d35a2aed4,WMT,2023-09-18,-0.98424
pg-8dbef945cc44,EXR,2023-09-18,-0.52388
pg-6ac7c0d88aa1,AAPL,2023-09-19,0.59144
pg-c0c5ad10376b,GM,2023-09-19,1.32974
pg-daff58c97603,TSLA,2023-09-19,0.28422
pg-e911f64b90f7,GS,2023-09-19,-0.18378
pg-eb83e2874971,MPC,2023-09-19,-1.86641
pg-12c935c3ef8d,MNST,2023-09-20,0.27492
pg-07d28780b6a9,ORCL,2023-09-20,0.41526
pg-4fed5fea3b1e,RCL,2023-09-20,-0.579
pg-1761b1e73561,REGN,2023-09-20,-0.19677
pg-ae34555a6b32,UBER,2023-09-20,-0.70194
pg-7136e9a9867e,CL,2023-09-20,1.20199
pg-08d3c2ae5705,DRI,2023-09-21,-1.68724
pg-5ceebb8c4017,INTC,2023-09-21,1.05581
pg-cfe4088ee7a6,ATO,2023-09-21,-2.27556
pg-1868c7b93bdd,MSFT,2023-09-21,1.59111
pg-e93541783b39,REGN,2023-09-21,-0.18651
pg-61b16855d271,MSI,2023-09-21,-1.83569
pg-23511ad0397d,CRM,2023-09-22,-0.59492
pg-a0200eff430b,GS,2023-09-22,-0.41896
pg-a0200eff430b,NVDA,2023-09-22,0.69565
pg-a0200eff430b,MSFT,2023-09-22,-0.42234
pg-0a919414df65,CRM,2023-09-22,-0.59492
pg-cfb4bd279b1f,PAYX,2023-09-22,-0.11841
pg-ce515bb004e2,NKE,2023-09-22,-0.53097
pg-bf2461e3720f,FDX,2023-09-22,-0.10119
pg-bf2461e3720f,EXPD,2023-09-22,1.1042
pg-bf2461e3720f,DAL,2023-09-22,-0.96901
pg-dcf0feb67c62,CARR,2023-09-22,0.49901
pg-dcf0feb67c62,KLAC,2023-09-22,0.79308
pg-b78aa4f3ac9a,CBOE,2023-09-22,1.15721
pg-b78aa4f3ac9a,ACGL,2023-09-22,0.77489
pg-e3fb7d20eaef,NVDA,2023-09-25,0.17927
pg-e3fb7d20eaef,TXN,2023-09-25,-0.19843
pg-e3fb7d20eaef,V,2023-09-25,-1.12728
pg-b2da050455e3,META,2023-09-25,-0.10264
pg-02923b094afe,NVDA,2023-09-25,0.17927
pg-02923b094afe,NXPI,2023-09-25,0.00555
pg-ad9ef193f3e9,D,2023-09-25,0.15492
pg-de5d09403b83,TSLA,2023-09-25,-0.04454
pg-d51f79dc7d5e,INTC,2023-09-25,-0.13062
pg-d51f79dc7d5e,AMD,2023-09-25,0.13687
pg-256d302f8f70,BSX,2023-09-25,0.19039
pg-b2ad972325ab,CCL,2023-09-25,-1.08962
pg-0080314c245f,MS,2023-09-25,-0.64817
pg-0080314c245f,AAPL,2023-09-25,0.1482
pg-af3df00bd714,BX,2023-09-26,-1.21623
pg-f7cea931fa3f,TRGP,2023-09-26,-0.0135
pg-2a5eb8902a9d,AMD,2023-09-26,0.60294
pg-2a5eb8902a9d,NVDA,2023-09-26,0.9677
pg-2a5eb8902a9d,QCOM,2023-09-26,0.82647
pg-2a5eb8902a9d,AMZN,2023-09-26,-1.11961
pg-de796bf07363,TER,2023-09-26,1.00108
pg-ed9b06c8928a,CRL,2023-09-26,0.00668
pg-79a11a81889e,JPM,2023-09-26,0.28074
pg-2fc9b5edf1c9,OXY,2023-09-26,0.58614
pg-97e0e281e083,FTNT,2023-09-26,0.68144
pg-f2cf8cf40e58,CRH,2023-09-26,0.38796
pg-c6aef1ece6a9,ALGN,2023-09-26,0.89576
pg-05e43f903e77,F,2023-09-26,0.34669
pg-053a510a7214,APP,2023-09-26,1.19802
pg-ecebdf0ec971,LMT,2023-09-27,-0.02275
pg-44f56ce59905,HII,2023-09-27,1.26407
pg-5823fd281842,VZ,2023-09-27,-1.9436
pg-e0edf02ea6f9,GRMN,2023-09-27,-0.02918
pg-a0d7117bd810,COST,2023-09-27,2.07042
pg-697cd739560a,WFC,2023-09-28,-0.42363
pg-514dbedafbcc,ACN,2023-09-28,-4.34281
pg-514dbedafbcc,MU,2023-09-28,-3.57766
pg-514dbedafbcc,JBL,2023-09-28,7.77092
pg-514dbedafbcc,NKE,2023-09-28,-0.25267
pg-3c182382bca6,TGT,2023-09-28,-0.35907
pg-3f7f77ac4abb,DVN,2023-09-28,-0.41747
pg-13b0dc21133e,AMZN,2023-09-28,-0.46434
pg-2feb30e5d168,NVDA,2023-09-28,0.07159
pg-2feb30e5d168,META,2023-09-28,0.58544
pg-2feb30e5d168,TSLA,2023-09-28,0.29838
pg-da7c9425b7b0,NKE,2023-09-28,-0.25267
pg-b7abba9fa1cc,SJM,2023-09-28,-0.37954
pg-88b43090592e,AFL,2023-09-29,-1.47339
pg-88b43090592e,CAT,2023-09-29,-0.74188
pg-88b43090592e,AMAT,2023-09-29,0.2875
pg-6cf7d710c7ee,TJX,2023-09-29,-0.61631
pg-96af04296100,VZ,2023-09-29,-0.30318
pg-96af04296100,T,2023-09-29,0.14527
pg-29886fcdbb6d,NKE,2023-09-29,5.88751
pg-29886fcdbb6d,CCL,2023-09-29,-2.30525
pg-bd82ccaa8379,AMZN,2023-09-29,0.68744
pg-bd82ccaa8379,V,2023-09-29,-0.54239
pg-a1630cbd1f9f,AXP,2023-09-29,-0.41218
pg-3b26ada72881,BA,2023-10-02,-1.34544
pg-bc3cd93ba42f,SBUX,2023-10-02,-0.12234
pg-bc3cd93ba42f,HD,2023-10-02,-0.81117
pg-7ad79cbbafaa,TSLA,2023-10-02,0.18984
pg-461c039e6acb,NVDA,2023-10-02,1.22369
pg-461c039e6acb,GOOGL,2023-10-02,1.83671
pg-822353202c10,AXON,2023-10-02,-0.84204
pg-27613472420c,PGR,2023-10-02,-0.24027
pg-e07cf14aa157,ETN,2023-10-02,-0.91245
pg-e07cf14aa157,TT,2023-10-02,-1.82821
pg-e07cf14aa157,EMR,2023-10-02,-0.82049
pg-778479db912f,HBAN,2023-10-02,-2.24132
pg-959dab5c5785,CNP,2023-10-03,2.19724
pg-c6e75ae19e01,NCLH,2023-10-03,-0.45938
pg-4faed1695d52,NEE,2023-10-03,0.74864
pg-38d58f5a8961,CNC,2023-10-03,-0.72327
pg-38d58f5a8961,CF,2023-10-03,-0.56887
pg-38d58f5a8961,VLO,2023-10-03,-1.23681
pg-38d58f5a8961,CHTR,2023-10-03,0.088
pg-04afc7d16e44,WFC,2023-10-03,-0.64244
pg-04afc7d16e44,SCHW,2023-10-03,-1.37443
pg-70c69283bdc4,UNH,2023-10-03,-0.5129
pg-298582ca75dc,CMG,2023-10-03,-0.64517
pg-010e625ce0ed,C,2023-10-04,-0.68313
pg-4512f987821f,AMZN,2023-10-04,0.36417
pg-517f838e2ebb,ADP,2023-10-04,1.06552
pg-aa7c61d83131,XYZ,2023-10-04,-0.61134
pg-f2ce113e9cfa,SMCI,2023-10-05,0.6893
pg-f2ce113e9cfa,NVDA,2023-10-05,0.76727
pg-d4a52bf7cf6b,AAPL,2023-10-05,0.49139
pg-d4a52bf7cf6b,PYPL,2023-10-05,-1.09265
pg-d4a52bf7cf6b,AMZN,2023-10-05,-0.38147
pg-b1881c5c8d75,T,2023-10-05,0.9183
pg-d62957d42fb8,DIS,2023-10-05,1.32433
pg-7caccf7454f3,AON,2023-10-05,0.33962
pg-34880ad7951b,UBER,2023-10-05,-0.3645
pg-090297b87223,UNH,2023-10-05,0.98707
pg-f6012198b1eb,BA,2023-10-06,-0.35793
pg-c79bd6f026c8,AMZN,2023-10-06,-0.07639
pg-b86674bce4ee,PNC,2023-10-06,-0.83452
pg-a24ed5910f25,HAS,2023-10-06,-1.6525
pg-3e21a03070d1,AAPL,2023-10-09,0.06356
pg-3e21a03070d1,MSFT,2023-10-09,-0.05534
pg-3e21a03070d1,AMD,2023-10-09,-0.70058
pg-524b796cd6b8,PSX,2023-10-09,0.88991
pg-c0949c73950a,PANW,2023-10-09,0.93131
pg-3eb3351eb58f,TPR,2023-10-09,-0.59492
pg-fdf24fc7c584,BAC,2023-10-09,0.14518
pg-fdf24fc7c584,KO,2023-10-09,-0.63875
pg-110801da1231,JPM,2023-10-09,-0.93548
pg-110801da1231,C,2023-10-09,-0.19297
pg-b6ac7ecbfb35,BBY,2023-10-09,0.92313
pg-c98356a7baaa,AMZN,2023-10-09,-0.35431
pg-c98356a7baaa,MSFT,2023-10-09,-0.05534
pg-75efca0ea463,AOS,2023-10-09,1.03314
pg-343808daf476,PFE,2023-10-10,-0.22872
pg-0f628850b5ec,NOC,2023-10-10,-0.71464
pg-3dca9fc0e3ae,PCAR,2023-10-10,-0.82692
pg-d28cfe702577,HPE,2023-10-10,-0.12674
pg-e24cc08340fb,TGT,2023-10-10,2.17423
pg-69b1078bd78b,BAC,2023-10-11,-0.36153
pg-81199ee793a2,LYB,2023-10-11,-0.59314
pg-1a3a6d45f59e,GOOGL,2023-10-11,0.9257
pg-1a3a6d45f59e,CRWD,2023-10-11,0.65341
pg-4cfe06efdabb,CNP,2023-10-11,0.60613
pg-01b09a96a78d,SBAC,2023-10-11,1.73953
pg-8c355f0b1c45,MS,2023-10-11,-1.486
pg-abf5bb92f52d,WMT,2023-10-11,0.31614
pg-abf5bb92f52d,HD,2023-10-11,-0.75687
pg-abf5bb92f52d,COST,2023-10-11,0.33804
pg-b76c7a75e6ab,MGM,2023-10-11,0.5471
pg-51ecedbae458,DIS,2023-10-11,-0.43016
pg-c2185bea11d7,AMGN,2023-10-11,3.5139
pg-1d00f4fde019,AKAM,2023-10-11,-0.21212
pg-60a58ed881b8,ATO,2023-10-11,0.58572
pg-60a58ed881b8,TGT,2023-10-11,-0.52825
pg-e2ae13387b66,BMY,2023-10-12,-0.66628
pg-56a41346888a,XOM,2023-10-12,0.16213
pg-56a41346888a,FANG,2023-10-12,1.5206
pg-cb5a63df8fc3,LMT,2023-10-12,-0.11732
pg-eec4f3229ccc,BX,2023-10-12,-0.77962
pg-5c2fdf34dc56,GDDY,2023-10-12,-0.8492
pg-ae0a30a46656,IR,2023-10-12,0.63474
pg-fb256cea6a42,CSGP,2023-10-12,-1.03364
pg-268c74d2bc9d,KDP,2023-10-12,-3.43393
pg-19fcaec95bbe,VRT,2023-10-13,-2.60464
pg-b77cd3ffccb0,AMAT,2023-10-13,-1.22557
pg-cad139cb6612,META,2023-10-13,-1.26785
pg-cad139cb6612,LLY,2023-10-13,0.01666
pg-cad139cb6612,CAT,2023-10-13,-0.01609
pg-cad139cb6612,C,2023-10-13,0.21581
pg-cad139cb6612,MU,2023-10-13,-0.10424
pg-dc6bca0b00b1,KHC,2023-10-13,1.4524
pg-9d5ff66a72b3,AAPL,2023-10-13,-0.34281
pg-2482d0ba8b0a,DPZ,2023-10-13,-0.33898
pg-6f3211e03c97,CHTR,2023-10-16,-0.02419
pg-3a9074dfb0fc,TSCO,2023-10-16,1.75556
pg-76f3ff8870b0,PLTR,2023-10-16,-0.97583
pg-ffd3068ae1ef,MSFT,2023-10-16,0.07124
pg-ffd3068ae1ef,SNPS,2023-10-16,-0.63422
pg-45d27bd76857,CRWD,2023-10-16,-0.36247
pg-f59a0163a82e,BAC,2023-10-16,-0.32151
pg-54a556ce40b3,PFE,2023-10-16,2.36707
pg-bea99901bfed,SJM,2023-10-17,0.64032
pg-bea99901bfed,HSY,2023-10-17,-0.53151
pg-a52fca4161fb,AIZ,2023-10-17,2.7477
pg-9dce96f53bf7,LULU,2023-10-17,-0.38909
pg-84206502bff6,VZ,2023-10-17,0.78074
pg-33e3815819e5,BRK-B,2023-10-17,-0.35544
pg-33e3815819e5,AAPL,2023-10-17,-0.66155
pg-33e3815819e5,AMZN,2023-10-17,-0.40333
pg-5a7c4db6aeea,PTC,2023-10-17,1.12635
pg-5a7c4db6aeea,ON,2023-10-17,0.00402
pg-cbf131d92f7a,ADM,2023-10-17,0.86985
pg-144b70f92407,SCHW,2023-10-17,-0.02786
pg-2b9a77518664,GEHC,2023-10-18,-0.75431
pg-2b9a77518664,UPS,2023-10-18,-0.86893
pg-1e0287669990,NVDA,2023-10-18,-0.50714
pg-1e0287669990,AMD,2023-10-18,0.01173
pg-1e0287669990,INTC,2023-10-18,0.42801
pg-e2dbe5044229,APA,2023-10-18,1.0777
pg-7315f7f6c59f,AMD,2023-10-18,0.01173
pg-7315f7f6c59f,NVDA,2023-10-18,-0.50714
pg-7dd4f998fffc,AON,2023-10-18,-0.28797
pg-eb75cdd71ec0,JBL,2023-10-18,0.14676
pg-eb75cdd71ec0,PANW,2023-10-18,1.01754
pg-eb75cdd71ec0,CSCO,2023-10-18,0.68051
pg-ceb5358fab0a,HBAN,2023-10-18,-0.4322
pg-e5602f6f409e,NDAQ,2023-10-18,3.86976
pg-e51a2b86e649,DGX,2023-10-18,-0.12794
pg-eaa2168d93e0,F,2023-10-18,-0.67786
pg-a49c1ec49bdd,UBER,2023-10-19,0.23924
pg-97eb13687de8,NFLX,2023-10-19,10.06478
pg-aecc28bafaad,GOOGL,2023-10-19,0.66646
pg-aecc28bafaad,T,2023-10-19,4.91549
pg-aecc28bafaad,DIS,2023-10-19,-0.55371
pg-aecc28bafaad,F,2023-10-19,-0.58139
pg-46c47da41a04,PODD,2023-10-19,0.20279
pg-46c47da41a04,DXCM,2023-10-19,0.97036
pg-46c47da41a04,RMD,2023-10-19,0.36181
pg-20f1b29920ad,CSX,2023-10-20,1.59569
pg-4cb9be49114d,DHI,2023-10-20,0.44435
pg-0fc02e6422ee,AVGO,2023-10-20,0.34419
pg-0ee099e48996,SLB,2023-10-20,-0.99698
pg-0ee099e48996,AXP,2023-10-20,-3.32426
pg-0ee099e48996,ISRG,2023-10-20,-0.51453
pg-7f66e3bc2a64,PCAR,2023-10-20,0.03579
pg-7f66e3bc2a64,F,2023-10-20,1.66767
pg-c4ab5e172402,CRM,2023-10-20,-0.70779
pg-b6b6e37b5be7,T,2023-10-20,0.60356
pg-6dabf8f512c6,BRK-B,2023-10-20,-0.06277
pg-8ebdee0a8890,PYPL,2023-10-23,0.2356
pg-5078add3f55b,TSLA,2023-10-23,0.13847
pg-74eea6057643,LH,2023-10-23,-1.00796
pg-fa7042806e79,L,2023-10-23,-0.92323
pg-ad79d7900446,KO,2023-10-23,-0.65108
pg-329e942500fd,MO,2023-10-23,-1.62872
pg-329e942500fd,PG,2023-10-23,0.13646
pg-f12930bb1064,ISRG,2023-10-23,1.13567
pg-593fb807feb8,MSFT,2023-10-23,0.77888
pg-593fb807feb8,GOOGL,2023-10-23,0.61974
pg-593fb807feb8,AMZN,2023-10-23,0.6623
pg-593fb807feb8,CVX,2023-10-23,-2.74405
pg-eb9c11153beb,KMB,2023-10-23,-1.09445
pg-4280f0af2561,VRT,2023-10-23,0.60288
pg-4280f0af2561,COIN,2023-10-23,1.39033
pg-4280f0af2561,META,2023-10-23,1.07973
pg-c2e06ba0d41f,GOOGL,2023-10-24,0.53549
pg-58f02336c7ac,CMI,2023-10-24,0.59685
pg-8390ed95a9e0,AMZN,2023-10-24,0.20989
pg-8390ed95a9e0,AAPL,2023-10-24,-0.56878
pg-8390ed95a9e0,AMD,2023-10-24,-0.00707
pg-97f228481436,EMR,2023-10-24,0.0175
pg-97f228481436,PG,2023-10-24,1.00283
pg-97f228481436,CVX,2023-10-24,-1.91375
pg-bc02c5f44843,LLY,2023-10-24,1.31172
pg-56feeb18fdf2,CBRE,2023-10-24,-0.51264
pg-56feeb18fdf2,CVX,2023-10-24,-1.91375
pg-16cff98f2fc0,RTX,2023-10-24,5.30334
pg-0be294dff67f,SPG,2023-10-25,0.17974
pg-50963770288d,ABNB,2023-10-25,-0.16839
pg-42b08fb939e2,BKR,2023-10-25,-0.1663
pg-42b08fb939e2,KMI,2023-10-25,0.48367
pg-2a73595b7604,IBKR,2023-10-25,0.21762
pg-1350379ce92f,PH,2023-10-25,0.20314
pg-5236609795de,GOOGL,2023-10-25,-5.72586
pg-5236609795de,MSFT,2023-10-25,3.86527
pg-57cdee8f7797,CDNS,2023-10-25,-0.27292
pg-18de9a2562b7,RTX,2023-10-25,0.47334
pg-18de9a2562b7,NUE,2023-10-25,0.14784
pg-18de9a2562b7,FANG,2023-10-25,0.90764
pg-a86a439a5ab8,WMB,2023-10-25,0.7242
pg-094014f48c8d,BIIB,2023-10-25,-1.2297
pg-aa9e9d78bf30,BA,2023-10-25,-0.89095
pg-41cc51f00c1b,UHS,2023-10-26,1.89221
pg-70d81ad0c6c3,TER,2023-10-26,-0.57094
pg-d56c8b583637,XOM,2023-10-26,-0.34126
pg-d56c8b583637,TGT,2023-10-26,0.59555
pg-64eef8ab65be,PG,2023-10-26,-0.13986
pg-70f0549aa23a,VZ,2023-10-26,1.42166
pg-8821ca0b378d,CMCSA,2023-10-26,-7.81394
pg-f1625a4a56fb,AMT,2023-10-26,4.80104
pg-baa906b90028,FTV,2023-10-26,1.24779
pg-7af3384c4890,ROK,2023-10-26,0.83836
pg-58ea7a25b1d4,BE,2023-10-26,-0.35282
pg-41a3f9a6ba86,ON,2023-10-26,1.93179
pg-fa76a76e0bee,ILMN,2023-10-26,-0.35023
pg-2d2867e64466,META,2023-10-26,-0.99229
pg-1a325c8c3c54,VZ,2023-10-26,1.42166
pg-4041e36bc263,PG,2023-10-26,-0.13986
pg-4041e36bc263,DDOG,2023-10-26,0.60621
pg-5a80d7d3d177,CMG,2023-10-27,3.61787
pg-dc0ddd843ce4,PFG,2023-10-27,-0.37248
pg-f759256904ee,META,2023-10-27,1.84725
pg-f759256904ee,GOOGL,2023-10-27,0.25399
pg-bdc14df3236f,META,2023-10-27,1.84725
pg-f0487818faee,NFLX,2023-10-27,-0.25765
pg-d112d37797e1,DLTR,2023-10-27,-0.09946
pg-453f9b228bbe,O,2023-10-27,-1.14011
pg-39bbe882dfde,CAH,2023-10-27,-1.34548
pg-671a310f0a28,STE,2023-10-27,0.21437
pg-3f601e127fbf,PGR,2023-10-27,-0.30307
pg-33e7344aa989,MSFT,2023-10-27,0.76385
pg-33e7344aa989,GOOGL,2023-10-27,0.25399
pg-33e7344aa989,AMZN,2023-10-27,3.44982
pg-33e7344aa989,IBM,2023-10-27,-0.48261
pg-37db2f276906,SPG,2023-10-27,-1.05223
pg-5f3eda0e01b3,MPWR,2023-10-27,0.67506
pg-f33e11bbeeab,GOOGL,2023-10-30,0.02856
pg-f33e11bbeeab,TSLA,2023-10-30,-2.78093
pg-f33e11bbeeab,GM,2023-10-30,-0.41498
pg-43bc714e3423,CASY,2023-10-30,0.07535
pg-1fd31716baf8,CME,2023-10-30,0.61478
pg-1fd31716baf8,MRNA,2023-10-30,0.73196
pg-1fd31716baf8,ABNB,2023-10-30,0.13851
pg-7d5c29739ca3,V,2023-10-30,0.72292
pg-a61f66cc7122,CLX,2023-10-30,-0.99266
pg-c308558fb803,AAPL,2023-10-30,-0.03783
pg-c308558fb803,META,2023-10-30,-0.0229
pg-1a5bf067c1af,DDOG,2023-10-30,-1.6177
pg-26f818eee9a8,NEE,2023-10-31,0.4878
pg-085c918c3148,AEP,2023-10-31,-0.04031
pg-72b1f298d94e,ETN,2023-10-31,2.17767
pg-baeaca78975e,COST,2023-10-31,-0.83185
pg-30e0d965f9fa,OXY,2023-10-31,-0.02074
pg-1c1adad89b5d,ACGL,2023-10-31,3.06241
pg-c158b68b7ed2,HII,2023-10-31,0.34773
pg-93ae2848ac54,AAPL,2023-11-01,0.68226
pg-e432263235a9,APO,2023-11-01,3.73915
pg-f6223ae4640c,VICI,2023-11-01,-0.63738
pg-f6223ae4640c,AMZN,2023-11-01,0.44447
pg-ac7e3df7c6db,VZ,2023-11-01,0.12067
pg-bbab630e12c1,BAC,2023-11-01,-0.51687
pg-bbab630e12c1,BRK-B,2023-11-01,0.04331
pg-bbab630e12c1,KO,2023-11-01,-0.36476
pg-bbab630e12c1,CVX,2023-11-01,-0.79458
pg-aeaa3d4bf86f,CRM,2023-11-01,0.23244
pg-a31150abe5c8,T,2023-11-01,0.41381
pg-a31150abe5c8,MDT,2023-11-01,-0.0653
pg-906829b93dfb,PCAR,2023-11-01,-0.16945
pg-afca8d90b8a0,BX,2023-11-01,0.34942
pg-97ac287cd960,GRMN,2023-11-01,8.81398
pg-97ac287cd960,APO,2023-11-01,3.73915
pg-97ac287cd960,TT,2023-11-01,5.40629
pg-aba4674346f1,TGT,2023-11-01,-0.91109
pg-358e638d7c53,AAPL,2023-11-01,0.68226
pg-bd92e0435327,A,2023-11-02,0.2315
pg-31b7a2143e80,FANG,2023-11-02,0.98759
pg-31b7a2143e80,TRGP,2023-11-02,3.78504
pg-80c471cb79db,QCOM,2023-11-02,2.02177
pg-317e401d37df,ABBV,2023-11-02,0.0696
pg-09cf4b18ae9c,HII,2023-11-02,2.21505
pg-7dc64bb44263,ICE,2023-11-02,-2.48923
pg-dc2f924e8189,AAPL,2023-11-02,0.02206
pg-8270112d57fd,ERIE,2023-11-02,0.23798
pg-64ed97a147a3,MLM,2023-11-03,-0.29043
pg-3dfaebcde139,TTWO,2023-11-03,-0.0607
pg-3dfaebcde139,MSFT,2023-11-03,0.09068
pg-4f315e62a2ba,CHD,2023-11-03,-4.22965
pg-442f89907fa5,DELL,2023-11-03,0.21176
pg-442f89907fa5,INTC,2023-11-03,-0.07749
pg-d4e7904c801b,SYK,2023-11-03,-0.71438
pg-e9d517b286d6,AES,2023-11-03,2.3638
pg-e158f208ea28,VTR,2023-11-03,-0.27421
pg-acb7903d9558,C,2023-11-06,-0.45635
pg-502adef228bf,XYZ,2023-11-06,0.31894
pg-502adef228bf,PYPL,2023-11-06,-1.38519
pg-97ebb2ed921f,FAST,2023-11-06,-1.18608
pg-82703810721d,JPM,2023-11-06,0.48024
pg-6f83c03a86d3,CAT,2023-11-06,-0.63599
pg-6f83c03a86d3,CVX,2023-11-06,-0.24128
pg-df6e34fedb98,QCOM,2023-11-06,-0.00521
pg-3e333b88a2b4,T,2023-11-07,0.24325
pg-d6b3a309ac14,AAPL,2023-11-07,0.97611
pg-1df4ba4291e7,TWLO,2023-11-07,1.69766
pg-b886921b3e41,APD,2023-11-07,-11.37115
pg-2116fd6ac7e1,AMZN,2023-11-07,0.67153
pg-2116fd6ac7e1,COST,2023-11-07,0.05902
pg-2116fd6ac7e1,WDC,2023-11-07,-0.19641
pg-2116fd6ac7e1,STX,2023-11-07,-0.37772
pg-fee17cd7bdc9,AMD,2023-11-07,0.29286
pg-c442d67c7748,HD,2023-11-07,-0.16763
pg-70f05abfbc5d,TSCO,2023-11-07,-0.1321
pg-11a04dab28a5,ULTA,2023-11-07,1.79674
pg-b3472909587a,CARR,2023-11-07,-0.01455
pg-2c1596dd2188,O,2023-11-07,0.17421
pg-b7c5d4fd1701,MRVL,2023-11-08,0.27814
pg-98bc9a3b2afb,EXR,2023-11-08,6.45114
pg-f4660e36cec6,TSLA,2023-11-08,-0.06511
pg-dbbf5ced24bf,CBRE,2023-11-08,-0.34336
pg-3df94f2e3177,JPM,2023-11-08,0.37253
pg-d4699ccfe67c,DDOG,2023-11-08,-0.4371
pg-be8da8357e3f,CRL,2023-11-08,-1.69616
pg-2eee40054bed,HD,2023-11-08,0.28323
pg-ae9c9587c46a,IT,2023-11-08,0.27115
pg-ae9c9587c46a,CRM,2023-11-08,-0.18151
pg-6bf9700a0a0e,IT,2023-11-08,0.27115
pg-6bf9700a0a0e,CRM,2023-11-08,-0.18151
pg-151c8d123d82,DIS,2023-11-08,-0.12288
pg-b0502f83e3f9,BE,2023-11-09,2.12603
pg-4bbd4c37ce18,APP,2023-11-09,0.02093
pg-3451661ec8b3,TPR,2023-11-09,2.186
pg-0ca75a84ffe0,O,2023-11-09,-0.89072
pg-f4361bd2c49f,MRK,2023-11-09,-1.69158
pg-c741cf61aea7,EG,2023-11-09,-0.02598
pg-c741cf61aea7,LDOS,2023-11-09,0.02256
pg-ae74bd10b63d,DIS,2023-11-09,5.20694
pg-9c61aca4570e,CMS,2023-11-09,-0.6356
pg-3b77738b6ead,VZ,2023-11-09,-0.01555
pg-ec5966276c7c,TWLO,2023-11-10,1.13532
pg-0ef3456527ec,TDG,2023-11-10,0.29232
pg-2f025a8bc386,AMZN,2023-11-10,-0.17819
pg-4c35f2a3fc17,DIS,2023-11-10,-1.94717
pg-978e643d9338,JPM,2023-11-10,0.24222
pg-630ce27fcd58,NVDA,2023-11-13,0.31871
pg-630ce27fcd58,DGX,2023-11-13,-0.23005
pg-7a125c1689b4,TSLA,2023-11-13,1.34305
pg-78797f5a0557,TSLA,2023-11-13,1.34305
pg-78797f5a0557,AMZN,2023-11-13,-0.22201
pg-a4d814cf7876,PG,2023-11-13,0.7986
pg-090574085807,AMZN,2023-11-13,-0.22201
pg-090574085807,CRWD,2023-11-13,1.07838
pg-d753d5632752,JPM,2023-11-13,-0.32826
pg-a87a1a31f7d3,LYV,2023-11-13,0.14343
pg-527791c73bb1,AMT,2023-11-13,-0.00733
pg-c816339be05d,WMT,2023-11-13,1.11458
pg-c816339be05d,TGT,2023-11-13,-0.53131
pg-c816339be05d,HD,2023-11-13,-0.88879
pg-c816339be05d,TSN,2023-11-13,-2.24005
pg-b0940497d9e5,RTX,2023-11-13,-0.10652
pg-f9139623c78a,GOOGL,2023-11-13,-0.10281
pg-905b7660ff08,PEP,2023-11-14,-0.61436
pg-439a3c2eccf1,NVDA,2023-11-14,-0.89224
pg-178eb620e0eb,AMD,2023-11-14,-0.6095
pg-7eac85720166,DIS,2023-11-14,0.20989
pg-069257a48aab,AAPL,2023-11-14,-0.57808
pg-069257a48aab,PYPL,2023-11-14,0.39613
pg-f39d4b1ae537,ANET,2023-11-15,-0.28441
pg-fc42f4ab228d,NVDA,2023-11-15,-0.83724
pg-fc42f4ab228d,MSFT,2023-11-15,-0.16081
pg-4ed72941f2ff,SCHW,2023-11-15,1.08255
pg-f10be17fa486,NVDA,2023-11-16,0.39552
pg-f10be17fa486,PGR,2023-11-16,0.81822
pg-1d94d2161efc,PANW,2023-11-16,-2.66968
pg-0138e218bd3f,SPGI,2023-11-16,0.20518
pg-0cbe6b53ec15,MMM,2023-11-16,0.16787
pg-450bfeb7f940,RTX,2023-11-16,0.10762
pg-f3df971abb54,WMT,2023-11-16,-10.14118
pg-7120350625c7,GS,2023-11-16,-0.25814
pg-6807d7544d62,SCHW,2023-11-17,0.9343
pg-aa4c2d645c1f,DASH,2023-11-17,-0.02591
pg-9d815d650e87,MRK,2023-11-17,-0.25703
pg-502855b0f3bc,MSFT,2023-11-17,-1.32121
pg-1a47358ae792,HUM,2023-11-17,-1.5719
pg-8beb3e0dee23,AMAT,2023-11-17,-2.26952
pg-d2ece3ab97d9,MCD,2023-11-20,0.90533
pg-d2ece3ab97d9,PG,2023-11-20,-0.90206
pg-5d44a9f68ac5,MU,2023-11-20,0.30094
pg-5d44a9f68ac5,FTNT,2023-11-20,0.11015
pg-5fdc0373ae85,AVGO,2023-11-20,0.31116
pg-86b17eff2079,TXT,2023-11-20,0.20802
pg-4cc8b344b675,MNST,2023-11-20,-0.38935
pg-17490a32201b,LULU,2023-11-20,0.15162
pg-e91ea2fd56a6,LLY,2023-11-20,0.18374
pg-62e7e4a079d4,PPG,2023-11-20,-0.6824
pg-3f9968353e84,NVDA,2023-11-21,-0.20936
pg-952b474afb26,DDOG,2023-11-21,0.11791
pg-6d5ac38bbe1b,MSFT,2023-11-22,0.54904
pg-7162ceb93965,O,2023-11-22,-0.37591
pg-7162ceb93965,SPG,2023-11-22,-0.54573
pg-edaaca86bfd8,TSLA,2023-11-22,-1.11671
pg-ad6adda118e0,EME,2023-11-22,0.40262
pg-ad6adda118e0,NVDA,2023-11-22,-1.32686
pg-1ddb929a95c8,ODFL,2023-11-22,-0.4021
pg-1ddb929a95c8,JBHT,2023-11-22,0.03073
pg-e4c98f7bea72,BAC,2023-11-22,-0.27875
pg-e4c98f7bea72,NFLX,2023-11-22,0.0563
pg-e4c98f7bea72,JNJ,2023-11-22,-0.30906
pg-795873ad80fc,A,2023-11-22,-0.08088
pg-bd92ffb7b644,O,2023-11-24,0.56255
pg-bd92ffb7b644,TXN,2023-11-24,-0.1916
pg-1325b44eb765,KO,2023-11-24,0.26611
pg-1adae1ddce96,LLY,2023-11-24,0.43258
pg-111d5e1b98f2,AIZ,2023-11-24,0.64996
pg-4fc0cde49f2a,MAR,2023-11-24,-0.39477
pg-51418d1e3412,HPE,2023-11-24,0.11794
pg-04176ce35cf0,BA,2023-11-24,-0.01045
pg-04176ce35cf0,PLTR,2023-11-24,-0.58057
pg-b01cfafbf280,VZ,2023-11-24,0.05902
pg-8663d4df7620,PHM,2023-11-24,0.03728
pg-6e3419dd86c5,DVA,2023-11-24,-0.10253
pg-869cc50ff6b9,CEG,2023-11-24,0.21204
pg-65f52a78b9a7,BRK-B,2023-11-24,0.25149
pg-65f52a78b9a7,AAPL,2023-11-24,-0.68719
pg-65f52a78b9a7,BAC,2023-11-24,0.13316
pg-65f52a78b9a7,AXP,2023-11-24,0.19988
pg-65f52a78b9a7,KO,2023-11-24,0.26611
pg-65f52a78b9a7,CVX,2023-11-24,0.199
pg-65f52a78b9a7,OXY,2023-11-24,-0.07671
pg-65f52a78b9a7,KHC,2023-11-24,0.47214
pg-da14ef60d676,JPM,2023-11-24,0.07897
pg-72cfa71425ca,V,2023-11-24,0.18247
pg-c205e21b338d,SO,2023-11-24,0.00079
pg-9145bea203e3,KHC,2023-11-24,0.47214
pg-c8b44bbfa869,WMT,2023-11-27,0.30002
pg-21518c2d5406,DVN,2023-11-27,-0.46475
pg-21518c2d5406,OXY,2023-11-27,-0.27761
pg-05a876526cf0,TSLA,2023-11-27,0.20112
pg-9c5e84cd7a81,CB,2023-11-27,0.49582
pg-9c5e84cd7a81,CINF,2023-11-27,-0.03849
pg-9c5e84cd7a81,TRV,2023-11-27,0.43987
pg-ac71f4ff757e,BBY,2023-11-27,-0.00834
pg-41fd8434d81d,EXC,2023-11-27,-0.01589
pg-ddca8743704d,TSLA,2023-11-28,1.20379
pg-87234438e096,O,2023-11-28,-0.3496
pg-10fa0ec96a41,AZO,2023-11-28,-0.32291
pg-23486ab89dc3,MS,2023-11-29,1.03337
pg-05c0867a12c5,UAL,2023-11-29,0.31903
pg-dcc267ff182d,NTAP,2023-11-29,10.89339
pg-a0fc07eebcd6,VEEV,2023-11-29,-0.2253
pg-fcb457ec4536,NDSN,2023-11-29,0.37197
pg-e4ef7aabc1e3,HRL,2023-11-29,-3.60262
pg-9d9aa5f6469e,AMZN,2023-11-30,-0.35501
pg-ab0f7c23131e,VZ,2023-11-30,0.62633
pg-589c34cd9f70,PYPL,2023-11-30,-0.5578
pg-8d490d3aed1f,QCOM,2023-11-30,0.17368
pg-8d490d3aed1f,TGT,2023-11-30,0.48726
pg-8d490d3aed1f,KMB,2023-11-30,1.54497
pg-28a3d74c03fd,DGX,2023-11-30,0.99473
pg-bc8539c75b4b,WFC,2023-11-30,1.01223
pg-0d55c8c4917a,LULU,2023-11-30,0.95344
pg-f48608cef5a5,NFLX,2023-11-30,-0.39792
pg-f25f9857bec6,OKE,2023-11-30,1.52762
pg-c5129cb9c606,AMGN,2023-11-30,0.61073
pg-4a5f60869170,MSCI,2023-11-30,-1.09293
pg-97a4514aa5ec,TMO,2023-11-30,0.1261
pg-a872cc66fc07,SJM,2023-11-30,0.92706
pg-7c7d345a51ec,HPE,2023-11-30,0.83995
pg-eea8c582c24a,ISRG,2023-12-01,0.31134
pg-4d2355925c9f,AMZN,2023-12-01,-0.14443
pg-63da5cb23000,DAL,2023-12-01,1.29813
pg-63da5cb23000,NEE,2023-12-01,0.33078
pg-36c140d7804d,ULTA,2023-12-01,7.76462
pg-e167784818ff,HUM,2023-12-01,1.027
pg-7b08b69a00f4,MA,2023-12-01,-0.28446
pg-0dea2591a8bd,GOOGL,2023-12-04,-0.54918
pg-db500b53dd1c,TSLA,2023-12-04,-0.04126
pg-a258b1222ede,NVDA,2023-12-04,-0.8036
pg-a258b1222ede,GOOGL,2023-12-04,-0.54918
pg-940ef554170c,AAPL,2023-12-04,-0.35265
pg-b429ad38b104,ADBE,2023-12-04,-0.24972
pg-62a082c99d91,NVDA,2023-12-04,-0.8036
pg-2d7199cc470e,V,2023-12-04,-0.4583
pg-2d7199cc470e,MA,2023-12-04,-0.777
pg-2d7199cc470e,AXP,2023-12-04,0.18043
pg-4f4cb34d595a,CI,2023-12-04,-0.98596
pg-4f4cb34d595a,APA,2023-12-04,-0.46564
pg-d52c1edabb3e,OKE,2023-12-04,0.70432
pg-0a54ccaa7e4b,DTE,2023-12-04,0.38933
pg-20b01343d74e,TT,2023-12-04,0.41927
pg-20b01343d74e,WMT,2023-12-04,0.09184
pg-20b01343d74e,COST,2023-12-04,0.71418
pg-20b01343d74e,BA,2023-12-04,0.62407
pg-0d15e36fdc77,CASY,2023-12-04,0.60436
pg-488fc030210f,MS,2023-12-04,0.63024
pg-488fc030210f,BAX,2023-12-04,0.88322
pg-c8349512993c,SLB,2023-12-05,-1.44491
pg-7df2738ee13a,TTWO,2023-12-05,-0.28373
pg-7df2738ee13a,MSFT,2023-12-05,0.63934
pg-7bbea8e5c064,CVX,2023-12-05,-0.77011
pg-7bbea8e5c064,XOM,2023-12-05,-1.6993
pg-9c2ef93c5bf4,ARE,2023-12-05,-0.03742
pg-9ed23fe48b89,T,2023-12-06,-1.09379
pg-a4153cf2e74c,RTX,2023-12-06,0.10314
pg-a4153cf2e74c,NOC,2023-12-06,1.08477
pg-a4153cf2e74c,LMT,2023-12-06,0.99341
pg-a4153cf2e74c,LHX,2023-12-06,0.50598
pg-3f913c2ef9f6,AZO,2023-12-06,1.79238
pg-dc33e65ec167,UPS,2023-12-06,0.63327
pg-eb0eb763cc42,ORCL,2023-12-06,-1.49644
pg-2a7411eb3d77,AAPL,2023-12-06,-0.11751
pg-b528575008a5,ADP,2023-12-06,0.32254
pg-e69e458c07c0,JNJ,2023-12-06,-1.12631
pg-9d7f77bec90e,NKE,2023-12-06,0.51838
pg-b329db62efec,GD,2023-12-07,-0.47123
pg-5deb92c95c54,BAC,2023-12-07,-0.2674
pg-5deb92c95c54,O,2023-12-07,-0.31976
pg-5deb92c95c54,KO,2023-12-07,-0.1
pg-b7909c5f7dee,TSLA,2023-12-07,-0.16489
pg-695c46018b51,TMUS,2023-12-07,0.04362
pg-520605a98f9b,VZ,2023-12-07,-0.08198
pg-520605a98f9b,ZBRA,2023-12-07,-0.62702
pg-33a62709f447,IQV,2023-12-07,-0.60573
pg-d06bccf29514,BIIB,2023-12-07,0.91917
pg-e13331e05c16,DHR,2023-12-07,-0.83091
pg-e8cf57072a22,CFG,2023-12-07,0.03394
pg-e8cf57072a22,C,2023-12-07,0.36825
pg-e8cf57072a22,JPM,2023-12-07,-0.26576
pg-79f0e79b602b,PAYX,2023-12-07,-0.2246
pg-ccc3f9430c34,AVGO,2023-12-08,0.96445
pg-ccc3f9430c34,LULU,2023-12-08,3.05016
pg-ba897dc5970f,NUE,2023-12-08,-0.8921
pg-ba897dc5970f,COIN,2023-12-08,1.69859
pg-c98fac2858ff,AMAT,2023-12-08,-0.62965
pg-e4a247beba64,ED,2023-12-08,-1.14937
pg-ad54464b29d6,LULU,2023-12-08,3.05016
pg-fbe4ca1b635b,ABBV,2023-12-11,0.91673
pg-dae19fdbbbfa,BRK-B,2023-12-11,1.16723
pg-486dc5b0c475,BRK-B,2023-12-11,1.16723
pg-486dc5b0c475,AAPL,2023-12-11,-1.8719
pg-486dc5b0c475,AMZN,2023-12-11,-0.945
pg-d90ce166651d,DG,2023-12-11,-0.73539
pg-6bf6c7901982,IBM,2023-12-11,1.10145
pg-1883f443a403,BA,2023-12-11,0.74854
pg-69aede8ff087,PODD,2023-12-11,-0.04535
pg-69aede8ff087,DASH,2023-12-11,0.20343
pg-788f73cdd38e,FTNT,2023-12-11,0.85588
pg-44202d486e30,TGT,2023-12-11,0.28356
pg-44202d486e30,INTC,2023-12-11,1.4227
pg-44202d486e30,EG,2023-12-11,0.8548
pg-9dfd3c4acba0,UNH,2023-12-11,-1.36784
pg-98d47ab4d067,EXPE,2023-12-11,0.33771
pg-89a50ac3a3ec,STZ,2023-12-12,-0.23748
pg-9db034f9b16f,FICO,2023-12-12,0.50189
pg-c9b5cd971867,NVDA,2023-12-12,0.66005
pg-5b7d12fb039f,T,2023-12-12,-1.28458
pg-4ec20450d60f,BMY,2023-12-12,-0.92195
pg-ff44b5193663,INTC,2023-12-12,-0.85371
pg-ca416ae74a7e,EG,2023-12-12,0.72282
pg-ca416ae74a7e,CMCSA,2023-12-12,-0.27281
pg-ca416ae74a7e,DVA,2023-12-12,0.59007
pg-7a158b641f3d,CI,2023-12-12,-0.55211
pg-7a158b641f3d,HUM,2023-12-12,0.51417
pg-96e8d5651e3a,ATO,2023-12-12,0.08345
pg-d8b0bd7d119b,TSLA,2023-12-13,-0.90115
pg-97a6741cd47f,FCX,2023-12-13,1.03574
pg-34f149228d9b,PPG,2023-12-13,-0.01842
pg-6fb4356ee095,ADBE,2023-12-13,-2.61257
pg-4921d8da77a2,BA,2023-12-13,-0.29543
pg-2694702c8a21,CNC,2023-12-13,0.08569
pg-c16a2592c76c,JNJ,2023-12-13,0.15963
pg-8f3dbd426781,MRK,2023-12-13,2.55669
pg-629539f01920,GM,2023-12-13,0.1114
pg-e11d67b1c88e,NUE,2023-12-14,1.59679
pg-bf74f5fbf732,SNPS,2023-12-14,-2.44639
pg-2a51267856e3,GM,2023-12-14,2.43269
pg-9bcb42ebc51a,AAPL,2023-12-14,-0.27873
pg-f21da4071d4a,COST,2023-12-15,3.88638
pg-70c7234e721e,CASY,2023-12-15,-1.12969
pg-7c260400197e,AMZN,2023-12-15,1.63363
pg-af5b19c61c24,AMZN,2023-12-15,1.63363
pg-a0bb02f6dc5a,MU,2023-12-15,-0.47756
pg-a0bb02f6dc5a,LHX,2023-12-15,0.704
pg-a0bb02f6dc5a,INTC,2023-12-15,1.12166
pg-a0bb02f6dc5a,COHR,2023-12-15,-0.07369
pg-a0bb02f6dc5a,NKE,2023-12-15,0.41265
pg-a670625f3a86,SLB,2023-12-15,-0.16726
pg-aa5482629344,V,2023-12-15,-0.21296
pg-7d4c29ba0c74,BRK-B,2023-12-15,-0.51046
pg-7d4c29ba0c74,HPQ,2023-12-15,-0.27308
pg-fc2e58e567be,WAB,2023-12-15,0.33236
pg-4dca8407b25d,BRK-B,2023-12-18,0.83463
pg-4dca8407b25d,AAPL,2023-12-18,-1.5891
pg-04401d5cf48b,COIN,2023-12-18,0.55574
pg-03a8cc7b1b67,T,2023-12-18,-0.55005
pg-8181e262b608,MRNA,2023-12-18,-0.35846
pg-8181e262b608,MRK,2023-12-18,0.69537
pg-c972d5739479,BA,2023-12-18,-1.43917
pg-2aa97db07c4f,KMB,2023-12-18,0.90603
pg-e1feda219d66,JCI,2023-12-18,0.88077
pg-392fdccd3576,HAL,2023-12-18,0.4787
pg-b426c642364b,LLY,2023-12-18,0.48329
pg-b426c642364b,VRTX,2023-12-18,-0.66976
pg-cc98b7171dcd,TSLA,2023-12-18,-0.74817
pg-39a56c4f3ab3,ADBE,2023-12-18,0.82504
pg-989b6d7506eb,CDNS,2023-12-18,-0.02731
pg-b0c2e50cb2cc,CBOE,2023-12-18,-0.04695
pg-70c9e34051a6,SLB,2023-12-19,0.49424
pg-3ef0cfb35833,XOM,2023-12-19,0.9961
pg-cf60f1b26bc0,AMZN,2023-12-19,-0.8832
pg-80a963ed7c73,AMZN,2023-12-19,-0.8832
pg-cd1d53adf4e0,AIZ,2023-12-19,0.6966
pg-20cde1bcf133,GPN,2023-12-19,0.05862
pg-3923428a7731,FDX,2023-12-20,-10.20319
pg-c77bca0be920,BRK-B,2023-12-20,-1.62354
pg-c77bca0be920,KO,2023-12-20,-2.67428
pg-c77bca0be920,BAC,2023-12-20,0.09689
pg-bc6bb44a140c,EME,2023-12-20,-0.39087
pg-422026073c2b,IBM,2023-12-20,-0.52965
pg-422026073c2b,INTC,2023-12-20,0.09309
pg-422026073c2b,T,2023-12-20,-0.67695
pg-422026073c2b,DIS,2023-12-20,-1.04722
pg-422026073c2b,AMT,2023-12-20,0.9381
pg-5e2c4b9b4c15,GIS,2023-12-20,-2.98888
pg-5aa95725ed66,KIM,2023-12-21,-0.29799
pg-1dc05ac306d5,TMO,2023-12-21,0.34647
pg-af03444382bd,GWW,2023-12-21,0.23272
pg-7acadf0b856b,ROL,2023-12-21,0.44375
pg-7acadf0b856b,DVA,2023-12-21,0.11452
pg-014b6594ec2c,SMCI,2023-12-21,-0.54099
pg-421af5887285,CMCSA,2023-12-22,-0.17395
pg-5b12b7185e59,MPC,2023-12-22,-0.75588
pg-a9a653e08acc,NVDA,2023-12-22,-0.37979
pg-a9a653e08acc,META,2023-12-22,-0.34376
pg-dc2853be8d1b,ODFL,2023-12-22,0.33499
pg-f13b3fa77ad3,GOOGL,2023-12-22,0.31382
pg-f13b3fa77ad3,CMCSA,2023-12-22,-0.17395
pg-f13b3fa77ad3,NEE,2023-12-22,0.04885
pg-f13b3fa77ad3,VRTX,2023-12-22,0.3585
pg-88830134d606,TSLA,2023-12-22,-0.46636
pg-88830134d606,CCL,2023-12-22,-0.61538
pg-88830134d606,NKE,2023-12-22,-10.40472
pg-baeac9d857f0,FISV,2023-12-22,0.16359
pg-f259c0cf308c,GOOGL,2023-12-22,0.31382
pg-11a1947471cb,DIS,2023-12-22,-0.68829
pg-11a1947471cb,CMCSA,2023-12-22,-0.17395
pg-aaa3a2c2fdc4,CCL,2023-12-26,-0.92747
pg-d5d38032a64d,NVDA,2023-12-26,0.06323
pg-d5d38032a64d,MSFT,2023-12-26,-0.36859
pg-d5d38032a64d,GOOGL,2023-12-26,-0.37992
pg-4ff6413ae7c3,WDAY,2023-12-26,-0.00259
pg-0b5d275e68fc,META,2023-12-27,0.38888
pg-09bfbbceb604,PODD,2023-12-27,0.0361
pg-7047ed7c5fe6,PG,2023-12-27,0.01424
pg-7047ed7c5fe6,KO,2023-12-27,0.25157
pg-7047ed7c5fe6,KHC,2023-12-27,-0.01696
pg-f172918a3a54,RSG,2023-12-27,0.43877
pg-f172918a3a54,WM,2023-12-27,0.11471
pg-6629c04f2560,KO,2023-12-27,0.25157
pg-5bdd795954a4,MS,2023-12-27,0.38417
pg-ef013522feff,ECL,2023-12-28,-0.34889
pg-c05ac9f81989,CRM,2023-12-29,-0.26265
pg-4ca3f0c2b2ae,CRM,2023-12-29,-0.26265
pg-44fe4b2afa3d,ALB,2024-01-02,0.79001
pg-44fe4b2afa3d,CRWD,2024-01-02,-1.23852
pg-67edce9cb436,ABBV,2024-01-02,4.22686
pg-67edce9cb436,O,2024-01-02,2.05545
pg-67edce9cb436,TROW,2024-01-02,0.70157
