record_id,STOCK,LAST_PRICE,1_DAY_RETURN,3_DAY_RETURN,7_DAY_RETURN,VOLATILITY_10D,VOLATILITY_30D,TEXTBLOB_POLARITY,LSTM_POLARITY
tw-ed72683fad59,Apple,121.35,0.0023073753605274,0.0049443757725587,-0.011372064276885,9.114,8.417,0.0,-1.0
tw-d8e26675548f,Reuters,49.3887,-0.0026767256477695,0.0031221716708478,0.0044605344947324,9.665,9.094,0.16,-1.0
tw-2ec70331adfa,Starbucks,55.22,0.0123143788482433,0.0162984425932632,0.0583122057225642,23.916,17.298,-0.390625,-1.0
tw-367eb52a52ea,Reuters,49.3887,-0.0026767256477695,0.0031221716708478,0.0044605344947324,9.665,9.094,0.25,-1.0
tw-bc8a0790d52a,CBS,64.49,-0.0013955652039074,0.0038765700108543,-0.0234144828655605,16.338,16.302,0.0,1.0
tw-5dafa4b798f2,eBay,31.83,0.0106817467797676,0.021363493559535,-0.0578071002199183,33.029,22.932,0.0,1.0
tw-dd11b2c567f6,Samsung,39460.0,0.0111505321844906,0.0111505321844906,-0.0329447541814495,22.556,24.698,0.0,1.0
tw-4273a5aafe2f,eBay,31.83,0.0106817467797676,0.021363493559535,-0.0578071002199183,33.029,22.932,0.0,1.0
tw-244840e86942,CBS,64.49,-0.0013955652039074,0.0038765700108543,-0.0234144828655605,16.338,16.302,0.0,1.0
tw-b4a160977567,Sony,3423.0,0.0230791703184341,0.0239555945077417,-0.0014607069821793,20.183,19.517,0.0,1.0
tw-bc5d0b2f6389,Starbucks,55.22,0.0123143788482433,0.0162984425932632,0.0583122057225642,23.916,17.298,0.0666666666666666,1.0
tw-e5e0bf388da1,Starbucks,55.22,0.0123143788482433,0.0162984425932632,0.0583122057225642,23.916,17.298,0.25,-1.0
tw-5a4c1c050c27,Google,820.19,0.0044379960740803,0.0302856655165265,0.0357721991245929,21.549,14.953,0.16,1.0
tw-a550857c1c2d,PayPal,39.78,0.0020110608345902,0.0123177476118653,0.0548014077425842,18.769,16.099,0.0,-1.0
tw-aec026e69d2e,Amazon,823.48,0.0083790741730217,0.0149244668965851,-0.0012629329188322,13.447,16.992,0.0,-1.0
tw-13e36fe10453,Amazon,823.48,0.0083790741730217,0.0149244668965851,-0.0012629329188322,13.447,16.992,0.45,1.0
tw-c953469e8af9,Apple,121.35,0.0023073753605274,0.0049443757725587,-0.011372064276885,9.114,8.417,0.0,1.0
tw-91ec8daca65f,Microsoft,64.65,0.0074245939675172,0.0174787316318638,-0.0174787316318639,16.199,13.125,1.0,1.0
tw-4a2574f24896,BMW,84.40799999999999,0.0251161027390769,0.0359207658041893,0.0353165576722586,21.54,15.547,0.0681818181818181,1.0
tw-2989ce38cae9,Sony,3423.0,0.0230791703184341,0.0239555945077417,-0.0014607069821793,20.183,19.517,0.0,-1.0
tw-4b645099131b,Facebook,130.32,0.0050644567219152,0.0142725598526704,-0.0072897483118476,15.121,16.219,0.0,1.0
tw-f23a1f8d0986,eBay,31.83,0.0106817467797676,0.021363493559535,-0.0578071002199183,33.029,22.932,0.0,1.0
tw-8f4bcd947749,Microsoft,64.65,0.0074245939675172,0.0174787316318638,-0.0174787316318639,16.199,13.125,0.8,1.0
tw-d0c2565bcb57,Facebook,130.32,0.0050644567219152,0.0142725598526704,-0.0072897483118476,15.121,16.219,0.4166666666666667,1.0
tw-bf6d68979753,Google,820.19,0.0044379960740803,0.0302856655165265,0.0357721991245929,21.549,14.953,0.8,-1.0
tw-95d4305008b8,Honda,3387.0,0.0289341600236197,0.0286389134927664,-0.0035429583702391,29.817,25.796,0.4,1.0
tw-174320d2f858,HP,15.05,-0.013953488372093,-0.0166112956810631,0.0079734219269102,27.84800000000001,19.862,0.8,-1.0
tw-89d651cd403a,HP,15.05,-0.013953488372093,-0.0166112956810631,0.0079734219269102,27.84800000000001,19.862,0.8,-1.0
tw-f38507a8457e,Microsoft,64.65,0.0074245939675172,0.0174787316318638,-0.0174787316318639,16.199,13.125,0.0,-1.0
tw-7b90a43a9fe9,Sony,3423.0,0.0230791703184341,0.0239555945077417,-0.0014607069821793,20.183,19.517,-0.4,1.0
tw-c76dd0cf9376,Amazon,823.48,0.0083790741730217,0.0149244668965851,-0.0012629329188322,13.447,16.992,-0.1,-1.0
tw-a406779556a7,Honda,3387.0,0.0289341600236197,0.0286389134927664,-0.0035429583702391,29.817,25.796,0.2222222222222222,-1.0
tw-f54a8532d6b3,Honda,3387.0,0.0289341600236197,0.0286389134927664,-0.0035429583702391,29.817,25.796,0.5,-1.0
tw-2fa066525b44,Toyota,6584.0,0.0183778857837181,0.0182260024301336,-0.0007594167679222,23.594,19.487,0.5,1.0
tw-b5136ff8110f,Honda,3387.0,0.0289341600236197,0.0286389134927664,-0.0035429583702391,29.817,25.796,0.0,-1.0
tw-2258e904188f,Starbucks,55.22,0.0123143788482433,0.0162984425932632,0.0583122057225642,23.916,17.298,0.0,-1.0
tw-4e5b69300ee3,Starbucks,55.22,0.0123143788482433,0.0162984425932632,0.0583122057225642,23.916,17.298,0.0,1.0
tw-e4092b4dc4e2,Reuters,49.3887,-0.0026767256477695,0.0031221716708478,0.0044605344947324,9.665,9.094,0.0,-1.0
tw-07cc7b49cc17,HP,15.05,-0.013953488372093,-0.0166112956810631,0.0079734219269102,27.84800000000001,19.862,-0.25,1.0
tw-49f40803acc7,Next,3830.0,0.014621409921671,0.0052219321148825,-0.0010443864229765,17.197,50.149,-0.45,1.0
tw-1337a530b90e,Sony,3423.0,0.0230791703184341,0.0239555945077417,-0.0014607069821793,20.183,19.517,0.0,1.0
tw-69bc5c778486,Next,3830.0,0.014621409921671,0.0052219321148825,-0.0010443864229765,17.197,50.149,0.25,1.0
tw-da2184edd6f8,Reuters,49.3887,-0.0026767256477695,0.0031221716708478,0.0044605344947324,9.665,9.094,0.0,1.0
tw-d23d7c3fecf4,Toyota,6584.0,0.0183778857837181,0.0182260024301336,-0.0007594167679222,23.594,19.487,0.5,-1.0
tw-bf4fb86e83b0,Toyota,6584.0,0.0183778857837181,0.0182260024301336,-0.0007594167679222,23.594,19.487,0.5,-1.0
tw-14fc312f5318,Honda,3387.0,0.0289341600236197,0.0286389134927664,-0.0035429583702391,29.817,25.796,0.0,-1.0
tw-5faee844e7ba,Reuters,49.3887,-0.0026767256477695,0.0031221716708478,0.0044605344947324,9.665,9.094,-0.05,1.0
tw-0bbd70c64d60,Starbucks,55.22,0.0123143788482433,0.0162984425932632,0.0583122057225642,23.916,17.298,0.0,-1.0
tw-0336358ec400,McDonald's,122.57,0.0036713714612058,0.002365994941666,-0.0124010769356285,7.972,9.585,0.0,-1.0
tw-56733c36d583,Samsung,39460.0,0.0111505321844906,0.0111505321844906,-0.0329447541814495,22.556,24.698,0.0,1.0
tw-bf9444b3552b,Honda,3387.0,0.0289341600236197,0.0286389134927664,-0.0035429583702391,29.817,25.796,0.0,1.0
tw-431ee3d732e9,Honda,3387.0,0.0289341600236197,0.0286389134927664,-0.0035429583702391,29.817,25.796,0.0,-1.0
tw-883bc5ce9145,Intel,36.82,0.0162954915806627,0.0315046170559477,0.0217273221075501,20.872,14.55,0.0,-1.0
tw-13614a073857,eBay,31.83,0.0106817467797676,0.021363493559535,-0.0578071002199183,33.029,22.932,0.0,-1.0
tw-d4d5a453504a,Microsoft,64.65,0.0074245939675172,0.0174787316318638,-0.0174787316318639,16.199,13.125,0.0,1.0
tw-66d4471ccbee,Walmart,66.74,-0.0047947258016181,-0.0161821995804614,0.0098891219658377,15.265999999999998,14.808,0.0,1.0
tw-5b87a4401ab6,Starbucks,55.22,0.0123143788482433,0.0162984425932632,0.0583122057225642,23.916,17.298,0.65,1.0
tw-431cc9f0cb28,Starbucks,55.22,0.0123143788482433,0.0162984425932632,0.0583122057225642,23.916,17.298,0.0,-1.0
tw-11388be57533,Reuters,49.3887,-0.0026767256477695,0.0031221716708478,0.0044605344947324,9.665,9.094,0.0,-1.0
tw-41ff689280a2,Reuters,49.3887,-0.0026767256477695,0.0031221716708478,0.0044605344947324,9.665,9.094,0.0,-1.0
tw-6d75e041e8fb,Reuters,49.3887,-0.0026767256477695,0.0031221716708478,0.0044605344947324,9.665,9.094,0.0,-1.0
tw-8b01b1cd656e,Samsung,39460.0,0.0111505321844906,0.0111505321844906,-0.0329447541814495,22.556,24.698,-0.625,-1.0
tw-053bd801ffaa,Starbucks,55.22,0.0123143788482433,0.0162984425932632,0.0583122057225642,23.916,17.298,0.3,1.0
tw-d6664986caa6,Starbucks,55.22,0.0123143788482433,0.0162984425932632,0.0583122057225642,23.916,17.298,0.25,1.0
tw-2dbcf8561f3a,Starbucks,55.22,0.0123143788482433,0.0162984425932632,0.0583122057225642,23.916,17.298,0.0,-1.0
tw-6d5f07690690,PayPal,39.78,0.0020110608345902,0.0123177476118653,0.0548014077425842,18.769,16.099,0.0,1.0
tw-a04bf737679c,adidas,146.4,0.0276024590163934,0.0507581967213115,0.04525956284153,20.484,19.092,0.0,1.0
tw-23a7f079ccad,Starbucks,55.22,0.0123143788482433,0.0162984425932632,0.0583122057225642,23.916,17.298,0.0,-1.0
tw-2bd31dbf245b,Apple,121.35,0.0023073753605274,0.0049443757725587,-0.011372064276885,9.114,8.417,0.5,-1.0
tw-7ea4fff79743,McDonald's,122.57,0.0036713714612058,0.002365994941666,-0.0124010769356285,7.972,9.585,0.0,1.0
tw-dc5a1363497b,HP,15.05,-0.013953488372093,-0.0166112956810631,0.0079734219269102,27.84800000000001,19.862,0.275,1.0
tw-3ba8cf6aaca3,Facebook,130.32,0.0050644567219152,0.0142725598526704,-0.0072897483118476,15.121,16.219,0.1704545454545454,1.0
tw-fd02aae38f25,Netflix,140.71,0.0036244758723615,0.0123658588586453,-0.0042640892616018,27.398000000000003,24.135,0.0,1.0
tw-d02fa02700ff,Reuters,49.3887,-0.0026767256477695,0.0031221716708478,0.0044605344947324,9.665,9.094,0.0,1.0
tw-f0c2bae309fd,Samsung,39460.0,0.0111505321844906,0.0111505321844906,-0.0329447541814495,22.556,24.698,0.0,-1.0
tw-a5a87b6332c6,Starbucks,55.22,0.0123143788482433,0.0162984425932632,0.0583122057225642,23.916,17.298,-0.12,1.0
tw-c1b301d2ee98,Starbucks,55.22,0.0123143788482433,0.0162984425932632,0.0583122057225642,23.916,17.298,0.5,1.0
tw-4cacfe77630f,Nike,52.9,0.0034026465028355,0.0054820415879016,0.0103969754253308,8.853,15.503,0.0,-1.0
tw-b8d90262c9b3,Samsung,39460.0,0.0111505321844906,0.0111505321844906,-0.0329447541814495,22.556,24.698,0.0,1.0
tw-05d8cd581b6b,Samsung,39460.0,0.0111505321844906,0.0111505321844906,-0.0329447541814495,22.556,24.698,0.0,-1.0
tw-d409e4d731f8,PayPal,39.78,0.0020110608345902,0.0123177476118653,0.0548014077425842,18.769,16.099,-0.3,-1.0
tw-ba402cf08e16,Starbucks,55.22,0.0123143788482433,0.0162984425932632,0.0583122057225642,23.916,17.298,0.3444444444444444,-1.0
tw-6a7242235dc1,Starbucks,55.22,0.0123143788482433,0.0162984425932632,0.0583122057225642,23.916,17.298,0.0,1.0
tw-52be8284ed0f,Starbucks,55.22,0.0123143788482433,0.0162984425932632,0.0583122057225642,23.916,17.298,0.0,-1.0
tw-7de0d29705ba,eBay,31.83,0.0106817467797676,0.021363493559535,-0.0578071002199183,33.029,22.932,0.0,1.0
tw-4ce6d3ffd67b,Honda,3387.0,0.0289341600236197,0.0286389134927664,-0.0035429583702391,29.817,25.796,0.0,-1.0
tw-a31816593c4a,Toyota,6584.0,0.0183778857837181,0.0182260024301336,-0.0007594167679222,23.594,19.487,0.0,1.0
tw-552dac1f4237,McDonald's,122.57,0.0036713714612058,0.002365994941666,-0.0124010769356285,7.972,9.585,0.0,1.0
tw-9d436bddc132,BMW,84.40799999999999,0.0251161027390769,0.0359207658041893,0.0353165576722586,21.54,15.547,0.0,-1.0
tw-4b45ae4b6669,Honda,3415.0,-0.0081991215226939,0.0202049780380673,0.0102489019033674,26.41800000000001,25.746,-0.1666666666666666,1.0
tw-85eebe86e71c,Next,3873.0,-0.0111025045184611,-0.0059385489284792,-0.0043893622514846,19.032,50.505,0.0,-1.0
tw-583bfd0698e1,Apple,128.75,-0.0574757281553398,-0.0528155339805825,-0.0533592233009709,32.204,19.196,0.0,-1.0
tw-2b24e1ab27e3,Apple,128.75,-0.0574757281553398,-0.0528155339805825,-0.0533592233009709,32.204,19.196,0.0,-1.0
tw-382bb5870fce,Microsoft,63.58,0.0168291915696761,0.0346020761245675,0.0015728216420258,19.39,12.716,0.7,-1.0
tw-f05126d5f998,HP,14.99,0.0040026684456304,-0.0126751167444962,0.0133422281521013,26.395,19.843,0.0,1.0
tw-2d09a697b4e4,HP,14.99,0.0040026684456304,-0.0126751167444962,0.0133422281521013,26.395,19.843,0.0121212121212121,-1.0
tw-43fdd375970d,eBay,32.18,-0.0108763206960845,0.0102548166563082,-0.0605966438781851,33.037,22.838,0.0,1.0
tw-98d919861bc0,Nike,53.02,-0.002263296869106,0.0032063372312333,0.0158430780837419,8.269,15.483,0.0,-1.0
tw-30f6c3d5b40c,Samsung,39120.0,0.0086912065439672,0.0199386503067484,0.0071574642126789,24.303,24.95,0.0,-1.0
tw-c8d65ed655e2,Nike,53.02,-0.002263296869106,0.0032063372312333,0.0158430780837419,8.269,15.483,0.0,1.0
tw-b4a1e5e44ad2,Samsung,39120.0,0.0086912065439672,0.0199386503067484,0.0071574642126789,24.303,24.95,0.0,1.0
tw-e95adbda0f1f,Intel,36.52,0.0082146768893756,0.0399780941949614,0.035049288061336,21.182,13.961,0.25,-1.0
tw-51faecc84fa0,HP,14.99,0.0040026684456304,-0.0126751167444962,0.0133422281521013,26.395,19.843,-0.4,1.0
tw-1709ec1305cb,PayPal,39.31,0.0119562452302212,0.024421266853218,0.0610531671330449,19.12,16.487000000000002,0.0,1.0
tw-1a368117ee7f,Facebook,133.23,-0.0218419274938076,-0.0078811078585902,-0.0131351797643173,18.12,16.992,0.0,-1.0
tw-d7b1fd7b274f,CBS,64.6,-0.0017027863777089,0.0021671826625387,-0.024767801857585,13.477,16.281,-0.25,1.0
tw-14ada88a9966,Next,3873.0,-0.0111025045184611,-0.0059385489284792,-0.0043893622514846,19.032,50.505,0.0,1.0
tw-a1bd22aa0e64,Starbucks,53.9,0.0244897959183673,0.0411873840445268,0.0890538033395177,25.781,18.576,0.25,-1.0
tw-899855ea8b1c,PayPal,39.31,0.0119562452302212,0.024421266853218,0.0610531671330449,19.12,16.487000000000002,0.0,-1.0
tw-1d32f485ff16,Reuters,49.0803,0.0062835801737152,0.009425370260573,0.0177280904965943,10.369000000000002,9.245,0.0,1.0
tw-fd97076a74b5,Netflix,140.78,-0.0004972297201306,0.0118624804659751,-0.0089501349623525,19.491,24.09800000000001,0.1645021645021645,-1.0
tw-3166220a6c13,McDonald's,122.42,0.0012252899852964,0.0035941839568697,-0.0051462179382453,7.607,9.573,-0.3047619047619047,-1.0
tw-265c56b99d38,BMW,84.78399999999998,-0.0044347990186828,0.0313266654085677,0.048546895640687,21.794,15.673,0.375,-1.0
tw-da901e25bffa,Samsung,39120.0,0.0086912065439672,0.0199386503067484,0.0071574642126789,24.303,24.95,0.0,1.0
tw-9e21860324e8,Samsung,39120.0,0.0086912065439672,0.0199386503067484,0.0071574642126789,24.303,24.95,0.0181818181818181,-1.0
tw-b08b5aa10170,Netflix,140.78,-0.0004972297201306,0.0118624804659751,-0.0089501349623525,19.491,24.09800000000001,0.1363636363636363,1.0
tw-48c00099c205,Starbucks,53.9,0.0244897959183673,0.0411873840445268,0.0890538033395177,25.781,18.576,0.0,-1.0
tw-0d6d0a163be3,Starbucks,53.9,0.0244897959183673,0.0411873840445268,0.0890538033395177,25.781,18.576,0.5,1.0
tw-b8bf71e24697,Toyota,6546.0,0.0058050717995722,0.024136877482432,0.0244424075771463,20.246,19.487,0.1363636363636363,1.0
tw-27f6a527a966,Toyota,6546.0,0.0058050717995722,0.024136877482432,0.0244424075771463,20.246,19.487,1.0,1.0
tw-eb62b1a64ba0,Walmart,66.23,0.0077004378680354,-0.0086063717348634,0.0099652725351048,15.316,14.526,0.0916666666666666,-1.0
tw-3a3af1a70e20,Intel,36.52,0.0082146768893756,0.0399780941949614,0.035049288061336,21.182,13.961,0.5,-1.0
tw-bc7c90141a3c,Google,815.24,0.0060718316078701,0.0365413865855453,0.0530027967224376,21.579,15.049,-0.125,-1.0
tw-c07aad1749a5,Microsoft,63.98,0.003907471084714,0.0100031259768678,0.0079712410128164,4.759,12.39,0.0,1.0
tw-4453e2e600fa,Microsoft,63.98,0.003907471084714,0.0100031259768678,0.0079712410128164,4.759,12.39,0.0,1.0
tw-05b22df46033,Microsoft,63.98,0.003907471084714,0.0100031259768678,0.0079712410128164,4.759,12.39,0.0,1.0
tw-2471c43deb7c,Amazon,845.04,0.0042601533655211,0.0002366751869734,0.0134904856574837,10.6,15.837,0.0,1.0
tw-6439e5bf7a5a,Amazon,845.04,0.0042601533655211,0.0002366751869734,0.0134904856574837,10.6,15.837,0.4166666666666667,1.0
tw-98ec3117d99c,Amazon,845.04,0.0042601533655211,0.0002366751869734,0.0134904856574837,10.6,15.837,-0.1555555555555556,-1.0
tw-531154a1eb90,Amazon,845.04,0.0042601533655211,0.0002366751869734,0.0134904856574837,10.6,15.837,-0.26875,1.0
tw-be451c1ff6ac,CBS,65.92,0.0047026699029126,0.0159283980582523,0.0233616504854367,19.256,16.692,0.0,1.0
tw-9f7a900eae33,Reuters,46.591,0.0073297417956256,0.0094567620355861,0.049172586980318,15.922,17.907,0.8,1.0
tw-16c139de2825,Intel,36.2,0.008563535911602,0.0091160220994474,0.0088397790055248,11.92,16.072,0.35,-1.0
tw-0c56acf8a325,Google,844.93,0.0056099321837312,0.0034085663901151,0.0051365201851041,6.591,12.823,0.1363636363636363,-1.0
tw-1fa6ae45f56a,Facebook,135.54,0.0064187693669765,-0.000737789582411,-0.0134277703998819,12.07,14.601,0.0,1.0
tw-3ee2cbbea236,Google,844.93,0.0056099321837312,0.0034085663901151,0.0051365201851041,6.591,12.823,0.0,1.0
tw-239012053b34,McDonald's,127.65,-0.0051703877790835,0.0078339208773991,0.0030552291421855,9.928,8.135,0.5,1.0
tw-e3080956d316,Disney,110.09,0.0012716868017076,0.0020891997456625,-0.0007266781724043,5.81,8.831,0.1166666666666666,1.0
tw-8721856c0f60,McDonald's,127.65,-0.0051703877790835,0.0078339208773991,0.0030552291421855,9.928,8.135,0.0,1.0
tw-aa6c769e852d,Disney,110.09,0.0012716868017076,0.0020891997456625,-0.0007266781724043,5.81,8.831,0.15,-1.0
tw-0a6476878ede,Amazon,845.04,0.0042601533655211,0.0002366751869734,0.0134904856574837,10.6,15.837,0.0,-1.0
tw-dc2cbf3e8eeb,McDonald's,127.65,-0.0051703877790835,0.0078339208773991,0.0030552291421855,9.928,8.135,0.0,1.0
tw-98be4c85ef5e,Honda,3489.0,0.0025795356835769,0.0183433648609916,0.0306678131269704,12.082,23.031,0.0,1.0
tw-d217297ca735,adidas,157.863,-0.0007474835775323,-0.0371397984328183,-0.0399270253320917,24.356,22.092,0.0,-1.0
tw-0eb9c9b447e4,eBay,33.9,0.0112094395280236,0.0047197640117995,0.000589970501475,15.92,21.975,0.0,-1.0
tw-ba525b6355ac,Sony,3478.0,-0.0069005175388154,0.0023001725129384,0.0123634272570442,11.009,20.938,0.0,1.0
tw-172c33165f20,Disney,110.09,0.0012716868017076,0.0020891997456625,-0.0007266781724043,5.81,8.831,0.0,1.0
tw-a68a44089cd4,Microsoft,63.98,0.003907471084714,0.0100031259768678,0.0079712410128164,4.759,12.39,-0.4,-1.0
tw-55e62d2ab69d,Honda,3489.0,0.0025795356835769,0.0183433648609916,0.0306678131269704,12.082,23.031,0.1363636363636363,-1.0
tw-8282236f164e,Next,3827.0,-0.0044421217663966,-0.0094068460935458,-0.0039195192056441,7.6560000000000015,15.563,0.0,-1.0
tw-eef5e13a2ad5,Next,3827.0,-0.0044421217663966,-0.0094068460935458,-0.0039195192056441,7.6560000000000015,15.563,-0.1199999999999999,1.0
tw-ae71fd68f3d7,Nike,57.16,0.0092722183344996,0.0122463261021694,0.0034989503149055,16.337,15.42,0.0,-1.0
tw-bd08bafa0ba3,CBS,65.92,0.0047026699029126,0.0159283980582523,0.0233616504854367,19.256,16.692,-0.234375,1.0
tw-05ec0c34ded3,BMW,84.22200000000002,0.0038113557027853,0.0021847023343069,0.0274156396191018,14.776,17.222,0.0,-1.0
tw-7146f428b27e,BMW,84.22200000000002,0.0038113557027853,0.0021847023343069,0.0274156396191018,14.776,17.222,0.2555555555555556,1.0
tw-8db1197eea7c,Disney,110.09,0.0012716868017076,0.0020891997456625,-0.0007266781724043,5.81,8.831,-0.095,-1.0
tw-5bf6e4db255d,Sony,3478.0,-0.0069005175388154,0.0023001725129384,0.0123634272570442,11.009,20.938,0.0,-1.0
tw-1a0204fc58d6,Amazon,845.04,0.0042601533655211,0.0002366751869734,0.0134904856574837,10.6,15.837,0.0,1.0
tw-be157b35e3a1,McDonald's,127.65,-0.0051703877790835,0.0078339208773991,0.0030552291421855,9.928,8.135,0.4,-1.0
tw-6af82d6fcdc3,Reuters,46.591,0.0073297417956256,0.0094567620355861,0.049172586980318,15.922,17.907,-0.0333333333333333,-1.0
tw-ea0741fe0336,McDonald's,127.65,-0.0051703877790835,0.0078339208773991,0.0030552291421855,9.928,8.135,0.0,-1.0
tw-181375431cfb,Microsoft,63.98,0.003907471084714,0.0100031259768678,0.0079712410128164,4.759,12.39,0.0,1.0
tw-f1e4456fb52f,Honda,3489.0,0.0025795356835769,0.0183433648609916,0.0306678131269704,12.082,23.031,0.2,1.0
tw-00843736fb96,Apple,136.99,-0.0004379881743193,-0.0024089349587562,-0.0021169428425434,5.183,18.649,0.2,1.0
tw-1b75133cda2d,adidas,157.863,-0.0007474835775323,-0.0371397984328183,-0.0399270253320917,24.356,22.092,-0.1666666666666666,1.0
tw-5512cda45737,Sony,3478.0,-0.0069005175388154,0.0023001725129384,0.0123634272570442,11.009,20.938,0.0,1.0
tw-e0585bafe94e,Amazon,845.04,0.0042601533655211,0.0002366751869734,0.0134904856574837,10.6,15.837,0.0,1.0
tw-542dc123256a,Ford,12.53,0.0103750997605746,-0.0047885075818035,0.0127693535514764,13.905,19.099,0.0,1.0
tw-39845da4bde6,PayPal,42.0,0.0152380952380952,0.0254761904761904,0.0102380952380952,15.2,16.783,0.0,1.0
tw-52e59dd6d7bd,PayPal,42.0,0.0152380952380952,0.0254761904761904,0.0102380952380952,15.2,16.783,0.2,1.0
tw-4c6a43194540,Disney,110.09,0.0012716868017076,0.0020891997456625,-0.0007266781724043,5.81,8.831,0.0,1.0
tw-866d75f43fc6,Facebook,135.54,0.0064187693669765,-0.000737789582411,-0.0134277703998819,12.07,14.601,0.5,-1.0
tw-cc4866c74378,PayPal,42.0,0.0152380952380952,0.0254761904761904,0.0102380952380952,15.2,16.783,0.0,-1.0
tw-196c3faeb294,eBay,33.9,0.0112094395280236,0.0047197640117995,0.000589970501475,15.92,21.975,0.0583333333333333,1.0
tw-645232a78596,McDonald's,127.65,-0.0051703877790835,0.0078339208773991,0.0030552291421855,9.928,8.135,0.0,1.0
tw-7a3162b0aa78,Toyota,6365.0,0.0064414768263943,0.0130400628436763,0.0177533385703063,9.844,20.255,0.0,1.0
tw-30e6a7fbfc81,eBay,33.9,0.0112094395280236,0.0047197640117995,0.000589970501475,15.92,21.975,0.0,1.0
tw-479cabb0f8d3,Amazon,845.04,0.0042601533655211,0.0002366751869734,0.0134904856574837,10.6,15.837,0.0,-1.0
tw-4db5cb742c4e,Walmart,70.93,0.0114197095728181,0.0205836740448328,0.0073311715776116,20.518,17.451,-0.6,-1.0
tw-18ed9ee80cb8,Sony,3478.0,-0.0069005175388154,0.0023001725129384,0.0123634272570442,11.009,20.938,0.8,-1.0
tw-c80559bf4c73,Facebook,135.54,0.0064187693669765,-0.000737789582411,-0.0134277703998819,12.07,14.601,0.0,1.0
tw-21f31a30483f,Samsung,38440.0,-0.009885535900104,-0.005723204994797,0.0130072840790842,20.992,20.009,-0.1666666666666666,1.0
tw-98016775cc86,Samsung,38440.0,-0.009885535900104,-0.005723204994797,0.0130072840790842,20.992,20.009,-0.1666666666666666,1.0
tw-c270ad093097,Samsung,38440.0,-0.009885535900104,-0.005723204994797,0.0130072840790842,20.992,20.009,-0.1666666666666666,-1.0
tw-c099f05014eb,Samsung,38440.0,-0.009885535900104,-0.005723204994797,0.0130072840790842,20.992,20.009,0.0,1.0
tw-88a5319bfb5a,Sony,3478.0,-0.0069005175388154,0.0023001725129384,0.0123634272570442,11.009,20.938,0.0,1.0
tw-e8bc8da14952,Sony,3478.0,-0.0069005175388154,0.0023001725129384,0.0123634272570442,11.009,20.938,0.0357142857142857,-1.0
tw-b8186948294a,Reuters,46.591,0.0073297417956256,0.0094567620355861,0.049172586980318,15.922,17.907,0.0,1.0
tw-13245392dc10,Next,3827.0,-0.0044421217663966,-0.0094068460935458,-0.0039195192056441,7.6560000000000015,15.563,0.0,-1.0
tw-88cea347e061,Honda,3489.0,0.0025795356835769,0.0183433648609916,0.0306678131269704,12.082,23.031,0.0,-1.0
tw-98a9c4edf313,Honda,3489.0,0.0025795356835769,0.0183433648609916,0.0306678131269704,12.082,23.031,0.0,1.0
tw-1a4f27c9a7c4,Reuters,46.591,0.0073297417956256,0.0094567620355861,0.049172586980318,15.922,17.907,0.2666666666666666,1.0
tw-b7b48fa594e7,Samsung,38440.0,-0.009885535900104,-0.005723204994797,0.0130072840790842,20.992,20.009,1.0,1.0
tw-aa48533ac73f,Amazon,845.04,0.0042601533655211,0.0002366751869734,0.0134904856574837,10.6,15.837,-0.2,1.0
tw-100889e59bcb,Intel,35.93,0.0075146117450599,0.0166991372112441,0.0038964653492903,12.582,16.205,0.1363636363636363,-1.0
tw-757b5eb2f5ec,Apple,139.79,-0.0200300450676012,-0.0223907289505686,-0.019171614564704,11.327,19.163,0.0,1.0
tw-c03bdd67aa00,CBS,67.26,-0.0199226880761225,-0.004311626523937,-0.0020814748736247,21.706,16.747,0.0,1.0
tw-8bd132d5519d,Google,856.75,-0.0137963233148527,-0.0104347826086957,-0.0062912168077035,9.219,13.415,0.0681818181818181,-1.0
tw-c4cdc8a175f6,Intel,35.93,0.0075146117450599,0.0166991372112441,0.0038964653492903,12.582,16.205,0.0,-1.0
tw-f6e57eb100d0,Honda,3521.0,-0.0090883271797784,0.0090883271797784,0.0278330019880715,14.019,21.985,0.0,-1.0
tw-0df255474b8d,McDonald's,129.05,-0.0108485083301046,-0.0030995738086013,-0.009298721425804,11.003,8.602,0.2,-1.0
tw-707e2c5ca84b,Reuters,46.7012,-0.0023596824064477,0.007074764674141,0.0158004505237553,16.195,17.74,0.0,1.0
tw-8499fa961a10,Google,856.75,-0.0137963233148527,-0.0104347826086957,-0.0062912168077035,9.219,13.415,1.0,-1.0
tw-a3159dabbc52,McDonald's,129.05,-0.0108485083301046,-0.0030995738086013,-0.009298721425804,11.003,8.602,0.0777777777777777,-1.0
tw-5152558b69aa,Walmart,70.45,0.0068133427963094,0.0275372604684172,0.0178850248403121,21.237,17.533,0.0,-1.0
tw-ca5cfd395300,Disney,111.04,-0.0085554755043227,-0.0064841498559078,-0.0082853025936599,7.425,9.14,0.0,-1.0
tw-796ef14abe17,adidas,160.5,-0.016429906542056,-0.0529595015576324,-0.0482928348909657,22.235,22.538,0.2,1.0
tw-bcc99f88302b,Apple,139.79,-0.0200300450676012,-0.0223907289505686,-0.019171614564704,11.327,19.163,0.7,1.0
tw-679a8091dc43,PayPal,42.43,-0.0101343389111477,0.015083667216592,-0.0002356823002592,15.803,17.024,0.08125,1.0
tw-c531fb5fb72b,McDonald's,129.05,-0.0108485083301046,-0.0030995738086013,-0.009298721425804,11.003,8.602,0.0,1.0
tw-9a1a32b48ac4,Walmart,70.45,0.0068133427963094,0.0275372604684172,0.0178850248403121,21.237,17.533,0.625,1.0
tw-7f20e8c7667b,McDonald's,129.05,-0.0108485083301046,-0.0030995738086013,-0.009298721425804,11.003,8.602,0.1166666666666666,1.0
tw-6c4210f121cb,Reuters,46.7012,-0.0023596824064477,0.007074764674141,0.0158004505237553,16.195,17.74,0.0,-1.0
tw-0fcdf3b5734f,Toyota,6466.0,-0.0156201670275286,-0.0027837921435199,0.0057222394061243,13.502,20.103,0.2833333333333333,1.0
tw-be5bc5331fbc,Apple,143.66,0.0018794375609077,0.00097452317973,-0.0210218571627454,14.898,11.614,-0.3,1.0
tw-834031ab7a86,Facebook,142.05,0.002534318901795,-0.0020415346708906,-0.0120380147835269,10.314,9.535,0.0,1.0
tw-5f82c2bf68d6,adidas,178.257,-0.004476682542621,0.0001514667025699,0.0025524944321962,7.862,31.704,-0.05,1.0
tw-91f0b5a830f6,Samsung,41200.0,0.0189320388349514,0.0067961165048543,0.0072815533980582,18.39,19.853,0.0,-1.0
tw-e56d21d0c6af,Reuters,47.6154,0.0053197074895936,0.0099463618913208,0.0120276213157927,6.877000000000002,13.263,0.0,1.0
tw-b6650a7a5b4d,eBay,33.57,0.0038725052129878,-0.0011915400655346,-0.0050640452785225,12.663,12.648,0.0,-1.0
tw-1cdf2e04683d,Samsung,41200.0,0.0189320388349514,0.0067961165048543,0.0072815533980582,18.39,19.853,0.5,-1.0
tw-b4bb79a6e86e,McDonald's,129.61,-0.0022374816757967,-0.0012344726487155,-0.0020831725947072,4.766,6.7920000000000025,-0.4660714285714286,-1.0
tw-ffd1d22ae35a,Amazon,886.54,-0.0115054030275,-0.0344485302411622,-0.0461682495995668,16.898,11.545,0.5,1.0
tw-8907809fc20a,Honda,3351.0,0.0131304088331841,0.015517755893763,0.0265592360489406,23.811,17.362000000000002,0.0,1.0
tw-45d9c2d99566,Amazon,886.54,-0.0115054030275,-0.0344485302411622,-0.0461682495995668,16.898,11.545,0.0,1.0
tw-13911d6080df,Amazon,886.54,-0.0115054030275,-0.0344485302411622,-0.0461682495995668,16.898,11.545,0.0,-1.0
tw-37392a4f46da,Apple,143.66,0.0018794375609077,0.00097452317973,-0.0210218571627454,14.898,11.614,0.2,1.0
tw-5e38583e67cd,Apple,143.66,0.0018794375609077,0.00097452317973,-0.0210218571627454,14.898,11.614,-0.0833333333333333,-1.0
tw-5dbdc0e609aa,Apple,143.66,0.0018794375609077,0.00097452317973,-0.0210218571627454,14.898,11.614,0.0,1.0
tw-d9bae655666d,Apple,143.66,0.0018794375609077,0.00097452317973,-0.0210218571627454,14.898,11.614,0.05,-1.0
tw-6a726825e626,Honda,3351.0,0.0131304088331841,0.015517755893763,0.0265592360489406,23.811,17.362000000000002,0.0,-1.0
tw-e003dcb6906c,Toyota,6042.0,0.0114200595829195,0.0291294273419397,0.0309500165508109,22.346,16.432000000000002,0.5,-1.0
tw-6cf387349f0a,Disney,113.39,-0.001852015168886,-0.0029985007496252,-0.0110238998147984,7.615,6.968,0.2,1.0
tw-b81b7f379250,eBay,33.57,0.0038725052129878,-0.0011915400655346,-0.0050640452785225,12.663,12.648,0.0,-1.0
tw-a8ec4b17f401,eBay,33.57,0.0038725052129878,-0.0011915400655346,-0.0050640452785225,12.663,12.648,0.0,-1.0
tw-4735ad67d39a,Starbucks,58.39,-0.0039390306559343,-0.01781126905292,-0.0270594279842438,10.31,12.130999999999998,0.0,1.0
tw-84c91c375afc,Intel,36.07,-0.0088716384807319,-0.0130302190185749,-0.0252287219295814,11.049,11.681,0.0,-1.0
tw-e7eb70572d17,Sony,3766.0,-0.0084970791290493,-0.0427509293680297,-0.0432819968135953,22.909,19.79,0.0,-1.0
tw-1b55edb533ad,Starbucks,58.39,-0.0039390306559343,-0.01781126905292,-0.0270594279842438,10.31,12.130999999999998,0.0,-1.0
tw-24b3211aa09a,Reuters,47.6154,0.0053197074895936,0.0099463618913208,0.0120276213157927,6.877000000000002,13.263,-0.1444444444444444,1.0
tw-da93704f5d7e,adidas,178.257,-0.004476682542621,0.0001514667025699,0.0025524944321962,7.862,31.704,0.2467532467532467,1.0
tw-b74c9bb769f0,adidas,178.257,-0.004476682542621,0.0001514667025699,0.0025524944321962,7.862,31.704,0.3571428571428571,1.0
tw-5e9cc72dad1d,Google,847.8,0.0019815994338288,-0.0084571832979475,-0.0149327671620664,14.939,10.6,0.0,1.0
tw-0290b46940cd,PayPal,43.02,0.01208740120874,0.0030218503021849,0.002556950255695,12.898,13.183,0.0,1.0
tw-eba5e7f68636,McDonald's,129.61,-0.0022374816757967,-0.0012344726487155,-0.0020831725947072,4.766,6.7920000000000025,0.0,1.0
tw-ee04dbc6d3a7,McDonald's,129.61,-0.0022374816757967,-0.0012344726487155,-0.0020831725947072,4.766,6.7920000000000025,0.0,-1.0
tw-f1a6be8c94a4,McDonald's,129.61,-0.0022374816757967,-0.0012344726487155,-0.0020831725947072,4.766,6.7920000000000025,-0.6,1.0
tw-fefcb58ca128,McDonald's,129.61,-0.0022374816757967,-0.0012344726487155,-0.0020831725947072,4.766,6.7920000000000025,0.0,-1.0
tw-0b79d224d66a,Ford,11.64,0.0034364261168384,0.0008591065292096,-0.0017182130584193,28.221,19.484,0.0,1.0
tw-2ab0bdcc86be,McDonald's,129.61,-0.0022374816757967,-0.0012344726487155,-0.0020831725947072,4.766,6.7920000000000025,0.0,1.0
tw-92ab039cc3b8,Intel,36.07,-0.0088716384807319,-0.0130302190185749,-0.0252287219295814,11.049,11.681,0.0,-1.0
tw-e362d295f507,eBay,33.57,0.0038725052129878,-0.0011915400655346,-0.0050640452785225,12.663,12.648,0.4,1.0
tw-f4a6d5dddf05,eBay,33.57,0.0038725052129878,-0.0011915400655346,-0.0050640452785225,12.663,12.648,0.16,-1.0
tw-3d262c2eeb55,Microsoft,65.86,-0.0022775584573338,-0.0086547221378681,-0.0133616762830245,10.036,9.78,0.0,-1.0
tw-46936a95ff2e,Nike,55.73,0.0055625336443567,0.0159698546563789,0.0113045038578862,46.209,28.234,-0.0333333333333333,-1.0
tw-cd2f65f01d04,HP,17.88,-0.0128635346756152,-0.0346756152125278,-0.0363534675615211,19.98,28.483,0.375,1.0
tw-84335ae2eeef,Amazon,886.54,-0.0115054030275,-0.0344485302411622,-0.0461682495995668,16.898,11.545,-0.15,-1.0
tw-cfbda888de53,Reuters,47.6154,0.0053197074895936,0.0099463618913208,0.0120276213157927,6.877000000000002,13.263,0.1,-1.0
tw-f9e8f93e9339,BMW,85.51299999999998,-0.0022686609053592,-0.0102323623308736,-0.0254230350940791,7.385,14.918,0.15,1.0
tw-aacdd87114ba,Disney,113.39,-0.001852015168886,-0.0029985007496252,-0.0110238998147984,7.615,6.968,-0.1,-1.0
tw-07e1ae792943,Intel,36.07,-0.0088716384807319,-0.0130302190185749,-0.0252287219295814,11.049,11.681,0.1,-1.0
tw-75e39d57ecf4,HP,17.88,-0.0128635346756152,-0.0346756152125278,-0.0363534675615211,19.98,28.483,0.0,1.0
tw-c945d4c75f59,Apple,143.66,0.0018794375609077,0.00097452317973,-0.0210218571627454,14.898,11.614,0.0,-1.0
tw-04336b79e619,Nike,55.73,0.0055625336443567,0.0159698546563789,0.0113045038578862,46.209,28.234,0.0,1.0
tw-69eee17cc573,CBS,69.36,-0.0002883506343713,-0.0229238754325259,-0.0354671280276815,13.341,15.815,0.0,-1.0
tw-afa13876ce63,Microsoft,65.86,-0.0022775584573338,-0.0086547221378681,-0.0133616762830245,10.036,9.78,0.0,-1.0
tw-dd1b1425e4f0,Honda,3351.0,0.0131304088331841,0.015517755893763,0.0265592360489406,23.811,17.362000000000002,0.0,1.0
tw-e0d7f5fbb0e2,Walmart,72.08,-0.0067980022197557,-0.0244173140954495,-0.0342674805771365,9.659,13.876,0.0,1.0
tw-f0702bafc6e9,Walmart,72.08,-0.0067980022197557,-0.0244173140954495,-0.0342674805771365,9.659,13.876,0.0666666666666666,1.0
tw-25808b97a6ac,Intel,36.07,-0.0088716384807319,-0.0130302190185749,-0.0252287219295814,11.049,11.681,0.0,1.0
tw-e8f25fd8a153,McDonald's,129.61,-0.0022374816757967,-0.0012344726487155,-0.0020831725947072,4.766,6.7920000000000025,0.0,1.0
tw-139c3957ae15,Samsung,41200.0,0.0189320388349514,0.0067961165048543,0.0072815533980582,18.39,19.853,0.05,1.0
tw-f5fd0f40a59e,Intel,36.07,-0.0088716384807319,-0.0130302190185749,-0.0252287219295814,11.049,11.681,0.25,-1.0
tw-8fc6c10e81fe,adidas,178.257,-0.004476682542621,0.0001514667025699,0.0025524944321962,7.862,31.704,0.0,-1.0
tw-c91e8061622f,Microsoft,65.86,-0.0022775584573338,-0.0086547221378681,-0.0133616762830245,10.036,9.78,0.0,1.0
tw-4bfeeb972326,adidas,178.257,-0.004476682542621,0.0001514667025699,0.0025524944321962,7.862,31.704,0.1166666666666666,1.0
tw-54d2d380c793,Amazon,886.54,-0.0115054030275,-0.0344485302411622,-0.0461682495995668,16.898,11.545,0.0,-1.0
tw-52f2d040a5fd,Intel,36.07,-0.0088716384807319,-0.0130302190185749,-0.0252287219295814,11.049,11.681,0.0,-1.0
tw-9a2ebb75e76b,Intel,36.07,-0.0088716384807319,-0.0130302190185749,-0.0252287219295814,11.049,11.681,0.0,-1.0
tw-f376642f2408,Intel,36.07,-0.0088716384807319,-0.0130302190185749,-0.0252287219295814,11.049,11.681,-0.1402777777777777,-1.0
tw-58202a4c7354,Nike,55.73,0.0055625336443567,0.0159698546563789,0.0113045038578862,46.209,28.234,0.0,1.0
tw-a27268fe9a1c,CBS,69.36,-0.0002883506343713,-0.0229238754325259,-0.0354671280276815,13.341,15.815,0.0,1.0
tw-f6a162da5ee2,Amazon,886.54,-0.0115054030275,-0.0344485302411622,-0.0461682495995668,16.898,11.545,0.0,1.0
tw-95c0ed83fa37,Intel,36.07,-0.0088716384807319,-0.0130302190185749,-0.0252287219295814,11.049,11.681,0.1363636363636363,1.0
tw-24fb94a0d1ef,Google,847.8,0.0019815994338288,-0.0084571832979475,-0.0149327671620664,14.939,10.6,0.0,-1.0
tw-5f1a1c8777d4,Walmart,72.08,-0.0067980022197557,-0.0244173140954495,-0.0342674805771365,9.659,13.876,-0.0305555555555555,-1.0
tw-86db49ec6129,Intel,36.07,-0.0088716384807319,-0.0130302190185749,-0.0252287219295814,11.049,11.681,-0.1,-1.0
tw-ad6a0a03ca6c,Samsung,41200.0,0.0189320388349514,0.0067961165048543,0.0072815533980582,18.39,19.853,-0.1458333333333333,1.0
tw-eaaad28708bc,Samsung,41200.0,0.0189320388349514,0.0067961165048543,0.0072815533980582,18.39,19.853,0.0,1.0
tw-7efa00579e42,Samsung,41200.0,0.0189320388349514,0.0067961165048543,0.0072815533980582,18.39,19.853,0.0,1.0
tw-4c5f8970873d,Sony,3766.0,-0.0084970791290493,-0.0427509293680297,-0.0432819968135953,22.909,19.79,0.0,1.0
tw-e8453bed48ec,Sony,3766.0,-0.0084970791290493,-0.0427509293680297,-0.0432819968135953,22.909,19.79,0.0,-1.0
tw-e0dabe3ecad7,Disney,113.39,-0.001852015168886,-0.0029985007496252,-0.0110238998147984,7.615,6.968,0.2,1.0
tw-afd74b22afcd,Reuters,47.6154,0.0053197074895936,0.0099463618913208,0.0120276213157927,6.877000000000002,13.263,0.0,-1.0
tw-663e54b7b5d2,Honda,3351.0,0.0131304088331841,0.015517755893763,0.0265592360489406,23.811,17.362000000000002,-0.175,-1.0
tw-d4c2709e3233,Google,847.8,0.0019815994338288,-0.0084571832979475,-0.0149327671620664,14.939,10.6,0.1833333333333332,1.0
tw-f1e700571099,Google,847.8,0.0019815994338288,-0.0084571832979475,-0.0149327671620664,14.939,10.6,0.0,1.0
tw-1a07a511f169,adidas,178.257,-0.004476682542621,0.0001514667025699,0.0025524944321962,7.862,31.704,0.4,1.0
tw-192aeb620ae1,Starbucks,58.39,-0.0039390306559343,-0.01781126905292,-0.0270594279842438,10.31,12.130999999999998,-0.0857142857142857,-1.0
tw-1d5a6a98b35e,Samsung,41200.0,0.0189320388349514,0.0067961165048543,0.0072815533980582,18.39,19.853,0.1181818181818181,-1.0
tw-ed447d1efd77,adidas,178.257,-0.004476682542621,0.0001514667025699,0.0025524944321962,7.862,31.704,-0.0714285714285714,-1.0
tw-0783e557b745,Google,847.8,0.0019815994338288,-0.0084571832979475,-0.0149327671620664,14.939,10.6,0.0,-1.0
tw-7e57e09dba3c,Samsung,41200.0,0.0,0.0140776699029126,0.0072815533980582,18.39,19.853,0.0,-1.0
tw-5c5bc37dec1c,BMW,85.51299999999998,0.0,-0.0101855858173608,-0.0254230350940791,7.385,14.918,0.0,1.0
tw-13c075a47d0b,Apple,143.66,0.0,0.0032020047333983,-0.0210218571627454,14.898,11.614,0.91,1.0
tw-437d5695ab0b,Intel,36.07,0.0,-0.0138619351261436,-0.0252287219295814,11.049,11.681,0.0,1.0
tw-338b094d92b1,BMW,85.51299999999998,0.0,-0.0101855858173608,-0.0254230350940791,7.385,14.918,0.3,1.0
tw-603bc68fd3ef,eBay,33.57,0.0,0.0023830801310693,-0.0050640452785225,12.663,12.648,0.5083333333333334,1.0
tw-f6fe8f22ded8,Microsoft,65.86,0.0,-0.0059216519890677,-0.0133616762830245,10.036,9.78,0.0,1.0
tw-24676aaf2ef5,Walmart,72.08,0.0,-0.0185904550499445,-0.0342674805771365,9.659,13.876,0.0,-1.0
tw-d1960b35398c,Sony,3766.0,0.0,-0.0164630908125331,-0.0432819968135953,22.909,19.79,-0.15,-1.0
tw-9e76f2e49279,Microsoft,65.86,0.0,-0.0059216519890677,-0.0133616762830245,10.036,9.78,0.1363636363636363,1.0
tw-698a3e521a16,Microsoft,65.86,0.0,-0.0059216519890677,-0.0133616762830245,10.036,9.78,-0.1666666666666666,1.0
tw-bb9d13eda17e,Netflix,147.81,0.0,-0.0090656924430011,-0.0391719098843108,18.363,16.317,0.0,-1.0
tw-aa1d56659e1b,eBay,33.57,0.0,0.0023830801310693,-0.0050640452785225,12.663,12.648,0.0,-1.0
tw-66087b93fa07,Toyota,6042.0,0.0,0.0135716650115855,0.0309500165508109,22.346,16.432000000000002,0.0,-1.0
tw-5b2485a6cbb9,Intel,36.07,0.0,-0.0138619351261436,-0.0252287219295814,11.049,11.681,0.0,-1.0
tw-80458db1c007,Facebook,142.05,0.0,0.0042238648363251,-0.0120380147835269,10.314,9.535,0.28,1.0
tw-40eda5b3625d,Apple,143.66,0.0,0.0032020047333983,-0.0210218571627454,14.898,11.614,-0.2,-1.0
tw-100f40fb06b7,Sony,3766.0,0.0,-0.0164630908125331,-0.0432819968135953,22.909,19.79,-0.4,1.0
tw-31c4d525e83f,Disney,113.39,0.0,-0.0075844430725813,-0.0110238998147984,7.615,6.968,0.1,1.0
tw-46f556b4ef79,Samsung,41200.0,0.0,0.0140776699029126,0.0072815533980582,18.39,19.853,0.0,1.0
tw-a5d76cc75da7,CBS,69.36,0.0,-0.0160034602076124,-0.0354671280276815,13.341,15.815,0.0,1.0
tw-1723163fc0ba,Intel,36.07,0.0,-0.0138619351261436,-0.0252287219295814,11.049,11.681,0.0,1.0
tw-311d1129fc50,McDonald's,139.93,0.0067176445365539,0.0126491817337238,-0.0465947259343958,29.566,17.171,-0.4,-1.0
tw-f0d99db0e75a,BMW,87.55,0.00170188463735,0.0010850942318674,-0.0313078241005139,17.021,13.722,0.8,1.0
tw-a8873b7bb931,Toyota,6035.0,0.0135874067937033,-0.0057995028997514,-0.0298260149130074,22.334,21.343000000000004,0.4,-1.0
tw-fae2651724d8,McDonald's,139.93,0.0067176445365539,0.0126491817337238,-0.0465947259343958,29.566,17.171,0.0,1.0
tw-aad9590b6638,Honda,3232.0,0.0040222772277227,-0.0133044554455445,-0.0362004950495049,17.07,20.755,0.4,1.0
tw-e05b17824f5c,Ford,11.47,0.0,0.0008718395815169,-0.011333914559721,19.769,21.199,0.3666666666666667,-1.0
tw-03e0a257242a,Intel,36.15,0.0354080221300138,0.0199170124481327,0.0047026279391425,23.198,14.815,0.5,-1.0
tw-aa26f2f0622a,Reuters,50.0386,-0.0356604701170697,-0.0550315156699028,-0.0616344182291271,23.42,15.044,1.0,-1.0
tw-269275559b1f,Disney,115.6,0.0020761245674741,-0.0036332179930794,-0.0100346020761245,10.315,7.7970000000000015,0.0,1.0
tw-8458d0752312,Microsoft,68.46,-0.0027753432661407,-0.0078878177037685,-0.0300905638328949,11.624,9.721,0.0,-1.0
tw-80034c232bce,Reuters,50.0386,-0.0356604701170697,-0.0550315156699028,-0.0616344182291271,23.42,15.044,-0.1666666666666666,1.0
tw-92cc0829ea7d,HP,18.82,-0.0026567481402763,-0.0111583421891605,-0.0281615302869288,11.815,16.925,-0.1666666666666666,-1.0
tw-6b058162bac4,Netflix,152.2,0.0057818659658345,-0.000262812089356,-0.0613009198423126,41.407,26.745,0.15,-1.0
tw-694b6b259fa4,Amazon,924.99,-0.0071460232002508,-0.018778581390069,-0.0286057146563747,8.744,14.935,-0.1,1.0
tw-c101ea987cc8,Apple,143.65,0.0009745910198397,0.0061260006961364,-0.0096066829098503,10.476,11.495,0.0,1.0
tw-ec27114c08bb,Apple,143.65,0.0009745910198397,0.0061260006961364,-0.0096066829098503,10.476,11.495,0.0,1.0
tw-fbd3c30366f0,eBay,33.41,-0.0104759054175394,-0.0179586950014963,-0.0368153247530678,28.496,18.344,-0.1,-1.0
tw-349c9731a060,Microsoft,68.46,-0.0027753432661407,-0.0078878177037685,-0.0300905638328949,11.624,9.721,0.0,1.0
tw-91f29f1a40d2,Samsung,44620.0,-0.0174809502465262,-0.0430300313760645,-0.0865082922456297,27.146,20.815,0.0,1.0
tw-d6f1170c55c2,Reuters,50.0386,-0.0356604701170697,-0.0550315156699028,-0.0616344182291271,23.42,15.044,0.0,-1.0
tw-40e776345cbd,Facebook,150.25,-0.0169717138103162,-0.0250249584026621,-0.0437271214642262,10.803,10.879,0.25,-1.0
tw-e9cfef3cbab0,McDonald's,139.93,0.0067176445365539,0.0126491817337238,-0.0465947259343958,29.566,17.171,0.25,-1.0
tw-6093010c1a5c,McDonald's,139.93,0.0067176445365539,0.0126491817337238,-0.0465947259343958,29.566,17.171,0.0,1.0
tw-30256a33e5bb,McDonald's,139.93,0.0067176445365539,0.0126491817337238,-0.0465947259343958,29.566,17.171,0.0,1.0
tw-892611bb7734,Starbucks,60.06,0.0206460206460205,0.0149850149850149,0.0091575091575091,18.224,12.486,0.0,-1.0
tw-0a119fc91841,Intel,36.15,0.0354080221300138,0.0199170124481327,0.0047026279391425,23.198,14.815,0.0,-1.0
tw-6ba7622cafa9,Facebook,150.25,-0.0169717138103162,-0.0250249584026621,-0.0437271214642262,10.803,10.879,-0.1555555555555556,1.0
tw-405721bad13a,Intel,36.15,0.0354080221300138,0.0199170124481327,0.0047026279391425,23.198,14.815,0.0,-1.0
tw-2c263b0acdd8,Microsoft,68.46,-0.0027753432661407,-0.0078878177037685,-0.0300905638328949,11.624,9.721,0.5,1.0
tw-dfc4f07a3b74,adidas,183.716,0.002672603366065,0.0113435955496529,-0.0142992444860543,15.132,13.278,0.75,1.0
tw-b3b7da5f7450,Reuters,50.0386,-0.0356604701170697,-0.0550315156699028,-0.0616344182291271,23.42,15.044,0.0416666666666666,1.0
tw-18a3d2831026,McDonald's,139.93,0.0067176445365539,0.0126491817337238,-0.0465947259343958,29.566,17.171,0.0,-1.0
tw-5b6bd8f3c03b,McDonald's,139.93,0.0067176445365539,0.0126491817337238,-0.0465947259343958,29.566,17.171,0.0,-1.0
tw-51e815018ac8,Intel,36.15,0.0354080221300138,0.0199170124481327,0.0047026279391425,23.198,14.815,0.0,1.0
tw-ff2767727662,Reuters,50.0386,-0.0356604701170697,-0.0550315156699028,-0.0616344182291271,23.42,15.044,0.0,-1.0
tw-746c1f5df6e7,Reuters,50.0386,-0.0356604701170697,-0.0550315156699028,-0.0616344182291271,23.42,15.044,0.0,1.0
tw-07e838673c9a,Reuters,50.0386,-0.0356604701170697,-0.0550315156699028,-0.0616344182291271,23.42,15.044,0.0416666666666666,-1.0
tw-342830a8c92f,Reuters,50.0386,-0.0356604701170697,-0.0550315156699028,-0.0616344182291271,23.42,15.044,0.1,-1.0
tw-f764923a1892,Starbucks,60.06,0.0206460206460205,0.0149850149850149,0.0091575091575091,18.224,12.486,0.875,1.0
tw-c62371779a39,adidas,183.716,0.002672603366065,0.0113435955496529,-0.0142992444860543,15.132,13.278,0.0,-1.0
tw-17967fb40b9c,McDonald's,139.93,0.0067176445365539,0.0126491817337238,-0.0465947259343958,29.566,17.171,0.0,-1.0
tw-1654c7e0c174,Intel,36.15,0.0354080221300138,0.0199170124481327,0.0047026279391425,23.198,14.815,0.0,1.0
tw-401b9ed58013,Next,4305.0,-0.0004645760743321,-0.0076655052264808,-0.0060394889663182,22.022,32.317,0.0,-1.0
tw-e7e99eb739de,Toyota,6035.0,0.0135874067937033,-0.0057995028997514,-0.0298260149130074,22.334,21.343000000000004,0.0,-1.0
tw-e76aeb0419f6,McDonald's,139.93,0.0067176445365539,0.0126491817337238,-0.0465947259343958,29.566,17.171,0.0,1.0
tw-0a53562b6001,Nike,55.41,0.0010828370330265,0.0007218913553511,0.0079408049088613,9.81,27.07,-0.4,-1.0
tw-4eab1558df61,adidas,183.716,0.002672603366065,0.0113435955496529,-0.0142992444860543,15.132,13.278,0.0,1.0
tw-4b60b295b36b,Reuters,50.0386,-0.0356604701170697,-0.0550315156699028,-0.0616344182291271,23.42,15.044,0.0625,1.0
tw-ec0e439c7ea7,Samsung,44620.0,-0.0174809502465262,-0.0430300313760645,-0.0865082922456297,27.146,20.815,0.5,1.0
tw-612a31b22024,CBS,66.56,-0.0033052884615384,-0.0022536057692308,0.0042067307692307,21.453000000000007,15.973,-0.1,-1.0
tw-1776f80b274a,Sony,3759.0,0.0007980845969672,-0.01170524075552,-0.0444267092311785,20.529,23.601,-0.1666666666666666,1.0
tw-4fded17b2402,adidas,183.716,0.002672603366065,0.0113435955496529,-0.0142992444860543,15.132,13.278,0.0,-1.0
tw-35c7756f45af,Sony,3759.0,0.0007980845969672,-0.01170524075552,-0.0444267092311785,20.529,23.601,0.25,-1.0
tw-b633f8fef391,Nike,55.41,0.0010828370330265,0.0007218913553511,0.0079408049088613,9.81,27.07,0.0,1.0
tw-697d96542756,Toyota,6035.0,0.0135874067937033,-0.0057995028997514,-0.0298260149130074,22.334,21.343000000000004,0.0,-1.0
tw-13698fd3a0e9,Toyota,6035.0,0.0135874067937033,-0.0057995028997514,-0.0298260149130074,22.334,21.343000000000004,0.0,-1.0
tw-7dde036515cd,Reuters,50.0386,-0.0356604701170697,-0.0550315156699028,-0.0616344182291271,23.42,15.044,0.5,-1.0
tw-01cee9737acd,Apple,143.65,0.0009745910198397,0.0061260006961364,-0.0096066829098503,10.476,11.495,-0.1666666666666666,-1.0
tw-1c1f4d9fdeb5,CBS,66.56,-0.0033052884615384,-0.0022536057692308,0.0042067307692307,21.453000000000007,15.973,0.0,1.0
tw-393495a4aadb,Sony,3759.0,0.0,-0.0045224793828145,-0.0444267092311785,20.529,23.601,0.1363636363636363,-1.0
tw-3e6d26a797e4,Reuters,50.0386,0.0,-0.052609385554352,-0.0616344182291271,23.42,15.044,0.0,-1.0
tw-6fe4940f16ba,Toyota,6035.0,0.0,0.0197183098591549,-0.0298260149130074,22.334,21.343000000000004,0.332919034090909,-1.0
tw-54a48ef2840a,HP,18.82,0.0,-0.01009564293305,-0.0281615302869288,11.815,16.925,0.0,-1.0
tw-6e6c35d10e13,Walmart,75.18,0.0,0.0033253524873636,-0.0031923383878692,6.565,9.281,0.1,-1.0
tw-15fde1ab4fc3,Netflix,152.2,0.0,-0.0133377135348226,-0.0613009198423126,41.407,26.745,0.0,-1.0
tw-fb6f5ace4079,Samsung,44620.0,0.0,-0.0407888839085611,-0.0865082922456297,27.146,20.815,0.16,-1.0
tw-a81d33045b6d,Sony,3759.0,0.0,-0.0045224793828145,-0.0444267092311785,20.529,23.601,0.0,1.0
tw-00b89ab3e059,Starbucks,60.06,0.0,0.0249750249750249,0.0091575091575091,18.224,12.486,0.0,-1.0
tw-7ecfc299af78,Samsung,44620.0,0.0,-0.0407888839085611,-0.0865082922456297,27.146,20.815,0.0,-1.0
tw-b4100935ee38,CBS,61.11,0.0067092128947799,0.0075274095892652,0.0081819669448535,13.996,20.868,0.0,1.0
tw-f65a867378c0,Google,987.09,0.0091987559391746,0.0062608272801871,-0.0096039874783454,10.711,16.438,0.1753246753246753,1.0
tw-923b8a990e74,Next,4360.0,0.0045871559633027,0.0055045871559633,0.0160550458715596,14.826,25.82,0.0,-1.0
tw-665f44842290,Nike,52.99,-0.0013210039630118,-0.0075485940743536,-0.0184940554821665,8.666,12.668,0.05,-1.0
tw-25c57fbbf899,Walmart,78.6,-0.0057251908396945,-0.0059796437659032,-0.0057251908396945,18.864,13.345,0.0,1.0
tw-33e8d2079010,Starbucks,63.61,-0.0055022795157994,-0.0048734475711366,-0.0270397736204999,14.999,14.41,0.125,-1.0
tw-7368c397c1f1,Samsung,44700.0,-0.0013422818791946,0.0308724832214765,0.0040268456375838,23.449,25.522,0.0,-1.0
tw-3c5a440d90cd,CBS,61.11,0.0067092128947799,0.0075274095892652,0.0081819669448535,13.996,20.868,0.0,-1.0
tw-e55e8dc23bb6,BMW,83.488,0.0078574166347258,0.0054139517056343,0.0258839593714066,12.723,18.095,0.0,1.0
tw-afac2d6390de,eBay,34.3,0.0093294460641399,0.0174927113702624,0.0151603498542274,16.727,22.532,0.0,1.0
tw-138f7005914c,BMW,83.488,0.0078574166347258,0.0054139517056343,0.0258839593714066,12.723,18.095,-0.1666666666666666,-1.0
tw-e8a1294d41be,Amazon,994.62,0.0020912509300034,0.0011662745571172,-0.0143471878707445,10.034,14.566,0.0,1.0
tw-7cb08de968db,BMW,83.488,0.0078574166347258,0.0054139517056343,0.0258839593714066,12.723,18.095,-0.2,-1.0
tw-35d7791893ea,Netflix,163.07,0.0009198503710063,-0.0039246949162935,-0.0326240264916906,18.548,26.631,-0.4,-1.0
tw-fd73a7780389,Nike,52.99,-0.0013210039630118,-0.0075485940743536,-0.0184940554821665,8.666,12.668,-0.65,-1.0
tw-5ce573592478,Starbucks,63.61,-0.0055022795157994,-0.0048734475711366,-0.0270397736204999,14.999,14.41,0.0,-1.0
tw-6e7853e636f6,Samsung,44700.0,-0.0013422818791946,0.0308724832214765,0.0040268456375838,23.449,25.522,0.0,-1.0
tw-cb209ac3b4b3,Reuters,48.089,0.0034352970533801,0.0029778119736322,-0.001145792177005,13.133,20.003,0.2,-1.0
tw-07f2f4095dd2,HP,18.76,0.009594882729211,-0.0154584221748402,0.0133262260127931,26.99,19.475,0.0,-1.0
tw-17e55e9a05d3,Facebook,151.46,0.0060742110128085,0.0044236101941105,-0.0093754126502047,13.186,16.089000000000002,0.0,-1.0
tw-1e02f442241c,Starbucks,63.61,-0.0055022795157994,-0.0048734475711366,-0.0270397736204999,14.999,14.41,0.1,1.0
tw-bf8939641228,Intel,36.11,0.0019385211852672,0.0041539739684297,0.0002769315978952,6.791,16.726,0.0,-1.0
tw-5aab9aa40989,Intel,36.11,0.0019385211852672,0.0041539739684297,0.0002769315978952,6.791,16.726,0.0,-1.0
tw-3b94b04a68dc,adidas,170.195,0.0201416022797379,0.0100061693939305,-0.0031317018713827,15.138,17.844,0.5,-1.0
tw-53eab0b35141,Facebook,151.46,0.0060742110128085,0.0044236101941105,-0.0093754126502047,13.186,16.089000000000002,0.2857142857142857,1.0
tw-a0a2b5f17e6a,Disney,107.94,0.0037057624606263,0.0043542708912358,-0.0021308134148601,9.282,14.188,0.0,-1.0
tw-c9c650455e75,HP,18.76,0.009594882729211,-0.0154584221748402,0.0133262260127931,26.99,19.475,0.0,-1.0
tw-60e9c2e84a31,BMW,83.488,0.0078574166347258,0.0054139517056343,0.0258839593714066,12.723,18.095,0.0,1.0
tw-e21e18c7348c,Microsoft,69.84,0.0081615120274913,0.0017182130584191,-0.0153207331042383,9.871,14.475,-0.1,-1.0
tw-aa08ccdd8ff1,Google,987.09,0.0091987559391746,0.0062608272801871,-0.0096039874783454,10.711,16.438,0.0,-1.0
tw-cafc65ca5d29,eBay,34.3,0.0093294460641399,0.0174927113702624,0.0151603498542274,16.727,22.532,0.25,-1.0
tw-a90db2c74f8c,Google,987.09,0.0091987559391746,0.0062608272801871,-0.0096039874783454,10.711,16.438,-0.35,-1.0
tw-89e64c71daa3,Microsoft,69.84,0.0081615120274913,0.0017182130584191,-0.0153207331042383,9.871,14.475,0.0,-1.0
tw-292e2b19cf19,Honda,3117.0,-0.0141161373115174,-0.0189284568495348,0.0057747834456207,19.136,18.475,0.225,1.0
tw-6a3824aa61f9,Starbucks,63.61,-0.0055022795157994,-0.0048734475711366,-0.0270397736204999,14.999,14.41,0.2,1.0
tw-04c92510dbc8,HP,18.76,0.009594882729211,-0.0154584221748402,0.0133262260127931,26.99,19.475,0.0,1.0
tw-ecabbeb5413c,Honda,3117.0,-0.0141161373115174,-0.0189284568495348,0.0057747834456207,19.136,18.475,-0.625,-1.0
tw-35c3f5562cfe,McDonald's,150.89,-0.0063622506461659,-0.0068261647557821,-0.0092120087480945,7.08,17.164,0.0,1.0
tw-7bbb9aa62146,Amazon,994.62,0.0020912509300034,0.0011662745571172,-0.0143471878707445,10.034,14.566,0.0,1.0
tw-aa22140d7a2b,Starbucks,63.61,-0.0055022795157994,-0.0048734475711366,-0.0270397736204999,14.999,14.41,-0.2,1.0
tw-763980c89382,Amazon,994.62,0.0020912509300034,0.0011662745571172,-0.0143471878707445,10.034,14.566,0.0,-1.0
tw-21c7c6267341,Walmart,78.6,-0.0057251908396945,-0.0059796437659032,-0.0057251908396945,18.864,13.345,0.0,1.0
tw-8cabd7358274,Reuters,48.089,0.0034352970533801,0.0029778119736322,-0.001145792177005,13.133,20.003,0.0,1.0
tw-f06264b1c5a0,Microsoft,69.84,0.0081615120274913,0.0017182130584191,-0.0153207331042383,9.871,14.475,0.0,-1.0
tw-d75ea0336d98,Apple,152.76,0.0059570568211573,0.0055642838439383,0.003796805446452,9.993,17.604,0.3181818181818182,1.0
tw-dd6ecb9831bc,McDonald's,150.89,-0.0063622506461659,-0.0068261647557821,-0.0092120087480945,7.08,17.164,0.2142857142857142,1.0
tw-c9f74d532aa3,Disney,107.94,0.0037057624606263,0.0043542708912358,-0.0021308134148601,9.282,14.188,0.1363636363636363,1.0
tw-37bdb90dee86,Next,4360.0,0.0045871559633027,0.0055045871559633,0.0160550458715596,14.826,25.82,0.0,1.0
tw-e66eead5ef7e,Nike,52.99,-0.0013210039630118,-0.0075485940743536,-0.0184940554821665,8.666,12.668,0.0,-1.0
tw-409455d7eca8,HP,18.76,0.009594882729211,-0.0154584221748402,0.0133262260127931,26.99,19.475,0.0,1.0
tw-a19ffe469565,Intel,36.11,0.0019385211852672,0.0041539739684297,0.0002769315978952,6.791,16.726,0.125,1.0
tw-30db1792fcc3,adidas,170.195,0.0201416022797379,0.0100061693939305,-0.0031317018713827,15.138,17.844,0.1753246753246753,1.0
tw-a3d3ec4d6825,Samsung,44700.0,-0.0013422818791946,0.0308724832214765,0.0040268456375838,23.449,25.522,0.2181818181818181,1.0
tw-59f42d48abba,Intel,36.11,0.0019385211852672,0.0041539739684297,0.0002769315978952,6.791,16.726,0.25,1.0
tw-c444e2b16f4f,Toyota,5932.0,0.00826028320971,0.0015171948752528,0.0116318273769386,8.453,18.379,0.0,1.0
tw-7394cf6af4ed,Intel,36.11,0.0019385211852672,0.0041539739684297,0.0002769315978952,6.791,16.726,0.0,1.0
tw-8d9f929fc49a,PayPal,52.21,-0.0220264317180616,-0.0195364872629765,-0.0222179659069144,13.684,23.581,0.5,-1.0
tw-747b341be762,McDonald's,150.89,-0.0063622506461659,-0.0068261647557821,-0.0092120087480945,7.08,17.164,0.0,-1.0
tw-d15466b70e0b,Facebook,151.46,0.0060742110128085,0.0044236101941105,-0.0093754126502047,13.186,16.089000000000002,0.0,-1.0
tw-3cb334251c19,Facebook,151.46,0.0060742110128085,0.0044236101941105,-0.0093754126502047,13.186,16.089000000000002,0.0,-1.0
tw-eefd3c46061b,Next,4360.0,0.0045871559633027,0.0055045871559633,0.0160550458715596,14.826,25.82,0.0,-1.0
tw-1a57e1cff5d4,Reuters,48.089,0.0034352970533801,0.0029778119736322,-0.001145792177005,13.133,20.003,0.0,1.0
tw-fa77b779b5e8,Starbucks,63.61,-0.0055022795157994,-0.0048734475711366,-0.0270397736204999,14.999,14.41,0.2142857142857142,1.0
tw-dd5f83d96080,Netflix,163.07,0.0009198503710063,-0.0039246949162935,-0.0326240264916906,18.548,26.631,0.0,-1.0
tw-bba811a6b6c1,adidas,170.195,0.0201416022797379,0.0100061693939305,-0.0031317018713827,15.138,17.844,0.0,1.0
tw-c221ef93f2b7,Starbucks,63.61,-0.0055022795157994,-0.0048734475711366,-0.0270397736204999,14.999,14.41,0.7000000000000001,1.0
tw-e57a1ccb8f4e,Apple,152.76,0.0059570568211573,0.0055642838439383,0.003796805446452,9.993,17.604,0.1363636363636363,1.0
tw-a003e0f241b0,Intel,36.11,0.0019385211852672,0.0041539739684297,0.0002769315978952,6.791,16.726,0.0,1.0
tw-11741a3b95e2,Starbucks,63.61,-0.0055022795157994,-0.0048734475711366,-0.0270397736204999,14.999,14.41,0.0,-1.0
tw-c9018434d396,HP,18.76,0.009594882729211,-0.0154584221748402,0.0133262260127931,26.99,19.475,0.0,-1.0
tw-940ef8eb18c8,Walmart,78.6,-0.0057251908396945,-0.0059796437659032,-0.0057251908396945,18.864,13.345,0.0,-1.0
tw-35257dec249b,adidas,170.195,0.0201416022797379,0.0100061693939305,-0.0031317018713827,15.138,17.844,0.0,1.0
tw-1cbfb508a536,Starbucks,63.61,-0.0055022795157994,-0.0048734475711366,-0.0270397736204999,14.999,14.41,0.2777777777777777,-1.0
tw-f248c2907c8a,Disney,107.94,0.0037057624606263,0.0043542708912358,-0.0021308134148601,9.282,14.188,-0.15,-1.0
tw-da1a746b6912,Honda,3117.0,-0.0141161373115174,-0.0189284568495348,0.0057747834456207,19.136,18.475,0.15,-1.0
tw-30b526553ddf,Toyota,5932.0,0.00826028320971,0.0015171948752528,0.0116318273769386,8.453,18.379,0.0,1.0
tw-34d347cd651a,Apple,152.76,0.0059570568211573,0.0055642838439383,0.003796805446452,9.993,17.604,0.0,1.0
tw-45162894249d,Starbucks,63.61,-0.0055022795157994,-0.0048734475711366,-0.0270397736204999,14.999,14.41,0.3571428571428571,-1.0
tw-ebfaec73ec93,Nike,52.99,-0.0013210039630118,-0.0075485940743536,-0.0184940554821665,8.666,12.668,0.4933333333333334,1.0
tw-349b01818f7a,HP,18.76,0.009594882729211,-0.0154584221748402,0.0133262260127931,26.99,19.475,0.0,-1.0
tw-04a32913522b,Intel,36.11,0.0019385211852672,0.0041539739684297,0.0002769315978952,6.791,16.726,0.4,-1.0
tw-995d693f1f5e,Reuters,48.089,0.0034352970533801,0.0029778119736322,-0.001145792177005,13.133,20.003,0.0,1.0
tw-c2ab3929e7bc,Samsung,44700.0,-0.0013422818791946,0.0308724832214765,0.0040268456375838,23.449,25.522,0.0,1.0
tw-439a472b04a1,Sony,4034.0,-0.0007436787307882,-0.0061973227565691,-0.0089241447694595,6.34,20.538,0.0,-1.0
tw-6adbaf318d63,Toyota,5932.0,0.00826028320971,0.0015171948752528,0.0116318273769386,8.453,18.379,0.0,-1.0
tw-2856a552a8a9,Reuters,48.089,0.0034352970533801,0.0029778119736322,-0.001145792177005,13.133,20.003,0.0,-1.0
tw-764aba582705,Apple,152.76,0.0059570568211573,0.0055642838439383,0.003796805446452,9.993,17.604,0.0,1.0
tw-19c00707c026,Amazon,994.62,0.0020912509300034,0.0011662745571172,-0.0143471878707445,10.034,14.566,0.4852272727272727,1.0
tw-69daba06efbb,CBS,61.73,-0.0100437388627895,-0.002591932609752,-0.0021059452454235,14.717,21.234,0.0,1.0
tw-d8e5ff56f88c,HP,18.95,-0.0100263852242742,-0.0253298153034301,-0.0306068601583112,27.074,19.57,-0.2,-1.0
tw-4a62d174f6c0,Honda,3112.0,0.0016066838046272,-0.0154241645244215,-0.0054627249357326,18.836,18.482,0.1,-1.0
tw-0e5a3f070bd8,Samsung,44680.0,0.0004476275738585,0.0210384959713518,0.0223813786929274,18.479,25.211,0.425,-1.0
tw-df9d5ae14f82,Reuters,48.2983,-0.0043334858576802,-0.0013685781901226,0.0098057281519226,13.217,19.526,0.0333333333333333,1.0
tw-e36c000833af,Disney,108.21,-0.0024951483227058,0.0018482580168191,-0.0086868126790499,9.236,13.837,0.0,-1.0
tw-d86f701d4477,Intel,36.12,-0.0002768549280176,0.003875968992248,0.003875968992248,6.877000000000002,16.572,0.0,-1.0
tw-62a0e27f5c35,eBay,34.79,-0.0140845070422535,0.0031618281115262,0.0123598735268755,17.9,19.091,0.0,1.0
tw-b2b1ca64b4f4,Toyota,5989.0,-0.009517448655869,-0.0031724828852896,-0.0006678911337451,9.452,18.549,-0.1,-1.0
tw-44f3404daf93,Microsoft,68.93,-0.0063832873930075,0.0040620919773681,0.0330770346728563,19.979,17.602,0.0,-1.0
tw-49c6959b2471,HP,17.48,0.0051487414187642,0.0165903890160182,0.0183066361556064,24.818,24.171,-0.3333333333333333,-1.0
tw-427e935dd451,Honda,3064.0,0.0065274151436031,0.0032637075718015,-0.0009791122715404,6.8610000000000015,15.62,-0.0095959595959596,1.0
tw-7429eeb41242,CBS,63.78,-0.0036061461273127,0.0037629350893696,-0.0026654123549702,30.711,22.809,-0.4,-1.0
tw-e69d86fe40ec,Intel,33.74,-0.00592768227623,-0.0026674570243035,0.0133372851215173,18.255,14.384,-0.3,-1.0
tw-3fc0a1af1644,HP,17.48,0.0051487414187642,0.0165903890160182,0.0183066361556064,24.818,24.171,0.0,1.0
tw-2779dbff0ae8,Honda,3064.0,0.0065274151436031,0.0032637075718015,-0.0009791122715404,6.8610000000000015,15.62,0.16,-1.0
tw-843aa5741d3b,Facebook,150.98,0.0003974036296198,-0.0026493575307986,0.0270896807524175,20.113,18.363,0.0,1.0
tw-3804ee655fb2,Toyota,5893.0,0.002884778550823,-0.002884778550823,-0.0055998642457152,6.807,12.607,0.0,-1.0
tw-832c511d619f,Apple,144.02,-0.0023607832245521,-0.0020136092209416,0.0156922649631994,15.793,20.392,0.0,-1.0
tw-187f94a112a3,Starbucks,58.31,0.0008574858514834,0.0111473160692848,0.0257245755445035,13.007,14.798,0.0,1.0
tw-35ddaf5e26d5,BMW,81.542,0.0116381741924406,0.009786367761399,0.0234603026661106,16.889,15.137,0.0,1.0
tw-fefadfdab14a,BMW,81.542,0.0116381741924406,0.009786367761399,0.0234603026661106,16.889,15.137,0.1666666666666666,-1.0
tw-fbeaa2a54d37,BMW,81.542,0.0116381741924406,0.009786367761399,0.0234603026661106,16.889,15.137,0.0,1.0
tw-ba463d234908,BMW,81.542,0.0116381741924406,0.009786367761399,0.0234603026661106,16.889,15.137,0.0,1.0
tw-d15c7b17048f,eBay,34.92,-0.0117411225658649,-0.00028636884307,0.0186139747995417,19.665,22.269,-0.3,-1.0
tw-96486f87718c,BMW,81.542,0.0116381741924406,0.009786367761399,0.0234603026661106,16.889,15.137,0.0,1.0
tw-f76456c85f1c,Google,929.68,0.0087557008863265,0.0198025126925394,0.0606767920144566,23.273000000000003,20.035,0.0,-1.0
tw-8fd51118b0c8,McDonald's,153.16,-0.0001958735962392,0.0036563071297989,0.0096630974144684,7.747999999999997,10.954,0.0,1.0
tw-a786904fb672,McDonald's,153.16,-0.0001958735962392,0.0036563071297989,0.0096630974144684,7.747999999999997,10.954,0.0,1.0
tw-1dab8a31f5db,McDonald's,153.16,-0.0001958735962392,0.0036563071297989,0.0096630974144684,7.747999999999997,10.954,-0.05,-1.0
tw-717da8791746,Reuters,50.9858,0.0032401178367311,0.0034558641817918,0.0051837962726878,12.251,15.666,0.5,1.0
tw-0be21cb520bd,CBS,63.78,-0.0036061461273127,0.0037629350893696,-0.0026654123549702,30.711,22.809,-0.0916666666666666,1.0
tw-fc6a7d0aac6b,Next,3856.0,0.0311203319502074,0.0256742738589211,0.0495331950207468,24.638,27.394,0.0,1.0
tw-e9ef0bd08313,Microsoft,68.93,-0.0063832873930075,0.0040620919773681,0.0330770346728563,19.979,17.602,0.0681818181818181,1.0
tw-31aa1cd48858,Next,3856.0,0.0311203319502074,0.0256742738589211,0.0495331950207468,24.638,27.394,0.0,1.0
tw-7e750f622b92,Next,3856.0,0.0311203319502074,0.0256742738589211,0.0495331950207468,24.638,27.394,0.0852272727272727,-1.0
tw-4e325199676a,Starbucks,58.31,0.0008574858514834,0.0111473160692848,0.0257245755445035,13.007,14.798,0.0,1.0
tw-11f772fbfef2,BMW,81.542,0.0116381741924406,0.009786367761399,0.0234603026661106,16.889,15.137,0.0,-1.0
tw-f94878945da9,Next,3856.0,0.0311203319502074,0.0256742738589211,0.0495331950207468,24.638,27.394,0.0,-1.0
tw-6a1ff6d36e2d,Netflix,149.41,0.0045512348571046,0.010842647747808,0.0576266648818687,32.714,28.827,-0.35625,1.0
tw-dc353c9c6634,PayPal,53.67,-0.004658095770449,-0.0175144400968884,0.0122973728339854,27.368,21.875,0.25,-1.0
tw-994302a5aba4,Amazon,968.0,0.0081921487603305,0.0090702479338842,0.0369214876033058,17.035,19.114,0.16875,1.0
tw-e1ed7dec3948,Microsoft,68.93,-0.0063832873930075,0.0040620919773681,0.0330770346728563,19.979,17.602,0.1363636363636363,-1.0
tw-8f6d0b8f07c2,Sony,4286.0,0.0184321045263649,0.0146990200653289,-0.0025664955669622,16.824,18.916,0.0,-1.0
tw-4fb472b27a84,Disney,106.25,-0.0050823529411765,-0.0079058823529412,-0.0177882352941176,15.554,13.042,0.0,1.0
tw-dc14a9084f13,Netflix,149.41,0.0045512348571046,0.010842647747808,0.0576266648818687,32.714,28.827,0.0,1.0
tw-80f800667ac3,Honda,3064.0,0.0065274151436031,0.0032637075718015,-0.0009791122715404,6.8610000000000015,15.62,-0.09375,1.0
tw-d208ba36356b,Starbucks,58.31,0.0008574858514834,0.0111473160692848,0.0257245755445035,13.007,14.798,0.0,1.0
tw-f611c59cfee5,Honda,3064.0,0.0065274151436031,0.0032637075718015,-0.0009791122715404,6.8610000000000015,15.62,0.25,1.0
tw-ac446c2257c5,Honda,3064.0,0.0065274151436031,0.0032637075718015,-0.0009791122715404,6.8610000000000015,15.62,0.0,-1.0
tw-419ad92b414c,PayPal,53.67,-0.004658095770449,-0.0175144400968884,0.0122973728339854,27.368,21.875,0.1,1.0
tw-cba5a63417aa,Samsung,47540.0,0.0084139671855279,0.0159865376525031,0.0016827934371055,24.514,21.555,0.0,1.0
tw-78ee816e9145,Apple,144.02,-0.0023607832245521,-0.0020136092209416,0.0156922649631994,15.793,20.392,0.0,1.0
tw-965998fa69ca,Samsung,47540.0,0.0084139671855279,0.0159865376525031,0.0016827934371055,24.514,21.555,0.2142857142857142,1.0
tw-94d342600e88,Starbucks,58.31,0.0008574858514834,0.0111473160692848,0.0257245755445035,13.007,14.798,0.2272727272727273,1.0
tw-555aaa4164ab,Apple,144.02,-0.0023607832245521,-0.0020136092209416,0.0156922649631994,15.793,20.392,0.1363636363636363,1.0
tw-49cb4a25226c,Microsoft,68.93,-0.0063832873930075,0.0040620919773681,0.0330770346728563,19.979,17.602,0.7,1.0
tw-659f51116efa,Reuters,50.9858,0.0032401178367311,0.0034558641817918,0.0051837962726878,12.251,15.666,0.125,1.0
tw-563e1dcd4a08,Sony,4286.0,0.0184321045263649,0.0146990200653289,-0.0025664955669622,16.824,18.916,0.0,1.0
tw-26ecf892b2e8,Google,929.68,0.0087557008863265,0.0198025126925394,0.0606767920144566,23.273000000000003,20.035,0.0,1.0
tw-cbcbb8f3dc3b,Toyota,5893.0,0.002884778550823,-0.002884778550823,-0.0055998642457152,6.807,12.607,0.0,-1.0
tw-e55ba3f891e8,Toyota,5893.0,0.002884778550823,-0.002884778550823,-0.0055998642457152,6.807,12.607,-0.8,1.0
tw-bb6d1183261c,Reuters,50.9858,0.0032401178367311,0.0034558641817918,0.0051837962726878,12.251,15.666,0.1,-1.0
tw-b6ff082d8d69,eBay,34.92,-0.0117411225658649,-0.00028636884307,0.0186139747995417,19.665,22.269,-0.0222222222222222,1.0
tw-d01dcc56b84d,Sony,4286.0,0.0184321045263649,0.0146990200653289,-0.0025664955669622,16.824,18.916,-0.1666666666666666,1.0
tw-78bab8063629,McDonald's,153.16,0.0,0.0074431966570907,0.0096630974144684,7.747999999999997,10.954,0.0,1.0
tw-8dad8327ed09,McDonald's,153.16,0.0,0.0074431966570907,0.0096630974144684,7.747999999999997,10.954,0.125,-1.0
tw-981cf2413ef8,Reuters,50.9858,0.0,0.0112325392560282,0.0051837962726878,12.251,15.666,0.25,-1.0
tw-91b6d79e9ae8,Facebook,150.98,0.0,0.0149688700490132,0.0270896807524175,20.113,18.363,0.1,-1.0
tw-89082834e8e1,eBay,34.92,0.0,0.0111683848797251,0.0186139747995417,19.665,22.269,-0.1875,-1.0
tw-ffe7d9d2363c,Facebook,150.98,0.0,0.0149688700490132,0.0270896807524175,20.113,18.363,-0.4,-1.0
tw-51a34033dddd,Disney,106.25,0.0,0.0057411764705882,-0.0177882352941176,15.554,13.042,0.1,1.0
tw-2b2cfe2020a8,McDonald's,153.16,0.0,0.0074431966570907,0.0096630974144684,7.747999999999997,10.954,0.0,-1.0
tw-5d0c2dc60073,BMW,81.542,0.0,0.027065806578205,0.0234603026661106,16.889,15.137,0.0,-1.0
tw-dfaa62a353c2,Microsoft,68.93,0.0,0.0126215000725372,0.0330770346728563,19.979,17.602,0.0,-1.0
tw-9bbf1b028ad5,Starbucks,58.31,0.0,0.0149202538158119,0.0257245755445035,13.007,14.798,-0.5,-1.0
tw-8d9863432f8f,Nike,59.0,0.0,-0.095593220338983,-0.1042372881355932,56.425,36.924,0.5,1.0
tw-0b23c846ba4e,McDonald's,153.16,0.0,0.0074431966570907,0.0096630974144684,7.747999999999997,10.954,0.2142857142857142,1.0
tw-b55c10d14e9d,Starbucks,58.31,0.0,0.0149202538158119,0.0257245755445035,13.007,14.798,0.0,-1.0
tw-10328e026dfb,McDonald's,153.16,0.0,0.0074431966570907,0.0096630974144684,7.747999999999997,10.954,0.0,-1.0
tw-4a8117a666e6,PayPal,53.67,0.0,0.0134153158188932,0.0122973728339854,27.368,21.875,0.0,1.0
tw-95625ca35acf,Netflix,149.41,0.0,0.0267719697476741,0.0576266648818687,32.714,28.827,-0.4,1.0
tw-98dd8e33b8b5,Nike,59.0,0.0,-0.095593220338983,-0.1042372881355932,56.425,36.924,0.0,-1.0
tw-43763c2e7aad,Starbucks,58.31,0.0,0.0149202538158119,0.0257245755445035,13.007,14.798,0.0,1.0
tw-b772ccb6433c,Starbucks,58.31,0.0,0.0149202538158119,0.0257245755445035,13.007,14.798,0.0,1.0
tw-b7e59b2216c3,Sony,4286.0,0.0,0.0097993467102193,-0.0025664955669622,16.824,18.916,0.2,1.0
tw-003f93d087b6,Disney,106.25,0.0,0.0057411764705882,-0.0177882352941176,15.554,13.042,1.0,1.0
tw-05ed73416d02,Netflix,149.41,0.0,0.0267719697476741,0.0576266648818687,32.714,28.827,0.0,1.0
tw-a35d6f8c08c0,Microsoft,72.7,0.0046767537826685,0.0046767537826685,0.012379642365887,10.703,16.208,-0.1666666666666666,-1.0
tw-52b3af0cd746,Intel,35.47,-0.0045108542430221,-0.0045108542430221,-0.0273470538483224,7.617000000000001,17.281,0.8,1.0
tw-6aab9c5b6c63,Sony,4540.0,-0.0015418502202643,-0.0015418502202643,-0.0121145374449339,16.143,17.022000000000002,-0.25,-1.0
tw-9b9fe71d2c7a,BMW,77.354,0.0036972877937792,0.0036972877937792,0.0211883031258887,18.178,17.555,0.3366666666666667,1.0
tw-0b77f332c4f3,Facebook,169.25,0.0189069423929098,0.0189069423929098,-0.0192023633677991,20.795,20.471,0.1,1.0
tw-a304597a005c,McDonald's,155.14,0.0045765115379657,0.0045765115379657,-0.0212066520562072,29.535,18.408,0.2333333333333333,1.0
tw-2af0b002f2bd,Walmart,79.99,-0.0022502812851605,-0.0022502812851605,-0.0387548443555443,12.08,15.178,0.3125,-1.0
tw-f09f65737d44,eBay,35.73,0.0058774139378673,0.0058774139378673,0.0181919955219704,20.351,20.804,0.4,-1.0
tw-a2bafb0ac980,Apple,148.73,0.0051771666778727,0.0051771666778727,0.0225912727761716,14.826,13.738,-0.3333333333333333,1.0
tw-6a9b5d41c0bb,Honda,3108.0,-0.0099742599742599,-0.0099742599742599,-0.0212355212355212,11.022,12.174,0.0,1.0
tw-f27e7ce18603,Amazon,987.78,0.0326590941302719,0.0326590941302719,0.0518030330640426,24.818,20.674,0.0,-1.0
tw-bbd9669a1326,Amazon,987.78,0.0326590941302719,0.0326590941302719,0.0518030330640426,24.818,20.674,-0.1,-1.0
tw-9ac4af95be63,Next,3950.0,-0.0215189873417721,-0.0215189873417721,-0.060759493670886,35.507,28.013,0.0,-1.0
tw-67f6a2657fef,Samsung,48200.0,-0.0091286307053941,-0.0091286307053941,0.0551867219917012,25.037,19.786,-0.3,1.0
tw-fd2b1aa7fb30,eBay,35.73,0.0058774139378673,0.0058774139378673,0.0181919955219704,20.351,20.804,-0.1666666666666666,1.0
tw-7ea88464a0b8,eBay,35.73,0.0058774139378673,0.0058774139378673,0.0181919955219704,20.351,20.804,0.25,-1.0
tw-87f033b8f4c6,eBay,35.73,0.0058774139378673,0.0058774139378673,0.0181919955219704,20.351,20.804,-0.1,1.0
tw-adbb1c219a77,Microsoft,72.7,0.0046767537826685,0.0046767537826685,0.012379642365887,10.703,16.208,0.0,-1.0
tw-0c695b3d3a91,McDonald's,155.14,0.0045765115379657,0.0045765115379657,-0.0212066520562072,29.535,18.408,-0.5,-1.0
tw-cd01bc3f5aa6,McDonald's,155.14,0.0045765115379657,0.0045765115379657,-0.0212066520562072,29.535,18.408,0.0,-1.0
tw-a23b9315c218,Sony,4540.0,-0.0015418502202643,-0.0015418502202643,-0.0121145374449339,16.143,17.022000000000002,0.0,1.0
tw-254b783cfc66,Sony,4540.0,-0.0015418502202643,-0.0015418502202643,-0.0121145374449339,16.143,17.022000000000002,0.2175,1.0
tw-1014f9a06070,McDonald's,155.14,0.0045765115379657,0.0045765115379657,-0.0212066520562072,29.535,18.408,0.0,-1.0
tw-ce931388da70,Sony,4540.0,-0.0015418502202643,-0.0015418502202643,-0.0121145374449339,16.143,17.022000000000002,0.0,-1.0
tw-67e4b208c588,Microsoft,72.7,0.0046767537826685,0.0046767537826685,0.012379642365887,10.703,16.208,0.2142857142857143,-1.0
tw-9be22e97bd71,Next,3950.0,-0.0215189873417721,-0.0215189873417721,-0.060759493670886,35.507,28.013,0.0,-1.0
tw-5cdd5c114961,Samsung,48200.0,-0.0091286307053941,-0.0091286307053941,0.0551867219917012,25.037,19.786,0.0,-1.0
tw-178e17ab5d8e,Disney,109.93,0.0002729009369597,0.0002729009369597,-0.026653324843082,16.288,16.018,0.177840909090909,1.0
tw-bcbd69b01ff9,Apple,148.73,0.0051771666778727,0.0051771666778727,0.0225912727761716,14.826,13.738,0.1,1.0
tw-5f43e38c29e2,Facebook,169.25,0.0189069423929098,0.0189069423929098,-0.0192023633677991,20.795,20.471,0.3125,1.0
tw-816f107ac961,Honda,3108.0,-0.0099742599742599,-0.0099742599742599,-0.0212355212355212,11.022,12.174,0.0,1.0
tw-4de244fa6e7c,Honda,3108.0,-0.0099742599742599,-0.0099742599742599,-0.0212355212355212,11.022,12.174,0.1,-1.0
tw-5a88bfbd9f1f,HP,19.1,0.0036649214659686,0.0036649214659686,0.007329842931937,13.827,20.628,0.0,1.0
tw-81e9d16b63ba,Next,3950.0,-0.0215189873417721,-0.0215189873417721,-0.060759493670886,35.507,28.013,0.0,-1.0
tw-88111022dbeb,adidas,192.766,-0.000985650996545,-0.000985650996545,-0.0821669796540882,34.443000000000005,27.774,0.1166666666666666,-1.0
tw-911d12eefe3b,McDonald's,155.14,0.0045765115379657,0.0045765115379657,-0.0212066520562072,29.535,18.408,0.0,-1.0
tw-10c773908704,eBay,35.73,0.0058774139378673,0.0058774139378673,0.0181919955219704,20.351,20.804,0.5,1.0
tw-3e52d421fb0f,Starbucks,53.98,0.0003705075954057,0.0003705075954057,0.0748425342719527,56.088,31.82800000000001,0.0,-1.0
tw-616592d22d04,Facebook,169.25,0.0189069423929098,0.0189069423929098,-0.0192023633677991,20.795,20.471,0.0,-1.0
tw-5915ee95264d,Reuters,50.5452,0.0037055942008341,0.0037055942008341,0.0015253673939365,5.305,8.792,0.0,1.0
tw-f26ed2c83644,Sony,4540.0,-0.0015418502202643,-0.0015418502202643,-0.0121145374449339,16.143,17.022000000000002,0.0,-1.0
tw-08477771d3e0,McDonald's,155.14,0.0045765115379657,0.0045765115379657,-0.0212066520562072,29.535,18.408,0.55,1.0
tw-422e96581274,eBay,35.73,0.0058774139378673,0.0058774139378673,0.0181919955219704,20.351,20.804,0.0,1.0
tw-fff4fec8f244,Microsoft,72.7,0.0046767537826685,0.0046767537826685,0.012379642365887,10.703,16.208,-0.0151515151515151,1.0
tw-75f8e8291322,Disney,109.93,0.0002729009369597,0.0002729009369597,-0.026653324843082,16.288,16.018,0.0,-1.0
tw-72a00b5e64fd,Sony,4540.0,-0.0015418502202643,-0.0015418502202643,-0.0121145374449339,16.143,17.022000000000002,0.0,1.0
tw-51ca9ad9048e,Next,3950.0,-0.0215189873417721,-0.0215189873417721,-0.060759493670886,35.507,28.013,0.0,1.0
tw-05c935483245,Starbucks,53.98,0.0003705075954057,0.0003705075954057,0.0748425342719527,56.088,31.82800000000001,0.0,1.0
tw-b808c12bdfb3,PayPal,58.55,0.0111016225448335,0.0111016225448335,0.0005123825789923,20.753,26.931,0.0,1.0
tw-6aa7e818879c,Netflix,181.66,0.0131013982164482,0.0131013982164482,0.0344049322910932,27.155,46.918,0.4,1.0
tw-4f61f359a5e1,McDonald's,155.14,0.0045765115379657,0.0045765115379657,-0.0212066520562072,29.535,18.408,0.2,1.0
tw-fe20b2206b82,Samsung,48200.0,-0.0091286307053941,-0.0091286307053941,0.0551867219917012,25.037,19.786,-0.1666666666666666,1.0
tw-f5238082b908,Samsung,48200.0,-0.0091286307053941,-0.0091286307053941,0.0551867219917012,25.037,19.786,0.0,-1.0
tw-49f91edd37b8,Samsung,48200.0,-0.0091286307053941,-0.0091286307053941,0.0551867219917012,25.037,19.786,0.0,1.0
tw-2d916e03a1b7,Starbucks,53.98,0.0003705075954057,0.0003705075954057,0.0748425342719527,56.088,31.82800000000001,0.0,1.0
tw-1daae68c1955,McDonald's,155.14,0.0045765115379657,0.0045765115379657,-0.0212066520562072,29.535,18.408,0.2,-1.0
tw-b0e1377fb6b6,PayPal,58.55,0.0111016225448335,0.0111016225448335,0.0005123825789923,20.753,26.931,0.6,-1.0
tw-0b5de432ee8d,Facebook,169.25,0.0189069423929098,0.0189069423929098,-0.0192023633677991,20.795,20.471,0.0,-1.0
tw-cb3b8459f65a,Reuters,50.5452,0.0037055942008341,0.0037055942008341,0.0015253673939365,5.305,8.792,0.125,1.0
tw-5e6c30f3e5d2,Starbucks,53.98,0.0003705075954057,0.0003705075954057,0.0748425342719527,56.088,31.82800000000001,0.0,-1.0
tw-bf4aa17691a4,adidas,192.766,-0.000985650996545,-0.000985650996545,-0.0821669796540882,34.443000000000005,27.774,-0.0151515151515151,-1.0
tw-b950699a3109,Google,945.5,0.0135695399259651,0.0135695399259651,0.0558540454785827,19.342,20.015,0.0,-1.0
tw-10d82f28637a,Google,945.5,0.0135695399259651,0.0135695399259651,0.0558540454785827,19.342,20.015,0.0,1.0
tw-09fd1b92d17d,McDonald's,154.04,0.0071410023370552,0.0117501947546092,0.032653856141262,29.846,18.458,0.475,1.0
tw-8cae89b3824c,Toyota,6300.0,-0.0104761904761904,-0.0114285714285714,-0.0306349206349206,11.667,12.322,1.0,-1.0
tw-68be8161b0d4,eBay,35.91,-0.0050125313283207,0.0008354218880534,0.0114174324700641,19.951,20.842,-0.0714285714285714,1.0
tw-b606eab95173,Amazon,996.19,-0.0084421646473063,0.0239412160330859,0.0438470572882681,25.539,20.824,0.05,1.0
tw-9f00d015ad1a,HP,19.14,-0.0020898641588296,0.0015673981191223,0.0141065830721002,11.579,20.564,0.1363636363636363,-1.0
tw-e426599b2048,Apple,150.05,-0.0087970676441187,-0.0036654448517161,0.0179273575474841,15.295,13.614,0.0,-1.0
tw-91704cb96069,BMW,78.704,-0.017152876600935,-0.0135190079284406,0.0078522057328726,22.532,18.538,-0.0124999999999999,-1.0
tw-d8c1bfaa67d2,Netflix,182.03,-0.0020326319837389,0.0110421359116628,0.0271383837828929,27.176,46.714,0.4,1.0
tw-d7edd0b14b4d,eBay,35.91,-0.0050125313283207,0.0008354218880534,0.0114174324700641,19.951,20.842,0.0,1.0
tw-eead85bd0577,BMW,78.704,-0.017152876600935,-0.0135190079284406,0.0078522057328726,22.532,18.538,0.0,1.0
tw-28acb8439354,Reuters,52.8252,-0.0431612185093478,-0.0396155622695228,-0.0460802798664273,24.24,15.147,0.0,-1.0
tw-28d116c09670,CBS,66.08,-0.0037832929782082,0.0204297820823245,0.0,18.534,20.687,0.0,1.0
tw-f943adb4454d,Google,955.24,-0.0121540136510196,-0.0283803023323981,-0.0192098320840836,15.608,16.833,0.1363636363636363,-1.0
tw-4b3ef6adf6a8,BMW,78.1,0.0044814340588989,0.0121126760563381,0.0209731113956466,11.319,14.179,0.0,-1.0
tw-67714bba7043,Amazon,980.6,-0.0132673873138894,-0.0352641240057108,-0.0287069141342035,16.105,20.357,0.0,-1.0
tw-e53d55bd32dd,HP,19.08,0.0047169811320756,0.0052410901467505,0.0172955974842768,21.935,16.52,-0.5,1.0
tw-994d991e6883,Facebook,171.97,-0.0119206838402047,-0.0275047973483746,-0.0245973134849101,12.773,17.703,0.0,-1.0
tw-6d10803ee84f,McDonald's,159.97,-0.0027505157216978,-0.0018753516284304,-0.0097518284678377,6.702000000000001,18.271,0.0,1.0
tw-1724e505e8cd,Samsung,46320.0,-0.0025906735751295,-0.0047495682210708,0.0259067357512953,14.15,23.879,0.35,1.0
tw-e2dfb85875ca,Microsoft,74.77,-0.0101645044804064,-0.0259462351210378,-0.0278186438411127,11.856,13.431,0.3,-1.0
tw-371c1a10a289,HP,19.08,0.0047169811320756,0.0052410901467505,0.0172955974842768,21.935,16.52,1.0,-1.0
tw-8f41fb40980e,Disney,101.2,0.0165019762845849,0.0134387351778656,0.0031620553359683,15.866,19.882,0.0,1.0
tw-69359c0698d2,Apple,164.0,-0.0039634146341463,-0.0154268292682926,-0.028841463414634,10.229,23.181,0.25,1.0
tw-1fbe923a3736,HP,19.08,0.0047169811320756,0.0052410901467505,0.0172955974842768,21.935,16.52,0.0,1.0
tw-aeb022e721b3,Honda,3081.0,-0.0133073677377474,-0.0116845180136319,-0.0152547874066861,8.524,15.09,0.0,-1.0
tw-1a587c21a9af,eBay,36.13,-0.0121782452255744,-0.0365347356767229,-0.0345972875726543,16.855,18.385,-0.4,-1.0
tw-f4359e052852,Google,955.24,-0.0121540136510196,-0.0283803023323981,-0.0192098320840836,15.608,16.833,0.7,1.0
tw-d63d10ad28df,Sony,4337.0,-0.0036891860733225,-0.0336638229190684,-0.0389670278994696,20.601,19.798,0.0,1.0
tw-dfc47e342ab7,Samsung,46320.0,-0.0025906735751295,-0.0047495682210708,0.0259067357512953,14.15,23.879,0.0,-1.0
tw-421e1c93d3a0,Samsung,46320.0,-0.0025906735751295,-0.0047495682210708,0.0259067357512953,14.15,23.879,0.0,1.0
tw-729466a4297f,McDonald's,159.97,-0.0027505157216978,-0.0018753516284304,-0.0097518284678377,6.702000000000001,18.271,0.0,1.0
tw-5f320280c8ae,Netflix,174.71,-0.0001144754164043,-0.0434434205254421,-0.0376624119970237,22.146,24.216,0.05,-1.0
tw-01d6c06be00a,Samsung,46320.0,-0.0025906735751295,-0.0047495682210708,0.0259067357512953,14.15,23.879,0.4,-1.0
tw-d411b0c30bd6,Apple,164.0,-0.0039634146341463,-0.0154268292682926,-0.028841463414634,10.229,23.181,0.0,-1.0
tw-6cc8aa0daf35,Walmart,78.07,0.0060202382477265,-0.000512360701934,0.0034584347380557,14.403,13.527,0.35,-1.0
tw-a3091bc2ea40,HP,19.08,0.0047169811320756,0.0052410901467505,0.0172955974842768,21.935,16.52,-0.0999999999999999,-1.0
tw-9bd25ecd499b,eBay,36.13,-0.0121782452255744,-0.0365347356767229,-0.0345972875726543,16.855,18.385,0.0,1.0
tw-a5726e1c1ebb,Microsoft,74.77,-0.0101645044804064,-0.0259462351210378,-0.0278186438411127,11.856,13.431,0.1363636363636363,1.0
tw-993153f9a37d,Next,4129.0,-0.0201017195446839,0.0033906514894647,-0.0060547348026156,20.17,36.742,0.0,1.0
tw-6bc88875ed77,McDonald's,159.97,-0.0027505157216978,-0.0018753516284304,-0.0097518284678377,6.702000000000001,18.271,-0.15,1.0
tw-2286254277e5,Microsoft,74.77,-0.0101645044804064,-0.0259462351210378,-0.0278186438411127,11.856,13.431,0.0,1.0
tw-baa5401c5d67,Sony,4337.0,-0.0036891860733225,-0.0336638229190684,-0.0389670278994696,20.601,19.798,0.0681818181818181,-1.0
tw-9680db53fcd5,Netflix,174.71,-0.0001144754164043,-0.0434434205254421,-0.0376624119970237,22.146,24.216,0.0,-1.0
tw-fbc4b7375e64,Nike,52.81,-0.0047339519030486,0.0174209430032189,0.0195038818405605,18.349,21.38,0.0,-1.0
tw-729e7f256724,Honda,3081.0,-0.0133073677377474,-0.0116845180136319,-0.0152547874066861,8.524,15.09,0.0,1.0
tw-aa673c6123cd,eBay,36.13,-0.0121782452255744,-0.0365347356767229,-0.0345972875726543,16.855,18.385,0.0,-1.0
tw-34dea1ff9f92,Microsoft,74.77,-0.0101645044804064,-0.0259462351210378,-0.0278186438411127,11.856,13.431,0.0,1.0
tw-0abdbfd7ec87,Starbucks,54.86,-0.0061975938753189,-0.008384979948961,-0.016769959897922,15.296,33.986999999999995,0.0,1.0
tw-72c75bfd3d26,Disney,101.2,0.0165019762845849,0.0134387351778656,0.0031620553359683,15.866,19.882,0.0,1.0
tw-028bd798addd,Apple,164.0,-0.0039634146341463,-0.0154268292682926,-0.028841463414634,10.229,23.181,0.0,-1.0
tw-1b6a493acd20,Honda,3081.0,-0.0133073677377474,-0.0116845180136319,-0.0152547874066861,8.524,15.09,-0.05,1.0
tw-f27d9a53236b,Ford,11.03,-0.0081595648232094,-0.0217588395285584,-0.0290117860380778,7.291,15.588,0.0,1.0
tw-529d25dded37,Next,4129.0,-0.0201017195446839,0.0033906514894647,-0.0060547348026156,20.17,36.742,0.0,1.0
tw-2252f7855ab2,Reuters,50.3249,-0.0065653384308761,-0.0072230645267055,0.003282669215438,7.4620000000000015,15.377,-0.2333333333333333,1.0
tw-0a1cf0957d91,Reuters,50.3249,-0.0065653384308761,-0.0072230645267055,0.003282669215438,7.4620000000000015,15.377,0.1,-1.0
tw-66d8bbad1871,Reuters,50.3249,-0.0065653384308761,-0.0072230645267055,0.003282669215438,7.4620000000000015,15.377,-0.1,1.0
tw-d8638fb4ff7f,Amazon,980.6,-0.0132673873138894,-0.0352641240057108,-0.0287069141342035,16.105,20.357,0.0,1.0
tw-a684f289c328,adidas,188.336,-0.0127962789907399,-0.0165820660946393,-0.0044388752017669,17.160999999999998,25.832,0.2681818181818182,1.0
tw-6a98f3d44d0b,Next,4129.0,-0.0201017195446839,0.0033906514894647,-0.0060547348026156,20.17,36.742,0.0,1.0
tw-4e308f934d28,Sony,4337.0,-0.0036891860733225,-0.0336638229190684,-0.0389670278994696,20.601,19.798,0.6,1.0
tw-848e3f7e44ef,PayPal,61.68,0.0014591439688716,-0.0186446173800259,-0.0272373540856031,17.085,19.6,0.2,1.0
tw-b0f2cc9a893e,PayPal,61.68,0.0014591439688716,-0.0186446173800259,-0.0272373540856031,17.085,19.6,0.0,1.0
tw-e5408c3de07d,Reuters,50.3249,-0.0065653384308761,-0.0072230645267055,0.003282669215438,7.4620000000000015,15.377,0.0,1.0
tw-039028f5b140,Google,955.24,-0.0121540136510196,-0.0283803023323981,-0.0192098320840836,15.608,16.833,-0.45,-1.0
tw-7e9726946541,Nike,52.81,-0.0047339519030486,0.0174209430032189,0.0195038818405605,18.349,21.38,0.4000000000000001,1.0
tw-c20dd452f146,CBS,64.06,0.0070246643771464,-0.0048392132375897,-0.0012488292226038,17.265,18.677,-0.9375,1.0
tw-b6875f354667,Starbucks,54.86,-0.0061975938753189,-0.008384979948961,-0.016769959897922,15.296,33.986999999999995,0.0,1.0
tw-845fc6578240,Disney,101.2,0.0165019762845849,0.0134387351778656,0.0031620553359683,15.866,19.882,0.0,-1.0
tw-698d2b2b885d,Starbucks,54.86,-0.0061975938753189,-0.008384979948961,-0.016769959897922,15.296,33.986999999999995,0.0,1.0
tw-3af134119c04,Toyota,6183.0,-0.0051754811580139,-0.0092188258127122,-0.012291767750283,12.095,15.18,0.0,1.0
tw-2fd6b4819812,Reuters,50.3249,-0.0065653384308761,-0.0072230645267055,0.003282669215438,7.4620000000000015,15.377,0.0,-1.0
tw-43ae568216f5,Sony,4337.0,-0.0036891860733225,-0.0336638229190684,-0.0389670278994696,20.601,19.798,0.0,-1.0
tw-713c2f216c79,Sony,4337.0,-0.0036891860733225,-0.0336638229190684,-0.0389670278994696,20.601,19.798,0.3422619047619047,1.0
tw-bdc20e7423ac,Starbucks,54.86,-0.0061975938753189,-0.008384979948961,-0.016769959897922,15.296,33.986999999999995,0.0,-1.0
tw-e768548631c5,Amazon,980.6,-0.0132673873138894,-0.0352641240057108,-0.0287069141342035,16.105,20.357,0.0,-1.0
tw-bfec0f524425,Walmart,78.07,0.0060202382477265,-0.000512360701934,0.0034584347380557,14.403,13.527,0.15,1.0
tw-2acf10be8395,Google,955.24,-0.0121540136510196,-0.0283803023323981,-0.0192098320840836,15.608,16.833,0.15625,1.0
tw-396fd80b1a1f,Netflix,174.71,-0.0001144754164043,-0.0434434205254421,-0.0376624119970237,22.146,24.216,0.0,1.0
tw-8a523d4b6ff1,Amazon,980.6,-0.0132673873138894,-0.0352641240057108,-0.0287069141342035,16.105,20.357,0.0333333333333333,1.0
tw-0cad70d5ee13,McDonald's,159.97,-0.0027505157216978,-0.0018753516284304,-0.0097518284678377,6.702000000000001,18.271,0.0,-1.0
tw-c08cc8be899c,Sony,4337.0,-0.0036891860733225,-0.0336638229190684,-0.0389670278994696,20.601,19.798,0.0,-1.0
tw-8a9b2ff0a4be,Toyota,6183.0,-0.0051754811580139,-0.0092188258127122,-0.012291767750283,12.095,15.18,-0.1,1.0
tw-38ef0d34a200,Starbucks,54.86,-0.0061975938753189,-0.008384979948961,-0.016769959897922,15.296,33.986999999999995,0.0,-1.0
tw-5a84c98a2d57,adidas,188.336,-0.0127962789907399,-0.0165820660946393,-0.0044388752017669,17.160999999999998,25.832,0.0,-1.0
tw-61cbba828ef3,Walmart,78.07,0.0060202382477265,-0.000512360701934,0.0034584347380557,14.403,13.527,0.0,1.0
tw-2e49fbe58e68,Walmart,78.37,-0.0038279954064056,0.0051039938752072,0.0033175960188846,14.233,13.284,-0.2,-1.0
tw-7d017bd6e694,Google,951.99,0.0034139014065273,-0.0170590027206168,-0.022573766531161,15.205,16.744,-0.05,1.0
tw-da1cc414c80a,Walmart,78.37,-0.0038279954064056,0.0051039938752072,0.0033175960188846,14.233,13.284,0.0,-1.0
tw-b98df0cc54f2,Walmart,78.37,-0.0038279954064056,0.0051039938752072,0.0033175960188846,14.233,13.284,-0.2318181818181818,-1.0
tw-c1f84aa04605,Next,4134.0,-0.0012094823415578,-0.0179003386550556,0.002177068214804,19.083,36.649,0.0,-1.0
tw-5ee0450fb705,PayPal,61.46,0.0035795639440286,-0.0073218353400586,-0.0242434103481939,17.416,19.641,-0.0444444444444444,1.0
tw-667fbb997cf8,Reuters,50.0826,0.0048380076114259,-0.005498915791113,0.0061578272693511,7.838999999999999,15.434,0.0,-1.0
tw-a86eb3ebcf26,Disney,101.5,-0.0029556650246305,0.0105418719211822,0.0089655172413792,15.749,19.934,0.0,1.0
tw-f60cbbd3fea2,adidas,190.461,-0.0111571397818976,-0.0386168296921679,-0.0151474580097762,17.512999999999998,25.958,0.0,1.0
tw-290ad1d7134a,Walmart,78.37,-0.0038279954064056,0.0051039938752072,0.0033175960188846,14.233,13.284,0.0,1.0
tw-c49c05290007,adidas,190.461,-0.0111571397818976,-0.0386168296921679,-0.0151474580097762,17.512999999999998,25.958,-0.0833333333333333,1.0
tw-f7802499fdfb,Disney,101.5,-0.0029556650246305,0.0105418719211822,0.0089655172413792,15.749,19.934,0.0,1.0
tw-d41c54094e7d,HP,19.96,0.0005010020040079,-0.0040080160320642,-0.001002004008016,8.365,15.038,0.3125,1.0
tw-c2b8c92c2d4e,Samsung,51280.0,-0.000390015600624,0.0074102964118564,0.0335413416536661,23.621,22.583,0.0,-1.0
tw-03e426e3d29c,eBay,38.46,-0.0189807592303693,-0.015860634425377,-0.0044201768070723,15.466,16.916,0.0,-1.0
tw-8dd15ef5caae,HP,19.96,0.0005010020040079,-0.0040080160320642,-0.001002004008016,8.365,15.038,0.5,-1.0
tw-4d27bd9a6c91,HP,19.96,0.0005010020040079,-0.0040080160320642,-0.001002004008016,8.365,15.038,0.025,-1.0
tw-eedc9b439e42,BMW,85.59,-0.0136931884565955,-0.0025820773454843,-0.0058651711648558,11.613,12.56,0.0,1.0
tw-5ebdaee2d5a9,Walmart,78.14,0.0103660097261326,0.0159969285897107,0.0177885845917583,8.109,12.507,-0.1,1.0
tw-b058d9787e6c,Next,5260.0,-0.0009505703422053,-0.023764258555133,-0.0228136882129277,17.474,40.063,0.0681818181818181,1.0
tw-0eaf1c6e9796,eBay,38.46,-0.0189807592303693,-0.015860634425377,-0.0044201768070723,15.466,16.916,-0.075,-1.0
tw-03c9cdacbc83,eBay,38.46,-0.0189807592303693,-0.015860634425377,-0.0044201768070723,15.466,16.916,-0.05,-1.0
tw-3715fd2a7d65,Intel,38.08,-0.0065651260504201,-0.0160189075630252,-0.0236344537815125,7.05,11.03,0.8,-1.0
tw-224ab2ba21ea,Google,973.72,-0.0091504744690466,-0.037269440907037,-0.0312820934149447,15.553,14.451,0.05,1.0
tw-aecdf4959862,CBS,58.0,-0.0186206896551723,0.0,0.021206896551724,30.199,27.777,-0.03,1.0
tw-c36ed62eb0f9,Reuters,50.5342,-0.0054497746080871,-0.0043594239148933,0.0008726763261316,7.8439999999999985,9.2,0.1363636363636363,1.0
tw-a9ef8a65ac6f,Google,973.72,-0.0091504744690466,-0.037269440907037,-0.0312820934149447,15.553,14.451,-0.4,1.0
tw-f6aeb774e509,PayPal,64.03,-0.0015617679212869,-0.0170232703420272,0.0163985631735123,20.04,17.352999999999998,-0.45,-1.0
tw-30e96b9ecbd1,PayPal,64.03,-0.0015617679212869,-0.0170232703420272,0.0163985631735123,20.04,17.352999999999998,0.0,1.0
tw-33186dbcfe00,Nike,51.85,0.0150433944069431,0.0356798457087753,0.026808100289296,14.472,15.102,0.1866666666666666,1.0
tw-c185273d0273,eBay,38.46,-0.0189807592303693,-0.015860634425377,-0.0044201768070723,15.466,16.916,0.0,1.0
tw-3357913fd8ba,Ford,11.97,-0.0008354218880534,-0.0033416875522139,-0.0108604845446951,6.936,11.626,0.0,1.0
tw-c0f62a4e6c57,Facebook,170.87,-0.0125241411599462,-0.038977000058524,-0.0019312927956927,31.665,20.391,0.55,1.0
tw-9987ca8f5c10,eBay,38.46,-0.0189807592303693,-0.015860634425377,-0.0044201768070723,15.466,16.916,0.1363636363636363,1.0
tw-d44acbcd68ad,Google,973.72,-0.0091504744690466,-0.037269440907037,-0.0312820934149447,15.553,14.451,0.0,-1.0
tw-895821dd3ef6,Google,973.72,-0.0091504744690466,-0.037269440907037,-0.0312820934149447,15.553,14.451,0.46875,1.0
tw-0baaa6dd9563,McDonald's,156.68,0.0051697727852948,-0.0212535103395456,0.0142328312484043,21.794,16.702,0.3785714285714285,1.0
tw-26fd6260a3bd,Facebook,170.87,-0.0125241411599462,-0.038977000058524,-0.0019312927956927,31.665,20.391,0.0,1.0
tw-618d02ea9ea3,Next,5260.0,-0.0009505703422053,-0.023764258555133,-0.0228136882129277,17.474,40.063,0.5,-1.0
tw-430a87744807,PayPal,64.03,-0.0015617679212869,-0.0170232703420272,0.0163985631735123,20.04,17.352999999999998,0.0,-1.0
tw-e0624c48f1f0,McDonald's,156.68,0.0051697727852948,-0.0212535103395456,0.0142328312484043,21.794,16.702,0.0666666666666666,-1.0
tw-731e78a8e070,Facebook,170.87,-0.0125241411599462,-0.038977000058524,-0.0019312927956927,31.665,20.391,0.0,-1.0
tw-fbde6816d498,Reuters,50.5342,-0.0054497746080871,-0.0043594239148933,0.0008726763261316,7.8439999999999985,9.2,0.0,-1.0
tw-23ec2f4f77ae,Microsoft,74.49,-0.0083232648677673,-0.0165122835279902,-0.001073969660357,13.113,12.345,0.3,1.0
tw-9f624e8c7f0a,Starbucks,53.71,0.0147086203686464,0.0264382796499721,0.0256935393781419,11.173,14.248,0.5,1.0
tw-8db523b395a8,Google,973.72,-0.0091504744690466,-0.037269440907037,-0.0312820934149447,15.553,14.451,0.0,-1.0
tw-1c69f3556797,Amazon,961.35,-0.0051490092058043,-0.0236646382691007,-0.0065012742497529,14.876,16.144000000000002,0.0,-1.0
tw-a15d6e9334bb,Google,973.72,-0.0091504744690466,-0.037269440907037,-0.0312820934149447,15.553,14.451,0.0,1.0
tw-db2e2da5b4ab,Next,5260.0,-0.0009505703422053,-0.023764258555133,-0.0228136882129277,17.474,40.063,0.0,1.0
tw-0ee024c6aef1,Google,973.72,-0.0091504744690466,-0.037269440907037,-0.0312820934149447,15.553,14.451,0.0,1.0
tw-ea27519ec94b,CBS,58.0,-0.0186206896551723,0.0,0.021206896551724,30.199,27.777,0.0,-1.0
tw-f9dae078aced,HP,19.96,0.0005010020040079,-0.0040080160320642,-0.001002004008016,8.365,15.038,0.0,-1.0
tw-d01868c5df28,Facebook,170.87,-0.0125241411599462,-0.038977000058524,-0.0019312927956927,31.665,20.391,0.0,-1.0
tw-a254417e22e8,BMW,85.59,-0.0136931884565955,-0.0025820773454843,-0.0058651711648558,11.613,12.56,0.6,1.0
tw-7ce01b650daf,Microsoft,74.49,-0.0083232648677673,-0.0165122835279902,-0.001073969660357,13.113,12.345,0.0,1.0
tw-6af09b24e795,PayPal,64.03,-0.0015617679212869,-0.0170232703420272,0.0163985631735123,20.04,17.352999999999998,0.0,1.0
tw-139f01da0313,Intel,38.08,-0.0065651260504201,-0.0160189075630252,-0.0236344537815125,7.05,11.03,0.1,1.0
tw-c5403bbe01e2,Reuters,50.5342,-0.0054497746080871,-0.0043594239148933,0.0008726763261316,7.8439999999999985,9.2,0.0,1.0
tw-b63a6e873b67,Ford,11.97,-0.0008354218880534,-0.0033416875522139,-0.0108604845446951,6.936,11.626,0.0,1.0
tw-f37295e4bd86,CBS,58.0,-0.0186206896551723,0.0,0.021206896551724,30.199,27.777,0.0,-1.0
tw-1a46fd7dd66c,CBS,58.0,-0.0186206896551723,0.0,0.021206896551724,30.199,27.777,0.3333333333333333,1.0
tw-523131979817,Reuters,50.5342,-0.0054497746080871,-0.0043594239148933,0.0008726763261316,7.8439999999999985,9.2,0.275,1.0
tw-cfeb3f06ade1,adidas,191.373,-0.0161151259582071,-0.0221713616863402,0.0052985530874261,18.25,16.679000000000002,0.0,1.0
tw-7498fbe81bba,Disney,98.57,-0.0052754387744749,0.0006087044739779,0.0003043522369889,12.586,18.195,0.0,1.0
tw-2481fc43d7cc,HP,19.96,0.0005010020040079,-0.0040080160320642,-0.001002004008016,8.365,15.038,0.7,1.0
tw-794b80d6b58a,adidas,191.373,-0.0161151259582071,-0.0221713616863402,0.0052985530874261,18.25,16.679000000000002,0.15,1.0
tw-411ef3edc76f,Toyota,6710.0,0.0087928464977645,0.0156482861400894,0.0034277198211624,22.738000000000003,15.449000000000002,0.0,1.0
tw-e52d2354804f,Reuters,50.5342,0.0,0.0023983757534501,0.0008726763261316,7.8439999999999985,9.2,-0.25,1.0
tw-7d144b728d96,Walmart,78.14,0.0,0.0147171743025339,0.0177885845917583,8.109,12.507,-0.125,-1.0
tw-3f8278888b06,HP,19.96,0.0,-0.0045090180360721,-0.001002004008016,8.365,15.038,0.0,-1.0
tw-8bb394e76cee,eBay,38.46,0.0,-0.0106604264170567,-0.0044201768070723,15.466,16.916,0.0520833333333333,-1.0
tw-9499ba779fa6,Next,5260.0,0.0,0.0,-0.0228136882129277,17.474,40.063,0.1333333333333333,1.0
tw-9b42c7cf1a6f,Apple,154.12,0.0,0.0007137295613806,-0.0144692447443551,18.701,15.889,0.0,-1.0
tw-b996736ce7c5,Apple,154.12,0.0,0.0007137295613806,-0.0144692447443551,18.701,15.889,0.0,-1.0
tw-e2c758b6c76a,Samsung,51280.0,0.0,0.0078003120124804,0.0335413416536661,23.621,22.583,0.25,1.0
tw-261a93803573,Next,5260.0,0.0,0.0,-0.0228136882129277,17.474,40.063,0.0,-1.0
tw-d061f79f8cb8,McDonald's,156.68,0.0,-0.0167858054633647,0.0142328312484043,21.794,16.702,0.0,-1.0
tw-450f291e8d19,Sony,4186.0,0.0,-0.0267558528428093,-0.0028666985188724,20.414,23.83,0.0,-1.0
tw-d6e23b707dd8,adidas,191.373,0.0,-0.016601087927764,0.0052985530874261,18.25,16.679000000000002,0.0,1.0
tw-e75df0f5db28,Netflix,181.35,0.0,0.0034188034188034,0.0330851943755169,31.041,25.357,0.1363636363636363,1.0
tw-8f236ccde6b8,PayPal,64.03,0.0,-0.0109323754490083,0.0163985631735123,20.04,17.352999999999998,0.0,1.0
tw-f23c65bc1acc,Netflix,181.35,0.0,0.0034188034188034,0.0330851943755169,31.041,25.357,0.0,1.0
tw-e98a50ee0322,Starbucks,53.71,0.0,0.0238316886985664,0.0256935393781419,11.173,14.248,0.2,1.0
tw-1f4f8b251140,Amazon,961.35,0.0,-0.0109013366619857,-0.0065012742497529,14.876,16.144000000000002,0.0,-1.0
tw-407eceda3beb,HP,19.96,0.0,-0.0045090180360721,-0.001002004008016,8.365,15.038,0.0,-1.0
tw-b7cc34db7cd5,Toyota,6710.0,0.0,0.0056631892697466,0.0034277198211624,22.738000000000003,15.449000000000002,0.125,1.0
tw-871c7bef1edd,Disney,97.81,0.0023514978018607,0.0051119517431755,0.0049074736734485,8.91,11.527,0.0,-1.0
tw-06d82f9f6840,BMW,87.79,-0.0060257432509397,-0.0072103884269278,-0.0169381478528307,15.054,13.08,0.0,1.0
tw-71a2c8edc670,Next,4921.0,0.0056899004267425,-0.0079252184515342,-0.005893111156269,11.632,15.432,0.4,-1.0
tw-222d6f76673d,Google,1033.04,8.712150545975521e-05,0.0006098505382174,-0.043125145202509,26.913,18.507,0.0,1.0
tw-cc3414910866,HP,21.55,-0.0074245939675174,-0.0023201856148492,0.0185614849187934,12.712,21.125,0.0,-1.0
tw-822c502b38ae,Reuters,51.5916,0.0038417106660774,0.0038417106660774,0.0138762899386721,6.504,9.981,0.0,-1.0
tw-237e3e5dfd45,BMW,87.79,-0.0060257432509397,-0.0072103884269278,-0.0169381478528307,15.054,13.08,0.0,-1.0
tw-8d877f75b15c,Netflix,196.43,0.0098762918087868,0.0158326121264571,-0.0020872575472178,20.059,30.692,0.0,1.0
tw-6dc6446107bf,Google,1033.04,8.712150545975521e-05,0.0006098505382174,-0.043125145202509,26.913,18.507,0.625,-1.0
tw-a4167c59c3d9,Apple,169.04,-0.0137245622337907,-0.0354353999053477,-0.0706341694273544,27.001,19.099,0.4,1.0
tw-d046c12cee6b,Netflix,196.43,0.0098762918087868,0.0158326121264571,-0.0020872575472178,20.059,30.692,0.0,-1.0
tw-8cdd02276a28,Honda,3523.0,0.0053931308543854,0.003690036900369,-0.0085154697700823,10.743,8.682,0.0142857142857142,-1.0
tw-e22a3f8629f3,Honda,3523.0,0.0053931308543854,0.003690036900369,-0.0085154697700823,10.743,8.682,0.46875,-1.0
tw-5b3382a46609,Intel,45.49,-0.0246207957792922,-0.0239613101780611,-0.0998021543196306,37.924,23.589,0.6,-1.0
tw-d3ed41dfbcc8,Facebook,180.06,-0.0010552038209485,-0.0121070754193047,-0.0458735976896589,27.891,23.494,0.0999999999999999,-1.0
tw-e1783ef3c796,HP,21.55,-0.0074245939675174,-0.0023201856148492,0.0185614849187934,12.712,21.125,0.0,-1.0
tw-3fdd044328ca,Ford,12.27,-0.0138549307253463,-0.0171149144254278,-0.006519967400163,20.659,15.913,0.0,1.0
tw-dcf2e1c158dc,eBay,37.64,-0.0170031880977683,-0.022316684378321,-0.0239107332624866,19.794,16.127,0.0,1.0
tw-6d787fd84666,Sony,4413.0,-0.0233401314298663,-0.0303648311806027,-0.0303648311806027,14.379,17.07,0.1363636363636363,1.0
tw-6c18daa4696f,Starbucks,54.84,0.0060175054704594,0.0007293946024799,-0.0102115244347192,13.04,12.527,0.25,-1.0
tw-e1f94f37b292,Starbucks,54.84,0.0060175054704594,0.0007293946024799,-0.0102115244347192,13.04,12.527,0.25,-1.0
tw-9c38ad4c9095,Sony,4413.0,-0.0233401314298663,-0.0303648311806027,-0.0303648311806027,14.379,17.07,0.1363636363636363,1.0
tw-29ed2db1e983,PayPal,72.56,-0.0194321940463064,-0.0206725468577728,-0.0323869900771776,31.865,24.564,0.0,1.0
tw-35c7cc680b63,Google,1033.04,8.712150545975521e-05,0.0006098505382174,-0.043125145202509,26.913,18.507,0.0,1.0
tw-3dea68cd2cc1,McDonald's,166.91,-0.004074051884249,-0.0091067042118507,-0.0181534958959918,12.382,14.08,0.0,1.0
tw-40122c65ef7e,Nike,54.99,0.0050918348790689,0.0176395708310601,-0.0285506455719221,27.255,19.627,0.0,-1.0
tw-04db5559a8fa,adidas,191.49,-0.0029923233589221,-0.0014308841192753,-0.0219228158128362,16.185,15.873,0.0,1.0
tw-288911a51d33,Reuters,51.5916,0.0038417106660774,0.0038417106660774,0.0138762899386721,6.504,9.981,0.0,1.0
tw-4fd8673b7691,Reuters,51.5916,0.0038417106660774,0.0038417106660774,0.0138762899386721,6.504,9.981,0.5,1.0
tw-4408e45758bd,PayPal,72.56,-0.0194321940463064,-0.0206725468577728,-0.0323869900771776,31.865,24.564,0.0,1.0
tw-8d418f7a1ed8,Nike,54.99,0.0050918348790689,0.0176395708310601,-0.0285506455719221,27.255,19.627,0.0,-1.0
tw-c84999610af8,Toyota,6990.0,0.0124463519313304,0.0118741058655221,0.0054363376251788,10.18,11.468,0.2,-1.0
tw-d9e9d8ec3704,Amazon,1105.28,0.0050394470179501,-0.0039175593514764,-0.117056311522872,69.48100000000001,39.548,0.7,1.0
tw-b37a5303d1f1,CBS,56.12,0.0,0.0112259444048468,0.0146115466856735,20.76,21.436,0.0,-1.0
tw-0f0807e48714,PayPal,72.56,-0.0194321940463064,-0.0206725468577728,-0.0323869900771776,31.865,24.564,0.1666666666666666,1.0
tw-fc2979c7f140,Intel,45.49,-0.0246207957792922,-0.0239613101780611,-0.0998021543196306,37.924,23.589,0.5,-1.0
tw-0d500ee68a15,Intel,45.49,-0.0246207957792922,-0.0239613101780611,-0.0998021543196306,37.924,23.589,-0.025,1.0
tw-663a4c1c8e1c,Samsung,55080.0,-0.0188816267247639,-0.0363108206245461,-0.0188816267247639,31.726,28.65,0.1363636363636363,1.0
tw-cd01ce91fc03,Next,4921.0,0.0056899004267425,-0.0079252184515342,-0.005893111156269,11.632,15.432,0.3250000000000001,1.0
tw-b8c716dd7f2d,Reuters,51.5916,0.0038417106660774,0.0038417106660774,0.0138762899386721,6.504,9.981,-0.3,-1.0
tw-6587c7ae2e64,Google,1033.04,8.712150545975521e-05,0.0006098505382174,-0.043125145202509,26.913,18.507,0.0,-1.0
tw-68628a9b1692,PayPal,72.56,-0.0194321940463064,-0.0206725468577728,-0.0323869900771776,31.865,24.564,0.0625,1.0
tw-eb0dc1e71204,BMW,87.79,-0.0060257432509397,-0.0072103884269278,-0.0169381478528307,15.054,13.08,0.1681818181818181,1.0
tw-492b2fc72be3,Samsung,55080.0,-0.0188816267247639,-0.0363108206245461,-0.0188816267247639,31.726,28.65,0.0,-1.0
tw-78654cf5c6f5,Sony,4413.0,-0.0233401314298663,-0.0303648311806027,-0.0303648311806027,14.379,17.07,0.0,1.0
tw-2c89a5748d20,Toyota,6990.0,0.0124463519313304,0.0118741058655221,0.0054363376251788,10.18,11.468,0.0,1.0
tw-a5fddfbc218f,Apple,169.04,-0.0137245622337907,-0.0354353999053477,-0.0706341694273544,27.001,19.099,0.0,1.0
tw-003797762aa6,Apple,169.04,-0.0137245622337907,-0.0354353999053477,-0.0706341694273544,27.001,19.099,0.0,-1.0
tw-94979d4c1f46,Starbucks,54.84,0.0060175054704594,0.0007293946024799,-0.0102115244347192,13.04,12.527,0.0,-1.0
tw-fce8a4979d5a,eBay,37.64,-0.0170031880977683,-0.022316684378321,-0.0239107332624866,19.794,16.127,0.0,-1.0
tw-49b4e0a18091,Honda,3523.0,0.0053931308543854,0.003690036900369,-0.0085154697700823,10.743,8.682,-0.25,1.0
tw-a044ae4e4b27,CBS,56.19,-0.0012457732692649,0.0099661861541199,0.0185086314290798,18.3,21.438,-0.2,1.0
tw-30392911980f,Microsoft,83.18,0.0,0.0075739360423178,-0.054700649194518,34.218,20.451,0.0,-1.0
tw-c6a985861649,Netflix,198.0,-0.0079292929292928,0.0077777777777777,-0.0213636363636363,20.361,30.377,0.0,-1.0
tw-d8baacae5ed2,Samsung,57220.0,-0.0373995106606081,-0.0723523243621111,-0.0580216707444949,30.183000000000003,30.428,0.0,-1.0
tw-9520ea98a91e,Reuters,48.7168,0.059010444035733,0.0630788557540725,0.0682803468208092,29.711,20.091,0.0,-1.0
tw-5548e15f0475,BMW,89.09,-0.0145919856325064,-0.0216971601751037,-0.041564709843978,15.447,13.663,0.25,1.0
tw-cf2b6d8fe8b0,Reuters,48.7168,0.059010444035733,0.0630788557540725,0.0682803468208092,29.711,20.091,0.0,1.0
tw-51b6f4bd3272,HP,21.47,0.0037261294829996,0.0013972985561248,0.0093153237074989,10.52,21.158,0.425,1.0
tw-2138688dc9b0,Honda,3576.0,-0.014821029082774,-0.0111856823266219,-0.0246085011185682,12.463,9.446,-0.3,-1.0
tw-3a7667d31125,BMW,89.09,-0.0145919856325064,-0.0216971601751037,-0.041564709843978,15.447,13.663,0.8,-1.0
tw-b403d3f4b1fc,Amazon,1103.68,0.0014496955639314,-0.0024735430559582,-0.1184854305595825,68.721,39.38,0.0,1.0
tw-457bd5eed4f7,adidas,187.497,0.0212963407414518,0.0198349840264109,-0.0020586996058604,16.266,17.011,0.35,1.0
tw-16dde329ab9e,HP,21.47,0.0037261294829996,0.0013972985561248,0.0093153237074989,10.52,21.158,0.0888888888888889,1.0
tw-e58e3a4064b4,CBS,56.06,0.008562254727078,-0.0017838030681413,0.0032108455226542,26.887,24.853,0.0,1.0
tw-6c25d92a8f8e,Apple,171.85,-0.0137910968868199,0.0130346232179226,0.0180971777713122,19.506,20.556,0.0,-1.0
tw-0f6c7f184606,Apple,171.85,-0.0137910968868199,0.0130346232179226,0.0180971777713122,19.506,20.556,0.25,-1.0
tw-488fb16492b8,Amazon,1176.75,-0.0131548757170172,0.0162141491395792,-0.0174973443807095,24.981,40.451,0.0,-1.0
tw-9aec485b983e,Apple,171.85,-0.0137910968868199,0.0130346232179226,0.0180971777713122,19.506,20.556,0.0,1.0
tw-bcc58b77a768,eBay,34.67,-0.0083645803288145,0.0380732621863282,0.0366310931641187,21.166,19.543,0.1787878787878788,1.0
tw-a77231c039bd,Samsung,50800.0,0.0354330708661417,0.0362204724409448,0.0885826771653543,34.609,27.873,0.375,1.0
tw-5a8a65d178f6,Disney,104.82,0.0040068689181454,-0.0193665331043692,-0.0198435413089104,11.504,13.967,0.0,1.0
tw-3c17f8a89696,HP,21.45,-0.0009324009324009,-0.0093240093240092,-0.0051282051282051,34.685,20.04,0.1363636363636363,1.0
tw-17a13c3e75c7,CBS,56.06,0.008562254727078,-0.0017838030681413,0.0032108455226542,26.887,24.853,0.0,1.0
tw-9d25dc4e5935,eBay,34.67,-0.0083645803288145,0.0380732621863282,0.0366310931641187,21.166,19.543,-0.025,-1.0
tw-42bd58269fc6,eBay,34.67,-0.0083645803288145,0.0380732621863282,0.0366310931641187,21.166,19.543,0.0,-1.0
tw-a6f82192b9c2,Intel,44.84,-0.0198483496877787,-0.0078055307760928,-0.0042372881355933,20.926,28.189,0.0,1.0
tw-35ed586402c3,Netflix,187.58,0.0030387034865123,0.0398230088495575,0.046593453459857,35.174,25.384,0.2166666666666666,-1.0
tw-325f005f0d5b,McDonald's,171.97,-0.0089550502994707,-0.0175030528580565,-0.0169797057626329,11.446,12.567,-0.0499999999999999,-1.0
tw-a618e9b4b996,Walmart,97.23,0.0033940141931502,-0.0062737838115807,-0.0084336110254037,13.9,33.892,0.0,1.0
tw-87d77feb0329,Facebook,177.18,-0.0115701546449938,0.0330172705722993,0.0208262783609888,27.005,22.518,0.0,1.0
tw-7878c241a2c3,Microsoft,84.17,-0.0098609956041344,-0.0035642152786027,-0.0125935606510633,17.779,22.004,0.0,1.0
tw-69889a355204,Google,1036.17,0.0011677620467684,0.0345889188067594,0.0152002084600017,20.289,19.209,0.5,1.0
tw-cd0dde007fe6,Microsoft,84.17,-0.0098609956041344,-0.0035642152786027,-0.0125935606510633,17.779,22.004,0.0,-1.0
tw-d3c478df48a5,Apple,171.85,-0.0137910968868199,0.0130346232179226,0.0180971777713122,19.506,20.556,-1.0,-1.0
tw-54b62f72d6aa,Netflix,187.58,0.0030387034865123,0.0398230088495575,0.046593453459857,35.174,25.384,0.0,1.0
tw-79be841afffb,Next,4477.0,0.0058074603529148,-0.0451194996649542,-0.0205494750949296,28.847,34.533,0.03125,-1.0
tw-5e58516a09ed,Nike,60.42,-0.0009930486593843,-0.0130751406818933,-0.022343594836147,18.549,19.46,0.0,1.0
tw-427530f85809,HP,21.45,-0.0009324009324009,-0.0093240093240092,-0.0051282051282051,34.685,20.04,0.35,-1.0
tw-fe99deed72c9,eBay,34.67,-0.0083645803288145,0.0380732621863282,0.0366310931641187,21.166,19.543,0.0,-1.0
tw-0065e6da682f,Amazon,1176.75,-0.0131548757170172,0.0162141491395792,-0.0174973443807095,24.981,40.451,0.0,-1.0
tw-8cbaf7bb9b9d,Toyota,7044.0,0.0011357183418512,-0.0025553662691652,0.004968767745599,10.630999999999998,13.37,0.0,-1.0
tw-f64c28832d45,Next,4477.0,0.0058074603529148,-0.0451194996649542,-0.0205494750949296,28.847,34.533,-0.2,1.0
tw-e1562b66e078,Samsung,50800.0,0.0354330708661417,0.0362204724409448,0.0885826771653543,34.609,27.873,-0.2083333333333333,1.0
tw-393056f0af9e,McDonald's,171.97,-0.0089550502994707,-0.0175030528580565,-0.0169797057626329,11.446,12.567,0.0,1.0
tw-34b46272f5ff,Walmart,97.23,0.0033940141931502,-0.0062737838115807,-0.0084336110254037,13.9,33.892,-0.2109375,-1.0
tw-82a57e13ca7a,Samsung,50800.0,0.0354330708661417,0.0362204724409448,0.0885826771653543,34.609,27.873,0.0,1.0
tw-1eb064ce9965,Starbucks,57.82,-0.0053614666205465,-0.0330335524040125,-0.011760636457973,16.15,15.007,0.0,1.0
tw-3f4eb176c166,Walmart,97.23,0.0033940141931502,-0.0062737838115807,-0.0084336110254037,13.9,33.892,0.0,-1.0
tw-7208f1497725,Toyota,7044.0,0.0011357183418512,-0.0025553662691652,0.004968767745599,10.630999999999998,13.37,0.0,-1.0
tw-354365606b98,adidas,175.717,0.0089746581150372,0.0193834404183999,0.032779981447441,16.375,24.5,0.0,1.0
tw-1454e70d0848,McDonald's,171.97,-0.0089550502994707,-0.0175030528580565,-0.0169797057626329,11.446,12.567,0.3571428571428571,-1.0
tw-e6dc2602e035,Reuters,48.5406,0.0054449265151235,0.0052183120933816,0.0002266144217418,7.222,18.276,0.0,-1.0
tw-42030e2a73a9,Reuters,48.5406,0.0054449265151235,0.0052183120933816,0.0002266144217418,7.222,18.276,0.0,-1.0
tw-562341dfb7a7,Disney,104.82,0.0040068689181454,-0.0193665331043692,-0.0198435413089104,11.504,13.967,0.0,1.0
tw-2fe24df0382e,Toyota,7044.0,0.0011357183418512,-0.0025553662691652,0.004968767745599,10.630999999999998,13.37,0.0,1.0
tw-7215be7335e4,Disney,104.82,0.0040068689181454,-0.0193665331043692,-0.0198435413089104,11.504,13.967,0.0,-1.0
tw-27bdbf5048a2,Netflix,187.58,0.0030387034865123,0.0398230088495575,0.046593453459857,35.174,25.384,0.0,-1.0
tw-203abc788f0a,Amazon,1176.75,-0.0131548757170172,0.0162141491395792,-0.0174973443807095,24.981,40.451,0.0,1.0
tw-cc802f8a4483,Disney,104.82,0.0040068689181454,-0.0193665331043692,-0.0198435413089104,11.504,13.967,0.0,1.0
tw-a228b2ab3d56,eBay,34.67,-0.0083645803288145,0.0380732621863282,0.0366310931641187,21.166,19.543,0.0,-1.0
tw-67f6074535df,Google,1036.17,0.0011677620467684,0.0345889188067594,0.0152002084600017,20.289,19.209,0.377840909090909,1.0
tw-d7443ba44a8e,Walmart,97.23,0.0033940141931502,-0.0062737838115807,-0.0084336110254037,13.9,33.892,0.1,1.0
tw-fad01bbd6f4f,Next,4477.0,0.0058074603529148,-0.0451194996649542,-0.0205494750949296,28.847,34.533,-0.1458333333333333,-1.0
tw-b7c52fb22452,CBS,56.06,0.008562254727078,-0.0017838030681413,0.0032108455226542,26.887,24.853,0.0,1.0
tw-266a106060b5,Starbucks,57.82,-0.0053614666205465,-0.0330335524040125,-0.011760636457973,16.15,15.007,0.0,1.0
tw-c29ea1e5dcf0,HP,21.45,-0.0009324009324009,-0.0093240093240092,-0.0051282051282051,34.685,20.04,0.0681818181818181,-1.0
tw-2de9d0f84551,Google,1036.17,0.0011677620467684,0.0345889188067594,0.0152002084600017,20.289,19.209,0.0,-1.0
tw-f25d4cd5840e,Samsung,50800.0,0.0354330708661417,0.0362204724409448,0.0885826771653543,34.609,27.873,0.0,-1.0
tw-680fc956d30e,Apple,171.85,-0.0137910968868199,0.0130346232179226,0.0180971777713122,19.506,20.556,0.4,-1.0
tw-e7676eaa294c,Google,1036.17,0.0011677620467684,0.0345889188067594,0.0152002084600017,20.289,19.209,0.0,1.0
tw-273f3c2602df,Toyota,7044.0,0.0011357183418512,-0.0025553662691652,0.004968767745599,10.630999999999998,13.37,0.0,1.0
tw-cc7c30b5640a,Next,4477.0,0.0058074603529148,-0.0451194996649542,-0.0205494750949296,28.847,34.533,0.0,-1.0
tw-ae050f2513b5,Intel,44.84,-0.0198483496877787,-0.0078055307760928,-0.0042372881355933,20.926,28.189,0.0,-1.0
tw-eb78781ba56c,Disney,105.25,-0.0040855106888361,-0.0174821852731591,-0.0247980997624703,11.45,13.969,0.4,1.0
tw-48c28ccd4be5,Walmart,97.35,-0.0012326656394452,-0.0059578839239856,-0.0074987159732921,7.761,33.812,-0.6,-1.0
tw-054e90d6b257,BMW,83.84,0.0121302480916031,0.0155534351145036,0.0276598282442746,14.845999999999998,16.82,0.0,1.0
tw-d8bb691912a3,Walmart,97.35,-0.0012326656394452,-0.0059578839239856,-0.0074987159732921,7.761,33.812,0.1,-1.0
tw-5440213eadf6,Walmart,97.35,-0.0012326656394452,-0.0059578839239856,-0.0074987159732921,7.761,33.812,0.0,1.0
tw-6f20a5841d7c,Amazon,1162.35,0.0123886953155246,0.0268851894868155,0.020346711403622,25.931,40.724,0.0,1.0
tw-6048e1e43307,Microsoft,84.26,-0.0010681224780441,0.0073581770709706,-0.0118680275338238,16.523,21.837,0.0,-1.0
tw-32b958fb85b3,Starbucks,57.32,0.0087229588276343,-0.0115143056524773,-0.0090718771807397,16.665,14.463,0.0,1.0
tw-4db29ec1c15e,Google,1025.07,0.0108285287834002,0.0372852585677076,0.0306808315529671,20.076,19.524,0.0,1.0
tw-9b2b21e8f351,Netflix,186.82,0.0040680869285944,0.0661599400492453,0.0478000214109838,34.897,25.373,0.0,-1.0
tw-6c656758f7fd,Google,1025.07,0.0108285287834002,0.0372852585677076,0.0306808315529671,20.076,19.524,0.0,1.0
tw-b07f5c3f0fb3,Disney,105.25,-0.0040855106888361,-0.0174821852731591,-0.0247980997624703,11.45,13.969,0.175,-1.0
tw-9e369385dc15,Google,1025.07,0.0108285287834002,0.0372852585677076,0.0306808315529671,20.076,19.524,0.1704545454545454,-1.0
tw-560b4b8ef3a9,McDonald's,172.87,-0.0052062243304217,-0.0088505813617169,-0.0217504483137617,9.462,12.604,0.0,-1.0
tw-55ca4bd0ad83,eBay,35.2,-0.0150568181818182,0.0085227272727271,0.0181818181818182,23.337,19.987,0.1363636363636363,1.0
tw-af79255c1e88,Apple,171.05,0.0046769950306926,0.0118094124524991,0.0229172756503945,19.421,20.692,0.5,-1.0
tw-dd6bd28dd5c1,Apple,171.05,0.0046769950306926,0.0118094124524991,0.0229172756503945,19.421,20.692,0.0,1.0
tw-eb3105cbc34b,Reuters,49.0583,-0.010552750502973,0.0015715995050785,-0.0065126594276606,8.913,18.708,0.0,-1.0
tw-1cae33f926ef,Starbucks,57.32,0.0087229588276343,-0.0115143056524773,-0.0090718771807397,16.665,14.463,0.0,1.0
tw-cc848cf9cca8,adidas,175.56099999999995,0.0008885800377078,0.0204544289449253,0.0268681540888922,16.567999999999998,24.5,0.0,-1.0
tw-279a1f289c24,Facebook,175.1,0.0118789263278127,0.0418046830382638,0.0438606510565391,27.571,22.808000000000003,-0.8,-1.0
tw-308778488684,Disney,107.51,0.0024183796856105,0.0056738908008557,0.0107896939819551,11.556,22.836,0.5,1.0
tw-b3af0e2dd723,Apple,169.23,0.0109318678721268,0.0079182178100809,0.034154700703185,18.274,16.387999999999998,0.5,-1.0
tw-f69ee6c5722f,BMW,86.83,0.0037774962570538,0.0127720833813197,0.0127720833813197,9.199,11.107,0.1166666666666666,-1.0
tw-2d867b2642f0,Ford,12.49,0.0072057646116893,0.0088070456365091,0.0072057646116893,9.368,13.696,0.4833333333333333,-1.0
tw-6ca780129d81,Honda,3862.0,0.0010357327809425,0.0124287933713102,0.0095805282237182,11.153,10.88,0.0,1.0
tw-225bc1dbf85b,McDonald's,172.12,0.0056937020683243,-0.0048222170578666,-0.0040669300488032,7.462999999999999,10.355,0.0,-1.0
tw-bb8ab40f7753,Disney,107.51,0.0024183796856105,0.0056738908008557,0.0107896939819551,11.556,22.836,-0.5,1.0
tw-3666d300d3d5,Reuters,48.0119,-0.0011476321495295,-0.0110118533113665,-0.0038990333646449,9.482,8.113999999999999,0.0,1.0
tw-d53796e31d0c,Walmart,98.75,0.0065822784810127,0.0041518987341771,-0.0054683544303798,10.016,11.103,0.1416666666666667,-1.0
tw-a7fc9cfa0fa2,CBS,59.0,0.0044067796610169,0.0201694915254236,0.0198305084745763,12.854,26.593000000000004,0.0,-1.0
tw-32881d055b39,Apple,169.23,0.0109318678721268,0.0079182178100809,0.034154700703185,18.274,16.387999999999998,0.2,1.0
tw-20275dbc4054,Next,4525.0,0.0039779005524861,0.0119337016574585,0.0119337016574585,29.949,24.29300000000001,0.25,1.0
tw-a5b299394eaa,eBay,37.74,0.0047694753577106,0.0052994170641228,0.0005299417064121,9.985,19.193,0.0,-1.0
tw-e2591a356b5b,Netflix,191.96,0.0039070639716607,-0.0218795582413003,-0.0105230256303397,24.448,25.15,-0.1583333333333333,-1.0
tw-a2ff50f7d591,Disney,107.51,0.0024183796856105,0.0056738908008557,0.0107896939819551,11.556,22.836,0.0,1.0
tw-bf972c89f273,Apple,169.23,0.0109318678721268,0.0079182178100809,0.034154700703185,18.274,16.387999999999998,0.2,-1.0
tw-7a5fdf787a87,Apple,169.23,0.0109318678721268,0.0079182178100809,0.034154700703185,18.274,16.387999999999998,0.3852272727272727,1.0
tw-610026dbeaa5,Starbucks,57.43,0.0066167508270938,-0.0050496256312031,-0.0022636252829532,7.941,15.47,0.0,-1.0
tw-c720fca7490e,Honda,3862.0,0.0010357327809425,0.0124287933713102,0.0095805282237182,11.153,10.88,0.0,-1.0
tw-264292c3178c,Reuters,48.0119,-0.0011476321495295,-0.0110118533113665,-0.0038990333646449,9.482,8.113999999999999,0.0,1.0
tw-0d40ff4b3ffc,BMW,86.83,0.0037774962570538,0.0127720833813197,0.0127720833813197,9.199,11.107,0.0681818181818181,-1.0
tw-93f90dbb8bc9,Facebook,176.46,0.008273829763119,-0.0026634931429219,0.0041935849484301,10.039,20.337,-0.1666666666666666,1.0
tw-2a899f5f54d5,Netflix,191.96,0.0039070639716607,-0.0218795582413003,-0.0105230256303397,24.448,25.15,-1.0,-1.0
tw-eb4b490af7a3,CBS,59.0,0.0044067796610169,0.0201694915254236,0.0198305084745763,12.854,26.593000000000004,1.0,-1.0
tw-74759b4c8acc,Sony,5083.0,0.0017706079087153,0.0123942553610072,0.0214440291166633,9.428,19.783,0.4454545454545455,-1.0
tw-6f64614843e5,CBS,59.0,0.0044067796610169,0.0201694915254236,0.0198305084745763,12.854,26.593000000000004,0.0,-1.0
tw-3bbfb488fd7a,Apple,169.23,0.0109318678721268,0.0079182178100809,0.034154700703185,18.274,16.387999999999998,0.5,-1.0
tw-944264619eca,CBS,59.0,0.0044067796610169,0.0201694915254236,0.0198305084745763,12.854,26.593000000000004,0.0,-1.0
tw-49b6ed4a9e3e,Intel,46.16,0.0012998266897747,-0.0017331022530328,0.0116984402079724,26.371,22.307,0.5,1.0
tw-6ea56662639d,Google,1053.4,0.0024207328650085,0.0118188722232768,0.0146762863109927,8.808,15.089,0.0,-1.0
tw-fde101fcc2b4,Reuters,48.0119,-0.0011476321495295,-0.0110118533113665,-0.0038990333646449,9.482,8.113999999999999,-0.1,-1.0
tw-cee3f402e214,CBS,59.0,0.0044067796610169,0.0201694915254236,0.0198305084745763,12.854,26.593000000000004,-0.5,1.0
tw-8fee1ad8d86b,PayPal,73.62,0.0074707959793533,0.0088291225210539,0.0036674816625916,8.782,31.847,0.0,1.0
tw-57239ed01e01,Amazon,1169.47,0.0142201168050483,0.0062335929951174,-0.0009491479046064,12.487,18.26,0.0,1.0
tw-1fca6a08f5d3,Netflix,191.96,0.0039070639716607,-0.0218795582413003,-0.0105230256303397,24.448,25.15,0.1615384615384615,1.0
tw-05e507ddf163,CBS,59.0,0.0044067796610169,0.0201694915254236,0.0198305084745763,12.854,26.593000000000004,0.0,1.0
tw-37dbb850c3d4,Starbucks,57.43,0.0066167508270938,-0.0050496256312031,-0.0022636252829532,7.941,15.47,0.7,1.0
tw-57cb2252c793,BMW,86.83,0.0037774962570538,0.0127720833813197,0.0127720833813197,9.199,11.107,0.0,-1.0
tw-afa12450513c,Intel,46.16,0.0012998266897747,-0.0017331022530328,0.0116984402079724,26.371,22.307,0.0,-1.0
tw-7444dbe553a5,Facebook,176.46,0.008273829763119,-0.0026634931429219,0.0041935849484301,10.039,20.337,0.0,-1.0
tw-e398202e968a,Next,4525.0,0.0039779005524861,0.0119337016574585,0.0119337016574585,29.949,24.29300000000001,0.0,1.0
tw-23b3329c5476,Samsung,50960.0,0.0,-0.054160125588697,-0.0247252747252747,37.345,31.22,0.0,-1.0
tw-b06f523f62a3,Toyota,7213.0,0.0011091085539997,0.0055455427699986,0.0095660612782476,7.678,14.158,-0.5,-1.0
tw-9db3078fd6f4,Intel,46.16,0.0012998266897747,-0.0017331022530328,0.0116984402079724,26.371,22.307,0.25,-1.0
tw-381402701cb1,Apple,169.23,0.0109318678721268,0.0079182178100809,0.034154700703185,18.274,16.387999999999998,0.65,-1.0
tw-ba2180c35ce5,Amazon,1169.47,0.0142201168050483,0.0062335929951174,-0.0009491479046064,12.487,18.26,0.125,-1.0
tw-2e24214343ee,Honda,3862.0,0.0010357327809425,0.0124287933713102,0.0095805282237182,11.153,10.88,0.1363636363636363,-1.0
tw-ed1cb4859dbb,BMW,86.83,0.0037774962570538,0.0127720833813197,0.0127720833813197,9.199,11.107,0.0681818181818181,-1.0
tw-24658fb2da40,Honda,3862.0,0.0,0.0085447954427757,0.0095805282237182,11.153,10.88,0.1363636363636363,-1.0
tw-261e730c6455,BMW,86.83,0.0,0.0065760681792008,0.0127720833813197,9.199,11.107,0.5,1.0
tw-b23cc6f87b34,Starbucks,57.43,0.0,-0.0027860003482499,-0.0022636252829532,7.941,15.47,-0.125,-1.0
tw-ed7d309eeb62,Honda,3862.0,0.0,0.0085447954427757,0.0095805282237182,11.153,10.88,-0.1,-1.0
tw-2a780052646c,Netflix,191.96,0.0,-0.0297978745571994,-0.0105230256303397,24.448,25.15,0.1481818181818182,1.0
tw-5f625c31d64b,Next,4525.0,0.0,0.0022099447513812,0.0119337016574585,29.949,24.29300000000001,0.0681818181818181,-1.0
tw-c68c76bf7932,Disney,107.51,0.0,0.0012091898428052,0.0107896939819551,11.556,22.836,0.5,1.0
tw-0a00db253548,PayPal,73.62,0.0,0.013175767454496,0.0036674816625916,8.782,31.847,0.0,-1.0
tw-81853da2c35c,BMW,86.83,0.0,0.0065760681792008,0.0127720833813197,9.199,11.107,0.1,-1.0
tw-787caa64cd95,PayPal,73.62,0.0,0.013175767454496,0.0036674816625916,8.782,31.847,0.0,1.0
tw-eea6a0628545,McDonald's,172.12,0.0,0.0031954450383452,-0.0040669300488032,7.462999999999999,10.355,0.0,1.0
tw-e9f179fd97df,Amazon,1169.47,0.0,0.0109365781080318,-0.0009491479046064,12.487,18.26,0.25,-1.0
tw-fbbb6d33a8d9,Ford,12.49,0.0,0.0008006405124099,0.0072057646116893,9.368,13.696,0.0,1.0
tw-337d5801de8e,McDonald's,172.12,0.0,0.0031954450383452,-0.0040669300488032,7.462999999999999,10.355,0.0,-1.0
tw-a2b8281f5440,Facebook,176.46,0.0,0.0065737277569987,0.0041935849484301,10.039,20.337,0.5,-1.0
tw-eaf05efb36e4,Microsoft,85.54,0.0,0.0019873743277997,-0.0003507131166705,5.001,19.479,0.1704545454545454,1.0
tw-698d9db72e65,Facebook,202.54,0.0049372963365261,0.003406734472203,-0.0484348770613212,27.423,23.219,0.0,-1.0
tw-77a128094d7c,Walmart,86.53,0.0078585461689586,-0.0233445047960244,-0.0241534727840055,19.014,17.317,0.5,-1.0
tw-8632b0aefbaa,Nike,77.36,0.0027145811789037,-0.0113753877973112,-0.013960703205791,61.338,36.106,0.6,-1.0
tw-c2a606f49df6,Apple,187.88,0.0131466893761975,0.0004790291675537,-0.0210772833723653,18.568,15.481,0.0,-1.0
tw-cbea76aad90f,Toyota,7132.0,0.0026640493550196,0.004206393718452,-0.0047672462142456,12.865,22.007,0.65,1.0
tw-57ba08287925,McDonald's,158.62,0.0126087504728281,0.0050435001891311,-0.0134913630059262,12.039,22.579,-0.0499999999999999,-1.0
tw-a7eef516591c,Next,6050.0,-0.0115702479338842,-0.0413223140495867,-0.0171900826446281,19.825,19.307,0.0,1.0
tw-47f131adb1b3,PayPal,86.25,-0.000927536231884,-0.0035942028985507,-0.0345507246376812,15.158,21.242,0.2,1.0
tw-ff170a36dc54,Walmart,86.53,0.0078585461689586,-0.0233445047960244,-0.0241534727840055,19.014,17.317,0.0,-1.0
tw-87b365f3d30e,Starbucks,50.14,0.005584363781412,-0.0231352213801356,-0.0273234942161946,20.882,34.763000000000005,0.0,-1.0
tw-e47a5500040f,Honda,3238.0,0.0108091414453366,-0.003088326127239,-0.0154416306361951,16.942999999999998,19.259,0.6510416666666665,1.0
tw-0eca6f8fd5d9,Apple,187.88,0.0131466893761975,0.0004790291675537,-0.0210772833723653,18.568,15.481,0.8,1.0
tw-65362ca79a61,Netflix,418.65,-0.0072136629642899,-0.0248417532545084,-0.0671921652932043,26.604,36.772,0.1,-1.0
tw-a34a877186c2,adidas,182.9,0.009021323127392,-0.0082012028430836,-0.0032804811372334,16.375999999999998,25.472,-0.0151515151515151,1.0
tw-11b6f036b1c2,Netflix,418.65,-0.0072136629642899,-0.0248417532545084,-0.0671921652932043,26.604,36.772,0.0,1.0
tw-a75a1f985c99,McDonald's,158.62,0.0126087504728281,0.0050435001891311,-0.0134913630059262,12.039,22.579,0.0,1.0
tw-510e1cb559a5,adidas,182.9,0.009021323127392,-0.0082012028430836,-0.0032804811372334,16.375999999999998,25.472,-0.3,-1.0
tw-b79bb015b102,Honda,3238.0,0.0108091414453366,-0.003088326127239,-0.0154416306361951,16.942999999999998,19.259,0.0,-1.0
tw-cd5858cf7dfe,Next,6050.0,-0.0115702479338842,-0.0413223140495867,-0.0171900826446281,19.825,19.307,0.3,1.0
tw-3ded5a4e24ee,eBay,36.98,0.0016224986479178,0.011087074094105,-0.0091941590048673,18.538,22.854,0.0,1.0
tw-7e77e98be5f8,Apple,187.88,0.0131466893761975,0.0004790291675537,-0.0210772833723653,18.568,15.481,-0.2777777777777778,-1.0
tw-a98cf0dc6eb0,Apple,187.88,0.0131466893761975,0.0004790291675537,-0.0210772833723653,18.568,15.481,0.075,1.0
tw-2c2b41b1198b,CBS,59.3,-0.0094435075885328,-0.0193929173693085,-0.0617200674536255,16.114,21.965,0.0,-1.0
tw-e3a642ea6cf9,Next,6050.0,-0.0115702479338842,-0.0413223140495867,-0.0171900826446281,19.825,19.307,0.0,-1.0
tw-172be423f98c,adidas,182.9,0.009021323127392,-0.0082012028430836,-0.0032804811372334,16.375999999999998,25.472,0.2681818181818182,1.0
tw-b6d2ac89b7b0,Sony,5742.0,-0.0064437478230581,-0.0508533611981887,-0.0365726227795193,36.425,27.674,0.3833333333333333,-1.0
tw-74b4ee18cecc,Walmart,86.52,0.0001155802126676,-0.0068192325473877,-0.0225381414701803,17.715,16.185,0.0,-1.0
tw-1f41b1837e4e,Amazon,1796.62,-0.0231657223007647,-0.032060201934744,-0.0539290445391901,16.113,19.592,0.0,-1.0
tw-82cad73f78ad,PayPal,89.13,-0.032312352743184,-0.0325367440816783,-0.0509368338382137,19.1,23.159,0.0,1.0
tw-c865f3231f2a,Apple,191.03,-0.0164895566141444,-0.0023556509448777,-0.0294718107103596,20.021,16.21,0.4619047619047619,-1.0
tw-fbd7adbd5933,Amazon,1796.62,-0.0231657223007647,-0.032060201934744,-0.0539290445391901,16.113,19.592,0.0,-1.0
tw-d73a35fa3577,Google,1201.26,-0.0248072856833657,-0.0282869653530459,-0.0499225812896459,22.749,21.651,0.0,-1.0
tw-da60dc7793d6,HP,23.53,-0.0199745006374841,-0.0067998300042499,-0.0331491712707182,28.565,24.307,0.0,-1.0
tw-da9de62ff1f9,BMW,79.36,-0.0071824596774192,0.0103326612903226,0.0168850806451613,19.517,18.9,0.0,1.0
tw-bb2e486f6b55,Toyota,7234.0,-0.0141000829416643,-0.0033176665745092,-0.0204589438761404,14.485,20.713,0.2,-1.0
tw-9ca431147749,PayPal,89.13,-0.032312352743184,-0.0325367440816783,-0.0509368338382137,19.1,23.159,0.25,1.0
tw-3fc28e8bf15f,Honda,3259.0,-0.0064436943847806,-0.0058300092052776,-0.0230131942313593,16.822,19.297,0.275,1.0
tw-03c3b05cb6a6,Next,6048.0,0.0003306878306878,-0.0238095238095238,-0.0343915343915343,19.622,19.29,-0.1,1.0
tw-93b062e5f487,Facebook,206.92,-0.0211676010052193,-0.0105354726464333,-0.0409336941813261,28.961,23.199,0.0,-1.0
tw-7dc4531c1873,McDonald's,159.12,-0.0031422825540472,0.0051533433886374,-0.0113122171945702,11.085,22.364,0.0,1.0
tw-abd4b26b337c,Walmart,86.52,0.0001155802126676,-0.0068192325473877,-0.0225381414701803,17.715,16.185,0.1704545454545454,-1.0
tw-29a418029cba,Netflix,413.5,0.0124546553808947,0.0132285368802902,-0.0365417170495768,28.434,37.026,-0.05,-1.0
tw-e166c87c4c84,Disney,108.25,-0.0019399538106234,-0.0206004618937644,-0.0268822170900692,15.459,17.255,0.08125,1.0
tw-8dbd4a515465,McDonald's,158.51,0.0038483376443127,0.0133114629991799,0.005740962715286,11.508,22.337,0.0,-1.0
tw-ad2f7a3608b0,Netflix,395.8,0.0447195553309752,0.0501010611419908,0.031455280444669,38.273,39.408,0.0,-1.0
tw-14ad7e226c27,Facebook,207.32,-0.0019293845263361,-0.0182326837738761,-0.0197279567817866,27.551,23.037,0.5,1.0
tw-c5710e24e659,McDonald's,158.51,0.0038483376443127,0.0133114629991799,0.005740962715286,11.508,22.337,-0.0625,-1.0
tw-463e21c2c810,HP,23.71,-0.0075917334458034,0.0067482075073808,-0.0295234078447912,28.545,22.92,0.0,1.0
tw-8e3aee3f5315,Amazon,1813.03,-0.0090511464233907,-0.0385873372200129,-0.0564800361825231,15.588,19.633,0.0987878787878788,-1.0
tw-823870b712d1,BMW,79.81,-0.0056383911790502,0.0035083322891868,0.0055130935972935,19.308,18.922,0.0,-1.0
tw-64984087cb4a,Amazon,1813.03,-0.0090511464233907,-0.0385873372200129,-0.0564800361825231,15.588,19.633,0.0,-1.0
tw-db0cf5aa72f1,Amazon,1813.03,-0.0090511464233907,-0.0385873372200129,-0.0564800361825231,15.588,19.633,0.4375,-1.0
tw-603015e0e895,CBS,59.01,0.0018640908320623,-0.0045754956786984,-0.0145738010506693,17.342,20.776,0.2,-1.0
tw-ec6188b9ccac,Ford,10.98,0.0063752276867031,0.0245901639344261,0.0072859744990892,14.097,14.0,0.35,1.0
tw-65ab5bcfa169,Microsoft,105.43,-0.0117613582471783,-0.0313952385469031,-0.040500806222138,15.027,16.354,0.0,1.0
tw-6d8b265fcf96,Apple,191.33,-0.0015679715674489,-0.0051220404536665,-0.0175612815554278,19.797,15.322,0.0,-1.0
tw-b3041374993a,Netflix,395.8,0.0447195553309752,0.0501010611419908,0.031455280444669,38.273,39.408,-0.1875,-1.0
tw-6764bd4d2092,Facebook,207.32,-0.0019293845263361,-0.0182326837738761,-0.0197279567817866,27.551,23.037,0.4166666666666667,1.0
tw-9a4e57218783,Next,6106.0,-0.009498853586636,-0.0206354405502784,-0.0501146413363904,18.839,19.347,0.0,-1.0
tw-d8684574b5c6,HP,23.71,-0.0075917334458034,0.0067482075073808,-0.0295234078447912,28.545,22.92,0.2,-1.0
tw-6f2528220bb9,PayPal,87.99,0.0129560177292874,-0.0206841686555289,-0.0232981020570519,22.282,23.341,0.0,-1.0
tw-c7bb19f5b413,HP,23.71,-0.0075917334458034,0.0067482075073808,-0.0295234078447912,28.545,22.92,0.25,-1.0
tw-b804104293ea,Toyota,7278.0,-0.0060456169277273,-0.0174498488595768,-0.0159384446276449,11.267,17.180999999999994,0.0,1.0
tw-081d67d22342,McDonald's,158.51,0.0038483376443127,0.0133114629991799,0.005740962715286,11.508,22.337,0.0,-1.0
tw-7843100880a7,McDonald's,158.51,0.0038483376443127,0.0133114629991799,0.005740962715286,11.508,22.337,0.1,-1.0
tw-3b78a8a294ea,adidas,188.4,-0.0172505307855626,-0.0204352441613587,-0.0371549893842887,16.838,26.385,0.0,1.0
tw-23fa9af19f1d,Honda,3292.0,-0.0100243013365735,-0.0057715674362089,-0.0194410692588092,13.199000000000002,17.995,0.0,1.0
tw-54287459e5c3,Samsung,46500.0,-0.021505376344086,-0.0043010752688172,-0.0344086021505376,24.261,22.718000000000004,0.0,1.0
tw-e03e0607da21,Facebook,207.32,-0.0019293845263361,-0.0182326837738761,-0.0197279567817866,27.551,23.037,0.0,-1.0
tw-8e8d280e55f9,Starbucks,51.62,-0.0265401007361487,-0.0232468035645098,-0.0511429678419217,18.0,35.847,0.15,-1.0
tw-bc5f4b82d2b2,BMW,79.81,-0.0056383911790502,0.0035083322891868,0.0055130935972935,19.308,18.922,0.1363636363636363,1.0
tw-5daa0078cd85,Starbucks,51.62,-0.0265401007361487,-0.0232468035645098,-0.0511429678419217,18.0,35.847,0.0,-1.0
tw-b9d4705d0d45,Walmart,87.7,0.0,-0.0133409350057012,-0.0363740022805016,18.8,16.54,-0.3958333333333333,1.0
tw-65a86a7f8cd9,Intel,52.22,0.0,-0.0195327460743009,-0.0162772883952508,24.249,25.449,0.0,1.0
tw-b61fab918b54,Amazon,1813.03,0.0,-0.0320071923796076,-0.0564800361825231,15.588,19.633,0.0,1.0
tw-d090fec121f3,Facebook,207.32,0.0,-0.0230561450897163,-0.0197279567817866,27.551,23.037,0.7,-1.0
tw-1c1c8700503b,Apple,191.33,0.0,-0.0180316730256625,-0.0175612815554278,19.797,15.322,-0.6,-1.0
tw-4b4861e145b2,HP,23.71,0.0,-0.0274145929987348,-0.0295234078447912,28.545,22.92,0.125,1.0
tw-9341be4a902c,PayPal,87.99,0.0,-0.0197749744289123,-0.0232981020570519,22.282,23.341,-0.15,1.0
tw-8339d78232e0,PayPal,87.99,0.0,-0.0197749744289123,-0.0232981020570519,22.282,23.341,0.0,-1.0
tw-e3f7332d57d7,Intel,52.22,0.0,-0.0195327460743009,-0.0162772883952508,24.249,25.449,0.0,-1.0
tw-ad9ae5053533,Microsoft,105.43,0.0,-0.0117613582471783,-0.040500806222138,15.027,16.354,0.0,1.0
tw-bb789d6c4900,Next,6106.0,0.0,-0.009498853586636,-0.0501146413363904,18.839,19.347,0.0,1.0
tw-9d91e1d62451,Apple,191.33,0.0,-0.0015679715674489,-0.0175612815554278,19.797,15.322,0.0,1.0
tw-3f9d77f7402a,Walmart,87.7,0.0,-0.0134549600912201,-0.0363740022805016,18.8,16.54,0.0,-1.0
tw-47ce774c0af0,Apple,191.33,0.0,-0.0015679715674489,-0.0175612815554278,19.797,15.322,0.0,1.0
tw-b54116fd883b,Disney,110.0,0.0,-0.0159090909090909,-0.0474545454545454,16.635,17.643,0.0,-1.0
tw-f3a86e2e777e,Facebook,207.32,0.0,-0.0019293845263361,-0.0197279567817866,27.551,23.037,0.0,-1.0
tw-0280197b4d09,Disney,110.0,0.0,-0.0159090909090909,-0.0474545454545454,16.635,17.643,0.0,-1.0
tw-2b0e81481ee4,Toyota,7278.0,0.0,-0.0060456169277273,-0.0159384446276449,11.267,17.180999999999994,0.65,1.0
tw-3d7c9b4a389f,eBay,37.61,0.0,-0.0015953203935124,-0.0058495081095453,19.36,22.782,0.25,1.0
tw-50c10d4a2f4d,HP,23.71,0.0,-0.0075917334458034,-0.0295234078447912,28.545,22.92,0.0,-1.0
tw-5e46650eea7e,Amazon,1813.03,0.0,-0.0090511464233907,-0.0564800361825231,15.588,19.633,0.0,-1.0
tw-f44ef6fa3e5a,Reuters,46.7893,0.0,-0.0054136308942428,-0.0324860598470162,8.495,12.395,0.2,1.0
tw-394fab16abf4,Ford,10.98,0.0,0.0063752276867031,0.0072859744990892,14.097,14.0,0.15625,1.0
tw-55644177478a,Facebook,207.32,0.0,-0.0019293845263361,-0.0197279567817866,27.551,23.037,-0.25,1.0
tw-f30b8e970824,PayPal,87.99,0.0,0.0129560177292874,-0.0232981020570519,22.282,23.341,0.0,-1.0
tw-1d2b5d9a83be,Facebook,207.32,0.0,-0.0019293845263361,-0.0197279567817866,27.551,23.037,0.0,1.0
tw-ea3931b061fc,CBS,59.01,0.0,0.0018640908320623,-0.0145738010506693,17.342,20.776,0.0,1.0
tw-ef3778fda662,PayPal,87.99,0.0,0.0129560177292874,-0.0232981020570519,22.282,23.341,0.325,1.0
tw-6704d95763e9,Amazon,1813.03,0.0,-0.0090511464233907,-0.0564800361825231,15.588,19.633,0.0,1.0
tw-ed1d841b741b,Toyota,7278.0,0.0,-0.0060456169277273,-0.0159384446276449,11.267,17.180999999999994,0.1363636363636363,1.0
tw-974b9b84a5db,Facebook,207.32,0.0,-0.0019293845263361,-0.0197279567817866,27.551,23.037,0.0,1.0
tw-4899931e5368,adidas,188.4,0.0,-0.0172505307855626,-0.0371549893842887,16.838,26.385,0.0555555555555555,1.0
tw-9d82583072cc,Disney,110.0,0.0,-0.0159090909090909,-0.0474545454545454,16.635,17.643,0.5666666666666667,1.0
tw-9ab78fe2b7db,Walmart,87.7,0.0,-0.0134549600912201,-0.0363740022805016,18.8,16.54,0.3636363636363637,-1.0
tw-1089c27b956e,CBS,59.01,0.0,0.0018640908320623,-0.0145738010506693,17.342,20.776,0.0,1.0
tw-583d8d8e25f1,Honda,3292.0,0.0,-0.0100243013365735,-0.0194410692588092,13.199000000000002,17.995,0.25,-1.0
tw-853032ef6bfe,Google,1204.42,0.0,-0.002623669484067,-0.0409657760581858,22.716,19.795,0.25,-1.0
tw-3d6ea7094414,Netflix,395.8,0.0,0.0447195553309752,0.031455280444669,38.273,39.408,-0.5,-1.0
tw-d1068e1b63a4,HP,23.71,0.0,-0.0075917334458034,-0.0295234078447912,28.545,22.92,0.5,-1.0
tw-060cc0f8c73f,Honda,3292.0,0.0,-0.0100243013365735,-0.0194410692588092,13.199000000000002,17.995,0.0,1.0
tw-46b61e2c1da1,Samsung,46500.0,0.0,-0.021505376344086,-0.0344086021505376,24.261,22.718000000000004,0.0,1.0
tw-ccf60b1bf063,CBS,59.01,0.0,0.0018640908320623,-0.0145738010506693,17.342,20.776,0.0,1.0
tw-381ceaa05210,HP,23.71,0.0,-0.0075917334458034,-0.0295234078447912,28.545,22.92,0.025,-1.0
tw-76e280eb3466,Netflix,400.48,-0.0116859768278066,-0.0116859768278066,0.0461695964842189,37.656,39.487,0.6333333333333333,1.0
tw-f9b3bf0308a4,Starbucks,50.94,0.0133490380840204,0.0133490380840204,-0.0204161758932076,20.832,35.91300000000001,0.0,1.0
tw-c422de35d3cd,Microsoft,104.91,0.0049566294919455,0.0049566294919455,-0.0291678581641407,15.749,16.311,0.5,1.0
tw-4f9f37a71188,eBay,37.73,-0.0031804929764112,-0.0031804929764112,0.004770739464617,18.866,22.005,0.0681818181818181,1.0
tw-b9225ef33a38,Netflix,400.48,-0.0116859768278066,-0.0116859768278066,0.0461695964842189,37.656,39.487,0.5,-1.0
tw-3581b61c4846,Facebook,207.23,0.0004343000530811,0.0004343000530811,-0.0120156348019108,27.317,22.979,0.0,-1.0
tw-e37030aeaf93,adidas,188.65,-0.001325205406838,-0.001325205406838,-0.0357805459846276,16.825,26.287,0.0,1.0
tw-01e5a4e7254c,Intel,52.01,0.0040376850605652,0.0040376850605652,-0.0028840607575465,24.583,25.447,0.0333333333333333,1.0
tw-34af6d22e3f5,Walmart,87.64,0.0006846188954815,0.0006846188954815,-0.0195116385212231,13.632,14.28,0.0,1.0
tw-934a7f4ce677,Starbucks,50.94,0.0133490380840204,0.0133490380840204,-0.0204161758932076,20.832,35.91300000000001,0.0,1.0
tw-f635bc24b7ac,Starbucks,50.94,0.0133490380840204,0.0133490380840204,-0.0204161758932076,20.832,35.91300000000001,0.5,-1.0
tw-adcf40a1184e,HP,23.59,-0.0008478168715557,0.0050869012293345,0.0118694362017804,27.65,21.296,0.0,-1.0
tw-d4934a0812fa,Intel,51.75,0.0050241545893719,0.0090821256038647,0.0079227053140095,22.688,25.445,0.0,-1.0
tw-e105dd46764d,Intel,51.75,0.0050241545893719,0.0090821256038647,0.0079227053140095,22.688,25.445,0.0,-1.0
tw-3f5c0a57c47a,Walmart,88.19,-0.0062365347545072,-0.005556185508561,-0.0111123710171221,13.656,13.999,0.375,-1.0
tw-b07938b62429,Starbucks,51.28,-0.0066302652106084,0.0066302652106083,-0.016770670826833,19.926,35.455,-0.25,1.0
tw-11e694cd607b,Microsoft,105.95,-0.0098159509202454,-0.0049079754601226,-0.0361491269466729,12.973,16.480999999999998,0.5,1.0
tw-9729e21ab062,McDonald's,159.75,-0.0060719874804381,-0.0077621283255086,0.0054460093896713,11.504,22.285,0.0,1.0
tw-eb4cb9c71bbc,HP,23.59,-0.0008478168715557,0.0050869012293345,0.0118694362017804,27.65,21.296,0.0,-1.0
tw-e354150694ee,HP,23.59,-0.0008478168715557,0.0050869012293345,0.0118694362017804,27.65,21.296,0.0,-1.0
tw-6e29951f2d72,Starbucks,51.28,-0.0066302652106084,0.0066302652106083,-0.016770670826833,19.926,35.455,0.3,1.0
tw-1ebf2bcde11e,Disney,110.3,-0.0009066183136898,-0.0027198549410697,-0.0387126019945602,13.484000000000002,17.482,0.0,1.0
tw-91bd27680e41,Starbucks,51.28,-0.0066302652106084,0.0066302652106083,-0.016770670826833,19.926,35.455,0.0,1.0
tw-3e863a75b625,Next,6136.0,-0.0156453715775749,-0.0048891786179921,-0.0254237288135593,20.82,19.02,0.0,-1.0
tw-a64fb5eab9e7,Next,6136.0,-0.0156453715775749,-0.0048891786179921,-0.0254237288135593,20.82,19.02,0.0,-1.0
tw-1f7e719fe1c2,Intel,51.75,0.0050241545893719,0.0090821256038647,0.0079227053140095,22.688,25.445,0.0,-1.0
tw-37ad1ba3fe30,Samsung,45850.0,0.0043620501635768,0.0141766630316248,0.0098146128680479,24.103,22.331,0.0,-1.0
tw-66a97b909757,Amazon,1843.93,-0.0116273394326249,-0.0167576860292961,-0.0546983887674695,10.99,18.951,-0.15,1.0
tw-c1d6cdcb2687,Next,6136.0,-0.0156453715775749,-0.0048891786179921,-0.0254237288135593,20.82,19.02,-0.2,1.0
tw-a1011782daa6,Toyota,7373.0,-0.0128848501288485,-0.0128848501288485,-0.0301098603010986,12.279000000000002,17.502,0.1363636363636363,1.0
tw-ead7d94a4abd,Intel,51.75,0.0050241545893719,0.0090821256038647,0.0079227053140095,22.688,25.445,0.13,-1.0
tw-0eddd347b2ca,PayPal,88.58,-0.0091442763603522,-0.0066606457439603,-0.0272070444795664,21.493,23.06,0.0,1.0
tw-18c194aaa3ad,adidas,186.0,0.014247311827957,0.0129032258064516,-0.0077956989247311,17.305,23.116,0.2,1.0
tw-561775b8ced5,PayPal,88.58,-0.0091442763603522,-0.0066606457439603,-0.0272070444795664,21.493,23.06,0.0,-1.0
tw-1f08e0b32335,Honda,3323.0,-0.0093289196509178,-0.0093289196509178,-0.0150466445982545,13.58,18.129,0.1666666666666666,1.0
tw-457004a38ce7,CBS,58.02,0.013960703205791,0.0170630816959668,0.0124095139607031,19.225,21.701,0.0,1.0
tw-b259157dd465,CBS,58.02,0.013960703205791,0.0170630816959668,0.0124095139607031,19.225,21.701,-0.1,1.0
tw-a1c1021b4761,Google,1213.08,-0.0136594453787053,-0.0071388531671446,-0.0378705443993799,16.730999999999998,19.812,0.0,1.0
tw-20e8daf9dec6,McDonald's,159.75,-0.0060719874804381,-0.0077621283255086,0.0054460093896713,11.504,22.285,-0.0178571428571428,-1.0
tw-701a72859ada,Disney,110.3,-0.0009066183136898,-0.0027198549410697,-0.0387126019945602,13.484000000000002,17.482,0.0,1.0
tw-d49fbe5a51ff,Walmart,88.19,-0.0062365347545072,-0.005556185508561,-0.0111123710171221,13.656,13.999,0.0,1.0
tw-6d0039cd769e,Google,1213.08,-0.0136594453787053,-0.0071388531671446,-0.0378705443993799,16.730999999999998,19.812,-0.5,1.0
tw-18988b1da8ef,Google,1213.08,-0.0136594453787053,-0.0071388531671446,-0.0378705443993799,16.730999999999998,19.812,0.0,-1.0
tw-9fb97a17a21b,Disney,110.3,-0.0009066183136898,-0.0027198549410697,-0.0387126019945602,13.484000000000002,17.482,0.0,-1.0
tw-201da4d6a81b,Toyota,7373.0,-0.0128848501288485,-0.0128848501288485,-0.0301098603010986,12.279000000000002,17.502,0.0,1.0
tw-fe215f6da04a,PayPal,88.58,-0.0091442763603522,-0.0066606457439603,-0.0272070444795664,21.493,23.06,0.0,1.0
tw-f488b4f6d0d1,PayPal,88.58,-0.0091442763603522,-0.0066606457439603,-0.0272070444795664,21.493,23.06,0.0,1.0
tw-297dfc4a00b1,Intel,51.75,0.0050241545893719,0.0090821256038647,0.0079227053140095,22.688,25.445,0.0,-1.0
tw-743f3b74098c,Sony,6006.0,-0.0046620046620046,-0.0046620046620046,-0.0501165501165501,37.766,27.675,0.0,-1.0
tw-723fd9e84ea0,Microsoft,105.95,-0.0098159509202454,-0.0049079754601226,-0.0361491269466729,12.973,16.480999999999998,0.6000000000000001,-1.0
tw-dbe792f58d12,CBS,58.02,0.013960703205791,0.0170630816959668,0.0124095139607031,19.225,21.701,0.0,1.0
tw-8481b4e2ffc1,Microsoft,105.95,-0.0098159509202454,-0.0049079754601226,-0.0361491269466729,12.973,16.480999999999998,0.2,-1.0
tw-1ada865f88ce,Honda,3332.0,-0.0027010804321728,-0.0120048019207683,-0.0282112845138055,12.007,18.17,0.0,-1.0
tw-4e91d56feb29,Disney,110.69,-0.0035233535098021,-0.0062336254404191,-0.023940735387117,13.054,16.753,0.0,1.0
tw-21566ec10dd4,eBay,37.95,-0.0036890645586297,-0.0089591567852438,-0.0255599472990778,18.242,20.617,-0.0101010101010101,-1.0
tw-b3285d946d64,Apple,190.4,0.0055147058823528,0.0048844537815126,-0.0132352941176471,16.074,14.991,0.4,1.0
tw-c7bf36369fca,Intel,51.72,0.0005800464037123,0.0096674400618716,-0.0100541376643464,19.056,25.193,-0.2333333333333333,1.0
tw-3c2d02acaea1,Amazon,1842.92,0.0005480433225533,-0.0162188266446726,-0.0477068999196927,11.863,18.954,0.7,-1.0
tw-e25007a339ab,Intel,51.72,0.0005800464037123,0.0096674400618716,-0.0100541376643464,19.056,25.193,-0.0875,-1.0
tw-89fa6113c3fe,BMW,80.94,-0.006548060291574,-0.0139609587348652,-0.0265628860884604,14.777,19.301,0.0,1.0
tw-9076b41fc4ef,PayPal,88.22,0.0040807073226025,-0.0026071185672183,-0.0223305372931308,21.475,23.118,0.2787878787878788,1.0
tw-8f615ca5b997,McDonald's,157.41,0.0033034750015882,0.0087033860618766,0.010863350485992,11.033,17.092,0.0,-1.0
tw-51e157cf7307,HP,23.19,0.0146614920224234,0.0163863734368261,0.0146614920224234,29.033,21.716,0.0,-1.0
tw-e79fa2010ea3,Intel,51.98,-0.0050019238168525,0.0005771450557907,0.0071181223547519,18.202,24.745,0.0,-1.0
tw-4f6ac38244c0,Google,1199.1,0.0115169710616297,-0.0021599532983069,0.00180135101326,17.758,19.782,-0.1333333333333333,-1.0
tw-1b325dfa293f,Intel,51.98,-0.0050019238168525,0.0005771450557907,0.0071181223547519,18.202,24.745,0.0,-1.0
tw-df92d6a5adcf,Amazon,1812.97,0.0165198541619552,0.005251052140962,-0.009018351103438,18.139,19.724,0.0,1.0
tw-cf4c6a1f2f19,Intel,51.98,-0.0050019238168525,0.0005771450557907,0.0071181223547519,18.202,24.745,0.8,-1.0
tw-20ac81e1da42,Facebook,208.09,0.0061031284540343,-0.004132827142102,-0.0056225671584411,15.448,22.344,-0.1555555555555556,-1.0
tw-bacf951c5fde,Next,6130.0,-0.0003262642740619,-0.0146818923327895,-0.0133768352365416,15.45,18.873,-0.3038194444444445,1.0
tw-253bc4cc12b4,Starbucks,51.34,-0.0037008180755746,-0.0077911959485782,-0.0212310089598754,19.809,34.339,0.0,1.0
tw-06cc03a5e145,McDonald's,157.41,0.0033034750015882,0.0087033860618766,0.010863350485992,11.033,17.092,0.5,-1.0
tw-4543c1ea312e,Microsoft,104.4,0.0068965517241379,0.0048850574712642,-0.0020114942528736,15.872,16.066,-0.1666666666666666,-1.0
tw-c0137f97f1c7,Google,1199.1,0.0115169710616297,-0.0021599532983069,0.00180135101326,17.758,19.782,-0.2555555555555556,1.0
tw-e1d9062f9fad,Starbucks,51.34,-0.0037008180755746,-0.0077911959485782,-0.0212310089598754,19.809,34.339,0.125,1.0
tw-6176257424fb,Intel,51.98,-0.0050019238168525,0.0005771450557907,0.0071181223547519,18.202,24.745,0.0,1.0
tw-cf25f0ec933e,Amazon,1812.97,0.0165198541619552,0.005251052140962,-0.009018351103438,18.139,19.724,0.0,-1.0
tw-40d081b2bb28,PayPal,87.38,0.0096131837949187,0.0044632639047837,0.020027466239414,21.523000000000003,22.138,-0.0212121212121212,1.0
tw-6442634eb3c5,Google,1199.1,0.0115169710616297,-0.0021599532983069,0.00180135101326,17.758,19.782,0.0,1.0
tw-52588f35f2c8,BMW,80.76,0.00222882615156,-0.0183259039128281,-0.0173353145121347,14.446,19.278,0.0,1.0
tw-2a81784be428,Sony,5939.0,0.0060616265364539,0.0065667620811584,-0.0244148846607172,26.896,26.858,-0.1666666666666666,-1.0
tw-7dab36445fe2,PayPal,87.38,0.0096131837949187,0.0044632639047837,0.020027466239414,21.523000000000003,22.138,0.0,1.0
tw-805f2c7b2b9e,Netflix,364.23,0.0299261455673612,0.0995250253960409,0.1352716690003568,42.089,43.771,0.0,1.0
tw-767c51680fc0,Sony,5939.0,0.0060616265364539,0.0065667620811584,-0.0244148846607172,26.896,26.858,0.0681818181818181,-1.0
tw-b7401017e6f9,Intel,51.98,-0.0050019238168525,0.0005771450557907,0.0071181223547519,18.202,24.745,0.0,1.0
tw-05aba56830d6,Samsung,46900.0,-0.0074626865671641,-0.0181236673773987,-0.0298507462686567,20.507,22.922,0.0,1.0
tw-a5498eac240d,Toyota,7457.0,0.00214563497385,-0.0240042912699477,-0.0299047874480354,13.203,17.046,0.0,1.0
tw-cb96554b15b9,Google,1199.1,0.0115169710616297,-0.0021599532983069,0.00180135101326,17.758,19.782,0.0,-1.0
tw-c221e80e8f65,Intel,51.98,-0.0050019238168525,0.0005771450557907,0.0071181223547519,18.202,24.745,0.0,-1.0
tw-43e15ff03654,Toyota,7457.0,0.00214563497385,-0.0240042912699477,-0.0299047874480354,13.203,17.046,0.2333333333333333,1.0
tw-a33e1b3d46dc,PayPal,87.38,0.0096131837949187,0.0044632639047837,0.020027466239414,21.523000000000003,22.138,0.0,1.0
tw-77179e3fecfe,Walmart,87.72,0.0039899680802552,-0.0009119927040583,-0.0136798905608755,14.467,14.064,0.375,-1.0
tw-ba4c3a02d0fb,Honda,3323.0,0.0027083960276858,-0.0093289196509178,-0.0192597050857658,12.271,17.947,0.0,1.0
tw-db27e95623fb,Disney,112.13,-0.0128422366895567,-0.0172121644519753,-0.0346026933024168,11.753,17.008,0.15,1.0
tw-cdf617c3d706,Sony,5939.0,0.0060616265364539,0.0065667620811584,-0.0244148846607172,26.896,26.858,0.0,-1.0
tw-436f653b3658,eBay,34.11,0.1125769569041338,0.1061272354148342,0.100850190559953,60.978,37.186,0.2,-1.0
tw-794036f3bea6,CBS,57.44,0.0135793871866295,0.0241991643454039,0.0292479108635097,13.192,22.345,0.6,-1.0
tw-f06148ed228a,Microsoft,104.4,0.0068965517241379,0.0048850574712642,-0.0020114942528736,15.872,16.066,0.0,-1.0
tw-f772d11a341b,Intel,51.98,-0.0050019238168525,0.0005771450557907,0.0071181223547519,18.202,24.745,0.0,-1.0
tw-f5f4db146806,eBay,34.11,0.1125769569041338,0.1061272354148342,0.100850190559953,60.978,37.186,0.0,1.0
tw-4bc36e8e2878,Apple,191.88,-0.0077131540546174,-0.0050552428601209,-0.0044298519908275,15.050999999999998,15.183,0.5,-1.0
tw-01365c1e7004,Starbucks,51.34,-0.0037008180755746,-0.0077911959485782,-0.0212310089598754,19.809,34.339,0.8,1.0
tw-abf3c7c5b534,Walmart,87.72,0.0039899680802552,-0.0009119927040583,-0.0136798905608755,14.467,14.064,0.0,1.0
tw-9e21e9a179ec,Next,6050.0,0.0132231404958677,0.0142148760330578,0.0092561983471074,16.768,19.009,0.0,1.0
tw-be12f4b46b27,Sony,5933.0,0.0010112927692566,0.0123040620259565,0.0075846957694252,27.211,26.455,0.7,1.0
tw-2b4c5a4d8854,Intel,51.91,0.0013484877672895,-0.0030822577538045,0.0059718743979965,17.539,24.442,0.0666666666666666,-1.0
tw-35feee656102,Intel,51.91,0.0013484877672895,-0.0030822577538045,0.0059718743979965,17.539,24.442,0.0,-1.0
tw-132d8d138219,Google,1197.88,0.001018465956523,0.0126890840484855,0.0054596453734931,17.497,19.774,-0.045021645021645,1.0
tw-2718a3719fc9,Microsoft,106.27,-0.0175966876823185,-0.0030111978921614,-0.0079043944669237,17.608,16.723,0.0784632034632034,-1.0
tw-0bdc9b0290c3,Ford,10.56,0.0246212121212121,0.0284090909090908,0.0397727272727272,15.033,13.995,0.0,1.0
tw-563e4ad0d479,McDonald's,157.97,-0.003544976894347,0.0112679622713173,0.0034183705766917,11.074000000000002,17.186,0.0,-1.0
tw-cfe8e64c1d90,Amazon,1813.7,-0.0004024921431328,0.0166675855985003,-0.0003694105971219,17.295,19.659,0.25,1.0
tw-abe1492ff8bc,CBS,57.23,0.003669404158658,0.0138039489778089,0.031102568582911,12.851,22.461,0.0,1.0
tw-14bb9641856f,adidas,189.0,0.0015873015873016,-0.0158730158730158,-0.0031746031746031,18.338,21.225,0.0,1.0
tw-0a1bb6f787c9,HP,22.94,0.0108979947689625,0.0283347863993024,0.0335658238884045,28.151,21.806,0.0,1.0
tw-26d6113da375,Intel,51.91,0.0013484877672895,-0.0030822577538045,0.0059718743979965,17.539,24.442,1.0,1.0
tw-858df2482e47,Microsoft,106.27,-0.0175966876823185,-0.0030111978921614,-0.0079043944669237,17.608,16.723,0.0,1.0
tw-9879450886c7,BMW,79.01,0.0221490950512593,0.0177192760410073,0.0101253005948613,18.923,20.173,0.0,1.0
tw-376796717213,Microsoft,106.27,-0.0175966876823185,-0.0030111978921614,-0.0079043944669237,17.608,16.723,0.3,-1.0
tw-3270978c858b,Toyota,7440.0,0.0,0.0044354838709677,-0.021774193548387,13.442,16.959,-0.1666666666666666,-1.0
tw-9957f54252dc,Next,6050.0,0.0,0.012892561983471,0.0092561983471074,16.768,19.009,0.05,-1.0
tw-052168526b73,Google,1197.88,0.0,0.0125471666611012,0.0054596453734931,17.497,19.774,-0.0125,1.0
tw-bae3f4932a19,Intel,51.91,0.0,-0.0036601810826429,0.0059718743979965,17.539,24.442,0.0,-1.0
tw-7bcb5f3d560a,Amazon,1813.7,0.0,0.0161107129073165,-0.0003694105971219,17.295,19.659,0.0,1.0
tw-f57371fb801b,Google,1197.88,0.0,0.0125471666611012,0.0054596453734931,17.497,19.774,0.2,1.0
tw-7cf536582b3e,HP,22.94,0.0,0.0257192676547515,0.0335658238884045,28.151,21.806,0.0,1.0
tw-ace2524e2219,Intel,51.91,0.0,-0.0036601810826429,0.0059718743979965,17.539,24.442,0.1363636363636363,1.0
tw-5061aefd3141,Toyota,7440.0,0.0,0.0044354838709677,-0.021774193548387,13.442,16.959,0.0,-1.0
tw-b0ee43b568ef,Toyota,7440.0,0.0,0.0044354838709677,-0.021774193548387,13.442,16.959,0.0,-1.0
tw-d57c17b2eee6,McDonald's,157.97,0.0,-0.0002532126353104,0.0034183705766917,11.074000000000002,17.186,-0.1,1.0
tw-44694117da6f,Toyota,7440.0,0.0,0.0044354838709677,-0.021774193548387,13.442,16.959,0.5,-1.0
tw-81c4a9c2fbfa,Honda,3292.0,0.0,0.0121506682867557,0.0,13.035,18.053,0.1363636363636363,1.0
tw-8766ff82bccf,Microsoft,106.27,0.0,-0.0108214924249552,-0.0079043944669237,17.608,16.723,0.85,1.0
tw-dcf8d3103df6,Nike,76.96,0.0,-0.0048076923076921,0.0054573804573804,8.218,35.847,0.0,1.0
tw-f23158dbfaf0,Disney,111.48,0.0,-0.007086472909939,-0.0132759239325439,13.38,16.822,-0.4,1.0
tw-7cfe870efaf0,Nike,76.96,0.0,-0.0048076923076921,0.0054573804573804,8.218,35.847,0.0,1.0
tw-aeb6537717fe,Samsung,47450.0,0.0,-0.0189673340358271,-0.0200210748155953,19.96,22.728,0.0,-1.0
tw-bf0c3b2f43d9,Facebook,209.94,0.0,-0.0027626941030769,-0.0124797561207964,15.613,22.399,0.25,-1.0
tw-de6fc81a0a1a,Netflix,361.05,0.0,0.0389973687854867,0.0962470571942944,35.339,43.849,0.0,1.0
tw-3766452ad41d,HP,22.94,0.0,0.0257192676547515,0.0335658238884045,28.151,21.806,0.0,-1.0
tw-c761f6301e6f,adidas,189.0,0.0,-0.0002645502645503,-0.0031746031746031,18.338,21.225,0.0,-1.0
tw-78f267ec7587,PayPal,87.47,0.0,0.0085743683548645,0.005944895392706,21.506,21.869,0.3333333333333333,-1.0
tw-bac11dc4802d,Disney,111.48,0.0,-0.007086472909939,-0.0132759239325439,13.38,16.822,0.22,1.0
tw-67f94e81af18,Honda,3292.0,0.0,0.0121506682867557,0.0,13.035,18.053,0.0,1.0
tw-11d31b157743,Sony,5933.0,0.0,0.0070790493847968,0.0075846957694252,27.211,26.455,0.0,1.0
tw-64a3aabc1dc3,Samsung,47450.0,0.0,-0.0189673340358271,-0.0200210748155953,19.96,22.728,0.0,-1.0
tw-3ce5a5195077,HP,22.94,0.0,0.0257192676547515,0.0335658238884045,28.151,21.806,-0.4,1.0
tw-781fe96a9004,Disney,111.48,0.0,-0.007086472909939,-0.0132759239325439,13.38,16.822,-0.0625,-1.0
tw-5cdfb355f5c9,Netflix,361.05,0.0,0.0389973687854867,0.0962470571942944,35.339,43.849,0.0,-1.0
tw-4ce524725432,Microsoft,106.27,0.0,-0.0175966876823185,-0.0079043944669237,17.608,16.723,0.0,-1.0
tw-5dadcc63e51f,Next,6050.0,0.0,0.0132231404958677,0.0092561983471074,16.768,19.009,0.5,1.0
tw-fff6d03c5026,Disney,111.48,0.0,0.0058306422676712,-0.0132759239325439,13.38,16.822,0.0,-1.0
tw-b3d432aecb97,Walmart,88.06,0.0,-0.0038610038610039,-0.0040881217351805,12.347,13.859000000000002,0.8,-1.0
tw-3c239d01f618,Reuters,46.6241,0.0,-0.0056708869447346,0.0035432319336994,10.648,11.064,-0.3458333333333334,-1.0
tw-0e7c9bfbeba1,BMW,79.01,0.0,0.0221490950512593,0.0101253005948613,18.923,20.173,0.0,-1.0
tw-625b1708c9e0,Netflix,361.05,0.0,0.0088076443705858,0.0962470571942944,35.339,43.849,0.0,-1.0
tw-954d88866189,eBay,34.2,0.0,-0.0026315789473685,0.0997076023391811,59.833,37.27,0.0,-1.0
tw-4de6f1fdfccf,Intel,51.91,0.0,0.0013484877672895,0.0059718743979965,17.539,24.442,0.0,-1.0
tw-1405199dcbda,Honda,3292.0,0.0,0.0094167679222357,0.0,13.035,18.053,0.0,-1.0
tw-6d303c89220c,HP,22.94,0.0,0.0108979947689625,0.0335658238884045,28.151,21.806,-0.3499999999999999,-1.0
tw-32138ff94aa2,PayPal,87.47,0.0,-0.0010289242025837,0.005944895392706,21.506,21.869,0.5,1.0
tw-39f19d7ba69f,Disney,111.48,0.0,0.0058306422676712,-0.0132759239325439,13.38,16.822,0.0,1.0
tw-4cdbdb1c3dac,Next,6050.0,0.0,0.0132231404958677,0.0092561983471074,16.768,19.009,-0.0962962962962962,-1.0
tw-2175cba85c35,Next,6050.0,0.0,0.0132231404958677,0.0092561983471074,16.768,19.009,0.0,1.0
tw-028ac8e69dc8,Next,6050.0,0.0,0.0132231404958677,0.0092561983471074,16.768,19.009,0.05,-1.0
tw-bc35fcd22afa,Starbucks,50.91,0.0,0.0084462777450404,0.0139461795325083,19.191,34.323,0.0,1.0
tw-fe390b46ee2b,Intel,51.91,0.0,0.0013484877672895,0.0059718743979965,17.539,24.442,0.0833333333333333,1.0
tw-6f73f5e623c3,Toyota,7440.0,0.0,0.0022849462365591,-0.021774193548387,13.442,16.959,-0.125,1.0
tw-57ba6bd126d3,McDonald's,157.97,0.0,-0.003544976894347,0.0034183705766917,11.074000000000002,17.186,0.0,-1.0
tw-d6eac5b5e922,Starbucks,50.91,0.0,0.0084462777450404,0.0139461795325083,19.191,34.323,-0.1611111111111111,1.0
tw-7d9c0b4b916e,PayPal,87.47,0.0,-0.0010289242025837,0.005944895392706,21.506,21.869,0.0,-1.0
tw-69c60dde3be9,Nike,76.96,0.0,-0.0001299376299375,0.0054573804573804,8.218,35.847,0.0,-1.0
tw-8dd6043b881c,Disney,111.48,0.0,0.0058306422676712,-0.0132759239325439,13.38,16.822,0.0,-1.0
tw-ac59ea364195,Google,1197.88,0.0,0.001018465956523,0.0054596453734931,17.497,19.774,-0.3875,1.0
tw-876789863514,Disney,111.48,0.0,0.0058306422676712,-0.0132759239325439,13.38,16.822,0.1181818181818181,1.0
tw-12234c292bff,PayPal,87.47,0.0,-0.0010289242025837,0.005944895392706,21.506,21.869,0.0642857142857143,1.0
tw-f90f2469afd0,Microsoft,106.27,0.0,-0.0175966876823185,-0.0079043944669237,17.608,16.723,0.0,-1.0
tw-3855e4050650,HP,22.94,0.0,0.0108979947689625,0.0335658238884045,28.151,21.806,-0.25,-1.0
tw-218bacba4432,Microsoft,106.27,0.0,-0.0175966876823185,-0.0079043944669237,17.608,16.723,-0.1666666666666666,-1.0
tw-b249f4796ef3,Samsung,47450.0,0.0,-0.0115911485774499,-0.0200210748155953,19.96,22.728,-0.25,-1.0
tw-888184d2c1c4,Amazon,1813.7,0.0,-0.0004024921431328,-0.0003694105971219,17.295,19.659,1.0,1.0
tw-b343153cdd19,eBay,34.2,0.0,-0.0026315789473685,0.0997076023391811,59.833,37.27,0.4,-1.0
tw-982ac73c710e,Toyota,7440.0,0.0,0.0022849462365591,-0.021774193548387,13.442,16.959,0.475,-1.0
tw-30436564d911,Facebook,209.94,0.0,-0.0088120415356768,-0.0124797561207964,15.613,22.399,0.0,-1.0
tw-bc59be53d330,Disney,111.48,0.0,0.0058306422676712,-0.0132759239325439,13.38,16.822,0.0,1.0
tw-1de28adfb795,Samsung,47450.0,0.0,-0.0115911485774499,-0.0200210748155953,19.96,22.728,0.0,1.0
tw-e6eed0e5f51a,Amazon,1813.7,0.0,-0.0004024921431328,-0.0003694105971219,17.295,19.659,0.0,-1.0
tw-d4c4df8e745b,Samsung,47450.0,0.0,-0.0115911485774499,-0.0200210748155953,19.96,22.728,0.3111111111111111,-1.0
tw-fbe41fde7f12,Toyota,7440.0,0.0,0.0022849462365591,-0.021774193548387,13.442,16.959,0.25,1.0
tw-44c0ea04dd1e,eBay,34.2,0.0,-0.0026315789473685,0.0997076023391811,59.833,37.27,0.0,-1.0
tw-3ed503e37bcd,BMW,79.01,0.0,0.0221490950512593,0.0101253005948613,18.923,20.173,0.5,1.0
tw-4a323430fa8c,Microsoft,106.27,0.0,-0.0175966876823185,-0.0079043944669237,17.608,16.723,0.0,-1.0
tw-399d4a3cb06f,Netflix,361.05,0.0,0.0088076443705858,0.0962470571942944,35.339,43.849,-0.5333333333333333,-1.0
tw-c57e511dd883,Netflix,362.66,-0.0044394198422765,-0.0044394198422765,0.1042850052390668,36.914,43.863,0.0,1.0
tw-9b05831dd66f,eBay,33.79,0.0121337673868009,0.0121337673868009,0.1166025451316957,59.418,37.169,0.0,-1.0
tw-329c9397a039,Sony,5888.0,0.0076426630434782,0.0076426630434782,0.0152853260869565,19.1,26.522,0.0,-1.0
tw-9e9592c3e2b0,Intel,52.31,-0.0076467214681706,-0.0076467214681706,-0.0057350411011279,17.767,24.49,0.0,-1.0
tw-ff2391522acc,Sony,5888.0,0.0076426630434782,0.0076426630434782,0.0152853260869565,19.1,26.522,0.0,-1.0
tw-4945f790c8d7,Netflix,362.66,-0.0044394198422765,-0.0044394198422765,0.1042850052390668,36.914,43.863,-0.2,1.0
tw-85a9904c372c,HP,23.04,-0.0043402777777776,-0.0043402777777776,0.0230034722222222,24.904,21.462,0.25,-1.0
tw-827a24c3a95c,Intel,52.31,-0.0076467214681706,-0.0076467214681706,-0.0057350411011279,17.767,24.49,0.0,1.0
tw-de3fd0bdbeb4,adidas,189.65,-0.0034273662008964,-0.0034273662008964,-0.0052728710783021,17.269000000000002,21.049,0.056547619047619,1.0
tw-9fa741296f29,PayPal,91.41,-0.0237391970243956,-0.0431025051963679,-0.0309594136308937,25.798,23.179,0.0,-1.0
tw-37ca48f62db1,Apple,193.0,-0.00720207253886,-0.0080829015544041,-0.0080310880829016,10.815,15.0,0.0,-1.0
tw-309d27f5c02f,BMW,81.33,-0.0156153940735275,-0.0285257592524282,-0.011311939013894,19.473,21.166,0.4083333333333333,1.0
tw-5a527ab1fc56,Facebook,214.67,-0.017515255974286,-0.0220338193506311,-0.0218009037126751,15.283,22.631,0.0,1.0
tw-ba66df943882,Samsung,46150.0,0.0075839653304442,0.028169014084507,-0.0065005417118093,22.747,23.234,0.2142857142857142,-1.0
tw-70aa306b7946,Samsung,46150.0,0.0075839653304442,0.028169014084507,-0.0065005417118093,22.747,23.234,0.1027777777777777,1.0
tw-330ad69fbc76,Facebook,214.67,-0.017515255974286,-0.0220338193506311,-0.0218009037126751,15.283,22.631,0.5,-1.0
tw-a4c3af45d976,Starbucks,51.17,0.0003908540160249,-0.0050811022083252,0.0021496970881375,18.24,34.427,0.0,-1.0
tw-fee658ad5c3c,Samsung,46150.0,0.0075839653304442,0.028169014084507,-0.0065005417118093,22.747,23.234,0.0,1.0
tw-9b85f3a3d001,Disney,110.7,0.0035230352303523,0.0070460704607046,-0.003613369467028,11.922,16.982,0.675,1.0
tw-988ab7ee49f9,Facebook,214.67,-0.017515255974286,-0.0220338193506311,-0.0218009037126751,15.283,22.631,0.25,1.0
tw-1feb37924465,McDonald's,157.94,0.0051285298214511,0.0001899455489426,0.011460048119539,9.329,16.897000000000002,0.0,-1.0
tw-b08a801e8024,Microsoft,107.66,0.0028794352591491,-0.0129110161619914,-0.0158833364295002,18.729,17.167,0.0,1.0
tw-761f47265c0d,Intel,52.18,0.0024913760061326,-0.0051743963204293,-0.008240705251054,13.887,24.397,0.1363636363636363,1.0
tw-09c2e4962db0,BMW,81.33,-0.0156153940735275,-0.0285257592524282,-0.011311939013894,19.473,21.166,0.2454545454545454,1.0
tw-729b42ed7110,adidas,190.2,-0.0028916929547843,-0.0063091482649841,-0.0220820189274447,15.693,20.922,0.4,1.0
tw-939a2dc1d1a2,Intel,52.18,0.0024913760061326,-0.0051743963204293,-0.008240705251054,13.887,24.397,0.0,-1.0
tw-a828300e88eb,CBS,56.66,0.0037063183903988,0.010060007059654,0.0240028238616308,8.914,22.347,0.0,1.0
tw-7d029db911a0,Toyota,7365.0,-0.0073319755600814,0.010183299389002,0.0010862186014935,16.8,17.485,0.1,-1.0
tw-b19500bce7f4,Intel,52.18,0.0024913760061326,-0.0051743963204293,-0.008240705251054,13.887,24.397,0.125,1.0
tw-5b0b68f01278,Samsung,46150.0,0.0075839653304442,0.028169014084507,-0.0065005417118093,22.747,23.234,0.1363636363636363,-1.0
tw-49d53d79bc9f,McDonald's,157.94,0.0051285298214511,0.0001899455489426,0.011460048119539,9.329,16.897000000000002,1.0,1.0
tw-fd226b9fce46,Nike,75.53,0.0140341586124718,0.018932874354561,0.0256851582152786,10.544,36.105,0.0,-1.0
tw-4bd9c0b954eb,Starbucks,51.17,0.0003908540160249,-0.0050811022083252,0.0021496970881375,18.24,34.427,0.0,-1.0
tw-3e1b1580f603,CBS,56.66,0.0037063183903988,0.010060007059654,0.0240028238616308,8.914,22.347,0.25,1.0
tw-a541b1e315b1,PayPal,91.41,-0.0237391970243956,-0.0431025051963679,-0.0309594136308937,25.798,23.179,0.0,1.0
tw-7c5e0e8486e3,Sony,5837.0,0.0087373650848038,0.0164468048655131,0.0289532293986636,20.253,26.622,0.2142857142857142,1.0
tw-6145cab6d866,Sony,5837.0,0.0087373650848038,0.0164468048655131,0.0289532293986636,20.253,26.622,0.0,1.0
tw-9534ad0ce057,Microsoft,107.66,0.0028794352591491,-0.0129110161619914,-0.0158833364295002,18.729,17.167,0.0,-1.0
tw-252d4d8e06fb,Honda,3293.0,-0.0121469784391132,-0.0003036744609778,0.0091102338293349,15.470999999999998,17.901,0.0,-1.0
tw-fc5df5620130,Samsung,46150.0,0.0075839653304442,0.028169014084507,-0.0065005417118093,22.747,23.234,0.0,1.0
tw-db24b3680db7,PayPal,91.41,-0.0237391970243956,-0.0431025051963679,-0.0309594136308937,25.798,23.179,-0.5,1.0
tw-5ed5eba905d7,Netflix,357.32,0.0149445874846077,0.0104388223441173,0.0620172394492332,34.384,44.038,0.0,1.0
tw-950182fa816b,McDonald's,157.94,0.0051285298214511,0.0001899455489426,0.011460048119539,9.329,16.897000000000002,-0.6999999999999998,-1.0
tw-e888749edc6d,Microsoft,107.66,0.0028794352591491,-0.0129110161619914,-0.0158833364295002,18.729,17.167,0.0,1.0
tw-73310e4e08bd,BMW,81.33,-0.0156153940735275,-0.0285257592524282,-0.011311939013894,19.473,21.166,0.0,1.0
tw-50a0b90f6764,adidas,190.2,-0.0028916929547843,-0.0063091482649841,-0.0220820189274447,15.693,20.922,0.0,1.0
tw-1852687b104d,Walmart,87.96,-0.0037517053206002,0.0011368804001819,0.0026148249204184,9.263,13.946,0.0,1.0
tw-374ad60262df,PayPal,91.41,-0.0237391970243956,-0.0431025051963679,-0.0309594136308937,25.798,23.179,0.0,1.0
tw-4e6fd8a419c7,Intel,52.18,0.0024913760061326,-0.0051743963204293,-0.008240705251054,13.887,24.397,0.1363636363636363,-1.0
tw-bb2af94f016d,Intel,52.18,0.0024913760061326,-0.0051743963204293,-0.008240705251054,13.887,24.397,0.1,1.0
tw-a49152e7266a,Apple,194.82,-0.0093419566779591,-0.0173493481162098,-0.0226876090750435,8.241,15.015,0.0,-1.0
tw-a44c9aa63e45,Toyota,7323.0,0.0057353543629659,0.0159770585825481,0.0204834084391642,17.226,17.048,0.0,-1.0
tw-a6bba9753a46,Intel,52.43,-0.0047682624451649,-0.0099179858859432,-0.0135418653442685,7.268,24.419,0.0,-1.0
tw-cca5ccf73907,Walmart,87.9,0.0006825938566551,0.001820250284414,0.0019340159271898,9.307,13.953,0.0,-1.0
tw-94d2f203fa66,Walmart,87.9,0.0006825938566551,0.001820250284414,0.0019340159271898,9.307,13.953,-0.1958333333333333,-1.0
tw-6efab68c4853,Google,1275.94,-0.0139426618806526,-0.0611784253178048,-0.0493988745552298,23.795,22.763,0.05,1.0
tw-f12e59ba091a,CBS,57.31,-0.0113418251614029,-0.0013959169429419,0.0158785552259639,12.599,20.154,-0.125,-1.0
tw-9e287d410c0a,BMW,80.86,0.0058125154588176,-0.0228790502102398,0.0009893643334157,19.923,19.796,0.0,-1.0
tw-89868885f61e,Reuters,46.2936,0.0002397739644356,0.0071392157879275,0.0040459156341265,6.465,11.083,-0.1666666666666666,-1.0
tw-dc6d57848356,HP,23.29,-0.012881064834693,-0.0150279089738084,0.0103048518677544,14.077,21.349,0.0,-1.0
tw-1beec1827a94,Intel,52.43,-0.0047682624451649,-0.0099179858859432,-0.0135418653442685,7.268,24.419,0.0,-1.0
tw-9e0f5f0004ae,Microsoft,110.83,-0.0286023639808716,-0.0411440945592348,-0.0515203464765857,21.056,18.823,0.5,-1.0
tw-ddc12f9472f3,Samsung,46150.0,0.0,0.028169014084507,0.008667388949079,21.72,22.192,0.3928571428571429,-1.0
tw-26003c4db50c,Honda,3327.0,-0.0102194168920949,-0.0105199879771565,0.001502855425308,14.521,17.775,0.0,1.0
tw-7ad680d7c848,HP,23.29,-0.012881064834693,-0.0150279089738084,0.0103048518677544,14.077,21.349,0.0,1.0
tw-56115d3bfc18,Starbucks,51.62,-0.0087175513366911,-0.0137543587756683,-0.0091049980627663,18.57,34.615,-0.4777777777777778,1.0
tw-f26f9c69074c,Disney,111.18,-0.004317323259579,0.0026983270372368,-0.0044072674941537,11.941,16.191,-0.1703703703703704,1.0
tw-65ed222f34e5,Microsoft,110.83,-0.0286023639808716,-0.0411440945592348,-0.0515203464765857,21.056,18.823,0.5,1.0
tw-9b84dc681505,Nike,77.16,-0.0211249351995852,-0.0025920165889062,-0.0073872472783824,16.726,36.62,0.0681818181818181,1.0
tw-dccf30cab547,Next,5944.0,-0.0030282637954239,0.0178331090174966,0.0309555854643337,16.522000000000002,19.027,0.0,1.0
tw-4839a3d795e9,Apple,194.82,-0.0093419566779591,-0.0173493481162098,-0.0226876090750435,8.241,15.015,0.5,1.0
tw-ab755767ae55,Next,5944.0,-0.0030282637954239,0.0178331090174966,0.0309555854643337,16.522000000000002,19.027,0.0,1.0
tw-1b976ad0b5e8,BMW,80.86,0.0058125154588176,-0.0228790502102398,0.0009893643334157,19.923,19.796,0.1166666666666666,-1.0
tw-45532d651133,Starbucks,51.62,-0.0087175513366911,-0.0137543587756683,-0.0091049980627663,18.57,34.615,0.25,-1.0
tw-5228c2095a48,Disney,111.18,-0.004317323259579,0.0026983270372368,-0.0044072674941537,11.941,16.191,0.0,1.0
tw-ef970252ecea,Walmart,87.9,0.0006825938566551,0.001820250284414,0.0019340159271898,9.307,13.953,-0.1,1.0
tw-db337c4acca9,Walmart,87.9,0.0006825938566551,0.001820250284414,0.0019340159271898,9.307,13.953,-0.1666666666666666,1.0
tw-0ec6304e408b,adidas,190.7,-0.0026219192448872,-0.0089145254326166,-0.0091767173571054,14.957,19.578,0.0,1.0
tw-b5717ed4fb92,adidas,190.7,-0.0026219192448872,-0.0089145254326166,-0.0091767173571054,14.957,19.578,0.45,-1.0
tw-765d0489f733,Intel,52.43,-0.0047682624451649,-0.0099179858859432,-0.0135418653442685,7.268,24.419,0.5,-1.0
tw-c08da4f932ee,Facebook,217.5,-0.0130114942528736,-0.0347586206896551,-0.0374252873563217,13.15,22.768,0.0,1.0
tw-20aa6ca53815,Google,1275.94,-0.0139426618806526,-0.0611784253178048,-0.0493988745552298,23.795,22.763,0.0,-1.0
tw-8fbd91547fae,Disney,111.18,-0.004317323259579,0.0026983270372368,-0.0044072674941537,11.941,16.191,0.0,1.0
tw-03c79e832c1c,CBS,57.31,-0.0113418251614029,-0.0013959169429419,0.0158785552259639,12.599,20.154,0.0,1.0
tw-9b48745db728,Samsung,46150.0,0.0,0.028169014084507,0.008667388949079,21.72,22.192,-0.1666666666666666,-1.0
tw-26ebf9c097a3,Walmart,87.9,0.0006825938566551,0.001820250284414,0.0019340159271898,9.307,13.953,-0.4,1.0
tw-da7e3c3fbf80,Amazon,1863.61,-0.0184426999211207,-0.0267813544679411,-0.0111021082737267,17.847,20.752,0.0,-1.0
tw-49bfb77fe891,Amazon,1863.61,-0.0184426999211207,-0.0267813544679411,-0.0111021082737267,17.847,20.752,0.0,-1.0
tw-de90ec5edf29,Walmart,87.9,0.0006825938566551,0.001820250284414,0.0019340159271898,9.307,13.953,0.2,-1.0
tw-334685a9115e,Samsung,46150.0,0.0,0.028169014084507,0.008667388949079,21.72,22.192,0.0,-1.0
tw-66814f3a1693,HP,23.29,-0.012881064834693,-0.0150279089738084,0.0103048518677544,14.077,21.349,0.0,1.0
tw-ed6ccdcd5343,Walmart,88.23,-0.0037402244134647,-0.0068004080244815,-0.0057803468208093,6.267,13.876,0.0,1.0
tw-0d59cab35192,Netflix,363.09,-0.0006059103803463,-0.0011842793797679,0.0031397174254318,35.001999999999995,40.797,0.5,1.0
tw-9117afb8fd1d,Intel,52.16,0.0051763803680982,0.0028757668711657,-0.0034509202453987,7.715,24.202,0.0,-1.0
tw-de5a415b19a7,Netflix,363.09,-0.0006059103803463,-0.0011842793797679,0.0031397174254318,35.001999999999995,40.797,0.875,1.0
tw-efe6ab8ecf7f,Toyota,7384.0,-0.008261105092091,-0.0098862405200433,0.0098862405200433,16.236,17.064,0.0,-1.0
tw-b6724178ee5a,Starbucks,51.45,0.0033041788143827,-0.0050534499514092,-0.0021379980563653,11.789,34.199,0.0,1.0
tw-f590b59eca31,Amazon,1808.0,0.0307577433628318,-0.0033185840707964,0.0027488938053097,25.259,22.86,1.0,1.0
tw-cdb5d8a276d1,Facebook,176.26,0.2339725405650744,0.1965845909451946,0.1805854986951096,116.942,67.708,0.0666666666666666,1.0
tw-7a40c87f4591,Facebook,176.26,0.2339725405650744,0.1965845909451946,0.1805854986951096,116.942,67.708,0.0,-1.0
tw-d300f9d57725,Google,1285.5,-0.0074367950213924,-0.057954103461688,-0.0672112018669779,23.66800000000001,22.582,0.28,-1.0
tw-b6e57345705f,Google,1285.5,-0.0074367950213924,-0.057954103461688,-0.0672112018669779,23.66800000000001,22.582,0.0,-1.0
tw-1bc3d2a2307c,McDonald's,156.14,0.0176123991289868,0.0167157679006021,0.0081337261432048,13.5,17.637999999999995,0.0,-1.0
tw-67f2c8ec552f,Netflix,363.09,-0.0006059103803463,-0.0011842793797679,0.0031397174254318,35.001999999999995,40.797,-0.0151515151515151,1.0
tw-336c122dbfc0,Google,1285.5,-0.0074367950213924,-0.057954103461688,-0.0672112018669779,23.66800000000001,22.582,0.1363636363636363,1.0
tw-caec27631209,Next,5892.0,0.008825526137135,0.0132382892057026,0.0403937542430414,15.276,18.933,0.0,1.0
tw-325c64f13e36,adidas,187.1,0.0192410475681453,0.0136290753607697,0.0117584179583111,16.527,20.089,0.2681818181818182,-1.0
tw-bf5dfb62df97,Walmart,88.23,-0.0037402244134647,-0.0068004080244815,-0.0057803468208093,6.267,13.876,0.1363636363636363,1.0
tw-8e62ea128a79,Disney,113.51,-0.0205268258303233,-0.0213197075147564,-0.0121575191613074,13.746,15.963,0.25,-1.0
tw-cea344312403,Facebook,176.26,0.2339725405650744,0.1965845909451946,0.1805854986951096,116.942,67.708,0.0,1.0
tw-aaa9777ff021,Intel,52.16,0.0051763803680982,0.0028757668711657,-0.0034509202453987,7.715,24.202,0.0,-1.0
tw-e6a61cd91894,Sony,5945.0,-0.0050462573591253,-0.0095878889823381,-0.001009251471825,20.755,25.825,0.1363636363636363,1.0
tw-d8acb2e2537c,Starbucks,51.45,0.0033041788143827,-0.0050534499514092,-0.0021379980563653,11.789,34.199,0.0,-1.0
tw-d604d63c3dcb,Disney,113.51,-0.0205268258303233,-0.0213197075147564,-0.0121575191613074,13.746,15.963,0.0,-1.0
tw-4c9af23105e8,Nike,78.15,-0.0126679462571978,-0.0199616122840691,-0.0153550863723608,18.147,36.728,0.0,-1.0
tw-11f859bd8eb2,McDonald's,156.14,0.0176123991289868,0.0167157679006021,0.0081337261432048,13.5,17.637999999999995,0.0,-1.0
tw-bfc2c9d38b29,Disney,113.51,-0.0205268258303233,-0.0213197075147564,-0.0121575191613074,13.746,15.963,0.0,-1.0
tw-104c702b1e6e,Google,1285.5,-0.0074367950213924,-0.057954103461688,-0.0672112018669779,23.66800000000001,22.582,0.5,1.0
tw-4e05868bef6b,Microsoft,109.62,0.0110381317277868,-0.0150519978106185,-0.0476190476190476,22.804,19.28,0.0416666666666666,1.0
tw-4aec4e033bcb,PayPal,89.14,0.0250168274624187,0.001121830827911,-0.0197442225712363,23.987,24.562,0.0,-1.0
tw-b0e4139a90cc,Disney,113.51,-0.0205268258303233,-0.0213197075147564,-0.0121575191613074,13.746,15.963,0.0,-1.0
tw-199eefe04c4b,Intel,52.16,0.0051763803680982,0.0028757668711657,-0.0034509202453987,7.715,24.202,0.8,1.0
tw-087f7327535a,adidas,187.1,0.0192410475681453,0.0136290753607697,0.0117584179583111,16.527,20.089,0.4,1.0
tw-06757c41f81d,Reuters,46.0403,0.005501701769971,0.0062206371374643,0.0069374004947838,5.795,11.085,0.1,1.0
tw-19c384a3e874,Facebook,176.26,0.2339725405650744,0.1965845909451946,0.1805854986951096,116.942,67.708,0.375,1.0
tw-a3cb09392a7e,Facebook,176.26,0.2339725405650744,0.1965845909451946,0.1805854986951096,116.942,67.708,0.1363636363636363,1.0
tw-130fe50c1382,Microsoft,109.62,0.0110381317277868,-0.0150519978106185,-0.0476190476190476,22.804,19.28,0.0,-1.0
tw-101acf0b363c,Starbucks,51.45,0.0033041788143827,-0.0050534499514092,-0.0021379980563653,11.789,34.199,0.0,1.0
tw-d73cbaa80ad4,Sony,5945.0,-0.0050462573591253,-0.0095878889823381,-0.001009251471825,20.755,25.825,0.2,-1.0
tw-b257ce823404,Toyota,7384.0,-0.008261105092091,-0.0098862405200433,0.0098862405200433,16.236,17.064,0.4,-1.0
tw-572ff90b774b,Amazon,1808.0,0.0307577433628318,-0.0033185840707964,0.0027488938053097,25.259,22.86,0.0444444444444444,-1.0
tw-01ad6ff0a45b,adidas,187.1,0.0192410475681453,0.0136290753607697,0.0117584179583111,16.527,20.089,0.0,1.0
tw-1c37b1967db0,Honda,3343.0,-0.0047861202512713,-0.0269219264134011,-0.0059826503140891,14.42,17.48,0.0,-1.0
tw-a0dd24a239bd,HP,23.45,-0.0068230277185501,-0.0174840085287846,-0.0110874200426438,13.925999999999998,21.18,0.0,-1.0
tw-83ca09ee3f1a,Starbucks,52.15,-0.0134228187919462,-0.0187919463087247,-0.023777564717162,11.03,34.55,0.0,-1.0
tw-f724c9ec428e,CBS,54.01,0.0651731160896131,0.0490649879651916,0.0596185891501573,35.013000000000005,27.023000000000003,-0.3333333333333333,1.0
tw-b2ff1243dfa9,Apple,190.98,0.0169127657346319,0.0105770237721227,0.0024086291758299,13.195,15.608,0.0,1.0
tw-6c561229648f,adidas,188.05,-0.0050518479127892,0.0114331294868384,0.005051847912789,16.801,18.363,-0.0333333333333333,1.0
tw-8fa17a22cdcd,Apple,190.98,0.0169127657346319,0.0105770237721227,0.0024086291758299,13.195,15.608,0.0,1.0
tw-be86a67cfac3,Disney,112.62,0.007902681584088,-0.0170484816196057,-0.0101225359616409,15.053,16.206,0.0,1.0
tw-6e238a55a37f,eBay,33.81,0.0183377698905648,-0.0085773439810706,0.0115350488021295,59.734,37.603,0.0681818181818181,-1.0
tw-964c58502f94,Amazon,1817.27,0.0,0.025499788143754,-0.0019644851893224,25.253,22.798,0.0,-1.0
tw-862be9624ee0,Samsung,46900.0,0.0,-0.0159914712153518,0.0117270788912579,19.158,21.545,0.4071428571428572,1.0
tw-6354edf655c3,Samsung,46900.0,0.0,-0.0159914712153518,0.0117270788912579,19.158,21.545,0.55,1.0
tw-5d4dd4f8598c,Honda,3365.0,0.0,-0.0112927191679049,-0.0216939078751857,13.962,17.663,0.5664595170454545,1.0
tw-369699d8ab6b,Microsoft,107.68,0.0,0.0292533432392272,-0.0130943536404161,25.417,19.711,0.0,-1.0
tw-8130ecf85ae9,Facebook,174.89,0.0,0.24363885871119,0.200411687346332,116.648,67.718,0.0,1.0
tw-8868f5f63f03,Amazon,1817.27,0.0,0.025499788143754,-0.0019644851893224,25.253,22.798,0.1375,1.0
tw-3cd5bcf2e74b,PayPal,85.46,0.0,0.0691551603089165,0.0235197753334894,33.636,27.792,0.0,1.0
tw-984a536f9cf9,McDonald's,157.48,0.0,0.0089535179070357,0.0031115062230125,14.519,17.93,-0.2333333333333334,1.0
tw-1fee6354f7d7,Apple,190.98,0.0,0.0201068174677976,0.0024086291758299,13.195,15.608,0.0,-1.0
tw-416b0be729bd,CBS,54.01,0.0,0.0610997963340123,0.0596185891501573,35.013000000000005,27.023000000000003,0.0,1.0
tw-03f66c705145,PayPal,85.46,0.0,0.0691551603089165,0.0235197753334894,33.636,27.792,-0.1333333333333333,1.0
tw-f9a7a2c676c0,Toyota,7456.0,0.0,-0.017837982832618,-0.0021459227467811,16.624000000000002,16.437,0.0,1.0
tw-670ffe212121,CBS,54.01,0.0,0.0610997963340123,0.0596185891501573,35.013000000000005,27.023000000000003,0.0,1.0
tw-b5226f7b5a4b,Sony,5966.0,0.0,-0.0085484411666107,-0.0055313442842775,11.871,25.726,0.0,1.0
tw-3447ca5fd09f,CBS,54.01,0.0,0.0610997963340123,0.0596185891501573,35.013000000000005,27.023000000000003,0.0,1.0
tw-fc611da9ecbb,eBay,33.81,0.0,0.002366163856847,0.0115350488021295,59.734,37.603,0.2142857142857142,-1.0
tw-f807fa7f101d,Facebook,174.89,0.0,0.24363885871119,0.200411687346332,116.648,67.718,0.6,-1.0
tw-e6c6062be5b8,Disney,112.62,0.0,-0.0127863612147042,-0.0101225359616409,15.053,16.206,0.0,-1.0
tw-137ef3ed9692,Disney,112.62,0.0,-0.0127863612147042,-0.0101225359616409,15.053,16.206,0.0,-1.0
tw-ccc928125289,BMW,82.51,0.0,-0.0199975760513877,-0.0424191007150648,23.006,20.947,0.3,1.0
tw-a2f6592a09d7,Intel,47.68,0.0,0.0996224832214765,0.08871644295302,49.015,35.699,0.0,1.0
tw-fd4e0325abd5,Honda,3365.0,0.0,-0.0112927191679049,-0.0216939078751857,13.962,17.663,-0.1,1.0
tw-668ab9f9cc68,Samsung,46900.0,0.0,-0.0159914712153518,0.0117270788912579,19.158,21.545,0.0,-1.0
tw-ada47cf96c2c,BMW,82.51,0.0,-0.0199975760513877,-0.0424191007150648,23.006,20.947,0.0,1.0
tw-049dd55cdc7d,Honda,3365.0,0.0,-0.0112927191679049,-0.0216939078751857,13.962,17.663,0.0,1.0
tw-12b8e27cf817,Walmart,88.13,0.0,-0.0026097810053329,-0.000794281175536,6.303,13.877,0.4666666666666666,1.0
tw-83a417ef5d52,Apple,190.98,0.0,0.0201068174677976,0.0024086291758299,13.195,15.608,0.0,-1.0
tw-23dad5aa9a09,McDonald's,157.48,0.0,-0.008509017018034,0.0031115062230125,14.519,17.93,-0.4,-1.0
tw-1214db5941c1,Netflix,355.21,0.0,0.0221840601334421,0.0164409785760536,32.951,41.2,0.0,-1.0
tw-22056b581959,Intel,47.68,0.0,0.0939597315436241,0.08871644295302,49.015,35.699,0.0,-1.0
tw-c3bb251666b0,Next,5868.0,0.0,0.0040899795501022,0.031015678254942,14.704,18.876,0.0,1.0
tw-19afa9c236b2,Walmart,88.13,0.0,0.0011346873936231,-0.000794281175536,6.303,13.877,-0.3,-1.0
tw-71d57e4c70ad,Walmart,88.13,0.0,0.0011346873936231,-0.000794281175536,6.303,13.877,0.0,-1.0
tw-17a492ba1777,McDonald's,157.48,0.0,-0.008509017018034,0.0031115062230125,14.519,17.93,0.0,-1.0
tw-d53708a1b528,Next,5868.0,0.0,0.0040899795501022,0.031015678254942,14.704,18.876,0.0,-1.0
tw-cd0c92ce7688,Samsung,46900.0,0.0,0.0,0.0117270788912579,19.158,21.545,0.1481818181818182,1.0
tw-43c6890dc5b9,PayPal,85.46,0.0,0.0430610812075825,0.0235197753334894,33.636,27.792,0.0,-1.0
tw-a35698929e95,BMW,82.51,0.0,0.0043631075021209,-0.0424191007150648,23.006,20.947,-0.0833333333333333,-1.0
tw-106e378adcc0,HP,23.23,0.0,0.0094705122686181,-0.0124838570813602,14.428,21.201,0.0681818181818181,-1.0
tw-c740f65ad08b,Intel,47.68,0.0,0.0939597315436241,0.08871644295302,49.015,35.699,0.1041666666666666,-1.0
tw-ee5a2f0f3b00,Next,5868.0,0.0,0.0040899795501022,0.031015678254942,14.704,18.876,0.0,-1.0
tw-f58e75a25b7a,Next,5868.0,0.0,0.0040899795501022,0.031015678254942,14.704,18.876,0.0,-1.0
tw-ea05b5669bb0,Walmart,88.13,0.0,0.0011346873936231,-0.000794281175536,6.303,13.877,0.0,-1.0
tw-2bc9f0508309,Facebook,174.89,0.0,0.0078334953399279,0.200411687346332,116.648,67.718,0.0,1.0
tw-2d02190ed490,BMW,82.51,0.0,0.0043631075021209,-0.0424191007150648,23.006,20.947,0.15,1.0
tw-14717993b157,Walmart,88.13,0.0,0.0011346873936231,-0.000794281175536,6.303,13.877,0.0,1.0
tw-408544c02d81,Walmart,88.13,0.0,0.0011346873936231,-0.000794281175536,6.303,13.877,0.0,1.0
tw-cc82d24280fd,Facebook,174.89,0.0,0.0078334953399279,0.200411687346332,116.648,67.718,0.0,-1.0
tw-b2571fc2d1a7,Netflix,355.21,0.0,0.0221840601334421,0.0164409785760536,32.951,41.2,0.0,-1.0
tw-8dda1697ff1a,Apple,190.98,0.0,0.0169127657346319,0.0024086291758299,13.195,15.608,0.1883116883116883,-1.0
tw-88bd9b6e26dd,HP,23.23,0.0,0.0094705122686181,-0.0124838570813602,14.428,21.201,-0.4,1.0
tw-42edf950c987,HP,23.23,0.0,0.0094705122686181,-0.0124838570813602,14.428,21.201,0.5,1.0
tw-a6ae40b3b6b5,Next,5868.0,0.0,0.0040899795501022,0.031015678254942,14.704,18.876,0.0,1.0
tw-100906739e5f,Disney,112.62,0.0,0.007902681584088,-0.0101225359616409,15.053,16.206,0.1181818181818181,1.0
tw-9ff97f77712d,McDonald's,157.48,0.0,-0.008509017018034,0.0031115062230125,14.519,17.93,0.0,-1.0
tw-11bc2340de6d,HP,23.23,0.0,0.0094705122686181,-0.0124838570813602,14.428,21.201,0.0,1.0
tw-40780694e0f6,Honda,3365.0,0.0,-0.0065378900445765,-0.0216939078751857,13.962,17.663,0.1,-1.0
tw-ea16c489ffc7,Next,5868.0,0.0,0.0040899795501022,0.031015678254942,14.704,18.876,0.0,1.0
tw-629b7f2134a9,Google,1252.89,0.0,0.026027823671671,-0.0439064881992832,28.937,24.2,0.0,1.0
tw-b5fb73f733f1,PayPal,85.46,0.0,0.0430610812075825,0.0235197753334894,33.636,27.792,0.0,-1.0
tw-97c8ce3ff2bd,Nike,76.89,0.0,0.0163870464299649,0.0009103914683312,20.171,36.853,0.225,1.0
tw-b34825b53c40,BMW,82.51,0.0,0.0043631075021209,-0.0424191007150648,23.006,20.947,0.0,-1.0
tw-0b46a6190372,CBS,51.28,0.0532371294851793,0.0532371294851793,0.1090093603744149,41.845,30.911,0.0,-1.0
tw-7e2ec4120e60,McDonald's,158.64,-0.0073121533030761,-0.0073121533030761,0.0006933938477055,14.729,18.142,0.0,1.0
tw-5dc7173e6a80,Google,1230.04,0.0185766316542552,0.0185766316542552,-0.0154791714090598,30.912,24.324,0.35,1.0
tw-95fb1cf253cb,PayPal,82.39,0.0372618036169437,0.0372618036169437,0.0831411579075129,37.083,29.79300000000001,0.0,1.0
tw-a8f0eb12301d,BMW,82.85,-0.0041038020519008,-0.0041038020519008,-0.0336753168376583,22.249,20.965,-0.05,-1.0
tw-f1796b44c063,Amazon,1779.22,0.0213857757893908,0.0213857757893908,0.0128033632715459,26.325,23.807,0.0,1.0
tw-56f3c97afa2e,HP,23.1,0.0056277056277055,0.0056277056277055,-0.0025974025974026,14.487,21.232,0.2,1.0
tw-44ef32a1efea,BMW,82.85,-0.0041038020519008,-0.0041038020519008,-0.0336753168376583,22.249,20.965,0.25,-1.0
tw-557bab955d6c,Next,5860.0,0.0013651877133105,0.0013651877133105,0.0187713310580204,9.469,18.371,0.0,1.0
tw-510b607ff566,eBay,33.67,0.0041580041580041,0.0041580041580041,0.0035640035640034,59.34,37.582,0.4875,1.0
tw-08de84526bfd,Honda,3374.0,-0.0026674570243034,-0.0026674570243034,-0.0358624777711914,13.331,17.344,0.0,-1.0
tw-3d77b1837df5,Honda,3374.0,-0.0026674570243034,-0.0026674570243034,-0.0358624777711914,13.331,17.344,0.0,1.0
tw-de22124efb27,BMW,82.85,-0.0041038020519008,-0.0041038020519008,-0.0336753168376583,22.249,20.965,0.25,-1.0
tw-ebac393c9d34,Apple,189.91,0.0056342478015901,0.0056342478015901,0.0089516086567322,13.394,15.71,-0.4,1.0
tw-30736bfc2e84,BMW,82.85,-0.0041038020519008,-0.0041038020519008,-0.0336753168376583,22.249,20.965,0.1363636363636363,1.0
tw-6cdf32e5b137,McDonald's,158.64,-0.0073121533030761,-0.0073121533030761,0.0006933938477055,14.729,18.142,0.0,-1.0
tw-29ccc515ac88,Toyota,7493.0,-0.0049379420792739,-0.0049379420792739,-0.0242893367142666,15.535,16.472,0.4,1.0
tw-9224f7a70504,PayPal,82.39,0.0372618036169437,0.0372618036169437,0.0831411579075129,37.083,29.79300000000001,0.3125,1.0
tw-fb9367d1a479,Ford,10.07,-0.0139026812313803,-0.0139026812313803,0.0397219463753724,36.91,22.748,0.0,-1.0
tw-acdbd8dde470,Next,5860.0,0.0013651877133105,0.0013651877133105,0.0187713310580204,9.469,18.371,0.0,1.0
tw-6e78d98f8ffa,Disney,112.63,-8.878629139652762e-05,-8.878629139652762e-05,-0.0136730888750776,15.086,15.251,0.35,-1.0
tw-b735c40180c1,PayPal,82.39,0.0372618036169437,0.0372618036169437,0.0831411579075129,37.083,29.79300000000001,0.0,1.0
tw-d099b078a576,Reuters,45.6548,0.0016887599989486,0.0016887599989486,0.0147169629480361,6.274,11.21,0.2666666666666666,1.0
tw-31f3a93d47da,Nike,75.96,0.0122432859399684,0.0122432859399684,0.0082938388625593,21.005,37.034,0.2681818181818182,1.0
tw-3cfbe4cf5d09,Disney,112.63,-8.878629139652762e-05,-8.878629139652762e-05,-0.0136730888750776,15.086,15.251,0.25,1.0
tw-46698a5ba049,Facebook,171.06,0.0223898047468723,0.0223898047468723,0.2329591956038816,115.024,67.734,0.4,-1.0
tw-a04b94496b3d,PayPal,82.39,0.0372618036169437,0.0372618036169437,0.0831411579075129,37.083,29.79300000000001,1.0,1.0
tw-ec0e2f67006b,Netflix,334.96,0.0604549796990685,0.0604549796990685,0.0826964413661334,34.928000000000004,44.405,0.0,1.0
tw-2b27562adba3,Netflix,334.96,0.0604549796990685,0.0604549796990685,0.0826964413661334,34.928000000000004,44.405,0.5,-1.0
tw-70e1872ff342,Facebook,171.06,0.0223898047468723,0.0223898047468723,0.2329591956038816,115.024,67.734,-0.25,-1.0
tw-0a11854e3e7c,Intel,47.69,-0.0002096875655273,-0.0002096875655273,0.0968756552736423,49.256,34.496,-0.1,1.0
tw-71e2afb892af,Sony,5865.0,0.0172208013640238,0.0172208013640238,0.0039215686274509,14.434,25.807,0.0,-1.0
tw-8c32c05ec399,Samsung,46500.0,0.0086021505376344,0.0086021505376344,0.0,19.74,21.54,0.0,1.0
tw-5a941e5f402d,Walmart,88.88,-0.0084383438343834,-0.0084383438343834,-0.014063906390639,7.02,13.646,0.3928571428571429,-1.0
tw-1a5803e986c0,Facebook,171.06,0.0223898047468723,0.0223898047468723,0.2329591956038816,115.024,67.734,0.5952380952380952,1.0
tw-4b1f68ed19c9,Google,1230.04,0.0185766316542552,0.0185766316542552,-0.0154791714090598,30.912,24.324,0.34375,-1.0
tw-72b879140cee,HP,23.1,0.0056277056277055,0.0056277056277055,-0.0025974025974026,14.487,21.232,0.0,-1.0
tw-860b6ad15f69,Facebook,171.06,0.0223898047468723,0.0223898047468723,0.2329591956038816,115.024,67.734,0.6666666666666666,1.0
tw-bff4c8aa958b,Walmart,88.88,-0.0084383438343834,-0.0084383438343834,-0.014063906390639,7.02,13.646,0.0,1.0
tw-717d3d5c628a,Disney,112.63,-8.878629139652762e-05,-8.878629139652762e-05,-0.0136730888750776,15.086,15.251,0.5,-1.0
tw-27df92f9fe3e,Honda,3374.0,-0.0026674570243034,-0.0026674570243034,-0.0358624777711914,13.331,17.344,0.0,1.0
tw-ec1cf6b50e23,adidas,188.5,-0.0023872679045092,-0.0023872679045092,0.0061007957559682,14.595,16.762,0.4,1.0
tw-22b5559ef374,BMW,82.95,-0.001205545509343,-0.005304400241109,-0.0195298372513562,22.181,20.871,0.0,-1.0
tw-5718f6803b63,CBS,52.67,-0.0263907347636225,0.0254414277577367,0.075754699069679,46.56100000000001,32.153,0.1363636363636363,1.0
tw-80df6e0217ef,Microsoft,106.08,-0.0066930618401206,0.0150829562594269,0.0148944193061839,27.988000000000003,20.982,0.4121212121212121,-1.0
tw-916e2c8ad330,Honda,3355.0,0.0056631892697466,0.0029806259314456,-0.0184798807749627,13.869000000000002,16.820999999999998,0.0,-1.0
tw-80778c55a3ad,Sony,5828.0,0.0063486616334934,0.0236787920384351,0.0015442690459849,14.513,25.66,0.0472222222222222,-1.0
tw-098d3fe419af,BMW,82.95,-0.001205545509343,-0.005304400241109,-0.0195298372513562,22.181,20.871,-0.1125,-1.0
tw-b5c2161ef849,CBS,52.67,-0.0263907347636225,0.0254414277577367,0.075754699069679,46.56100000000001,32.153,0.0,1.0
tw-75509b148ee7,Nike,76.91,-0.0123520998569757,-0.0002600442075152,-0.0179430503185541,21.503,36.768,0.0,-1.0
tw-ec8cab540970,PayPal,82.14,0.0030435841246652,0.0404187971755538,0.1128560993425857,37.12300000000001,29.472,0.0,-1.0
tw-8b8f3e74134e,PayPal,82.14,0.0030435841246652,0.0404187971755538,0.1128560993425857,37.12300000000001,29.472,0.0,-1.0
tw-311eb68abce5,Netflix,337.45,-0.0073788709438435,0.0526300192621128,0.0588827974514743,36.773,42.669,0.2583333333333333,-1.0
tw-3e6ece66defa,Intel,48.1,-0.0085239085239086,-0.0087318087318087,0.0848232848232847,50.007,34.688,0.0,-1.0
tw-b6167c47b7f8,Ford,10.04,0.002988047808765,-0.0109561752988047,0.052788844621514,36.649,22.754,0.0,-1.0
tw-c76ef4c2f0d2,Disney,113.56,-0.0081895033462487,-0.0082775625220147,-0.0251849242691088,15.415,14.993,0.25,-1.0
tw-b568ce5740a0,Honda,3355.0,0.0056631892697466,0.0029806259314456,-0.0184798807749627,13.869000000000002,16.820999999999998,0.16,-1.0
tw-c94b91eea3bb,Sony,5828.0,0.0063486616334934,0.0236787920384351,0.0015442690459849,14.513,25.66,-0.15,1.0
tw-329fbc63626a,Next,5936.0,-0.0128032345013477,-0.011455525606469,-0.0016846361185983,13.526,17.588,0.0,1.0
tw-9fafd71f763c,adidas,188.75,-0.0013245033112582,-0.0037086092715231,0.0076821192052979,11.811,16.750999999999998,0.0,-1.0
tw-950522a46c3c,Walmart,89.23,-0.003922447607307,-0.0123276924801076,-0.0142328813179425,7.05,13.569,0.0,1.0
tw-e5361b82c8b2,Netflix,337.45,-0.0073788709438435,0.0526300192621128,0.0588827974514743,36.773,42.669,0.15,-1.0
tw-7adc16f9c9b7,Disney,113.56,-0.0081895033462487,-0.0082775625220147,-0.0251849242691088,15.415,14.993,0.1,-1.0
tw-01d58c74abed,BMW,82.95,-0.001205545509343,-0.005304400241109,-0.0195298372513562,22.181,20.871,0.4333333333333333,1.0
tw-0c3c7dd34260,Ford,10.04,0.002988047808765,-0.0109561752988047,0.052788844621514,36.649,22.754,0.0,-1.0
tw-3717c9a0974d,Toyota,7305.0,0.0257357973990417,0.0206707734428473,0.0082135523613963,19.56900000000001,17.995,-0.05,1.0
tw-32c4784dad63,Netflix,337.45,-0.0073788709438435,0.0526300192621128,0.0588827974514743,36.773,42.669,0.3333333333333333,1.0
tw-f9eb3ea788f6,Next,5936.0,-0.0128032345013477,-0.011455525606469,-0.0016846361185983,13.526,17.588,0.05,1.0
tw-5fee2ae004a0,adidas,188.75,-0.0013245033112582,-0.0037086092715231,0.0076821192052979,11.811,16.750999999999998,0.45,1.0
tw-b2b4de409693,adidas,188.75,-0.0013245033112582,-0.0037086092715231,0.0076821192052979,11.811,16.750999999999998,0.45,-1.0
tw-62be5269e5fc,McDonald's,157.54,0.0069823536879522,-0.0003808556557065,0.0025390377047099,13.839,18.114,-0.1,-1.0
tw-58489802849d,PayPal,82.14,0.0030435841246652,0.0404187971755538,0.1128560993425857,37.12300000000001,29.472,0.0,-1.0
tw-d093abe547cb,Nike,76.91,-0.0123520998569757,-0.0002600442075152,-0.0179430503185541,21.503,36.768,0.0,1.0
tw-b95bd35d6ea8,BMW,82.95,-0.001205545509343,-0.005304400241109,-0.0195298372513562,22.181,20.871,0.0,1.0
tw-7f465f918beb,Intel,48.1,-0.0085239085239086,-0.0087318087318087,0.0848232848232847,50.007,34.688,0.0,1.0
tw-c61b646d2437,Honda,3355.0,0.0056631892697466,0.0029806259314456,-0.0184798807749627,13.869000000000002,16.820999999999998,0.3833333333333333,-1.0
tw-0988fc018cdb,Reuters,45.5997,0.0012083412829471,0.0028991418803194,0.0154606280304475,6.226,10.279000000000002,0.125,1.0
tw-b5bea696bdcf,Microsoft,106.08,-0.0066930618401206,0.0150829562594269,0.0148944193061839,27.988000000000003,20.982,0.0,-1.0
tw-efc976117505,Google,1227.22,0.0022978765013607,0.0209171949609687,0.0252033050308828,30.972,24.292,0.0,1.0
tw-cb07ef348e98,adidas,188.75,-0.0013245033112582,-0.0037086092715231,0.0076821192052979,11.811,16.750999999999998,0.3,1.0
tw-41d230a88fcd,Samsung,46250.0,0.0054054054054054,0.014054054054054,-0.0021621621621621,18.17,21.592,0.0,-1.0
tw-962ad8200338,Samsung,46250.0,0.0054054054054054,0.014054054054054,-0.0021621621621621,18.17,21.592,-0.1,1.0
tw-c463094ec5a5,CBS,52.67,-0.0263907347636225,0.0254414277577367,0.075754699069679,46.56100000000001,32.153,-0.2,1.0
tw-3aa4c920587d,Walmart,89.23,-0.003922447607307,-0.0123276924801076,-0.0142328813179425,7.05,13.569,0.0,1.0
tw-d69d8017666d,Facebook,172.58,-0.0088075095607834,0.0133850967667167,0.243886893035114,115.86,67.862,0.0952380952380952,1.0
tw-8f42f0db5b3b,Sony,5828.0,0.0063486616334934,0.0236787920384351,0.0015442690459849,14.513,25.66,0.1363636363636363,-1.0
tw-71716ae3edff,Sony,5828.0,0.0063486616334934,0.0236787920384351,0.0015442690459849,14.513,25.66,0.5,1.0
tw-91a55d993b90,Facebook,172.58,-0.0088075095607834,0.0133850967667167,0.243886893035114,115.86,67.862,0.6,-1.0
tw-2bc9adfe6e22,CBS,52.67,-0.0263907347636225,0.0254414277577367,0.075754699069679,46.56100000000001,32.153,0.0,-1.0
tw-76bf0efb3431,adidas,188.75,-0.0013245033112582,-0.0037086092715231,0.0076821192052979,11.811,16.750999999999998,0.35,-1.0
tw-455f1d8cc7e2,adidas,188.75,-0.0013245033112582,-0.0037086092715231,0.0076821192052979,11.811,16.750999999999998,-0.2,-1.0
tw-7cad07edb01a,HP,23.01,0.0030421555845283,0.0095610604085179,0.0121686223381137,12.486,21.023000000000003,0.15625,-1.0
tw-eb52a30aae68,Walmart,88.24,0.011219401631913,-0.0012466001813236,-0.0038531278331821,9.483,14.14,0.0,-1.0
tw-bdc0e08637b0,Netflix,338.38,-0.0027483893847154,0.04973698209114,0.0723742537975058,35.792,41.383,0.0,-1.0
tw-43e245ec2baa,Disney,112.97,0.00522262547579,-0.0030981676551296,-0.0158449145790917,14.622,14.970999999999998,0.0,-1.0
tw-93641463724f,McDonald's,156.92,0.0039510578638797,0.0035686974254397,0.0125541677287789,13.889,17.671,0.0,-1.0
tw-9fade34bc1bc,Apple,201.5,-0.0556327543424318,-0.0522084367245658,-0.033151364764268,33.648,22.494,0.0,1.0
tw-2496a979acc4,Netflix,338.38,-0.0027483893847154,0.04973698209114,0.0723742537975058,35.792,41.383,0.0,1.0
tw-021ff2aa1800,CBS,52.55,0.0022835394862037,0.0277830637488106,0.0905803996194101,46.765,30.509,0.0,1.0
tw-6802ce0abc0d,Nike,77.54,-0.0081248387928812,-0.0083827701831313,-0.0049006964147537,21.803,36.798,0.0,-1.0
tw-d5def4c695a6,McDonald's,156.92,0.0039510578638797,0.0035686974254397,0.0125541677287789,13.889,17.671,0.0,-1.0
tw-6e3383a680c6,Netflix,338.38,-0.0027483893847154,0.04973698209114,0.0723742537975058,35.792,41.383,0.5,-1.0
tw-9d1a32b3b6a7,Facebook,171.65,0.0054180017477425,0.018875618992135,0.2671133119720361,115.89,67.335,0.1363636363636363,-1.0
tw-95f0db7b3989,Honda,3454.0,-0.0286624203821656,-0.025767226404169,-0.0367689635205558,20.312,19.019,0.0,-1.0
tw-da1af434d4a0,Ford,9.9,0.014141414141414,0.0030303030303029,0.0626262626262625,36.647,22.845,1.0,1.0
tw-be866e7430a6,Samsung,46550.0,-0.0064446831364124,0.0075187969924812,-0.0085929108485499,18.027,21.69,0.0,-1.0
tw-0f3085d8143c,Google,1232.99,-0.0046796811004144,0.0161396280586217,0.0348340213627037,30.012,24.29300000000001,-0.2333333333333333,-1.0
tw-98a8baa409f0,Apple,201.5,-0.0556327543424318,-0.0522084367245658,-0.033151364764268,33.648,22.494,1.0,1.0
tw-fec3e3789930,Microsoft,106.28,-0.001881821603312,0.013172751223184,0.0428114414753481,27.579,20.827,-0.0170454545454545,-1.0
tw-76849e19b945,Next,5512.0,0.0769230769230769,0.0645863570391872,0.0783744557329463,39.958,28.064,0.0,1.0
tw-a03cf2282e09,adidas,188.15,0.0031889449906988,-0.0005314908317831,0.0135530162104702,11.848,16.739,0.45,-1.0
tw-944d2f56a25c,Samsung,46550.0,-0.0064446831364124,0.0075187969924812,-0.0085929108485499,18.027,21.69,0.58,1.0
tw-e884eabe6532,Netflix,338.38,-0.0027483893847154,0.04973698209114,0.0723742537975058,35.792,41.383,0.0,-1.0
tw-50dcefd51d29,Google,1232.99,-0.0046796811004144,0.0161396280586217,0.0348340213627037,30.012,24.29300000000001,0.2142857142857142,1.0
tw-71102c3a266d,McDonald's,156.92,0.0039510578638797,0.0035686974254397,0.0125541677287789,13.889,17.671,0.0,1.0
tw-f52893cfe8cf,Apple,201.5,-0.0556327543424318,-0.0522084367245658,-0.033151364764268,33.648,22.494,0.5,1.0
tw-93c6bc988b60,Google,1232.99,-0.0046796811004144,0.0161396280586217,0.0348340213627037,30.012,24.29300000000001,0.05,1.0
tw-9e6263e12084,Honda,3454.0,-0.0286624203821656,-0.025767226404169,-0.0367689635205558,20.312,19.019,0.4666666666666666,1.0
tw-9f3b4f473632,Nike,77.54,-0.0081248387928812,-0.0083827701831313,-0.0049006964147537,21.803,36.798,0.3,1.0
tw-a6c31033155d,Google,1232.99,-0.0046796811004144,0.0161396280586217,0.0348340213627037,30.012,24.29300000000001,0.0,1.0
tw-8b67e2696ca9,Next,5512.0,0.0769230769230769,0.0645863570391872,0.0783744557329463,39.958,28.064,0.25,1.0
tw-574f1215d6e8,Amazon,1797.17,-0.0109783715508271,0.0111842507943043,0.0369692349638597,26.247,23.837,0.325,1.0
tw-06ab22143bae,Honda,3454.0,-0.0286624203821656,-0.025767226404169,-0.0367689635205558,20.312,19.019,0.0,-1.0
tw-9a422320b089,Intel,48.81,-0.0145461995492727,-0.0231509936488425,0.0741651300962916,51.083,34.882,0.1361111111111111,1.0
tw-8628d5aafbe6,Netflix,338.38,-0.0027483893847154,0.04973698209114,0.0723742537975058,35.792,41.383,0.25,-1.0
tw-cdc66b0cd172,PayPal,83.46,-0.0158159597411933,0.0239635753654445,0.0947759405703332,39.231,29.427,0.0,1.0
tw-3a0acf28fb19,Disney,112.97,0.00522262547579,-0.0030981676551296,-0.0158449145790917,14.622,14.970999999999998,0.4,-1.0
tw-d5096d3eed30,Apple,201.5,-0.0556327543424318,-0.0522084367245658,-0.033151364764268,33.648,22.494,0.0,1.0
tw-2cabb0a5f656,Nike,77.54,-0.0081248387928812,-0.0083827701831313,-0.0049006964147537,21.803,36.798,0.45,1.0
tw-d9202519a07b,Walmart,88.24,0.011219401631913,-0.0012466001813236,-0.0038531278331821,9.483,14.14,-0.1,1.0
tw-0e24d3330999,Intel,48.81,-0.0145461995492727,-0.0231509936488425,0.0741651300962916,51.083,34.882,0.0,1.0
tw-cc9d157686e1,Intel,48.81,-0.0145461995492727,-0.0231509936488425,0.0741651300962916,51.083,34.882,0.25,-1.0
tw-037a3590c769,adidas,188.15,0.0031889449906988,-0.0005314908317831,0.0135530162104702,11.848,16.739,0.45,-1.0
tw-9bfc7bf950dc,Ford,9.9,0.014141414141414,0.0030303030303029,0.0626262626262625,36.647,22.845,0.0,1.0
tw-58071087d11f,Honda,3454.0,-0.0286624203821656,-0.025767226404169,-0.0367689635205558,20.312,19.019,0.4,1.0
tw-3c43bbc4ee13,Honda,3454.0,-0.0286624203821656,-0.025767226404169,-0.0367689635205558,20.312,19.019,-0.575,-1.0
tw-09adcebaec70,Samsung,46550.0,-0.0064446831364124,0.0075187969924812,-0.0085929108485499,18.027,21.69,0.0,1.0
tw-b6b04bfddf71,Google,1232.99,-0.0046796811004144,0.0161396280586217,0.0348340213627037,30.012,24.29300000000001,0.0,1.0
tw-db1a06469988,Netflix,338.38,-0.0027483893847154,0.04973698209114,0.0723742537975058,35.792,41.383,0.0,-1.0
tw-f3f4848cb782,Honda,3454.0,-0.0286624203821656,-0.025767226404169,-0.0367689635205558,20.312,19.019,0.4,-1.0
tw-e44cf879e16a,Sony,6105.0,-0.0453726453726453,-0.0227682227682227,-0.0311220311220311,29.908,28.427,0.1,1.0
tw-a6b5072fa30d,CBS,52.55,0.0022835394862037,0.0277830637488106,0.0905803996194101,46.765,30.509,0.0,1.0
tw-51c57b7cccd2,Disney,112.97,0.00522262547579,-0.0030981676551296,-0.0158449145790917,14.622,14.970999999999998,0.0,1.0
tw-609b0c054fc9,HP,23.01,0.0030421555845283,0.0095610604085179,0.0121686223381137,12.486,21.023000000000003,0.65,-1.0
tw-0c02d9aba4c0,Intel,48.81,-0.0145461995492727,-0.0231509936488425,0.0741651300962916,51.083,34.882,0.0,-1.0
tw-1c7ed01c5af9,Starbucks,51.93,0.0088580781821683,0.0042364721740804,-0.0059695744271134,13.319,19.904,0.1363636363636363,-1.0
tw-1e18f7a6f447,Disney,112.97,0.00522262547579,-0.0030981676551296,-0.0158449145790917,14.622,14.970999999999998,0.0,1.0
tw-2ea14ae2bae8,BMW,81.52,0.0175417075564279,0.0121442590775271,-0.0080961727183512,24.642,18.804,0.0,1.0
tw-2f77e8110960,PayPal,83.46,-0.0158159597411933,0.0239635753654445,0.0947759405703332,39.231,29.427,0.125,1.0
tw-eb644916ae7a,Netflix,338.38,-0.0027483893847154,0.04973698209114,0.0723742537975058,35.792,41.383,0.0,1.0
tw-42cabcf42365,Google,1241.13,-0.0065585393955509,-0.0089354056384102,0.0357496797273451,29.951,23.95300000000001,0.2,1.0
tw-9fb90940dc25,Netflix,344.5,-0.0177648766328011,-0.0276923076923077,0.0539622641509433,38.428,42.05,0.0,1.0
tw-c17da1f9204f,Netflix,344.5,-0.0177648766328011,-0.0276923076923077,0.0539622641509433,38.428,42.05,0.0,1.0
tw-5ceeaacb5944,Disney,112.75,0.0019512195121951,-0.0010643015521064,0.0067405764966741,14.193,14.416,0.0,1.0
tw-6a9299940f22,BMW,81.48,0.0004909180166911,0.0168139420716739,0.0170594010800196,20.501,18.543,0.3181818181818182,-1.0
tw-075d87038b81,HP,23.21,-0.0086169754416199,-0.0047393364928909,0.0103403705299439,11.802,21.027,0.0,-1.0
tw-3666ef4ce6a0,adidas,186.0,0.0115591397849462,0.0134408602150537,0.0059139784946236,13.213,16.933,0.0072727272727272,-1.0
tw-814336db17dc,Facebook,176.37,-0.0267619209616147,-0.0301071610818166,-0.0006236888359699,117.84,68.043,0.0,-1.0
tw-4bfad9a47bc0,Apple,207.39,-0.0284005979073243,-0.0842856454023819,-0.0635517623800568,35.43199999999999,23.65,0.4,-1.0
tw-d8e15a08f8f0,BMW,81.48,0.0004909180166911,0.0168139420716739,0.0170594010800196,20.501,18.543,0.0,-1.0
tw-e964cc949dd5,Google,1241.13,-0.0065585393955509,-0.0089354056384102,0.0357496797273451,29.951,23.95300000000001,0.1,-1.0
tw-022497423f6b,Reuters,45.3023,0.0053507217072863,0.0077810618886899,0.0162905636137679,4.373,10.405,0.3666666666666667,1.0
tw-de12e875817b,Intel,49.48,-0.0135408245755859,-0.0361762328213419,0.0541632983023443,52.243,34.609,0.1363636363636363,-1.0
tw-07709359b1b9,CBS,52.72,-0.0032245827010622,-0.0273141122913504,0.091236722306525,47.208,29.308000000000003,0.0,1.0
tw-18ef78638178,Google,1241.13,-0.0065585393955509,-0.0089354056384102,0.0357496797273451,29.951,23.95300000000001,0.1181818181818181,-1.0
tw-626b059c4cd7,adidas,186.0,0.0115591397849462,0.0134408602150537,0.0059139784946236,13.213,16.933,0.0,1.0
tw-fd3463fc54dd,Facebook,176.37,-0.0267619209616147,-0.0301071610818166,-0.0006236888359699,117.84,68.043,0.2,-1.0
tw-5a94042a276f,Intel,49.48,-0.0135408245755859,-0.0361762328213419,0.0541632983023443,52.243,34.609,0.0,-1.0
tw-0ef2bb4bc14d,Apple,207.39,-0.0284005979073243,-0.0842856454023819,-0.0635517623800568,35.43199999999999,23.65,-0.65625,-1.0
tw-3f7b10070a60,CBS,52.72,-0.0032245827010622,-0.0273141122913504,0.091236722306525,47.208,29.308000000000003,0.0,-1.0
tw-3d9b9c0ff092,Microsoft,107.57,-0.0119921911313562,-0.0204517988286696,0.0190573579994423,26.677,20.882,0.4166666666666667,1.0
tw-45544e110f3f,CBS,52.72,-0.0032245827010622,-0.0273141122913504,0.091236722306525,47.208,29.308000000000003,0.1363636363636363,1.0
tw-d0043d6668bb,McDonald's,155.41,0.0097162344765458,0.0207837333504921,0.0046972524290585,14.488,17.519000000000002,0.0,1.0
tw-99cd439f505b,Microsoft,107.57,-0.0119921911313562,-0.0204517988286696,0.0190573579994423,26.677,20.882,-0.1666666666666666,-1.0
tw-ca0847cdbd7d,Microsoft,107.57,-0.0119921911313562,-0.0204517988286696,0.0190573579994423,26.677,20.882,0.0,-1.0
tw-efec380c1642,Starbucks,51.68,0.0048374613003095,0.0042569659442724,-0.0044504643962847,12.591,17.526,0.65,1.0
tw-cadb9ffa2ede,Honda,3355.0,0.0295081967213114,0.0056631892697466,-0.0035767511177347,26.455,20.943,-0.0151515151515151,-1.0
tw-48d7521f2df9,Walmart,88.76,-0.0058584948174854,0.0013519603424965,-0.00597115817936,9.761,14.101,0.0681818181818181,-1.0
tw-709b9cd98b23,PayPal,85.53,-0.0242020343739039,-0.0367122647024435,0.0422074126037647,42.328,30.403,0.1121212121212121,1.0
tw-166a4121e933,Next,5534.0,-0.0039754246476328,0.0589085652331044,0.0646910010842067,40.823,27.76,0.15,1.0
tw-edb809ad9bbe,PayPal,85.53,-0.0242020343739039,-0.0367122647024435,0.0422074126037647,42.328,30.403,0.0,1.0
tw-377ef109f66d,McDonald's,155.41,0.0097162344765458,0.0207837333504921,0.0046972524290585,14.488,17.519000000000002,0.0,-1.0
tw-697ae50c89b2,Ford,9.92,-0.002016129032258,0.0151209677419355,-0.003024193548387,36.001,22.859,0.0,1.0
tw-79672bf0f0d8,Netflix,344.5,-0.0177648766328011,-0.0276923076923077,0.0539622641509433,38.428,42.05,0.125,1.0
tw-ef27ec6d4b55,adidas,186.0,0.0115591397849462,0.0134408602150537,0.0059139784946236,13.213,16.933,0.8,1.0
tw-2cf759d98529,Netflix,344.5,-0.0177648766328011,-0.0276923076923077,0.0539622641509433,38.428,42.05,0.0,1.0
tw-0825a5839117,Sony,6117.0,-0.0019617459538989,-0.0411966650318783,-0.0281183586725519,29.818,28.226,0.0,-1.0
tw-8f9c3d8a93ea,Disney,112.75,0.0019512195121951,-0.0010643015521064,0.0067405764966741,14.193,14.416,0.0,1.0
tw-77491047f132,Netflix,344.5,-0.0177648766328011,-0.0276923076923077,0.0539622641509433,38.428,42.05,0.0,1.0
tw-1e83758db64a,adidas,186.0,0.0115591397849462,0.0134408602150537,0.0059139784946236,13.213,16.933,0.55,1.0
tw-71913d6786a4,Sony,6117.0,-0.0019617459538989,-0.0411966650318783,-0.0281183586725519,29.818,28.226,0.2,1.0
tw-079acc6c5096,HP,23.21,-0.0086169754416199,-0.0047393364928909,0.0103403705299439,11.802,21.027,0.0,-1.0
tw-a3679e079646,Honda,3355.0,0.0295081967213114,0.0056631892697466,-0.0035767511177347,26.455,20.943,0.2857142857142857,-1.0
tw-31582e1afdf0,Netflix,344.5,-0.0177648766328011,-0.0276923076923077,0.0539622641509433,38.428,42.05,0.0,1.0
tw-b7dc1e759d1f,CBS,52.72,-0.0032245827010622,-0.0273141122913504,0.091236722306525,47.208,29.308000000000003,0.4,1.0
tw-55a9eb740e1b,Apple,207.39,-0.0284005979073243,-0.0842856454023819,-0.0635517623800568,35.43199999999999,23.65,0.2272727272727273,1.0
tw-7b5b9a094ad9,Next,5534.0,-0.0039754246476328,0.0589085652331044,0.0646910010842067,40.823,27.76,0.0,1.0
tw-cff5a5dff8f0,Reuters,45.3023,0.0053507217072863,0.0077810618886899,0.0162905636137679,4.373,10.405,0.0,1.0
tw-df276d0d5b5c,Disney,112.75,0.0019512195121951,-0.0010643015521064,0.0067405764966741,14.193,14.416,0.55,-1.0
tw-f119060b6bd6,Starbucks,51.68,0.0048374613003095,0.0042569659442724,-0.0044504643962847,12.591,17.526,-0.55,1.0
tw-00407513fc35,Nike,78.65,-0.014113159567705,-0.0342021614748888,-0.0063572790845518,22.937,36.807,0.0,-1.0
tw-341208095d25,Nike,78.65,-0.014113159567705,-0.0342021614748888,-0.0063572790845518,22.937,36.807,0.45,1.0
tw-279264aaee69,Toyota,7282.0,0.0160670145564405,0.0289755561658884,0.0140071408953584,22.748,18.922,0.5715909090909089,1.0
tw-ce5bfa94109f,Disney,112.75,0.0019512195121951,-0.0010643015521064,0.0067405764966741,14.193,14.416,0.0,1.0
tw-bb1f3685a68e,Facebook,176.37,-0.0267619209616147,-0.0301071610818166,-0.0006236888359699,117.84,68.043,0.2388888888888889,-1.0
tw-656cd4b7e84b,McDonald's,155.41,0.0097162344765458,0.0207837333504921,0.0046972524290585,14.488,17.519000000000002,0.0,-1.0
tw-6615b0840e64,Intel,49.48,-0.0135408245755859,-0.0361762328213419,0.0541632983023443,52.243,34.609,-0.5,-1.0
tw-c36460dba5ba,Amazon,1834.33,-0.0202580778812971,-0.0300436671700293,-0.0143540148173992,28.69,24.214,0.7,1.0
tw-856c9890edb4,PayPal,85.53,-0.0242020343739039,-0.0367122647024435,0.0422074126037647,42.328,30.403,0.0,-1.0
tw-9af1c29dd3ad,adidas,186.0,0.0115591397849462,0.0134408602150537,0.0059139784946236,13.213,16.933,0.45,1.0
tw-fe981dccbccd,Apple,207.39,-0.0284005979073243,-0.0842856454023819,-0.0635517623800568,35.43199999999999,23.65,0.125,-1.0
tw-2bccb4ef3562,Microsoft,107.57,-0.0119921911313562,-0.0204517988286696,0.0190573579994423,26.677,20.882,0.0,1.0
tw-fbb860968e89,Sony,6117.0,-0.0019617459538989,-0.0411966650318783,-0.0281183586725519,29.818,28.226,0.0,-1.0
tw-4f125ecbffac,Honda,3355.0,0.0295081967213114,0.0056631892697466,-0.0035767511177347,26.455,20.943,0.4,1.0
tw-30367604bbc5,Samsung,45550.0,0.0219538968166849,0.0208562019758507,0.0296377607025246,19.385,22.553,-0.15,-1.0
tw-ce1105f9fe58,Sony,6117.0,-0.0019617459538989,-0.0411966650318783,-0.0281183586725519,29.818,28.226,-0.2604166666666666,-1.0
tw-e6f99ca99dba,Starbucks,51.68,0.0048374613003095,0.0042569659442724,-0.0044504643962847,12.591,17.526,-0.1,-1.0
tw-691d2006092f,Google,1241.13,-0.0065585393955509,-0.0089354056384102,0.0357496797273451,29.951,23.95300000000001,0.0,1.0
tw-9cb06271fd39,Starbucks,51.68,0.0048374613003095,0.0042569659442724,-0.0044504643962847,12.591,17.526,0.0,-1.0
tw-02c374b1b501,BMW,81.48,0.0004909180166911,0.0168139420716739,0.0170594010800196,20.501,18.543,1.0,1.0
tw-0d2c7e2fd099,Disney,112.75,0.0019512195121951,-0.0010643015521064,0.0067405764966741,14.193,14.416,0.5,-1.0
tw-9c8d9a7d7b4a,Disney,112.75,0.0019512195121951,-0.0010643015521064,0.0067405764966741,14.193,14.416,0.5,-1.0
tw-3cf4f908feba,Disney,112.75,0.0019512195121951,-0.0010643015521064,0.0067405764966741,14.193,14.416,0.5,1.0
tw-17ae3810017a,Disney,112.75,0.0019512195121951,-0.0010643015521064,0.0067405764966741,14.193,14.416,0.5,-1.0
tw-af1532fe3588,Disney,112.75,0.0019512195121951,-0.0010643015521064,0.0067405764966741,14.193,14.416,0.5,-1.0
tw-c28b02c0de5c,Sony,6117.0,-0.0019617459538989,-0.0411966650318783,-0.0281183586725519,29.818,28.226,-0.2,-1.0
tw-88f79f7bcd69,CBS,52.72,-0.0032245827010622,-0.0273141122913504,0.091236722306525,47.208,29.308000000000003,0.4166666666666667,1.0
tw-8ab1e1c1dd3e,CBS,52.72,-0.0032245827010622,-0.0273141122913504,0.091236722306525,47.208,29.308000000000003,0.3,1.0
tw-aaa418697d71,Honda,3380.0,-0.007396449704142,-0.007396449704142,-0.0044378698224852,25.13300000000001,20.187,0.0,1.0
tw-f992dbcaada6,eBay,33.66,-0.0130718954248365,-0.0062388591800354,0.0044563279857399,19.156,36.843,0.3,1.0
tw-c7fbd0f931d8,Next,5662.0,-0.0226068527022253,0.0483927940657011,0.0363829035676439,44.323,28.748,0.0,-1.0
tw-e11cb434db7f,Apple,207.99,-0.0028847540747152,-0.0851002452040964,-0.081782778018174,35.301,23.559,0.0,-1.0
tw-024ca3f4e7ee,Toyota,7220.0,0.0085872576177285,0.0117728531855955,0.0326869806094182,21.279,17.26,0.25,-1.0
tw-0965c0af8a6f,BMW,82.39,-0.0110450297366184,0.0067969413763806,0.0014564874377959,20.204,18.227,0.1,1.0
tw-3863ffb0ef8a,Disney,114.09,-0.0117451135068805,-0.0046454553422736,-0.0128845648172495,14.893,14.693,0.0,1.0
tw-31d3df66bb6c,Starbucks,52.23,-0.0105303465441316,0.0030633735401111,-0.0015316867700554,13.368,17.435,0.0,1.0
tw-8c8a4d0d6cbc,Apple,207.99,-0.0028847540747152,-0.0851002452040964,-0.081782778018174,35.301,23.559,-0.15,-1.0
tw-19ad98a49d90,Amazon,1823.29,0.0060549885097817,-0.0251468499251352,-0.0033017238069643,28.653,24.128,0.0,-1.0
tw-ea219d7572ec,CBS,53.16,-0.0082768999247554,-0.0092174567343866,0.0159894657637321,48.136,29.394,0.0,-1.0
tw-a9d914c896e5,Disney,114.09,-0.0117451135068805,-0.0046454553422736,-0.0128845648172495,14.893,14.693,0.0,1.0
tw-e395ed0e382d,Amazon,1823.29,0.0060549885097817,-0.0251468499251352,-0.0033017238069643,28.653,24.128,1.0,1.0
tw-8cfbd2335b7f,Apple,207.99,-0.0028847540747152,-0.0851002452040964,-0.081782778018174,35.301,23.559,0.0,-1.0
tw-0f5935762b74,Facebook,177.78,-0.0079311508606142,-0.0292496343795701,-0.016256046799415,118.075,68.126,0.78,-1.0
tw-ed832aaab96d,Google,1238.16,0.0023987206823027,-0.0088356916715126,0.0118966854041481,29.8,23.982,0.0,1.0
tw-324408f4c217,Walmart,89.6,-0.0093749999999998,-0.0041294642857141,-0.0164062499999999,10.037,14.194,0.0,-1.0
tw-ffc2d1bfd07d,Google,1238.16,0.0023987206823027,-0.0088356916715126,0.0118966854041481,29.8,23.982,0.0,-1.0
tw-e78d67e131f2,Next,5662.0,-0.0226068527022253,0.0483927940657011,0.0363829035676439,44.323,28.748,0.0,-1.0
tw-3e6aa50f9de7,Intel,49.63,-0.0030223655047351,-0.0308281281482974,-0.0392907515615555,51.925,34.559,0.2,-1.0
tw-fa2e139e60d3,Reuters,45.5667,-0.0058024829535602,0.0007242130766546,0.0036254545534349,6.067,10.412,0.0,1.0
tw-c43c8be72c97,Walmart,89.6,-0.0093749999999998,-0.0041294642857141,-0.0164062499999999,10.037,14.194,0.0,1.0
tw-43194554f714,Samsung,45750.0,-0.0043715846994535,0.0109289617486338,0.0251366120218579,17.316,22.324,0.0,-1.0
tw-133571b7ef7c,Microsoft,108.04,-0.0043502406516106,-0.0181414291003332,-0.0033320992225101,25.324,20.687,0.2,-1.0
tw-51fc2d3663fe,McDonald's,156.21,-0.0051213110556303,0.0085141796299851,0.0081300813008128,14.52,15.724,0.0,-1.0
tw-55864273dee4,Facebook,177.78,-0.0079311508606142,-0.0292496343795701,-0.016256046799415,118.075,68.126,-0.2555555555555555,1.0
tw-d40531787a46,Netflix,343.09,0.0041097088227579,-0.0164388352910314,0.0353260077530677,38.002,42.036,0.4,1.0
tw-17e648bcfd63,PayPal,85.19,0.0039910787651133,-0.0358023242164573,0.0031693860781781,40.083,30.278,0.0,-1.0
tw-17c1f4d40275,Samsung,45750.0,-0.0043715846994535,0.0109289617486338,0.0251366120218579,17.316,22.324,0.1363636363636363,-1.0
tw-744a3ca310b9,Amazon,1823.29,0.0060549885097817,-0.0251468499251352,-0.0033017238069643,28.653,24.128,0.5,1.0
tw-391bda441ce0,Ford,10.04,-0.0119521912350596,0.0,-0.0109561752988047,37.375,23.469,1.0,-1.0
tw-78f8cfdc4a75,McDonald's,156.21,-0.0051213110556303,0.0085141796299851,0.0081300813008128,14.52,15.724,0.0,1.0
tw-6178a312034b,Intel,49.63,-0.0030223655047351,-0.0308281281482974,-0.0392907515615555,51.925,34.559,0.1,-1.0
tw-96561248fea6,adidas,189.4,-0.0179514255543822,-0.0034318901795142,-0.0071277719112988,16.929000000000002,16.524,0.0,1.0
tw-df7b8661774d,Apple,207.99,-0.0028847540747152,-0.0851002452040964,-0.081782778018174,35.301,23.559,1.0,1.0
tw-1906cdfb53a2,CBS,53.16,-0.0082768999247554,-0.0092174567343866,0.0159894657637321,48.136,29.394,0.0,1.0
tw-aa6881000f31,Toyota,7220.0,0.0085872576177285,0.0117728531855955,0.0326869806094182,21.279,17.26,0.0,-1.0
tw-307e01439812,Amazon,1823.29,0.0060549885097817,-0.0251468499251352,-0.0033017238069643,28.653,24.128,0.0,1.0
tw-a3e4f57fc007,Nike,78.74,-0.0011430022860044,-0.0232410464820929,-0.0234950469900939,22.546,36.702,0.0,-1.0
tw-4b124311cb84,adidas,189.4,-0.0179514255543822,-0.0034318901795142,-0.0071277719112988,16.929000000000002,16.524,0.5,-1.0
tw-fe536351c60c,Facebook,177.78,-0.0079311508606142,-0.0292496343795701,-0.016256046799415,118.075,68.126,-0.75,1.0
tw-cab4cf57f746,Facebook,177.78,-0.0079311508606142,-0.0292496343795701,-0.016256046799415,118.075,68.126,-0.1666666666666666,1.0
tw-c693b1f76a78,CBS,53.16,-0.0082768999247554,-0.0092174567343866,0.0159894657637321,48.136,29.394,0.0,1.0
tw-b4cba51e9dc6,PayPal,85.19,0.0039910787651133,-0.0358023242164573,0.0031693860781781,40.083,30.278,0.0,1.0
tw-8479f63adfa1,PayPal,85.19,0.0039910787651133,-0.0358023242164573,0.0031693860781781,40.083,30.278,0.0,-1.0
tw-0a34ed127830,BMW,82.39,-0.0110450297366184,0.0067969413763806,0.0014564874377959,20.204,18.227,0.0,1.0
tw-a2d57617b3cb,Nike,78.74,-0.0011430022860044,-0.0232410464820929,-0.0234950469900939,22.546,36.702,0.0,1.0
tw-7881769b0600,CBS,53.16,-0.0082768999247554,-0.0092174567343866,0.0159894657637321,48.136,29.394,0.0,1.0
tw-c345c6566382,Nike,78.74,-0.0011430022860044,-0.0232410464820929,-0.0234950469900939,22.546,36.702,0.0,1.0
tw-6d0c18015386,Next,5662.0,-0.0226068527022253,0.0483927940657011,0.0363829035676439,44.323,28.748,0.0,1.0
tw-b4041e4f2b39,Reuters,45.5667,-0.0058024829535602,0.0007242130766546,0.0036254545534349,6.067,10.412,0.0,1.0
tw-0c9c1fea9061,Google,1238.16,0.0023987206823027,-0.0088356916715126,0.0118966854041481,29.8,23.982,0.3571428571428571,1.0
tw-9bfa4c28212f,Nike,78.74,-0.0011430022860044,-0.0232410464820929,-0.0234950469900939,22.546,36.702,0.0,1.0
tw-903c66a330ba,Apple,207.99,-0.0028847540747152,-0.0851002452040964,-0.081782778018174,35.301,23.559,0.0,-1.0
tw-8a5cc9811ba9,Google,1238.16,0.0023987206823027,-0.0088356916715126,0.0118966854041481,29.8,23.982,0.1363636363636363,-1.0
tw-cccba253c6d4,adidas,189.4,-0.0179514255543822,-0.0034318901795142,-0.0071277719112988,16.929000000000002,16.524,0.0,1.0
tw-90e9fe4b5af6,Next,5662.0,-0.0226068527022253,0.0483927940657011,0.0363829035676439,44.323,28.748,0.2833333333333333,1.0
tw-dca90b86b4c4,Intel,49.63,-0.0030223655047351,-0.0308281281482974,-0.0392907515615555,51.925,34.559,0.0,-1.0
tw-bed9d96f7152,Samsung,45750.0,-0.0043715846994535,0.0109289617486338,0.0251366120218579,17.316,22.324,0.0,-1.0
tw-8b51bcab0b1f,Next,5662.0,-0.0226068527022253,0.0483927940657011,0.0363829035676439,44.323,28.748,0.0,-1.0
tw-de8e60a259f7,Starbucks,52.23,-0.0105303465441316,0.0030633735401111,-0.0015316867700554,13.368,17.435,0.0,-1.0
tw-ea561b53766c,Microsoft,108.04,-0.0043502406516106,-0.0181414291003332,-0.0033320992225101,25.324,20.687,0.0,-1.0
tw-e500360a6858,Toyota,7220.0,0.0085872576177285,0.0117728531855955,0.0326869806094182,21.279,17.26,0.35,1.0
tw-43618e8ce853,McDonald's,156.21,-0.0051213110556303,0.0085141796299851,0.0081300813008128,14.52,15.724,-0.0625,-1.0
tw-f4f8837967e6,Sony,6111.0,0.0009818360333824,-0.046309932907871,-0.0237277041400752,29.23,28.255,0.0,1.0
tw-fe7eb13c8f0c,Amazon,1823.29,0.0060549885097817,-0.0251468499251352,-0.0033017238069643,28.653,24.128,1.0,1.0
tw-312ca7d06b2a,PayPal,85.19,0.0039910787651133,-0.0358023242164573,0.0031693860781781,40.083,30.278,0.2,-1.0
tw-662c6c206ad7,BMW,82.39,-0.0110450297366184,0.0067969413763806,0.0014564874377959,20.204,18.227,0.0,1.0
tw-e91ebede717e,adidas,189.4,0.0,-0.0065997888067581,-0.0071277719112988,16.929000000000002,16.524,0.4,-1.0
tw-7bbfc8a952b6,Samsung,45750.0,0.0,0.0174863387978142,0.0251366120218579,17.316,22.324,0.5,-1.0
tw-4d583793d3c9,Netflix,343.09,0.0,-0.0137281762802762,0.0353260077530677,38.002,42.036,0.3571428571428571,-1.0
tw-cbadea856d7a,Samsung,45750.0,0.0,0.0174863387978142,0.0251366120218579,17.316,22.324,0.1363636363636363,-1.0
tw-b60c371fafd0,Amazon,1823.29,0.0,-0.0143257518003169,-0.0033017238069643,28.653,24.128,1.0,1.0
tw-b38f6df706c1,PayPal,85.19,0.0,-0.0203075478342528,0.0031693860781781,40.083,30.278,0.0,-1.0
tw-df31dcf5bf72,Google,1238.16,0.0,-0.0041755508173419,0.0118966854041481,29.8,23.982,0.0,-1.0
tw-4f3642ccbeed,Toyota,7220.0,0.0,0.024792243767313,0.0326869806094182,21.279,17.26,0.4,1.0
tw-8267c9373ab5,Next,5662.0,0.0,-0.0264924055104203,0.0363829035676439,44.323,28.748,0.0,1.0
tw-e45a5264bfe3,Google,1238.16,0.0,-0.0041755508173419,0.0118966854041481,29.8,23.982,0.0333333333333333,1.0
tw-8f7e0a4e0dba,Samsung,45750.0,0.0,0.0174863387978142,0.0251366120218579,17.316,22.324,0.0,-1.0
tw-0c94868b1b10,Samsung,45750.0,0.0,0.0174863387978142,0.0251366120218579,17.316,22.324,0.0,1.0
tw-7151e7c958a8,eBay,33.66,0.0,-0.0169340463458108,0.0044563279857399,19.156,36.843,-0.2,-1.0
tw-0eeb02869fbd,Disney,114.09,0.0,-0.009816811289333,-0.0128845648172495,14.893,14.693,0.0,-1.0
tw-3e73e65d2822,CBS,53.16,0.0,-0.0114747930775018,0.0159894657637321,48.136,29.394,0.0,1.0
tw-aa4bac8f6cd3,BMW,82.39,0.0,-0.0105595339240199,0.0014564874377959,20.204,18.227,0.25,1.0
tw-34fb63592ea7,BMW,82.39,0.0,-0.0105595339240199,0.0014564874377959,20.204,18.227,-0.0833333333333333,1.0
tw-a3b764c1c9c4,Nike,78.74,0.0,-0.0152400304800608,-0.0234950469900939,22.546,36.702,0.0,-1.0
tw-678d6cf60d2e,Starbucks,52.23,0.0,-0.0057438253877081,-0.0015316867700554,13.368,17.435,0.0,1.0
tw-9baa1aaeb274,PayPal,85.19,0.0,-0.0203075478342528,0.0031693860781781,40.083,30.278,0.0,1.0
tw-d69b4ac4d8ad,Facebook,177.78,0.0,-0.0344808189897626,-0.016256046799415,118.075,68.126,0.3928571428571429,1.0
tw-f57fb3972124,HP,23.34,0.0,-0.0141388174807197,-0.0047129391602399,11.924,20.721,0.4,-1.0
tw-a08e31e03768,PayPal,85.19,0.0,-0.0203075478342528,0.0031693860781781,40.083,30.278,0.0,1.0
tw-f2f2f2378243,Ford,10.04,0.0,-0.0139442231075696,-0.0109561752988047,37.375,23.469,0.0,-1.0
tw-c05dcc4d6d32,Toyota,7220.0,0.0,0.024792243767313,0.0326869806094182,21.279,17.26,0.2637987012987013,1.0
tw-a81119af85cf,Honda,3380.0,0.0,0.0218934911242603,-0.0044378698224852,25.13300000000001,20.187,0.0,1.0
tw-49d0df953db5,Sony,6111.0,0.0,-0.0009818360333824,-0.0237277041400752,29.23,28.255,0.0,1.0
tw-cd230b0869d0,Disney,114.09,0.0,-0.009816811289333,-0.0128845648172495,14.893,14.693,0.8,1.0
tw-63dd0a55be3e,Intel,49.63,0.0,-0.0165222647592182,-0.0392907515615555,51.925,34.559,0.2,1.0
tw-082bca2c827a,Toyota,7220.0,0.0,0.024792243767313,0.0326869806094182,21.279,17.26,-0.125,1.0
tw-852239054bc9,Apple,207.99,0.0,-0.031203423241502,-0.081782778018174,35.301,23.559,0.1704545454545454,1.0
tw-06a076f0b643,PayPal,85.19,0.0,-0.0203075478342528,0.0031693860781781,40.083,30.278,0.0,1.0
tw-b074415591f0,Amazon,1823.29,0.0,-0.0143257518003169,-0.0033017238069643,28.653,24.128,-0.8666666666666667,-1.0
tw-ca968a6eba46,Next,5662.0,0.0,-0.0264924055104203,0.0363829035676439,44.323,28.748,0.0,-1.0
tw-3df7ea3b99af,HP,23.34,0.0,-0.0141388174807197,-0.0047129391602399,11.924,20.721,0.1,1.0
tw-2f15fff1dd66,Next,5662.0,0.0,-0.0264924055104203,0.0363829035676439,44.323,28.748,0.125,1.0
tw-4573dd7820ef,Toyota,7220.0,0.0,0.024792243767313,0.0326869806094182,21.279,17.26,0.29375,-1.0
tw-81ec344da00f,Samsung,45750.0,0.0,0.0174863387978142,0.0251366120218579,17.316,22.324,0.35,-1.0
tw-a5e38a687696,Starbucks,52.23,0.0,-0.0057438253877081,-0.0015316867700554,13.368,17.435,0.0,1.0
tw-441f14d76179,Starbucks,52.23,0.0,-0.0057438253877081,-0.0015316867700554,13.368,17.435,0.0,-1.0
tw-2ce96decd543,Starbucks,52.23,0.0,-0.0057438253877081,-0.0015316867700554,13.368,17.435,0.0,-1.0
tw-ed65e500053e,HP,23.34,0.0,-0.0055698371893744,-0.0047129391602399,11.924,20.721,0.0,1.0
tw-466bc8a58a8a,Apple,207.99,0.0,-0.0028847540747152,-0.081782778018174,35.301,23.559,-0.1,-1.0
tw-f6f0903395e9,Nike,78.74,0.0,-0.0011430022860044,-0.0234950469900939,22.546,36.702,0.4,-1.0
tw-902e17dc7978,Amazon,1823.29,0.0,0.0060549885097817,-0.0033017238069643,28.653,24.128,0.0,-1.0
tw-e6b2b852fcac,BMW,82.39,0.0,-0.0110450297366184,0.0014564874377959,20.204,18.227,-0.0555555555555555,-1.0
tw-c88626072443,McDonald's,156.21,0.0,-0.0051213110556303,0.0081300813008128,14.52,15.724,0.0,-1.0
tw-e9c1e31d3831,Honda,3380.0,0.0,-0.007396449704142,-0.0044378698224852,25.13300000000001,20.187,0.1,-1.0
tw-2a45bfecf1fb,Microsoft,108.04,0.0,-0.0043502406516106,-0.0033320992225101,25.324,20.687,0.25,-1.0
tw-27a9c34f08b8,Intel,49.63,0.0,-0.0030223655047351,-0.0392907515615555,51.925,34.559,0.0,1.0
tw-aee5b1edd1ad,PayPal,85.19,0.0,0.0039910787651133,0.0031693860781781,40.083,30.278,0.1,-1.0
tw-62f6ded2f874,HP,23.34,0.0,-0.0055698371893744,-0.0047129391602399,11.924,20.721,0.1311111111111111,1.0
tw-3e9c5e7a5026,HP,23.34,0.0,-0.0055698371893744,-0.0047129391602399,11.924,20.721,0.0,1.0
tw-b8eec0ab00ef,Honda,3380.0,0.0,-0.007396449704142,-0.0044378698224852,25.13300000000001,20.187,0.1363636363636363,-1.0
tw-e0b31bd9b42f,eBay,33.66,0.0,-0.0130718954248365,0.0044563279857399,19.156,36.843,0.0681818181818181,-1.0
tw-2eb79abfadb2,eBay,33.66,0.0,-0.0130718954248365,0.0044563279857399,19.156,36.843,0.0898989898989898,-1.0
tw-d8e3df0a95e5,Nike,78.74,0.0,-0.0011430022860044,-0.0234950469900939,22.546,36.702,0.35,1.0
tw-304293dc4f4f,Google,1238.16,0.0,0.0023987206823027,0.0118966854041481,29.8,23.982,-0.75,1.0
tw-2e5d21f90178,Apple,207.99,0.0,-0.0028847540747152,-0.081782778018174,35.301,23.559,0.85,1.0
tw-602d1f0c0771,Honda,3380.0,0.0,-0.007396449704142,-0.0044378698224852,25.13300000000001,20.187,0.0,-1.0
tw-a5abd63a46e3,adidas,189.4,0.0,-0.0179514255543822,-0.0071277719112988,16.929000000000002,16.524,0.0,-1.0
tw-d195a8534ac8,Next,5662.0,0.0,-0.0226068527022253,0.0363829035676439,44.323,28.748,0.0,-1.0
tw-0af75c967055,Microsoft,108.04,0.0,-0.0043502406516106,-0.0033320992225101,25.324,20.687,-0.75,-1.0
tw-d7455e7478f1,Disney,114.09,0.0,-0.0117451135068805,-0.0128845648172495,14.893,14.693,0.0,-1.0
tw-63249dcbd5cd,Next,5662.0,0.0,-0.0226068527022253,0.0363829035676439,44.323,28.748,0.0,1.0
tw-f83c13a36930,Walmart,89.6,0.0,-0.0093749999999998,-0.0164062499999999,10.037,14.194,0.0,1.0
tw-57d6466f1100,Netflix,343.09,0.0,0.0041097088227579,0.0353260077530677,38.002,42.036,0.25,1.0
tw-7f17704636f0,Samsung,45750.0,0.0,-0.0043715846994535,0.0251366120218579,17.316,22.324,0.0,-1.0
tw-f4b29b882ff6,Next,5662.0,0.0,-0.0226068527022253,0.0363829035676439,44.323,28.748,0.5,1.0
tw-d04867474c39,Netflix,343.09,0.0,0.0041097088227579,0.0353260077530677,38.002,42.036,0.1125,1.0
tw-f02975107192,Sony,6111.0,0.0,0.0009818360333824,-0.0237277041400752,29.23,28.255,0.0,-1.0
tw-e9fcd3b36ce5,Intel,49.63,0.0,-0.0030223655047351,-0.0392907515615555,51.925,34.559,0.0,1.0
tw-721d7510df75,Nike,78.74,0.0,-0.0011430022860044,-0.0234950469900939,22.546,36.702,0.0,1.0
tw-e8e43d531487,Starbucks,52.23,0.0,-0.0105303465441316,-0.0015316867700554,13.368,17.435,0.0,-1.0
tw-651d1dec6e52,Walmart,89.6,0.0,-0.0093749999999998,-0.0164062499999999,10.037,14.194,0.0,-1.0
tw-7b287247304a,Google,1238.16,0.0,0.0023987206823027,0.0118966854041481,29.8,23.982,-0.05,-1.0
tw-b673ab199841,Amazon,1823.29,0.0,0.0060549885097817,-0.0033017238069643,28.653,24.128,1.0,1.0
tw-a96dc03292f0,Netflix,343.09,0.0,0.0041097088227579,0.0353260077530677,38.002,42.036,0.0,1.0
tw-2f340bdb6e35,Apple,207.99,0.0,-0.0028847540747152,-0.081782778018174,35.301,23.559,0.0,-1.0
tw-e98b04cd65ff,Intel,49.63,0.0,-0.0030223655047351,-0.0392907515615555,51.925,34.559,0.0,1.0
tw-acfa1bf290f6,Netflix,343.09,0.0,0.0041097088227579,0.0353260077530677,38.002,42.036,0.5,-1.0
tw-7aa1348fe627,adidas,188.5,0.0047745358090185,0.0047745358090185,0.0,16.982,16.516,0.2,-1.0
tw-568371164377,Microsoft,108.13,-0.0008323314528806,-0.0008323314528806,-0.0255248312216775,25.262,19.45,0.0,-1.0
tw-a97ceb8cb7a2,Next,5696.0,-0.0059691011235955,-0.0059691011235955,0.0287921348314606,44.756,27.748,0.0,-1.0
tw-6017102d36e0,Samsung,45800.0,-0.0010917030567685,-0.0010917030567685,0.0152838427947598,17.004,22.189,-0.1666666666666666,1.0
tw-c33995993bc3,Walmart,89.67,-0.0007806401249025,-0.0007806401249025,-0.008810081409613,10.041,13.132,-0.0499999999999999,-1.0
tw-a9f374487ca4,Walmart,89.67,-0.0007806401249025,-0.0007806401249025,-0.008810081409613,10.041,13.132,0.0,-1.0
tw-c93f461a4cbd,PayPal,85.77,-0.0067622711903928,-0.0067622711903928,-0.0394077183164276,36.952,28.306,-0.2083333333333333,-1.0
tw-d59f4cae476d,Netflix,350.92,-0.0223127778411035,-0.0223127778411035,-0.0454804513849311,40.465,38.424,0.1,-1.0
tw-204488a07afb,HP,23.74,-0.0168491996630159,-0.0168491996630159,-0.0269587194608254,14.259,19.229,0.0,-1.0
tw-ff388e9e2b8b,McDonald's,156.72,-0.0032542113323123,-0.0032542113323123,0.012251148545176,14.595,13.279000000000002,0.0,-1.0
tw-4e5f3ad541e3,Facebook,185.69,-0.0425978781840702,-0.0425978781840702,-0.0787872260218643,121.454,69.212,0.3352272727272727,-1.0
tw-0d3ccaaf55a6,Facebook,185.69,-0.0425978781840702,-0.0425978781840702,-0.0787872260218643,121.454,69.212,-0.2,-1.0
tw-9917177c898b,CBS,52.85,0.0058656575212865,0.0058656575212865,-0.0297067171239356,48.095,29.359,0.0,1.0
tw-2bbfc44f5872,eBay,33.99,-0.0097087378640778,-0.0097087378640778,-0.0094145336863783,19.249,36.433,0.0,-1.0
tw-306f3bd6cc8c,Nike,79.51,-0.009684316438184,-0.009684316438184,-0.0446484718903284,20.21,36.367,-0.1666666666666666,-1.0
tw-5ab808cc93fe,HP,23.74,-0.0168491996630159,-0.0168491996630159,-0.0269587194608254,14.259,19.229,0.225,-1.0
tw-f37462357ba6,Intel,49.3,0.0066937119675457,0.0066937119675457,-0.032657200811359,51.886,33.08,0.0,1.0
tw-29162942bc22,HP,23.74,-0.0168491996630159,-0.0168491996630159,-0.0269587194608254,14.259,19.229,0.0,-1.0
tw-f2d4b581b7f8,Apple,209.07,-0.0051657339647007,-0.0051657339647007,-0.0916439470033959,35.354,22.808000000000003,0.0,1.0
tw-3df086364e10,Reuters,45.2252,0.0075510998292986,0.0075510998292986,0.0094991288042949,6.7010000000000005,9.915,0.0,-1.0
tw-96fe2abe41d2,HP,23.74,-0.0168491996630159,-0.0168491996630159,-0.0269587194608254,14.259,19.229,0.5666666666666668,1.0
tw-fdf463f2338b,Facebook,185.69,-0.0425978781840702,-0.0425978781840702,-0.0787872260218643,121.454,69.212,0.1704545454545454,1.0
tw-aa350b2d9ac0,BMW,83.6,-0.0144736842105262,-0.0144736842105262,-0.0089712918660287,19.979,18.566,0.0,-1.0
tw-fe73f9db8cc9,Netflix,350.92,-0.0223127778411035,-0.0223127778411035,-0.0454804513849311,40.465,38.424,0.0,-1.0
tw-54313c118f70,Amazon,1847.75,-0.0132377215532404,-0.0132377215532404,-0.0370883506967933,28.405,22.029,-0.1666666666666666,1.0
tw-49f8937f86b1,Google,1237.67,0.0003959052089813,0.0003959052089813,-0.0061648096827103,20.542,22.381,0.6,-1.0
tw-f26d79897d8f,PayPal,85.77,-0.0067622711903928,-0.0067622711903928,-0.0394077183164276,36.952,28.306,0.0,1.0
tw-33e62e5c78d6,Samsung,45800.0,-0.0010917030567685,-0.0010917030567685,0.0152838427947598,17.004,22.189,0.0,-1.0
tw-7354d58872cf,adidas,188.5,0.0047745358090185,0.0047745358090185,0.0,16.982,16.516,0.0,1.0
tw-7c77253ca813,Facebook,185.69,-0.0425978781840702,-0.0425978781840702,-0.0787872260218643,121.454,69.212,0.1363636363636363,-1.0
tw-dc1fe5f8ed07,BMW,83.6,-0.0144736842105262,-0.0144736842105262,-0.0089712918660287,19.979,18.566,0.0,-1.0
tw-c9657f6deba2,Apple,209.07,-0.0051657339647007,-0.0051657339647007,-0.0916439470033959,35.354,22.808000000000003,0.0,1.0
tw-4489a78d435b,adidas,188.5,0.0047745358090185,0.0047745358090185,0.0,16.982,16.516,0.2,-1.0
tw-0a9e835dcfcd,Amazon,1847.75,-0.0132377215532404,-0.0132377215532404,-0.0370883506967933,28.405,22.029,0.0,1.0
tw-d4770e54e40c,adidas,188.5,0.0047745358090185,0.0047745358090185,0.0,16.982,16.516,0.2927083333333333,1.0
tw-33ea47003476,adidas,188.5,0.0047745358090185,0.0047745358090185,0.0,16.982,16.516,0.3,1.0
tw-0a4102076867,Honda,3392.0,-0.0035377358490566,-0.0035377358490566,-0.0053066037735849,24.667,19.965,0.0,1.0
tw-b0edd9cd8d0d,CBS,52.85,0.0058656575212865,0.0058656575212865,-0.0297067171239356,48.095,29.359,0.0,1.0
tw-612bf56d31e6,Facebook,185.69,-0.0425978781840702,-0.0425978781840702,-0.0787872260218643,121.454,69.212,0.4,1.0
tw-b10f866e2467,Honda,3392.0,-0.0035377358490566,-0.0035377358490566,-0.0053066037735849,24.667,19.965,0.0,-1.0
tw-2768deceeb03,Next,5696.0,-0.0059691011235955,-0.0059691011235955,0.0287921348314606,44.756,27.748,0.2333333333333333,1.0
tw-9a7115461a9f,Facebook,185.69,-0.0425978781840702,-0.0425978781840702,-0.0787872260218643,121.454,69.212,0.0,1.0
tw-a64992b0ad3e,Samsung,45800.0,-0.0010917030567685,-0.0010917030567685,0.0152838427947598,17.004,22.189,0.0,1.0
tw-2bca6a93cfd1,Amazon,1847.75,-0.0132377215532404,-0.0132377215532404,-0.0370883506967933,28.405,22.029,0.0,-1.0
tw-fc34a9889644,Intel,49.3,0.0066937119675457,0.0066937119675457,-0.032657200811359,51.886,33.08,-0.1,1.0
tw-bdd87995f6e5,PayPal,85.77,-0.0067622711903928,-0.0067622711903928,-0.0394077183164276,36.952,28.306,0.0,1.0
tw-acc0502e7594,Microsoft,108.13,-0.0008323314528806,-0.0008323314528806,-0.0255248312216775,25.262,19.45,0.0,1.0
tw-5a8214232816,Disney,115.94,-0.0159565292392616,-0.0159565292392616,-0.0285492496118682,15.82,13.821,0.2,1.0
tw-65c68bf48870,McDonald's,156.72,-0.0032542113323123,-0.0032542113323123,0.012251148545176,14.595,13.279000000000002,0.0,-1.0
tw-ebda48548d77,PayPal,85.77,-0.0067622711903928,-0.0067622711903928,-0.0394077183164276,36.952,28.306,0.0,-1.0
tw-5906e24ff708,McDonald's,156.72,-0.0032542113323123,-0.0032542113323123,0.012251148545176,14.595,13.279000000000002,0.0,-1.0
tw-e0663c67b9e0,Starbucks,52.07,0.003072786633378,0.003072786633378,-0.0032648357979643,13.615,17.076,0.325,1.0
tw-c3217203ef2c,Apple,209.07,-0.0051657339647007,-0.0051657339647007,-0.0916439470033959,35.354,22.808000000000003,0.2,-1.0
tw-b8c662bc68cb,Walmart,89.67,-0.0007806401249025,-0.0007806401249025,-0.008810081409613,10.041,13.132,0.0,-1.0
tw-1f744cd3670a,eBay,33.99,-0.0097087378640778,-0.0097087378640778,-0.0094145336863783,19.249,36.433,0.125,1.0
tw-7995331b4069,adidas,188.5,0.0047745358090185,0.0047745358090185,0.0,16.982,16.516,0.0,1.0
tw-46f94e90b7b0,PayPal,85.77,-0.0067622711903928,-0.0067622711903928,-0.0394077183164276,36.952,28.306,0.0,1.0
tw-c56105457a22,eBay,33.78,0.0062166962699822,-0.0035523978685614,-0.0097690941385434,18.72,36.44,-0.1428571428571428,1.0
tw-af1a39cf1906,Walmart,89.77,-0.0011139578923916,-0.0018937284170658,-0.0060153726189149,9.922,12.955,0.3571428571428571,-1.0
tw-057a82ff5c54,HP,23.99,-0.0104210087536473,-0.027094622759483,-0.0379324718632763,13.781,19.417,0.0,1.0
tw-c230c49e5c5d,HP,23.99,-0.0104210087536473,-0.027094622759483,-0.0379324718632763,13.781,19.417,0.0,-1.0
tw-fe0b1215e2e6,Honda,3427.0,-0.01021301429822,-0.0137146192004668,-0.0210096294134811,24.667,20.158,0.0,-1.0
tw-16ec84208a9c,HP,23.99,-0.0104210087536473,-0.027094622759483,-0.0379324718632763,13.781,19.417,0.2,1.0
tw-b1a521daa2e4,CBS,53.22,-0.0069522735813603,-0.0011273957158963,-0.0103344607290491,47.578,29.447,0.0,1.0
tw-5f27731daa3b,Google,1255.84,-0.0144684036182952,-0.0140782265256719,-0.022789527328322,20.678,22.478,0.0,-1.0
tw-8adfaca01be7,Amazon,1862.48,-0.0079088097590309,-0.0210418366908638,-0.0456595507065847,26.803,21.702,0.0,-1.0
tw-e49776bef2e2,CBS,53.22,-0.0069522735813603,-0.0011273957158963,-0.0103344607290491,47.578,29.447,0.0,-1.0
tw-6fde7d631532,Netflix,351.83,-0.0025864764232725,-0.0248415427905522,-0.0408720120512747,39.239,36.303,0.0,1.0
tw-0076731b6b4f,Facebook,183.81,0.0102279527773243,-0.0328056144932267,-0.0610956966432728,120.273,69.087,0.0,-1.0
tw-58c1d4d76cbc,Apple,207.11,0.0094635700835303,0.0042489498334218,-0.0812128820433587,36.687,23.065,0.0,-1.0
tw-30bc1436316d,Sony,6163.0,-0.0144410189842609,-0.0084374492941749,-0.0543566444913191,29.022,28.532,0.25,-1.0
tw-845f413457ee,Amazon,1862.48,-0.0079088097590309,-0.0210418366908638,-0.0456595507065847,26.803,21.702,0.0,1.0
tw-9adf98d31989,Apple,207.11,0.0094635700835303,0.0042489498334218,-0.0812128820433587,36.687,23.065,0.0,-1.0
tw-d20e68aadc57,Intel,49.7,-0.0080482897384306,-0.0014084507042253,-0.0321931589537223,52.145,32.604,0.0,1.0
tw-0a35509107e9,HP,23.99,-0.0104210087536473,-0.027094622759483,-0.0379324718632763,13.781,19.417,0.0,-1.0
tw-b801e3177b69,Intel,49.7,-0.0080482897384306,-0.0014084507042253,-0.0321931589537223,52.145,32.604,0.0,-1.0
tw-3a1ed40c5c9f,PayPal,86.3,-0.0061413673232908,-0.0128621089223638,-0.0482039397450752,37.504,28.341,0.2,1.0
tw-ef607e4a80b6,Honda,3427.0,-0.01021301429822,-0.0137146192004668,-0.0210096294134811,24.667,20.158,0.0,1.0
tw-f85af6c6b05b,Apple,207.11,0.0094635700835303,0.0042489498334218,-0.0812128820433587,36.687,23.065,-0.1555555555555556,-1.0
tw-3adb25a1e209,Walmart,89.77,-0.0011139578923916,-0.0018937284170658,-0.0060153726189149,9.922,12.955,-0.125,-1.0
tw-b009cfe71c79,CBS,53.22,-0.0069522735813603,-0.0011273957158963,-0.0103344607290491,47.578,29.447,0.5,-1.0
tw-99335b6927ab,eBay,33.78,0.0062166962699822,-0.0035523978685614,-0.0097690941385434,18.72,36.44,0.35,-1.0
tw-0ffc44b61140,Toyota,7146.0,-0.001819199552197,0.0103554436048138,0.0222502099076406,21.388,17.035999999999998,0.0681818181818181,1.0
tw-4fb26f2f53b4,Samsung,46700.0,-0.019271948608137,-0.0203426124197002,-0.0096359743040685,20.23,22.141,0.0,1.0
tw-3f0547415cff,Honda,3427.0,-0.01021301429822,-0.0137146192004668,-0.0210096294134811,24.667,20.158,0.0,1.0
tw-df86f290bbcb,Disney,116.56,-0.0053191489361702,-0.0211908030199039,-0.0257378174330816,15.812,13.727,0.0,1.0
tw-42cb05e51eb6,McDonald's,156.04,0.0043578569597539,0.0010894642399385,0.009612919764163,14.065,13.112,-0.1904761904761904,-1.0
tw-b67d8544c622,Netflix,351.83,-0.0025864764232725,-0.0248415427905522,-0.0408720120512747,39.239,36.303,-0.1666666666666666,-1.0
tw-b9369b2e2bfc,Disney,116.56,-0.0053191489361702,-0.0211908030199039,-0.0257378174330816,15.812,13.727,0.0,-1.0
tw-2ca8465a21a3,adidas,189.85,-0.0071108770081643,-0.0023702923360547,-0.0057940479325783,17.461,16.573,0.0,1.0
tw-d387b75db9ed,Next,5622.0,0.0131625755958733,0.0071149057274991,0.055852009960868,44.724,27.911,0.0,1.0
tw-314e72a91979,Google,1255.84,-0.0144684036182952,-0.0140782265256719,-0.022789527328322,20.678,22.478,-0.5,-1.0
tw-d8acdc067cc1,Disney,116.56,-0.0053191489361702,-0.0211908030199039,-0.0257378174330816,15.812,13.727,0.0,1.0
tw-e330307ee9b6,Disney,116.56,-0.0053191489361702,-0.0211908030199039,-0.0257378174330816,15.812,13.727,5.551115123125783e-17,1.0
tw-fa5dd79504bf,Reuters,45.1041,0.0026849000423464,0.0102562738198965,0.0109879146241693,6.546,9.934,0.0,1.0
tw-c9e56d89144a,Google,1255.84,-0.0144684036182952,-0.0140782265256719,-0.022789527328322,20.678,22.478,0.0,-1.0
tw-99c4e9316760,Honda,3427.0,-0.01021301429822,-0.0137146192004668,-0.0210096294134811,24.667,20.158,0.0,1.0
tw-7750e3763b76,PayPal,86.3,-0.0061413673232908,-0.0128621089223638,-0.0482039397450752,37.504,28.341,0.75,1.0
tw-50f934e22519,Microsoft,108.88,-0.0068883174136664,-0.0077149155033062,-0.0257163850110212,19.217,19.449,0.0,1.0
tw-6ec764e44b34,Nike,80.53,-0.0126660871724822,-0.0222277412144543,-0.0449521917297902,18.502,36.478,0.0,-1.0
tw-7622007d039c,adidas,189.85,-0.0071108770081643,-0.0023702923360547,-0.0057940479325783,17.461,16.573,0.0,1.0
tw-14522729dfc3,Nike,80.53,-0.0126660871724822,-0.0222277412144543,-0.0449521917297902,18.502,36.478,0.0,1.0
tw-5fc8a5521d9b,Honda,3427.0,-0.01021301429822,-0.0137146192004668,-0.0210096294134811,24.667,20.158,0.35,1.0
tw-b712082aeccd,Google,1255.84,-0.0144684036182952,-0.0140782265256719,-0.022789527328322,20.678,22.478,0.75,1.0
tw-46c2aee2ace0,McDonald's,156.04,0.0043578569597539,0.0010894642399385,0.009612919764163,14.065,13.112,-0.4,1.0
tw-9d7756aaf426,Netflix,351.83,-0.0025864764232725,-0.0248415427905522,-0.0408720120512747,39.239,36.303,0.0,-1.0
tw-3c0ea4ab5409,Google,1255.84,-0.0144684036182952,-0.0140782265256719,-0.022789527328322,20.678,22.478,0.9,-1.0
tw-7ad64e4bedbe,PayPal,86.3,-0.0061413673232908,-0.0128621089223638,-0.0482039397450752,37.504,28.341,0.4,1.0
tw-973b82c47688,Facebook,183.81,0.0102279527773243,-0.0328056144932267,-0.0610956966432728,120.273,69.087,0.0,-1.0
tw-976cd4949eff,Facebook,183.81,0.0102279527773243,-0.0328056144932267,-0.0610956966432728,120.273,69.087,0.0,1.0
tw-77ff7f927754,Facebook,183.81,0.0102279527773243,-0.0328056144932267,-0.0610956966432728,120.273,69.087,0.75,1.0
tw-e2d44e888d61,adidas,189.85,-0.0071108770081643,-0.0023702923360547,-0.0057940479325783,17.461,16.573,0.0,1.0
tw-0a7bf07001f0,Disney,116.56,-0.0053191489361702,-0.0211908030199039,-0.0257378174330816,15.812,13.727,0.25,-1.0
tw-a5b0c9ec5140,adidas,189.85,-0.0071108770081643,-0.0023702923360547,-0.0057940479325783,17.461,16.573,0.2,-1.0
tw-37ffd7210903,BMW,84.11,-0.0060634882891452,-0.0204494114849601,-0.0137914635596242,19.276,18.399,0.0,-1.0
tw-56ef37607517,CBS,53.22,-0.0069522735813603,-0.0011273957158963,-0.0103344607290491,47.578,29.447,0.0,1.0
tw-90a2c8ba2740,Walmart,89.77,-0.0011139578923916,-0.0018937284170658,-0.0060153726189149,9.922,12.955,0.0,1.0
tw-2c1048749d49,HP,23.99,-0.0104210087536473,-0.027094622759483,-0.0379324718632763,13.781,19.417,0.0,-1.0
tw-a21780b56fcd,PayPal,86.3,-0.0061413673232908,-0.0128621089223638,-0.0482039397450752,37.504,28.341,0.2,-1.0
tw-b99413596475,BMW,84.11,-0.0060634882891452,-0.0204494114849601,-0.0137914635596242,19.276,18.399,0.3,1.0
tw-108c59c42de9,Facebook,185.18,-0.0073982071498002,-0.0399611189113295,-0.0730640457932822,32.454,69.025,0.0,-1.0
tw-77e343277023,Disney,113.98,0.0226355500965081,0.0009650815932619,-0.0088612037199509,18.79,15.712,0.0,1.0
tw-a993dd6557b2,Sony,6095.0,0.0111566858080393,0.002625102543068,0.0016406890894175,30.207,28.461,0.0,1.0
tw-dc284f7f83e3,McDonald's,158.92,-0.0181223256984646,-0.017052605084319,-0.0125849484017115,14.423,12.691,0.0,-1.0
tw-b8380259b83a,Google,1261.33,-0.0043525485003924,-0.0183694988623118,-0.0224683469036651,20.291,21.813,0.0,1.0
tw-b1eca32ce35c,Disney,113.98,0.0226355500965081,0.0009650815932619,-0.0088612037199509,18.79,15.712,0.1666666666666666,-1.0
tw-dd4f3f267038,Next,5678.0,-0.0098626276858048,-0.0028178936245156,-0.0292356463543501,45.494,28.128,0.0,-1.0
tw-16e9f5c38934,Honda,3425.0,0.0005839416058394,-0.0131386861313868,0.0084671532846715,24.729,17.928,0.1,1.0
tw-09b45456f5e0,BMW,84.23,-0.0014246705449365,-0.0218449483556927,-0.0321738098064823,14.925999999999998,18.233,-0.125,-1.0
tw-dc0125fca082,BMW,84.23,-0.0014246705449365,-0.0218449483556927,-0.0321738098064823,14.925999999999998,18.233,0.0,-1.0
tw-eedab49af319,eBay,33.84,-0.0017730496453901,-0.0053191489361704,-0.0221631205673758,16.12,36.044,0.1363636363636363,-1.0
tw-25c8f25bf063,Starbucks,51.55,0.0100872938894278,0.0131910766246362,0.0073714839961203,14.159,16.914,0.1666666666666666,-1.0
tw-7e137fc678a5,Microsoft,109.49,-0.0055712850488629,-0.0132432185587723,-0.0293177459128687,18.751,18.549,0.0,-1.0
tw-967242d31278,Samsung,46800.0,-0.0021367521367521,-0.0224358974358974,-0.0053418803418803,18.198,20.932,-0.0666666666666666,-1.0
tw-58ae07e558fc,Facebook,185.18,-0.0073982071498002,-0.0399611189113295,-0.0730640457932822,32.454,69.025,0.0,-1.0
tw-a5800749ba99,Walmart,90.05,-0.0031093836757357,-0.0049972237645752,-0.0200999444752915,9.899,12.662,0.0,-1.0
tw-5524587f98c9,Disney,113.98,0.0226355500965081,0.0009650815932619,-0.0088612037199509,18.79,15.712,0.0,1.0
tw-d0077f508d1f,Apple,207.25,-0.0006755126658624,0.0035705669481303,-0.0277442702050663,36.408,23.027,0.0,-1.0
tw-2fa2eb792b4f,Facebook,185.18,-0.0073982071498002,-0.0399611189113295,-0.0730640457932822,32.454,69.025,0.2,1.0
tw-b5e1d43f1790,BMW,84.23,-0.0014246705449365,-0.0218449483556927,-0.0321738098064823,14.925999999999998,18.233,0.0,1.0
tw-39832bd09a13,eBay,33.84,-0.0017730496453901,-0.0053191489361704,-0.0221631205673758,16.12,36.044,-0.1666666666666666,-1.0
tw-5bc14fe6f935,Next,5678.0,-0.0098626276858048,-0.0028178936245156,-0.0292356463543501,45.494,28.128,0.0787878787878787,1.0
tw-96b665e89eb0,Intel,49.96,-0.0052041633306644,-0.0066052842273818,-0.0230184147317854,52.493,32.124,0.0,1.0
tw-3f6a4534bf54,Disney,113.98,0.0226355500965081,0.0009650815932619,-0.0088612037199509,18.79,15.712,0.2,1.0
tw-a99306e8ff4d,CBS,53.16,0.0011286681715576,0.0,-0.0114747930775018,47.243,29.445,0.1363636363636363,1.0
tw-6e7351d20231,Intel,49.96,-0.0052041633306644,-0.0066052842273818,-0.0230184147317854,52.493,32.124,0.0,1.0
tw-07fa920e7535,Microsoft,109.49,-0.0055712850488629,-0.0132432185587723,-0.0293177459128687,18.751,18.549,0.0,-1.0
tw-ea8d84e4ff89,Toyota,7061.0,0.0120379549638861,0.0225180569324458,0.0478685738563942,20.761,17.334,0.4333333333333333,1.0
tw-628bd2c1431b,Next,5678.0,-0.0098626276858048,-0.0028178936245156,-0.0292356463543501,45.494,28.128,0.2321428571428571,1.0
tw-224941de5c54,Netflix,347.61,0.012140042001093,-0.0130030781623084,-0.0265527458933863,39.406,35.937,0.0,1.0
tw-580766cf7fa5,Facebook,185.18,-0.0073982071498002,-0.0399611189113295,-0.0730640457932822,32.454,69.025,0.2,1.0
tw-327a6d66bd0d,Facebook,185.18,-0.0073982071498002,-0.0399611189113295,-0.0730640457932822,32.454,69.025,0.0,1.0
tw-7d58a4ee7ee1,Samsung,46800.0,-0.0021367521367521,-0.0224358974358974,-0.0053418803418803,18.198,20.932,0.0,-1.0
tw-b54c48f1d3fe,Apple,207.25,-0.0006755126658624,0.0035705669481303,-0.0277442702050663,36.408,23.027,1.0,1.0
tw-3a85e9489cb8,Apple,207.25,-0.0006755126658624,0.0035705669481303,-0.0277442702050663,36.408,23.027,0.0,-1.0
tw-c6d9eb2905ba,Nike,80.5,0.0003726708074534,-0.0218633540372671,-0.0367701863354036,17.996,35.952,0.0,1.0
tw-ab82375e567a,Next,5678.0,-0.0098626276858048,-0.0028178936245156,-0.0292356463543501,45.494,28.128,-1.0,-1.0
tw-75deaa7c1134,Honda,3425.0,0.0005839416058394,-0.0131386861313868,0.0084671532846715,24.729,17.928,-0.1555555555555556,1.0
tw-d29792354df7,Toyota,7061.0,0.0120379549638861,0.0225180569324458,0.0478685738563942,20.761,17.334,1.0,1.0
tw-63007a58ec0a,BMW,84.23,-0.0014246705449365,-0.0218449483556927,-0.0321738098064823,14.925999999999998,18.233,-0.1,1.0
tw-6b90f49abd5c,Samsung,46800.0,-0.0021367521367521,-0.0224358974358974,-0.0053418803418803,18.198,20.932,0.1363636363636363,-1.0
tw-39f72b256dee,Sony,6095.0,0.0111566858080393,0.002625102543068,0.0016406890894175,30.207,28.461,0.0,-1.0
tw-344cc192d79a,Toyota,7061.0,0.0120379549638861,0.0225180569324458,0.0478685738563942,20.761,17.334,0.0,-1.0
tw-0e072d3129ee,Apple,207.25,-0.0006755126658624,0.0035705669481303,-0.0277442702050663,36.408,23.027,0.0,-1.0
tw-f269abdccc40,Apple,207.25,-0.0006755126658624,0.0035705669481303,-0.0277442702050663,36.408,23.027,0.0,1.0
tw-a305dc752d5f,McDonald's,159.3,-0.0023854362837415,-0.016195856873823,-0.0244193345888262,13.879,12.497,0.5,1.0
tw-1f39a5232609,Sony,6153.0,-0.0094262961157159,-0.0128392653989923,-0.0058508044856167,30.424,27.84800000000001,0.85,1.0
tw-e838b8d7a157,Disney,114.16,-0.0015767344078485,0.0155921513665031,-0.0123510861948142,18.103,15.654000000000002,0.3,1.0
tw-1f7173d8bcc5,HP,24.08,0.0024916943521595,-0.0141196013289036,-0.0361295681063121,12.061,18.999,-0.1458333333333333,1.0
tw-3fe4f06f1fb9,Facebook,183.09,0.0114151510186247,0.0142006663389589,-0.0367032606914632,32.978,69.07,0.594047619047619,1.0
tw-d6bb7043752e,Next,5744.0,-0.0114902506963788,-0.0083565459610027,-0.0365598885793871,46.267,28.417,0.2,-1.0
tw-82c456f13d94,Google,1264.46,-0.0024753649779353,-0.0211869098271198,-0.01845056387707,14.461,21.771,0.0,-1.0
tw-9789b467247f,Microsoft,109.67,-0.0016412874988602,-0.0140421263791374,-0.0191483541533692,15.388,18.428,0.0,1.0
tw-fa640a4c86df,Honda,3381.0,0.0130139012126589,0.0032534753031647,-0.007690032534753,25.928,18.482,-0.035,1.0
tw-33c6be6fb732,BMW,84.69,-0.0054315739756759,-0.0128704687684496,-0.0379029401346085,14.535,18.213,0.625,1.0
tw-fd3648eab07d,Nike,81.26,-0.0093526950529166,-0.0215358109771105,-0.0321191238001476,13.713,35.985,0.1681818181818181,1.0
tw-8341dd2f9509,adidas,207.5,-0.0795180722891566,-0.0915662650602409,-0.1036144578313253,45.525,28.924,0.1363636363636363,1.0
tw-cedaf8f0bbae,Nike,81.26,-0.0093526950529166,-0.0215358109771105,-0.0321191238001476,13.713,35.985,0.2,-1.0
tw-19b3c53a6a3e,Intel,50.14,-0.0035899481451934,-0.0167530913442362,-0.0131631431990427,10.693,32.011,0.0,1.0
tw-47a7b12da15d,Disney,114.16,-0.0015767344078485,0.0155921513665031,-0.0123510861948142,18.103,15.654000000000002,-0.0625,-1.0
tw-df98007f1f20,McDonald's,159.3,-0.0023854362837415,-0.016195856873823,-0.0244193345888262,13.879,12.497,0.5,1.0
tw-4ceac9b556eb,Apple,208.88,-0.0078035235541937,0.0009096131750287,-0.0071332822673305,33.417,23.035,0.6,1.0
tw-51eca087f0cf,eBay,34.15,-0.0090775988286967,-0.0046852122986821,-0.0272327964860907,13.665,36.202,0.0,1.0
tw-b913eb6875da,Ford,9.91,0.0141271442986882,0.0121089808274469,0.0010090817356205,15.939,23.502,0.0,1.0
tw-5fff0c38ee2c,Microsoft,109.67,-0.0016412874988602,-0.0140421263791374,-0.0191483541533692,15.388,18.428,-0.1555555555555556,1.0
tw-aee68eb6ff0b,PayPal,87.17,-0.0049328897556499,-0.0160605712974647,-0.0188138120913158,27.392,26.86,0.0,1.0
tw-164dddbf053b,Intel,50.14,-0.0035899481451934,-0.0167530913442362,-0.0131631431990427,10.693,32.011,0.0,1.0
tw-dec471b0b0b9,Honda,3381.0,0.0130139012126589,0.0032534753031647,-0.007690032534753,25.928,18.482,0.0,-1.0
tw-9c9f030bea61,PayPal,87.01,0.0018388690955062,-0.0081599816113091,-0.0209171359613838,14.936,26.776,0.0,1.0
tw-9ecc8fb1dcdb,Samsung,45400.0,0.0330396475770925,0.0286343612334801,0.0077092511013215,25.13300000000001,21.97300000000001,0.0,-1.0
tw-b8f1bc6a9dd5,eBay,34.09,0.0017600469345847,-0.0090935758286888,-0.0126136696978588,13.424,36.165,0.0,-1.0
tw-5c3f13382d6e,Intel,48.85,0.0264073694984646,0.0174002047082907,0.0159672466734903,20.141,32.861,0.1363636363636363,1.0
tw-ba19bccc1838,Starbucks,51.51,0.0079596194913609,0.0108716754028344,0.0139778683750727,12.991,14.923,0.0,-1.0
tw-3f2ab266a2c5,Intel,48.85,0.0264073694984646,0.0174002047082907,0.0159672466734903,20.141,32.861,0.0,1.0
tw-c96ab26c2d19,Next,5668.0,0.0134086097388849,-0.0081157374735356,-0.0010585744530698,46.627,28.475,0.25,1.0
tw-bb660eac2ea5,Amazon,1886.3,0.0064782908339076,-0.0126278958808248,-0.0334040184488151,14.928,20.073,0.0,-1.0
tw-54266d6d7078,Samsung,45400.0,0.0330396475770925,0.0286343612334801,0.0077092511013215,25.13300000000001,21.97300000000001,0.3852272727272727,-1.0
tw-664db76d55ed,BMW,83.5,0.0142514970059879,0.0073053892215568,-0.0132934131736526,17.123,18.836,0.3431818181818182,-1.0
tw-1b846ed7815b,Honda,3368.0,0.0038598574821852,0.0175178147268408,0.003562945368171,25.99,18.461,0.4000000000000001,1.0
tw-5ec489cfe840,Netflix,345.87,0.0100904964292942,0.0172319079422903,-0.0080377020267731,18.682,35.673,0.1363636363636363,1.0
tw-f4c4ee515f8d,Intel,48.85,0.0264073694984646,0.0174002047082907,0.0159672466734903,20.141,32.861,0.0,1.0
tw-d261b56d9df6,Walmart,90.18,-0.0129740518962076,-0.004546462630295,-0.0064315812818808,13.452,13.058,0.25,1.0
tw-e9ab254498fc,Sony,6051.0,0.0168567178978681,0.0185093372996199,0.0099157164105106,30.346,28.16,0.0,1.0
tw-b9717d308a0e,McDonald's,158.68,0.0039072346861608,-0.01663725737333,-0.0155659188303503,13.595999999999998,12.558,-0.1666666666666666,1.0
tw-18c4a64b8a65,Toyota,6951.0,0.0056107034958998,0.0280535174794993,0.0386994677024888,17.449,17.132,0.0,1.0
tw-5c5388b769e7,Amazon,1886.3,0.0064782908339076,-0.0126278958808248,-0.0334040184488151,14.928,20.073,0.0,1.0
tw-ad169073187e,Walmart,90.18,-0.0129740518962076,-0.004546462630295,-0.0064315812818808,13.452,13.058,0.25,1.0
tw-21b4011d529e,adidas,205.4,0.0102239532619279,-0.0757059396299903,-0.0778967867575462,46.775,28.83,0.0,1.0
tw-9041d62c1913,Nike,80.73,0.0065650935216152,-0.0024773937817416,-0.0246500681283291,11.411,17.733,0.25,1.0
tw-b1eed3216160,adidas,205.4,0.0102239532619279,-0.0757059396299903,-0.0778967867575462,46.775,28.83,0.45,1.0
tw-1360884bcf79,adidas,205.4,0.0102239532619279,-0.0757059396299903,-0.0778967867575462,46.775,28.83,0.45,1.0
tw-3a4f3265f8b7,Intel,48.85,0.0264073694984646,0.0174002047082907,0.0159672466734903,20.141,32.861,0.0,1.0
tw-cf86cf1da3b5,Toyota,6951.0,0.0056107034958998,0.0280535174794993,0.0386994677024888,17.449,17.132,0.0,1.0
tw-c9ac6712590e,Microsoft,109.0,0.0061467889908257,-0.0011009174311927,-0.0088073394495412,8.176,18.627,0.8,1.0
tw-ba04720d7756,adidas,205.4,0.0102239532619279,-0.0757059396299903,-0.0778967867575462,46.775,28.83,0.4,-1.0
tw-ffad6bfd491b,Amazon,1886.3,0.0064782908339076,-0.0126278958808248,-0.0334040184488151,14.928,20.073,0.0,1.0
tw-1daca07a1abc,Intel,48.85,0.0264073694984646,0.0174002047082907,0.0159672466734903,20.141,32.861,0.4,1.0
tw-2f0b328cdc53,Walmart,90.18,-0.0129740518962076,-0.004546462630295,-0.0064315812818808,13.452,13.058,0.0,-1.0
tw-d4884efec5dc,Netflix,345.87,0.0100904964292942,0.0172319079422903,-0.0080377020267731,18.682,35.673,0.0,1.0
tw-e612b6fc0f37,Intel,48.85,0.0264073694984646,0.0174002047082907,0.0159672466734903,20.141,32.861,-0.6,-1.0
tw-6feaa724c9b4,Next,5668.0,0.0134086097388849,-0.0081157374735356,-0.0010585744530698,46.627,28.475,0.0,-1.0
tw-008624df701b,Starbucks,51.51,0.0079596194913609,0.0108716754028344,0.0139778683750727,12.991,14.923,0.0,1.0
tw-a87849b4c72a,Toyota,6951.0,0.0056107034958998,0.0280535174794993,0.0386994677024888,17.449,17.132,0.0,-1.0
tw-233125be88f2,Netflix,345.87,0.0100904964292942,0.0172319079422903,-0.0080377020267731,18.682,35.673,0.5,1.0
tw-efbadd1e4fd7,Netflix,345.87,0.0100904964292942,0.0172319079422903,-0.0080377020267731,18.682,35.673,0.0,1.0
tw-6c0baeea2ae9,Microsoft,109.0,0.0061467889908257,-0.0011009174311927,-0.0088073394495412,8.176,18.627,0.425,-1.0
tw-df4e60e38198,adidas,205.4,0.0102239532619279,-0.0757059396299903,-0.0778967867575462,46.775,28.83,0.0,1.0
tw-588df75c2b54,Starbucks,51.51,0.0,0.0007765482430595,0.0139778683750727,12.991,14.923,0.0999999999999999,1.0
tw-88e3323fda4b,CBS,52.52,0.0,0.012185833968012,0.012185833968012,20.329,29.927,-0.125,1.0
tw-328b40041705,Next,5668.0,0.0,0.0017642907551164,-0.0010585744530698,46.627,28.475,0.8,1.0
tw-32b9d534c746,Disney,112.68,0.0,0.0115370962016329,0.0125133120340787,19.741,16.36,1.0,1.0
tw-51c266b0c2af,HP,23.99,0.0,0.0062526052521885,-0.027094622759483,11.611,19.077,-0.45,1.0
tw-3e7812e10b5f,Facebook,180.26,0.0,0.0272939087984024,-0.013757905247975,31.365,69.15,0.0,-1.0
tw-7e135f822c31,Honda,3368.0,0.0,0.0169239904988123,0.003562945368171,25.99,18.461,0.4,-1.0
tw-89e564d35b63,HP,23.99,0.0,0.0062526052521885,-0.027094622759483,11.611,19.077,0.0,1.0
tw-34254011fcc0,Samsung,45400.0,0.0,0.0308370044052863,0.0077092511013215,25.13300000000001,21.97300000000001,0.5,-1.0
tw-3a43d3c13dc2,Facebook,180.26,0.0,0.0272939087984024,-0.013757905247975,31.365,69.15,0.0,1.0
tw-5cfca4577314,Samsung,45400.0,0.0,0.0308370044052863,0.0077092511013215,25.13300000000001,21.97300000000001,0.0,1.0
tw-a51022e331af,Samsung,45400.0,0.0,0.0308370044052863,0.0077092511013215,25.13300000000001,21.97300000000001,0.0,-1.0
tw-1d5723600bcb,Amazon,1886.3,0.0,0.0001166304405449,-0.0334040184488151,14.928,20.073,0.475,-1.0
tw-bc350bf701f4,Starbucks,51.51,0.0,0.0007765482430595,0.0139778683750727,12.991,14.923,0.0,-1.0
tw-a6a3d211d79a,Google,1252.51,0.0,0.0070418599452299,-0.0114569943553344,10.933,22.138,0.0,-1.0
tw-05c784d4792f,Amazon,1886.3,0.0,0.0001166304405449,-0.0334040184488151,14.928,20.073,0.0,1.0
tw-b65b1a89b268,Honda,3368.0,0.0,0.0169239904988123,0.003562945368171,25.99,18.461,0.1363636363636363,1.0
tw-7767b488e16c,Nike,80.73,0.0,-0.0028490028490028,-0.0246500681283291,11.411,17.733,0.45,1.0
tw-77af2f639dea,Nike,80.73,0.0,-0.0028490028490028,-0.0246500681283291,11.411,17.733,0.0,1.0
tw-5c636965c5f2,PayPal,87.01,0.0,-0.0031030915986669,-0.0209171359613838,14.936,26.776,0.0,1.0
tw-e80e8bf44300,Toyota,6951.0,0.0,0.0158250611422816,0.0386994677024888,17.449,17.132,0.25,1.0
tw-a20c26ac6759,McDonald's,158.68,0.0,0.0015124779430298,-0.0155659188303503,13.595999999999998,12.558,0.0,1.0
tw-0b3c3d758749,Starbucks,51.51,0.0,0.0007765482430595,0.0139778683750727,12.991,14.923,0.0,1.0
tw-b567a4ad6470,Google,1252.51,0.0,0.0070418599452299,-0.0114569943553344,10.933,22.138,0.1666666666666666,1.0
tw-c391a722ff28,Amazon,1886.3,0.0,0.0001166304405449,-0.0334040184488151,14.928,20.073,0.5,1.0
tw-8f6709fac970,adidas,205.4,0.0,-0.0701071080817916,-0.0778967867575462,46.775,28.83,0.5,1.0
tw-51edd0f7ee86,Nike,80.73,0.0,-0.0028490028490028,-0.0246500681283291,11.411,17.733,0.0,1.0
tw-6a424dc813da,Honda,3368.0,0.0,0.0169239904988123,0.003562945368171,25.99,18.461,0.0,1.0
tw-d3a8880d8c5c,McDonald's,158.68,0.0,0.0015124779430298,-0.0155659188303503,13.595999999999998,12.558,0.0,-1.0
tw-1a19a4f21a83,Honda,3368.0,0.0,0.0169239904988123,0.003562945368171,25.99,18.461,0.5,1.0
tw-e97860a263a1,Starbucks,51.51,0.0,0.0007765482430595,0.0139778683750727,12.991,14.923,-0.5,-1.0
tw-71c81a689190,Intel,48.85,0.0,0.0227226202661207,0.0159672466734903,20.141,32.861,0.0,1.0
tw-8708f493664e,CBS,52.52,0.0,0.012185833968012,0.012185833968012,20.329,29.927,0.0,1.0
tw-83d39e2c6f56,CBS,52.52,0.0,0.012185833968012,0.012185833968012,20.329,29.927,0.0,-1.0
tw-5d12592c21cc,Samsung,45400.0,0.0,0.0308370044052863,0.0077092511013215,25.13300000000001,21.97300000000001,0.2,1.0
tw-6e365b5fb5e9,Intel,48.85,0.0,0.0227226202661207,0.0159672466734903,20.141,32.861,-0.1,1.0
tw-9eee43bd5abd,Honda,3368.0,0.0,0.0169239904988123,0.003562945368171,25.99,18.461,0.5,-1.0
tw-54e019465af8,Facebook,180.26,0.0,0.0272939087984024,-0.013757905247975,31.365,69.15,0.0,1.0
tw-bac5dbf0d8ef,adidas,205.4,0.0,-0.0701071080817916,-0.0778967867575462,46.775,28.83,-0.1666666666666666,-1.0
tw-a90d3ab4df21,McDonald's,158.68,0.0,0.0015124779430298,-0.0155659188303503,13.595999999999998,12.558,0.1,1.0
tw-924f5a3e7ddc,Amazon,1886.3,0.0,0.0001166304405449,-0.0334040184488151,14.928,20.073,1.0,1.0
tw-d3b6fdf88f3a,eBay,34.09,0.0,-0.0073335288941038,-0.0126136696978588,13.424,36.165,0.0,-1.0
tw-ac526a8a70cc,McDonald's,158.68,0.0,0.0039072346861608,-0.0155659188303503,13.595999999999998,12.558,0.0681818181818181,-1.0
tw-2c7981f2b737,HP,23.99,0.0,0.003751563151313,-0.027094622759483,11.611,19.077,0.2166666666666666,1.0
tw-ae406a4cb49c,Amazon,1886.3,0.0,0.0064782908339076,-0.0334040184488151,14.928,20.073,0.05,1.0
tw-c7ec29c6f7a4,Honda,3368.0,0.0,0.0038598574821852,0.003562945368171,25.99,18.461,0.0,-1.0
tw-8d1af33a22f9,PayPal,87.01,0.0,0.0018388690955062,-0.0209171359613838,14.936,26.776,-0.1296296296296296,1.0
tw-dbe5d3a2ef53,eBay,34.09,0.0,0.0017600469345847,-0.0126136696978588,13.424,36.165,0.1363636363636363,-1.0
tw-b0485dec1d50,Next,5668.0,0.0,0.0134086097388849,-0.0010585744530698,46.627,28.475,0.5,-1.0
tw-f3064d1053d6,Nike,80.73,0.0,0.0065650935216152,-0.0246500681283291,11.411,17.733,0.0,1.0
tw-953489e9ec47,adidas,205.4,0.0,0.0102239532619279,-0.0778967867575462,46.775,28.83,0.0,1.0
tw-54f86f3988e0,Toyota,6951.0,0.0,0.0056107034958998,0.0386994677024888,17.449,17.132,0.0,1.0
tw-4235e93a9a68,Disney,112.68,0.0,0.0131345402910897,0.0125133120340787,19.741,16.36,-0.4833333333333333,1.0
tw-98bfb4246984,Toyota,6951.0,0.0,0.0056107034958998,0.0386994677024888,17.449,17.132,0.0,1.0
tw-d470df23a6e9,Netflix,345.87,0.0,0.0100904964292942,-0.0080377020267731,18.682,35.673,0.35,1.0
tw-ac716e68e52a,Netflix,345.87,0.0,0.0100904964292942,-0.0080377020267731,18.682,35.673,0.0666666666666666,-1.0
tw-55d4b62c2373,Nike,80.73,0.0,0.0065650935216152,-0.0246500681283291,11.411,17.733,0.5,1.0
tw-73c17681397c,Samsung,45400.0,0.0,0.0330396475770925,0.0077092511013215,25.13300000000001,21.97300000000001,0.25,-1.0
tw-52cb65a34d60,Toyota,6951.0,0.0,0.0056107034958998,0.0386994677024888,17.449,17.132,0.0,-1.0
tw-f2d4836cf1ae,eBay,34.09,0.0,0.0017600469345847,-0.0126136696978588,13.424,36.165,0.0,1.0
tw-6beca16f36ed,Amazon,1886.3,0.0,0.0064782908339076,-0.0334040184488151,14.928,20.073,0.065,-1.0
tw-f1f154a0757a,adidas,205.4,0.0,0.0102239532619279,-0.0778967867575462,46.775,28.83,0.0,1.0
tw-696114fd79e7,Toyota,6951.0,0.0,0.0056107034958998,0.0386994677024888,17.449,17.132,0.3583333333333333,1.0
tw-13b838395397,PayPal,87.01,0.0,0.0018388690955062,-0.0209171359613838,14.936,26.776,0.0,-1.0
tw-66af881acd3e,Nike,80.73,0.0,0.0065650935216152,-0.0246500681283291,11.411,17.733,0.0,1.0
tw-2070a0d90ab8,Sony,6051.0,0.0,0.0168567178978681,0.0099157164105106,30.346,28.16,0.0,1.0
tw-c93751d5b796,adidas,205.4,0.0,0.0102239532619279,-0.0778967867575462,46.775,28.83,0.0,-1.0
tw-c67c7a03c855,Samsung,45400.0,0.0,0.0330396475770925,0.0077092511013215,25.13300000000001,21.97300000000001,0.4000000000000001,-1.0
tw-78e0b31512a3,Toyota,6951.0,0.0,0.0056107034958998,0.0386994677024888,17.449,17.132,0.0,-1.0
tw-ccb7b1d41689,Toyota,6951.0,0.0,0.0056107034958998,0.0386994677024888,17.449,17.132,0.0,1.0
tw-46a144425576,Disney,112.68,0.0,0.0131345402910897,0.0125133120340787,19.741,16.36,0.0,1.0
tw-373b7992814f,Honda,3368.0,0.0,0.0038598574821852,0.003562945368171,25.99,18.461,0.0,-1.0
tw-115b6731bfdf,Google,1248.64,0.003099372116863,0.003099372116863,-0.0087855586878524,11.043,22.088,0.0,1.0
tw-33527311ff4d,Honda,3272.0,0.0293398533007334,0.0293398533007334,0.0366748166259168,30.238000000000003,19.732,0.5,-1.0
tw-5c13eed32aa0,Disney,112.12,0.0049946485907955,0.0049946485907955,0.0340706386014983,19.233,16.491,0.0,1.0
tw-1b36a5a04663,Google,1248.64,0.003099372116863,0.003099372116863,-0.0087855586878524,11.043,22.088,0.35,-1.0
tw-3d2de20b0fb1,CBS,52.21,0.005937559854434,0.005937559854434,0.0122581880865734,14.492,29.94,0.0,-1.0
tw-9f8bf9f46708,Disney,112.12,0.0049946485907955,0.0049946485907955,0.0340706386014983,19.233,16.491,0.5002604166666667,1.0
tw-00af1c32d3b9,Intel,48.45,0.0082559339525283,0.0082559339525283,0.0175438596491226,20.561,32.773,0.7,-1.0
tw-d0d7a827ee88,Toyota,6805.0,0.0214548126377663,0.0214548126377663,0.0481998530492285,16.221,17.742,0.0,1.0
tw-5b02fc86204d,Intel,48.45,0.0082559339525283,0.0082559339525283,0.0175438596491226,20.561,32.773,0.1,1.0
tw-0eceaa0a23eb,HP,23.8,0.0079831932773108,0.0079831932773108,-0.0025210084033614,13.14,19.219,0.0,-1.0
tw-7257e7fbeaea,HP,23.8,0.0079831932773108,0.0079831932773108,-0.0025210084033614,13.14,19.219,0.0,-1.0
tw-7f2ba3879332,Amazon,1896.2,-0.0052209682522941,-0.0052209682522941,-0.0255511022044088,14.272,20.029,0.0,-1.0
tw-66287b1fa083,Toyota,6805.0,0.0214548126377663,0.0214548126377663,0.0481998530492285,16.221,17.742,0.675,1.0
tw-c6fe1d76a049,Samsung,45050.0,0.0077691453940066,0.0077691453940066,0.0166481687014428,25.247,21.695,0.3,-1.0
tw-724b7f918718,Samsung,45050.0,0.0077691453940066,0.0077691453940066,0.0166481687014428,25.247,21.695,0.1363636363636363,-1.0
tw-cdaea17328dc,Apple,208.87,-0.0064154737396466,-0.0064154737396466,0.000957533393977,33.297,23.089,0.0,1.0
tw-366a565d2b2d,adidas,207.9,-0.012025012025012,-0.012025012025012,-0.0933140933140933,46.518,28.923,-0.05,-1.0
tw-a1595bf663b2,PayPal,87.01,0.0,0.0,-0.0142512354901736,14.415,26.716,0.0,-1.0
tw-fda2d853f77f,Samsung,45050.0,0.0077691453940066,0.0077691453940066,0.0166481687014428,25.247,21.695,0.1363636363636363,1.0
tw-43af2550219d,CBS,52.21,0.005937559854434,0.005937559854434,0.0122581880865734,14.492,29.94,-0.0666666666666666,1.0
tw-1239533a39a8,Nike,80.15,0.0072364316905801,0.0072364316905801,-0.0079850280723643,13.014,17.085,0.0,1.0
tw-6a8e29838aa7,adidas,207.9,-0.012025012025012,-0.012025012025012,-0.0933140933140933,46.518,28.923,-0.0325,-1.0
tw-3cbcacbf67e5,Facebook,180.05,0.001166342682588,0.001166342682588,0.0313246320466536,31.513,68.92399999999999,0.1681818181818181,1.0
tw-60ed85d71bcb,PayPal,87.01,0.0,0.0,-0.0142512354901736,14.415,26.716,0.8,1.0
tw-b4ef570fc195,Starbucks,51.81,-0.0057903879559931,-0.0057903879559931,0.0050183362285272,12.19,14.953,0.0,1.0
tw-25b5cb37272a,CBS,52.21,0.005937559854434,0.005937559854434,0.0122581880865734,14.492,29.94,0.0,1.0
tw-2a58d2e273d4,Sony,5917.0,0.0226466114585093,0.0226466114585093,0.026533716410343,33.132,28.803,0.4000000000000001,1.0
tw-dff676ee162c,Netflix,341.31,0.013360288300958,0.013360288300958,0.0281562216167121,20.515,35.139,0.0,-1.0
tw-68b9085a4337,Next,5568.0,0.0179597701149425,0.0179597701149425,0.0229885057471264,45.992,28.842,0.0,1.0
tw-a7839519c7f3,Starbucks,51.81,-0.0057903879559931,-0.0057903879559931,0.0050183362285272,12.19,14.953,0.0333333333333333,-1.0
tw-ab7b9eca690e,BMW,83.14,0.004330045706038,0.004330045706038,0.0055328361799373,17.344,18.704,0.0,-1.0
tw-bc29c25c9dfe,Samsung,45050.0,0.0077691453940066,0.0077691453940066,0.0166481687014428,25.247,21.695,0.1363636363636363,1.0
tw-b150dc5d4035,Sony,5917.0,0.0226466114585093,0.0226466114585093,0.026533716410343,33.132,28.803,0.0,1.0
tw-96dab7322ae7,Amazon,1896.2,-0.0052209682522941,-0.0052209682522941,-0.0255511022044088,14.272,20.029,0.0,1.0
tw-6fe691f547f1,McDonald's,158.14,0.00341469583913,0.00341469583913,-0.0089793853547488,13.129,12.608,0.0,-1.0
tw-5a575ba3f927,Ford,9.46,0.029598308668076,0.029598308668076,0.0602536997885833,20.822,24.44400000000001,0.5,1.0
tw-e48d77b05a9e,Disney,112.12,0.0049946485907955,0.0049946485907955,0.0340706386014983,19.233,16.491,0.3590909090909091,1.0
tw-3f60b5c8718e,BMW,83.14,0.004330045706038,0.004330045706038,0.0055328361799373,17.344,18.704,-0.15,1.0
tw-8f50bb07225f,Sony,5917.0,0.0226466114585093,0.0226466114585093,0.026533716410343,33.132,28.803,0.2121212121212121,1.0
tw-3d635a47116c,Sony,5917.0,0.0226466114585093,0.0226466114585093,0.026533716410343,33.132,28.803,0.2121212121212121,1.0
tw-4fe69c5abbc8,Sony,5917.0,0.0226466114585093,0.0226466114585093,0.026533716410343,33.132,28.803,0.0,-1.0
tw-1f511d27c66f,Amazon,1896.2,-0.0052209682522941,-0.0052209682522941,-0.0255511022044088,14.272,20.029,0.0,-1.0
tw-2cfff969b637,Samsung,45050.0,0.0077691453940066,0.0077691453940066,0.0166481687014428,25.247,21.695,0.0,1.0
tw-ec492557f2bb,adidas,207.9,-0.012025012025012,-0.012025012025012,-0.0933140933140933,46.518,28.923,-0.025,-1.0
tw-ca6baf750c45,Google,1258.14,-0.0075508290015419,-0.0044748597135454,-0.0018280954424787,11.383,20.59800000000001,0.0,-1.0
tw-e3f36496f705,Netflix,337.49,0.0113188538919671,0.0248303653441583,0.0424901478562327,21.541,34.919000000000004,0.0,-1.0
tw-2a736312bcc1,PayPal,87.73,-0.0082069987461529,-0.0082069987461529,-0.0163000113986094,13.31,26.655,0.0,-1.0
tw-1d471d9d903d,Sony,6024.0,-0.0177622841965471,0.0044820717131474,0.023074369189907,22.433000000000003,29.186,0.4666666666666666,-1.0
tw-bec66766f162,Amazon,1919.65,-0.012215768499466,-0.017372958612247,-0.0297814705805746,14.398,19.629,1.0,1.0
tw-f6196f8c6988,Ford,9.5,-0.0042105263157893,0.0252631578947368,0.0610526315789473,21.017,24.573,0.2857142857142857,1.0
tw-162d64a373bb,Starbucks,52.59,-0.0148317170564746,-0.0205362236166572,-0.0098878113709831,13.95,15.244000000000002,0.7,1.0
tw-df3dfcb2146d,Disney,112.75,-0.0055875831485587,-0.000620842572062,0.0337915742793791,19.418,15.893,0.0,1.0
tw-74bd069fee50,McDonald's,160.6,-0.0153175591531756,-0.0119551681195516,-0.0283935242839352,15.029000000000002,13.363,0.0,-1.0
tw-07f62fc1c6cc,Amazon,1919.65,-0.012215768499466,-0.017372958612247,-0.0297814705805746,14.398,19.629,0.3666666666666667,1.0
tw-aa2e774e1f22,Reuters,47.1968,-0.0091001932334396,-0.0184355719031798,-0.0443398704996949,21.494,14.064,0.0,1.0
tw-296f6c28d522,adidas,209.4,-0.0071633237822349,-0.0191021967526265,-0.0933619866284623,45.838,28.469,1.0,1.0
tw-2555cb533a8a,Apple,209.75,-0.0041954707985697,-0.0105840286054827,-0.0125864123957091,17.461,22.119,0.0,-1.0
tw-5714295f447e,BMW,82.67,0.0056852546268295,0.0100399177452521,0.0174186524736905,14.355,17.869,0.3666666666666667,-1.0
tw-36db617dc1a4,Intel,48.12,0.0068578553615961,0.0151704073150458,0.0328345802161264,19.046,32.559,0.0,-1.0
tw-589fbb2b5e85,Ford,9.5,-0.0042105263157893,0.0252631578947368,0.0610526315789473,21.017,24.573,-0.2625,1.0
tw-48f12076cfc0,Ford,9.5,-0.0042105263157893,0.0252631578947368,0.0610526315789473,21.017,24.573,0.1111111111111111,1.0
tw-075617b0f2c3,Sony,6024.0,-0.0177622841965471,0.0044820717131474,0.023074369189907,22.433000000000003,29.186,0.0,-1.0
tw-f8d530321367,Starbucks,52.59,-0.0148317170564746,-0.0205362236166572,-0.0098878113709831,13.95,15.244000000000002,0.1722222222222222,-1.0
tw-c8507dc95f88,Google,1258.14,-0.0075508290015419,-0.0044748597135454,-0.0018280954424787,11.383,20.59800000000001,0.0,1.0
tw-efba95517c65,Samsung,45150.0,-0.0022148394241417,0.0055370985603543,0.0343300110741971,24.834,21.696,0.0,-1.0
tw-0007f0f5be45,Facebook,181.11,-0.0058527966429242,-0.0046932803268732,0.0149080669206558,30.914,68.673,0.0,1.0
tw-8e19acac9d32,Nike,80.14,0.0001247816321438,0.0073621162964812,0.0048664836536061,13.037,14.804,-0.2,-1.0
tw-0d2e2cc2ec6d,Walmart,90.85,-0.0133186571271325,-0.0073747936158501,-0.0118877270225646,13.511,12.01,0.5,1.0
tw-e1029bf8eddd,Ford,9.5,-0.0042105263157893,0.0252631578947368,0.0610526315789473,21.017,24.573,0.0,-1.0
tw-19fae6a00f5c,Next,5542.0,0.0046914471309996,0.0227354745579213,0.0144352219415373,22.00800000000001,28.805,0.0,1.0
tw-b8e65d2fce01,Walmart,90.85,-0.0133186571271325,-0.0073747936158501,-0.0118877270225646,13.511,12.01,0.0,1.0
tw-b16267446a74,Intel,48.12,0.0068578553615961,0.0151704073150458,0.0328345802161264,19.046,32.559,-0.3125,-1.0
tw-7b4996a12597,BMW,82.67,0.0056852546268295,0.0100399177452521,0.0174186524736905,14.355,17.869,1.0,-1.0
tw-b4a4e74c0a12,Microsoft,109.56,-0.0123220153340636,-0.0051113545089448,-0.0062066447608616,11.236,18.402,0.0,1.0
tw-7eafa378eb75,Honda,3336.0,-0.0191846522781774,0.0095923261390887,0.0272781774580335,27.211,20.469,0.0,1.0
tw-39980d8050a3,Samsung,45150.0,-0.0022148394241417,0.0055370985603543,0.0343300110741971,24.834,21.696,-0.1666666666666666,-1.0
tw-bc3190ee1a36,Toyota,6864.0,-0.008595571095571,0.0126748251748251,0.041083916083916,14.572,17.98,0.0,-1.0
tw-e6c9833310d8,Walmart,90.85,-0.0133186571271325,-0.0073747936158501,-0.0118877270225646,13.511,12.01,0.0,1.0
tw-306739ac8bbb,BMW,82.67,0.0056852546268295,0.0100399177452521,0.0174186524736905,14.355,17.869,0.0,-1.0
tw-9ccb1660f404,Google,1258.14,-0.0075508290015419,-0.0044748597135454,-0.0018280954424787,11.383,20.59800000000001,0.0,1.0
tw-3ae8e6b78ad8,Facebook,181.11,-0.0058527966429242,-0.0046932803268732,0.0149080669206558,30.914,68.673,0.0,1.0
tw-5b500fd8f4bb,eBay,34.4,-0.0151162790697673,-0.0090116279069766,-0.0180232558139534,12.927,36.341,0.1833333333333332,-1.0
tw-2ebf64ccb5de,Starbucks,52.75,-0.0030331753554501,-0.0235071090047393,-0.0227488151658768,13.44,15.134,-0.0833333333333333,-1.0
tw-8a995417ef9d,Toyota,6815.0,0.0071900220102714,0.0199559794570799,0.036096845194424,13.828,18.019,0.0,1.0
tw-8b5c90a875db,Microsoft,107.66,0.0176481515883337,0.0124465911201932,0.016997956529816,14.552,19.398,0.0,1.0
tw-e0ac258febac,Google,1232.22,0.0210352047523981,0.01646621544854,0.0236240281767865,16.407,21.117,0.6,1.0
tw-342eb1f8dcab,HP,24.03,0.0049937578027464,-0.0016645859342489,0.0045776113191843,14.601,19.218,0.0,1.0
tw-e2a0689fcf7a,Sony,6000.0,0.004,0.0085,0.0158333333333333,22.364,28.672,0.1363636363636363,-1.0
tw-9a6a1c9f226a,eBay,33.86,0.0159480212640283,0.0067926757235677,-0.0005906674542231,16.875,36.34,-0.05,1.0
tw-23a65717523b,Toyota,6815.0,0.0071900220102714,0.0199559794570799,0.036096845194424,13.828,18.019,0.75,1.0
tw-55366c3d4365,Walmart,90.22,0.0069829306140544,-0.0004433606739081,-0.0018842828641099,14.427,12.34,0.1363636363636363,-1.0
tw-27cf08cd4508,Next,5464.0,0.0142752562225475,0.0373352855051244,0.0391654465592972,23.231,28.636,0.0,-1.0
tw-b69ac226788b,Disney,112.85,-0.0008861320336729,-0.001506424457244,0.0100132919805051,19.395,15.615,0.0,-1.0
tw-c52d0429fc80,Next,5464.0,0.0142752562225475,0.0373352855051244,0.0391654465592972,23.231,28.636,0.05,-1.0
tw-377923714911,Intel,47.46,0.013906447534766,0.0292878213232195,0.0526759376316898,17.576,31.706,0.0,-1.0
tw-3782ab9e016e,Disney,112.85,-0.0008861320336729,-0.001506424457244,0.0100132919805051,19.395,15.615,0.0,1.0
tw-8f48326c908c,eBay,33.86,0.0159480212640283,0.0067926757235677,-0.0005906674542231,16.875,36.34,0.0,-1.0
tw-07cbafad6b88,Sony,6000.0,0.004,0.0085,0.0158333333333333,22.364,28.672,0.0,1.0
tw-36881a66c52e,Toyota,6815.0,0.0071900220102714,0.0199559794570799,0.036096845194424,13.828,18.019,0.2333333333333333,1.0
tw-f474cea1652b,Disney,112.85,-0.0008861320336729,-0.001506424457244,0.0100132919805051,19.395,15.615,-0.0833333333333333,1.0
tw-f8820f7cc080,Nike,79.57,0.007163503833103,0.0145783586778938,0.0116878220434838,12.46,15.025,0.35,-1.0
tw-7ac65f5bae10,BMW,81.35,0.0162261831591887,0.0264290104486786,0.0354025814382299,17.239,17.947,0.0,1.0
tw-26e26db864e1,McDonald's,159.88,0.0045033775331498,-0.0075056292219163,-0.0060045033775332,13.871,13.383,-0.15,-1.0
tw-a8323a413bcd,eBay,33.86,0.0159480212640283,0.0067926757235677,-0.0005906674542231,16.875,36.34,0.4,1.0
tw-d9ad547e4d61,McDonald's,159.88,0.0045033775331498,-0.0075056292219163,-0.0060045033775332,13.871,13.383,0.25,1.0
tw-4ff98d09bdb9,CBS,52.8,-0.0043560606060605,-0.0053030303030301,0.0068181818181818,15.139,29.159,0.625,1.0
tw-2872df02e8a9,PayPal,85.19,0.0298157060687874,0.0213640098603123,0.018194623782134,18.76,27.861,0.0,-1.0
tw-7870840409a5,Ford,9.45,0.0052910052910053,0.0306878306878307,0.0634920634920636,20.634,24.358,0.0,-1.0
tw-86811e39a4fb,adidas,206.3,0.0150266602035869,-0.0043625787687833,-0.0741638390693165,46.438,29.024,0.0,-1.0
tw-fde862f2e7f0,Sony,6000.0,0.004,0.0085,0.0158333333333333,22.364,28.672,0.0,1.0
tw-44f2ac73206e,Google,1232.22,0.0210352047523981,0.01646621544854,0.0236240281767865,16.407,21.117,0.0,1.0
tw-32177747a502,Disney,112.85,-0.0008861320336729,-0.001506424457244,0.0100132919805051,19.395,15.615,0.1704545454545454,-1.0
tw-d49af3516b56,BMW,81.35,0.0162261831591887,0.0264290104486786,0.0354025814382299,17.239,17.947,0.3181818181818182,1.0
tw-9bab4982e83f,Toyota,6815.0,0.0071900220102714,0.0199559794570799,0.036096845194424,13.828,18.019,0.0,-1.0
tw-d9588ea74081,Disney,112.85,-0.0008861320336729,-0.001506424457244,0.0100132919805051,19.395,15.615,-0.3888888888888889,1.0
tw-459fedb88bf2,Intel,47.46,0.013906447534766,0.0292878213232195,0.0526759376316898,17.576,31.706,0.0,1.0
tw-0dbb6c4a8bad,Disney,112.85,-0.0008861320336729,-0.001506424457244,0.0100132919805051,19.395,15.615,0.0625,1.0
tw-96d5d14b6d0d,Intel,47.46,0.013906447534766,0.0292878213232195,0.0526759376316898,17.576,31.706,0.0,-1.0
tw-efb041f21ba8,Disney,112.85,-0.0008861320336729,-0.001506424457244,0.0100132919805051,19.395,15.615,0.0,-1.0
tw-cf4de844494f,Next,5464.0,0.0142752562225475,0.0373352855051244,0.0391654465592972,23.231,28.636,0.0,1.0
tw-092c90add851,Reuters,46.6241,0.012283347024393,-0.0063786754060667,0.0014177217361836,22.742,14.646,0.1333333333333333,-1.0
tw-6aa0eee24e45,Intel,47.46,0.013906447534766,0.0292878213232195,0.0526759376316898,17.576,31.706,0.1363636363636363,-1.0
tw-bac8864ff674,adidas,206.3,0.0150266602035869,-0.0043625787687833,-0.0741638390693165,46.438,29.024,0.0,1.0
tw-9ac6d08b01e7,Facebook,174.7,0.0276473955352032,0.0306239267315399,0.0480251860331998,32.488,67.818,0.1,1.0
tw-fc46552a982f,Disney,112.48,0.0032894736842104,-0.0032005689900426,0.014935988620199,18.084,15.533,0.0,-1.0
tw-346bf49de415,HP,24.14,-0.0045567522783761,-0.0140845070422535,-0.0024855012427507,14.572,19.013,0.0,-1.0
tw-e442c89e809b,Apple,213.32,-0.0144384024001499,-0.0208606787924244,-0.0208138008625539,11.744000000000002,22.13300000000001,0.0,-1.0
tw-13dc5910aa12,Apple,213.32,-0.0144384024001499,-0.0208606787924244,-0.0208138008625539,11.744000000000002,22.13300000000001,0.0,-1.0
tw-a2c8e43e2bce,Toyota,6775.0,0.0059040590405904,0.0044280442804428,0.0317343173431734,13.828,18.06900000000001,0.0,-1.0
tw-68b1f16332ac,BMW,81.83,-0.0058658193816449,0.0160087987290724,0.0349505071489673,16.333,17.928,0.0833333333333333,-1.0
tw-c0c4095e0649,Next,5524.0,-0.0108616944243301,0.0079652425778421,0.0398262128892107,19.809,28.867,0.0,-1.0
tw-b51999f84737,Sony,5947.0,0.0089120564990751,-0.0050445602824953,0.0346393139398015,22.631,26.512,0.0,1.0
tw-486af75c63ac,Disney,112.48,0.0032894736842104,-0.0032005689900426,0.014935988620199,18.084,15.533,0.0,-1.0
tw-8e499baa0a42,Walmart,98.64,-0.0853609083536091,-0.0912408759124087,-0.0976277372262773,49.423,28.781,0.3,-1.0
tw-44bfd5ece40f,Intel,47.17,0.0061479754080983,0.0271358914564342,0.0629637481450074,16.957,31.403,0.0,1.0
tw-2bd0dad10491,Next,5524.0,-0.0108616944243301,0.0079652425778421,0.0398262128892107,19.809,28.867,0.0,1.0
tw-7364438d675c,Toyota,6775.0,0.0059040590405904,0.0044280442804428,0.0317343173431734,13.828,18.06900000000001,0.0,-1.0
tw-32325b53f21c,Disney,112.48,0.0032894736842104,-0.0032005689900426,0.014935988620199,18.084,15.533,0.875,1.0
tw-08085cb1a860,Starbucks,53.04,-0.0054675716440422,-0.0231900452488687,-0.0211161387631975,12.673,15.086,0.0,-1.0
tw-2c04e2515de4,Honda,3292.0,-0.0018226002430133,-0.0060753341433778,0.0270352369380315,23.268,20.907,0.8,1.0
tw-26767da9dabb,Honda,3292.0,-0.0018226002430133,-0.0060753341433778,0.0270352369380315,23.268,20.907,0.0,1.0
tw-468b7aed880d,Disney,112.48,0.0032894736842104,-0.0032005689900426,0.014935988620199,18.084,15.533,0.5,1.0
tw-d4ef87d3e037,Toyota,6775.0,0.0059040590405904,0.0044280442804428,0.0317343173431734,13.828,18.06900000000001,0.0,1.0
tw-62a2139b07be,PayPal,85.32,-0.0015236755743084,0.0198077824660104,0.0216830754805439,18.655,27.44400000000001,0.35,1.0
tw-4e1b3d13630d,Honda,3292.0,-0.0018226002430133,-0.0060753341433778,0.0270352369380315,23.268,20.907,0.0,-1.0
tw-9bb60f1e98f5,Intel,47.17,0.0061479754080983,0.0271358914564342,0.0629637481450074,16.957,31.403,0.0,1.0
tw-3890fbd8b9e7,Ford,9.51,-0.0063091482649842,-0.0052576235541534,0.0420609884332282,19.253,24.542,0.45,1.0
tw-593aaad6a3ca,Intel,47.17,0.0061479754080983,0.0271358914564342,0.0629637481450074,16.957,31.403,0.0,-1.0
tw-7fed00db66f5,Nike,80.05,-0.0059962523422861,0.0012492192379763,0.0151155527795129,12.713,15.072,-0.4,-1.0
tw-a2950d70dc0b,Apple,213.32,-0.0144384024001499,-0.0208606787924244,-0.0208138008625539,11.744000000000002,22.13300000000001,0.5,-1.0
tw-86bd6913107b,Walmart,98.64,-0.0853609083536091,-0.0912408759124087,-0.0976277372262773,49.423,28.781,0.0,1.0
tw-9e74f38f934d,McDonald's,161.73,-0.0114388177827242,-0.0221974896432325,-0.0150250417362269,14.572,13.238,-0.3,1.0
tw-541e1521710a,Intel,47.17,0.0061479754080983,0.0271358914564342,0.0629637481450074,16.957,31.403,0.2857142857142857,-1.0
tw-786a9c30af02,Next,5524.0,-0.0108616944243301,0.0079652425778421,0.0398262128892107,19.809,28.867,0.0,-1.0
tw-86c5d496a0ee,Nike,80.05,-0.0059962523422861,0.0012492192379763,0.0151155527795129,12.713,15.072,0.625,-1.0
tw-8d16cf5263d2,Sony,5947.0,0.0089120564990751,-0.0050445602824953,0.0346393139398015,22.631,26.512,0.0,-1.0
tw-1a00fcffc933,adidas,208.8,-0.0119731800766283,-0.0043103448275862,-0.0062260536398467,46.272,29.007,0.45,1.0
tw-556dadd8ecfb,adidas,208.8,-0.0119731800766283,-0.0043103448275862,-0.0062260536398467,46.272,29.007,0.0,-1.0
tw-7560c475f44c,Walmart,98.64,-0.0853609083536091,-0.0912408759124087,-0.0976277372262773,49.423,28.781,0.0,-1.0
tw-5e4426471717,Walmart,97.85,0.0080735820132857,-0.0715380684721512,-0.0783852835973427,50.219,28.82800000000001,0.0,-1.0
tw-f9756ef3e8b0,Facebook,173.8,0.0051783659378594,0.0420598388952819,0.0371691599539699,17.354,67.705,0.0,-1.0
tw-da2a352b40a8,Google,1215.85,0.0067524776905046,0.0347822511000536,0.030151745692314,16.935,21.073,0.25,-1.0
tw-c96b74c9f8ad,Microsoft,107.58,0.0005577244841048,0.0184049079754601,0.0131994794571481,14.302,19.053,0.0,-1.0
tw-95876723cd35,Google,1215.85,0.0067524776905046,0.0347822511000536,0.030151745692314,16.935,21.073,0.6,-1.0
tw-113716454e8d,Next,5460.0,0.0117216117216117,0.015018315018315,0.0380952380952381,19.55,28.366,-0.7571428571428571,-1.0
tw-def7616309e4,Apple,217.58,-0.0195790054232926,-0.0359867634892913,-0.0461899071605846,14.896,22.44,0.875,-1.0
tw-4c38ffccc1c6,Samsung,44100.0,0.0034013605442176,0.0238095238095238,0.0294784580498866,24.035,21.37,0.0,1.0
tw-84f4fb311287,Samsung,44100.0,0.0034013605442176,0.0238095238095238,0.0294784580498866,24.035,21.37,0.5,1.0
tw-46e8a75cc98e,Amazon,1882.22,0.0022845363453793,0.0198860919552443,0.0021676530904994,16.511,20.529,0.4,1.0
tw-6f05b45a0802,Microsoft,107.58,0.0005577244841048,0.0184049079754601,0.0131994794571481,14.302,19.053,0.6,-1.0
tw-25810feac335,Microsoft,107.58,0.0005577244841048,0.0184049079754601,0.0131994794571481,14.302,19.053,0.0,-1.0
tw-075c79858d86,Microsoft,107.58,0.0005577244841048,0.0184049079754601,0.0131994794571481,14.302,19.053,0.0,1.0
tw-776680ac293f,Toyota,6803.0,-0.0041158312509187,0.0089666323680729,0.0217551080405703,14.632,17.762,0.5,1.0
tw-307ba93d1960,Amazon,1882.22,0.0022845363453793,0.0198860919552443,0.0021676530904994,16.511,20.529,0.0,-1.0
tw-1249028b5a54,Intel,47.1,0.0014861995753715,0.0216560509554139,0.0371549893842887,17.084,31.171,0.0,1.0
tw-1f92b4bbd351,Next,5460.0,0.0117216117216117,0.015018315018315,0.0380952380952381,19.55,28.366,0.0,-1.0
tw-1ca58b6370c8,Netflix,316.78,0.0178672896016163,0.0653766020582108,0.0918302923164342,17.993,32.078,0.2,-1.0
tw-c2511e838a3b,eBay,34.01,-0.0070567480152894,0.0114672155248456,0.00235224933843,15.143,35.88,0.0,-1.0
tw-1b8566ccddf7,CBS,53.22,-0.0045095828635851,-0.0122134535888763,-0.0131529500187898,14.295,28.26,0.0214285714285714,1.0
tw-ed84b37db205,Microsoft,107.58,0.0005577244841048,0.0184049079754601,0.0131994794571481,14.302,19.053,0.3,1.0
tw-57660b0cec7f,Honda,3313.0,-0.0063386658617567,0.0069423483247811,0.0166012677331723,23.57,20.61,0.7,1.0
tw-e56f2adafe47,Honda,3313.0,-0.0063386658617567,0.0069423483247811,0.0166012677331723,23.57,20.61,0.0,1.0
tw-3473b1c4d816,BMW,81.46,0.0045421065553646,0.0148539160324086,0.025042965872821,13.482,17.99,0.0,-1.0
tw-78fb2962dfce,Disney,112.48,0.0,0.0024004267425319,0.001778093883357,14.734000000000002,15.275,-0.4,1.0
tw-0a82801c25ef,Netflix,316.78,0.0178672896016163,0.0653766020582108,0.0918302923164342,17.993,32.078,0.4333333333333333,-1.0
tw-4916a9d0f582,HP,24.54,-0.0162999185004074,-0.0158924205378973,-0.0224123879380603,14.409,19.077,0.1363636363636363,1.0
tw-acfd53ca067a,PayPal,85.45,-0.001521357519017,0.0266822703335283,0.0182562902282036,18.259,27.427,0.0,-1.0
tw-575d39b4aed7,Starbucks,53.56,-0.0097087378640777,-0.0181105302464525,-0.0382748319641524,12.972,14.44,0.0,-1.0
tw-555fff0372bc,Samsung,44100.0,0.0034013605442176,0.0238095238095238,0.0294784580498866,24.035,21.37,0.0,1.0
tw-afe4fef88538,PayPal,85.45,-0.001521357519017,0.0266822703335283,0.0182562902282036,18.259,27.427,0.4166666666666666,1.0
tw-a04da84f3edd,Walmart,97.85,0.0080735820132857,-0.0715380684721512,-0.0783852835973427,50.219,28.82800000000001,0.0,1.0
tw-a7440200a17c,Samsung,44100.0,0.0034013605442176,0.0238095238095238,0.0294784580498866,24.035,21.37,0.0,-1.0
tw-fe35360a4aa6,Nike,79.75,0.0037617554858933,0.0048902821316614,0.0122884012539185,12.039,14.897,0.175,1.0
tw-f6a0ab6f2bec,Next,5460.0,0.0117216117216117,0.015018315018315,0.0380952380952381,19.55,28.366,-0.025,1.0
tw-144245d2e1fd,eBay,34.01,-0.0070567480152894,0.0114672155248456,0.00235224933843,15.143,35.88,0.0,-1.0
tw-b230cf0fd50a,Intel,47.1,0.0014861995753715,0.0216560509554139,0.0371549893842887,17.084,31.171,0.0,1.0
tw-2e950c6a2881,Sony,6040.0,-0.0153973509933774,-0.0026490066225165,0.0018211920529801,24.576,26.309,-0.0625,-1.0
tw-fb5a7233257a,Next,5460.0,0.0117216117216117,0.015018315018315,0.0380952380952381,19.55,28.366,0.0,1.0
tw-c9e4fb1b66b2,Samsung,44100.0,0.0034013605442176,0.0238095238095238,0.0294784580498866,24.035,21.37,0.0,1.0
tw-3879a951f615,BMW,81.46,0.0045421065553646,0.0148539160324086,0.025042965872821,13.482,17.99,0.25,1.0
tw-8d029791253e,Samsung,44100.0,0.0034013605442176,0.0238095238095238,0.0294784580498866,24.035,21.37,0.0,1.0
tw-fa9df42ebf87,eBay,34.01,0.0,-0.0044104675095559,0.00235224933843,15.143,35.88,0.1363636363636363,-1.0
tw-88a883a82064,Starbucks,53.56,0.0,-0.0151232262882748,-0.0382748319641524,12.972,14.44,0.0,1.0
tw-7775764b1d47,Starbucks,53.56,0.0,-0.0151232262882748,-0.0382748319641524,12.972,14.44,-0.1,-1.0
tw-cadc8ea9b425,adidas,207.4,0.0,-0.0053037608486017,-0.0096432015429122,46.499,29.209,0.0,-1.0
tw-f7e456f52e3e,Honda,3313.0,0.0,-0.00814971325083,0.0166012677331723,23.57,20.61,0.2,1.0
tw-7a77899f6e35,Netflix,316.78,0.0,0.0303680787928531,0.0918302923164342,17.993,32.078,0.0,1.0
tw-8aa79cd50ade,Intel,47.1,0.0,0.0076433121019108,0.0371549893842887,17.084,31.171,0.1,-1.0
tw-1c21d3569d42,Disney,112.48,0.0,0.0032894736842104,0.001778093883357,14.734000000000002,15.275,0.1515151515151515,1.0
tw-e9166615af67,Toyota,6803.0,0.0,0.0017639276789651,0.0217551080405703,14.632,17.762,-0.2083333333333333,-1.0
tw-b2caa809f459,McDonald's,161.15,0.0,-0.0078808563450202,-0.0153273347812596,15.119000000000002,13.264,0.0,1.0
tw-d3ed34f90d82,Next,5460.0,0.0,0.0007326007326007,0.0380952380952381,19.55,28.366,0.0,-1.0
tw-72a0a43fcd43,eBay,34.01,0.0,-0.0044104675095559,0.00235224933843,15.143,35.88,0.0,-1.0
tw-31998d9f82ab,McDonald's,161.15,0.0,-0.0078808563450202,-0.0153273347812596,15.119000000000002,13.264,-0.05,-1.0
tw-ce4d919b4601,Netflix,316.78,0.0,0.0303680787928531,0.0918302923164342,17.993,32.078,0.0,-1.0
tw-c1c33aba10a5,McDonald's,161.15,0.0,-0.0078808563450202,-0.0153273347812596,15.119000000000002,13.264,0.0,-1.0
tw-bf9c99ba1d9e,Nike,79.75,0.0,-0.0022570532915361,0.0122884012539185,12.039,14.897,0.175,1.0
tw-77d816a664b4,adidas,207.4,0.0,-0.0053037608486017,-0.0096432015429122,46.499,29.209,0.45,1.0
tw-dc5b2ff6470d,Google,1215.85,0.0,0.0134638318871572,0.030151745692314,16.935,21.073,-0.125,-1.0
tw-10764ad4ed9d,HP,24.54,0.0,-0.0207823960880194,-0.0224123879380603,14.409,19.077,0.8,1.0
tw-add292af81c2,Netflix,316.78,0.0,0.0303680787928531,0.0918302923164342,17.993,32.078,0.0,1.0
tw-c2a49d3b0b8e,Disney,112.48,0.0,0.0032894736842104,0.001778093883357,14.734000000000002,15.275,0.2257575757575757,1.0
tw-6e4969634b25,adidas,207.4,0.0,-0.0053037608486017,-0.0096432015429122,46.499,29.209,0.2444444444444445,-1.0
tw-17af19cbfe81,McDonald's,161.15,0.0,-0.0078808563450202,-0.0153273347812596,15.119000000000002,13.264,-0.05,-1.0
tw-5c3bd1ac0314,PayPal,85.45,0.0,-0.0030427150380339,0.0182562902282036,18.259,27.427,0.0,-1.0
tw-850fdad46be8,PayPal,85.45,0.0,-0.0030427150380339,0.0182562902282036,18.259,27.427,0.0,1.0
tw-03f0f99593c7,adidas,207.4,0.0,-0.0053037608486017,-0.0096432015429122,46.499,29.209,0.2125,-1.0
tw-2559e938b8e4,Samsung,44100.0,0.0,0.0238095238095238,0.0294784580498866,24.035,21.37,0.0,1.0
tw-53c94e513279,CBS,53.22,0.0,-0.0078917700112739,-0.0131529500187898,14.295,28.26,-1.0,-1.0
tw-1806c950ee18,Microsoft,107.58,0.0,0.0007436326454731,0.0131994794571481,14.302,19.053,0.5,1.0
tw-d68dece2735b,Samsung,44100.0,0.0,0.0238095238095238,0.0294784580498866,24.035,21.37,0.0,1.0
tw-c3a3f703906d,adidas,207.4,0.0,-0.0053037608486017,-0.0096432015429122,46.499,29.209,0.45,1.0
tw-3bf6a6c38c33,Nike,79.75,0.0,-0.0022570532915361,0.0122884012539185,12.039,14.897,0.225,1.0
tw-ec3675b7378c,Nike,79.75,0.0,-0.0022570532915361,0.0122884012539185,12.039,14.897,0.3,1.0
tw-5b27accb0c56,PayPal,85.45,0.0,-0.0030427150380339,0.0182562902282036,18.259,27.427,0.25,1.0
tw-21851e6d622c,adidas,207.4,0.0,-0.0053037608486017,-0.0096432015429122,46.499,29.209,0.2833333333333334,1.0
tw-59eb7d6422e6,Amazon,1882.22,0.0,0.0002125150088724,0.0021676530904994,16.511,20.529,0.1875,-1.0
tw-c4957d2f93b3,McDonald's,161.15,0.0,-0.0078808563450202,-0.0153273347812596,15.119000000000002,13.264,0.0,1.0
tw-0bb9b3f421cf,Walmart,97.85,0.0,-0.0779764946346448,-0.0783852835973427,50.219,28.82800000000001,0.0,1.0
tw-c3d6fa2305c7,Next,5460.0,0.0,0.0007326007326007,0.0380952380952381,19.55,28.366,0.0,1.0
tw-91e4f8ae3c39,Walmart,97.85,0.0,-0.0779764946346448,-0.0783852835973427,50.219,28.82800000000001,0.0,-1.0
tw-680a64f32eb1,Intel,47.1,0.0,0.0076433121019108,0.0371549893842887,17.084,31.171,-0.25,1.0
tw-86614b34d0cd,Samsung,44100.0,0.0,0.0238095238095238,0.0294784580498866,24.035,21.37,0.376171875,1.0
tw-1e6f4c79cd2e,Honda,3313.0,0.0,-0.00814971325083,0.0166012677331723,23.57,20.61,0.0,-1.0
tw-0f3c5a750dc4,Microsoft,107.58,0.0,0.0007436326454731,0.0131994794571481,14.302,19.053,0.0,-1.0
tw-e9bc41bc8655,Netflix,316.78,0.0,0.0303680787928531,0.0918302923164342,17.993,32.078,0.0,1.0
tw-2068b86191d9,Facebook,173.8,0.0,0.0329689298043727,0.0371691599539699,17.354,67.705,0.3571428571428571,1.0
tw-cf831c76dd2a,Google,1215.85,0.0,0.0134638318871572,0.030151745692314,16.935,21.073,0.3375,1.0
tw-a4ff2735a57e,Sony,6040.0,0.0,-0.0066225165562913,0.0018211920529801,24.576,26.309,0.25,-1.0
tw-e1024e0f8c08,Honda,3313.0,0.0,-0.00814971325083,0.0166012677331723,23.57,20.61,0.08,-1.0
tw-f0062ca44292,adidas,207.4,0.0,-0.0053037608486017,-0.0096432015429122,46.499,29.209,0.45,1.0
tw-ee2fdb8c91f3,Google,1215.85,0.0,0.0134638318871572,0.030151745692314,16.935,21.073,0.0,-1.0
tw-33d39813387d,Intel,47.1,0.0,0.0014861995753715,0.0371549893842887,17.084,31.171,0.0,-1.0
tw-a79e3a4779c9,Apple,217.58,0.0,-0.0195790054232926,-0.0461899071605846,14.896,22.44,0.0,1.0
tw-783b8e8f2b6f,BMW,81.46,0.0,0.0045421065553646,0.025042965872821,13.482,17.99,0.4,1.0
tw-5ab2b03b77b1,Intel,47.1,0.0,0.0014861995753715,0.0371549893842887,17.084,31.171,0.0,1.0
tw-d7ef9ecb74af,Netflix,316.78,0.0,0.0178672896016163,0.0918302923164342,17.993,32.078,0.35,1.0
tw-99bb22802f79,Reuters,47.29600000000001,0.0,-0.0076856393775374,-0.0204943335588634,21.88,14.677,-0.1,-1.0
tw-ede3e2c8be18,Next,5460.0,0.0,0.0117216117216117,0.0380952380952381,19.55,28.366,-0.15625,1.0
tw-f9a3e0611646,Toyota,6803.0,0.0,-0.0041158312509187,0.0217551080405703,14.632,17.762,0.1166666666666666,1.0
tw-ea3f28a760bf,PayPal,85.45,0.0,-0.001521357519017,0.0182562902282036,18.259,27.427,0.0,1.0
tw-b52c460c479f,adidas,207.4,0.0,0.0067502410800386,-0.0096432015429122,46.499,29.209,0.45,1.0
tw-bcd7e758e2a3,BMW,81.46,0.0,0.0045421065553646,0.025042965872821,13.482,17.99,-0.2833333333333333,1.0
tw-d6f360a10ec5,Sony,6040.0,0.0,-0.0153973509933774,0.0018211920529801,24.576,26.309,0.5,1.0
tw-531754087b03,Walmart,97.85,0.0,0.0080735820132857,-0.0783852835973427,50.219,28.82800000000001,0.85,1.0
tw-c4e560c0e862,Toyota,6803.0,0.0,-0.0041158312509187,0.0217551080405703,14.632,17.762,1.0,1.0
tw-0f24fb0d6dad,Next,5460.0,0.0,0.0117216117216117,0.0380952380952381,19.55,28.366,-0.25,1.0
tw-7c586312b6a8,Disney,112.48,0.0,0.0,0.001778093883357,14.734000000000002,15.275,0.0,1.0
tw-5c0ff396634e,Disney,112.48,0.0,0.0,0.001778093883357,14.734000000000002,15.275,0.0,1.0
tw-82d43fb5d586,Honda,3313.0,0.0,-0.0063386658617567,0.0166012677331723,23.57,20.61,0.375,-1.0
tw-6d227f05cd72,Apple,217.58,0.0,-0.0195790054232926,-0.0461899071605846,14.896,22.44,0.0,-1.0
tw-78b0d0d36c5a,eBay,34.01,0.0,-0.0070567480152894,0.00235224933843,15.143,35.88,0.0,-1.0
tw-0c064d9ae87e,Microsoft,106.87,0.0066435856648263,0.0066435856648263,0.0125385982969962,13.845,19.22,0.0,-1.0
tw-ab2a95a9cbbb,CBS,53.56,-0.0063480209111277,-0.0063480209111277,-0.0252053771471247,14.213,28.261,0.7,1.0
tw-2177f2110275,Microsoft,106.87,0.0066435856648263,0.0066435856648263,0.0125385982969962,13.845,19.22,0.05,-1.0
tw-fafb2b7c63b6,BMW,81.75,-0.0035474006116208,-0.0035474006116208,0.0170030581039755,12.995,18.004,0.5,-1.0
tw-fb78fb5c4145,Apple,215.46,0.0098394133481852,0.0098394133481852,-0.0305857235681797,15.01,22.79,0.0,1.0
tw-c7f803895e0b,Honda,3314.0,-0.000301750150875,-0.000301750150875,-0.0126735063367531,22.378,20.592,0.0,1.0
tw-f279a1a35920,Intel,46.5,0.0129032258064516,0.0129032258064516,0.0419354838709678,15.472,31.164,0.4666666666666667,-1.0
tw-d5f69f6b94b8,Sony,6000.0,0.0066666666666666,0.0066666666666666,-0.0138333333333333,22.908,23.366,0.0,-1.0
tw-803966eb40f4,Disney,111.99,0.0043753906598804,0.0043753906598804,0.0011608179301724,13.764,15.386,0.7125,1.0
tw-e4580eabdf3b,BMW,81.75,-0.0035474006116208,-0.0035474006116208,0.0170030581039755,12.995,18.004,0.0,1.0
tw-d901dbe45fed,Honda,3314.0,-0.000301750150875,-0.000301750150875,-0.0126735063367531,22.378,20.592,0.0,-1.0
tw-6ff24225ad9c,Intel,46.5,0.0129032258064516,0.0129032258064516,0.0419354838709678,15.472,31.164,0.0,-1.0
tw-7d979d016472,Google,1221.95,-0.0049920209501208,-0.0049920209501208,0.0218421375670036,14.501,21.095,0.35,1.0
tw-77ad179675d8,Google,1221.95,-0.0049920209501208,-0.0049920209501208,0.0218421375670036,14.501,21.095,0.25,1.0
tw-adf50f0b2483,Google,1221.95,-0.0049920209501208,-0.0049920209501208,0.0218421375670036,14.501,21.095,0.1287878787878787,-1.0
tw-52cf2043de9b,Intel,46.5,0.0129032258064516,0.0129032258064516,0.0419354838709678,15.472,31.164,0.25,1.0
tw-73aae713d194,Apple,215.46,0.0098394133481852,0.0098394133481852,-0.0305857235681797,15.01,22.79,0.0,-1.0
tw-f7626f41e27e,Toyota,6760.0,0.0063609467455621,0.0063609467455621,0.0066568047337278,13.992,17.614,0.8,1.0
tw-0e9736511b3e,Facebook,172.5,0.007536231884058,0.007536231884058,0.043768115942029,17.272000000000002,67.707,0.5,1.0
tw-302ddd67213a,Netflix,327.73,-0.0334116498337047,-0.0334116498337047,0.0414365483782381,29.889,34.638000000000005,0.0,1.0
tw-9d05970a9985,Toyota,6760.0,0.0063609467455621,0.0063609467455621,0.0066568047337278,13.992,17.614,0.0,-1.0
tw-3a2a80bddbee,CBS,53.56,-0.0063480209111277,-0.0063480209111277,-0.0252053771471247,14.213,28.261,0.1,1.0
tw-1cbdc19fcba7,Microsoft,106.87,0.0066435856648263,0.0066435856648263,0.0125385982969962,13.845,19.22,0.4,-1.0
tw-8238954408cb,Netflix,327.73,-0.0334116498337047,-0.0334116498337047,0.0414365483782381,29.889,34.638000000000005,0.0,1.0
tw-798994f81854,Toyota,6760.0,0.0063609467455621,0.0063609467455621,0.0066568047337278,13.992,17.614,0.0,1.0
tw-56fe024321af,Next,5460.0,0.0,0.0,0.0197802197802197,18.985,27.97300000000001,-0.2,1.0
tw-39188800244b,CBS,53.56,-0.0063480209111277,-0.0063480209111277,-0.0252053771471247,14.213,28.261,-0.2833333333333334,-1.0
tw-468f55e168ce,Nike,82.18,-0.0295692382574836,-0.0295692382574836,-0.024701873935264,19.246,17.227,0.45,-1.0
tw-fd5d6d49a737,adidas,209.0,-0.0076555023923444,-0.0076555023923444,-0.0052631578947368,46.486,29.065,0.1111111111111111,1.0
tw-08bbfc4798ea,PayPal,85.75,-0.0034985422740524,-0.0034985422740524,0.0146938775510204,18.002,27.45,0.0,-1.0
tw-a53540b54ca1,Netflix,327.73,-0.0334116498337047,-0.0334116498337047,0.0414365483782381,29.889,34.638000000000005,0.25,1.0
tw-6de24314f8f3,Samsung,43850.0,0.0057012542759407,0.0057012542759407,0.0273660205245154,23.836,20.823,0.0,-1.0
tw-45cff5acf9e0,Sony,6000.0,0.0066666666666666,0.0066666666666666,-0.0138333333333333,22.908,23.366,-0.5,-1.0
tw-169eca4a0385,Microsoft,106.87,0.0066435856648263,0.0066435856648263,0.0125385982969962,13.845,19.22,0.0,1.0
tw-aba1fbd84af4,adidas,209.0,-0.0076555023923444,-0.0076555023923444,-0.0052631578947368,46.486,29.065,-0.25,1.0
tw-90b8e30edf85,Honda,3314.0,-0.000301750150875,-0.000301750150875,-0.0126735063367531,22.378,20.592,0.0,-1.0
tw-16f681a3a0c3,adidas,209.0,-0.0076555023923444,-0.0076555023923444,-0.0052631578947368,46.486,29.065,0.0,-1.0
tw-7a89f87a92d6,Disney,112.39,-0.0035590355013791,0.0008007829878103,0.0032031319512412,9.021,14.483,0.4,1.0
tw-67074367701a,Reuters,47.4942,0.0020865705707223,-0.0041731411414444,-0.0062618172324198,12.816,14.67,0.0625,1.0
tw-b090245d1889,BMW,82.83,-0.0130387540746106,-0.0165399010020524,-0.0019316672703126,15.598,17.567999999999998,0.0,-1.0
tw-f48b434fd4c1,Netflix,338.02,-0.0304419856813205,-0.0628365185491983,-0.0015679545589017,36.197,36.303,-0.4,1.0
tw-2bb466a0c3e2,Facebook,172.62,-0.0006951685783802,0.0068358243540725,0.0491831769204032,15.75,67.734,0.0,-1.0
tw-c23bec757ddd,Samsung,44800.0,-0.0212053571428571,-0.015625,0.0078125,24.504,21.357,-0.0777777777777777,-1.0
tw-f08e15809af4,adidas,210.1,-0.0052356020942408,-0.0128510233222274,-0.0033317467872441,46.514,28.772,0.0,-1.0
tw-d693033f8184,HP,24.49,0.0020416496529195,0.0020416496529195,-0.0138832176398529,13.888,14.425,0.375,1.0
tw-30e0c48b4386,Microsoft,105.98,0.0083978109077184,0.0150971881487072,0.0337799584827325,13.359000000000002,19.432,0.35,-1.0
tw-40af428e1348,BMW,82.83,-0.0130387540746106,-0.0165399010020524,-0.0019316672703126,15.598,17.567999999999998,0.0,-1.0
tw-3929836dbf82,Disney,112.39,-0.0035590355013791,0.0008007829878103,0.0032031319512412,9.021,14.483,0.2142857142857142,-1.0
tw-9d6fa19d5080,Facebook,172.62,-0.0006951685783802,0.0068358243540725,0.0491831769204032,15.75,67.734,0.4000000000000001,-1.0
tw-f3202c4773fd,Amazon,1883.42,-0.003562667912627,-0.0006371388219303,0.0192362829321128,14.76,20.559,0.4375,-1.0
tw-8ed1484e3771,HP,24.49,0.0020416496529195,0.0020416496529195,-0.0138832176398529,13.888,14.425,0.5,1.0
tw-133529f94381,Walmart,96.08,-0.0008326394671107,0.0184221482098251,-0.0544338051623647,52.541,29.29,0.3291666666666666,-1.0
tw-de302f9c2cf0,Honda,3321.0,-0.0021077988557663,-0.0024089129780186,0.004516711833785,22.547,20.393,0.4666666666666667,1.0
tw-14a59340043a,Microsoft,105.98,0.0083978109077184,0.0150971881487072,0.0337799584827325,13.359000000000002,19.432,0.0,-1.0
tw-ebb25f380fbe,Microsoft,105.98,0.0083978109077184,0.0150971881487072,0.0337799584827325,13.359000000000002,19.432,-0.75,-1.0
tw-c92fd1e7f0aa,BMW,82.83,-0.0130387540746106,-0.0165399010020524,-0.0019316672703126,15.598,17.567999999999998,0.0,-1.0
tw-59f5297fe719,Samsung,44800.0,-0.0212053571428571,-0.015625,0.0078125,24.504,21.357,0.0,-1.0
tw-f34d6ee3885c,Netflix,338.02,-0.0304419856813205,-0.0628365185491983,-0.0015679545589017,36.197,36.303,0.0,1.0
tw-c99ba3ab2fe7,CBS,53.97,-0.0075968130442837,-0.0138966092273485,-0.0259403372243838,14.618,28.189,0.5833333333333334,1.0
tw-cb1a9cb2d6c8,Google,1217.41,0.0037292284439917,-0.0012814088926492,0.0334562719215383,13.794,21.143,0.0,-1.0
tw-4420b1da532f,PayPal,86.22,-0.0054511714219438,-0.0089306425423335,0.0175133379726282,18.043,27.501,-0.1818181818181818,-1.0
tw-f1b37e4a748f,Facebook,172.62,-0.0006951685783802,0.0068358243540725,0.0491831769204032,15.75,67.734,0.1,1.0
tw-26a07a409da1,Microsoft,105.98,0.0083978109077184,0.0150971881487072,0.0337799584827325,13.359000000000002,19.432,0.0,1.0
tw-51f537742916,HP,24.49,0.0020416496529195,0.0020416496529195,-0.0138832176398529,13.888,14.425,0.0,1.0
tw-85c7f581386f,Walmart,96.08,-0.0008326394671107,0.0184221482098251,-0.0544338051623647,52.541,29.29,-0.1,1.0
tw-4996be38122e,PayPal,86.22,-0.0054511714219438,-0.0089306425423335,0.0175133379726282,18.043,27.501,0.0,-1.0
tw-4175899bb662,Starbucks,54.0,-0.0014814814814814,-0.0081481481481481,-0.026111111111111,10.086,14.088,0.0,1.0
tw-5f80cc3f255b,McDonald's,161.04,0.0039741679085942,0.0006830601092897,-0.0027322404371584,12.002,12.712,0.2625,-1.0
tw-a249e35815c1,Google,1217.41,0.0037292284439917,-0.0012814088926492,0.0334562719215383,13.794,21.143,0.5,-1.0
tw-8311c32db3a5,Microsoft,105.98,0.0083978109077184,0.0150971881487072,0.0337799584827325,13.359000000000002,19.432,0.1,1.0
tw-255073584d78,adidas,210.1,-0.0052356020942408,-0.0128510233222274,-0.0033317467872441,46.514,28.772,0.25,-1.0
tw-41a0fd1d8f7e,Microsoft,105.98,0.0083978109077184,0.0150971881487072,0.0337799584827325,13.359000000000002,19.432,0.0,1.0
tw-db2a715f2d98,CBS,53.97,-0.0075968130442837,-0.0138966092273485,-0.0259403372243838,14.618,28.189,-0.25,-1.0
tw-3c645255b92e,Microsoft,105.98,0.0083978109077184,0.0150971881487072,0.0337799584827325,13.359000000000002,19.432,0.0,1.0
tw-095648e84c65,Microsoft,105.98,0.0083978109077184,0.0150971881487072,0.0337799584827325,13.359000000000002,19.432,0.1028409090909091,1.0
tw-c65e40588847,adidas,210.1,-0.0052356020942408,-0.0128510233222274,-0.0033317467872441,46.514,28.772,0.1704545454545454,-1.0
tw-f7de6d6846b9,CBS,53.97,-0.0075968130442837,-0.0138966092273485,-0.0259403372243838,14.618,28.189,0.05,1.0
tw-de8d6ba39cc2,McDonald's,161.04,0.0039741679085942,0.0006830601092897,-0.0027322404371584,12.002,12.712,0.1363636363636363,1.0
tw-3d26b876420d,Nike,82.95,-0.0092827004219408,-0.0385774562989753,-0.0338758288125377,19.52,17.298,0.0,1.0
tw-0ea9bf73e049,Microsoft,105.98,0.0083978109077184,0.0150971881487072,0.0337799584827325,13.359000000000002,19.432,0.0,1.0
tw-a3df41073b41,Microsoft,105.98,0.0083978109077184,0.0150971881487072,0.0337799584827325,13.359000000000002,19.432,0.1590909090909091,1.0
tw-6240b78bad45,PayPal,86.22,-0.0054511714219438,-0.0089306425423335,0.0175133379726282,18.043,27.501,0.4666666666666666,-1.0
tw-2bc13a97872c,Honda,3384.0,-0.0186170212765957,-0.0209810874704491,-0.0289598108747044,24.558000000000003,20.794,0.3,-1.0
tw-1c70712cf253,Honda,3384.0,-0.0186170212765957,-0.0209810874704491,-0.0289598108747044,24.558000000000003,20.794,0.0,-1.0
tw-d5475700e39d,Microsoft,107.06,-0.0100878012329534,0.0048570894825331,0.0056043340183074,15.112,18.624,0.1681818181818181,1.0
tw-c4662d893c7e,Reuters,47.4502,0.0009272879777113,-0.0032497228673429,-0.017409831781531,12.889,13.826,0.0,1.0
tw-56f6049466ed,HP,24.49,0.0,0.0020416496529195,-0.0187831768068598,13.713,13.294,0.0,-1.0
tw-1c79924c0b0d,Honda,3384.0,-0.0186170212765957,-0.0209810874704491,-0.0289598108747044,24.558000000000003,20.794,0.2242424242424242,1.0
tw-fcf9c32a7c24,adidas,209.7,0.0019074868860276,-0.0109680495946589,-0.0162136385312349,16.046,28.744,0.3,-1.0
tw-f0f9510d1128,Microsoft,107.06,-0.0100878012329534,0.0048570894825331,0.0056043340183074,15.112,18.624,-0.1666666666666666,-1.0
tw-370f17d92eea,BMW,82.09,0.0090144962845656,-0.0076745035936168,-0.0090144962845658,15.325,17.766,0.25,1.0
tw-cd806e52d081,Next,5454.0,-0.0036670333700036,0.0011001100110011,0.0018335166850018,15.193,27.669,0.0,-1.0
tw-efdff04c3407,Nike,82.64,0.0037512100677638,-0.0349709583736689,-0.0371490803484996,19.47,17.384,0.0,1.0
tw-b4910671c07b,Starbucks,52.82,0.0223400227186671,0.0140098447557743,-0.0013252555850056,17.634,15.906,-0.125,-1.0
tw-057d2b51473a,Intel,47.05,0.0121147715196599,0.0010626992561106,0.0087141339001063,21.712,31.068,0.0,-1.0
tw-d6afc00e05a0,Reuters,47.4502,0.0009272879777113,-0.0032497228673429,-0.017409831781531,12.889,13.826,0.0,1.0
tw-60fec5d2d381,Microsoft,107.06,-0.0100878012329534,0.0048570894825331,0.0056043340183074,15.112,18.624,0.0,1.0
tw-4a787a00d3df,Samsung,46100.0,-0.0281995661605206,-0.0433839479392624,-0.0206073752711496,30.315,23.057,0.0,1.0
tw-e4e2de03e022,adidas,209.7,0.0019074868860276,-0.0109680495946589,-0.0162136385312349,16.046,28.744,0.5,-1.0
tw-29ca32845245,adidas,209.7,0.0019074868860276,-0.0109680495946589,-0.0162136385312349,16.046,28.744,0.2,-1.0
tw-7ca688ee072c,Facebook,173.64,-0.005874222529371,0.000921446671274,0.0339207555862705,17.152,67.32,0.1,1.0
tw-e1b86cbedb49,Microsoft,107.06,-0.0100878012329534,0.0048570894825331,0.0056043340183074,15.112,18.624,0.0,1.0
tw-5ad60ea1ab5d,HP,24.49,0.0,0.0020416496529195,-0.0187831768068598,13.713,13.294,-1.0,-1.0
tw-3fa909f05920,PayPal,86.95,-0.0083956296722254,-0.0172512938470385,-0.0202415181138586,18.487,25.705,-0.5,1.0
tw-585c00d4d35f,Reuters,47.4502,0.0009272879777113,-0.0032497228673429,-0.017409831781531,12.889,13.826,0.0,1.0
tw-fb84a412eb31,eBay,34.7,-0.0048991354466859,-0.019884726224784,-0.0242074927953891,16.105,35.44,-0.0833333333333333,1.0
tw-8215b19858db,BMW,82.09,0.0090144962845656,-0.0076745035936168,-0.0090144962845658,15.325,17.766,0.0,1.0
tw-991ba0c7370d,CBS,53.38,0.0110528287748219,-0.002997377294867,-0.0108654926938929,15.543,28.284,0.0,1.0
tw-0cb25c0e8562,Facebook,173.64,-0.005874222529371,0.000921446671274,0.0339207555862705,17.152,67.32,0.0,1.0
tw-86b0c4ebb06b,Amazon,1904.9,-0.0112761824767704,-0.0119061368050816,-0.011696152028978,15.693,19.713,0.0681818181818181,-1.0
tw-df0fab913699,adidas,209.7,0.0019074868860276,-0.0109680495946589,-0.0162136385312349,16.046,28.744,0.0,-1.0
tw-f8b04ea85c86,Next,5454.0,-0.0036670333700036,0.0011001100110011,0.0018335166850018,15.193,27.669,0.0,-1.0
tw-1743059c95e8,Sony,5991.0,-0.0031714238023702,0.0081789350692705,0.0015022533800701,21.593000000000004,23.402,0.0,1.0
tw-ccdbb61861d9,Microsoft,107.06,-0.0100878012329534,0.0048570894825331,0.0056043340183074,15.112,18.624,0.35,-1.0
tw-de4ee6bf1599,Intel,47.05,0.0121147715196599,0.0010626992561106,0.0087141339001063,21.712,31.068,0.0,1.0
tw-593258631c81,Honda,3384.0,-0.0186170212765957,-0.0209810874704491,-0.0289598108747044,24.558000000000003,20.794,0.0,-1.0
tw-e2b82539130c,Sony,5991.0,-0.0031714238023702,0.0081789350692705,0.0015022533800701,21.593000000000004,23.402,0.1363636363636363,1.0
tw-46f212783e66,adidas,209.7,0.0019074868860276,-0.0109680495946589,-0.0162136385312349,16.046,28.744,0.0,-1.0
tw-2e93272a40a3,Toyota,6879.0,-0.0225323448175606,-0.0110481174589329,-0.009303677860154,19.905,19.061,0.0,-1.0
tw-31403d4befbb,Honda,3384.0,-0.0186170212765957,-0.0209810874704491,-0.0289598108747044,24.558000000000003,20.794,0.0,1.0
tw-b74d36a3d1bd,Facebook,173.64,-0.005874222529371,0.000921446671274,0.0339207555862705,17.152,67.32,0.1534090909090908,1.0
tw-02b74970af5b,Toyota,6879.0,-0.0225323448175606,-0.0110481174589329,-0.009303677860154,19.905,19.061,0.0,1.0
tw-e3a791511b44,Amazon,1904.9,-0.0112761824767704,-0.0119061368050816,-0.011696152028978,15.693,19.713,-0.0666666666666666,1.0
tw-3f52517c68a4,Facebook,172.9,0.0042799305957199,-0.0023134759976865,0.0104106419895892,16.122,67.277,0.0,-1.0
tw-c5554c469241,Honda,3318.0,0.0198915009041591,-0.0012055455093429,-0.0078360458107293,26.764,21.673,0.25,1.0
tw-609ab3ee20ad,BMW,81.06,0.0127066370589686,0.0085122131754255,0.0094991364421415,14.998,18.175,0.075,-1.0
tw-deb5d520c1d0,adidas,211.7,-0.009447331128956,-0.0127538970240906,-0.0136986301369861,14.973,28.505,-0.762939453125,-1.0
tw-114b5e85e7b0,McDonald's,159.05,0.0094309965419679,0.0165356806035837,0.0168500471549825,13.231,13.002,0.0,-1.0
tw-584ef1932a04,HP,24.63,-0.0056841250507511,-0.0036540803897685,-0.0198944376776288,13.390999999999998,13.223,0.0,1.0
tw-c244907e3e3d,Toyota,6802.0,0.0113201999411937,-0.0061746545133784,-0.0039694207586004,20.482,18.665,-0.025,1.0
tw-83c418f04575,Honda,3318.0,0.0198915009041591,-0.0012055455093429,-0.0078360458107293,26.764,21.673,0.0,1.0
tw-e74eb1e28323,HP,24.63,-0.0056841250507511,-0.0036540803897685,-0.0198944376776288,13.390999999999998,13.223,0.0,1.0
tw-7b09aca0f011,HP,24.63,-0.0056841250507511,-0.0036540803897685,-0.0198944376776288,13.390999999999998,13.223,0.0,-1.0
tw-75279d8deb4a,Netflix,339.17,0.0155379308311465,-0.0337293982368723,-0.0493262965474541,38.419,35.371,0.0,1.0
tw-c0117266068a,eBay,34.4,0.0087209302325582,-0.0110465116279068,-0.0183139534883719,17.004,35.457,-0.5,-1.0
tw-d9580fdcd926,adidas,211.7,-0.009447331128956,-0.0127538970240906,-0.0136986301369861,14.973,28.505,0.1166666666666666,1.0
tw-0cc77b82cc0d,HP,24.63,-0.0056841250507511,-0.0036540803897685,-0.0198944376776288,13.390999999999998,13.223,0.0,-1.0
tw-03c5c56ea8d7,Apple,215.49,-0.0020418580908626,-0.0001392175971042,-0.0100700728572092,14.12,21.961,0.2121212121212121,1.0
tw-e0308d0ade81,Netflix,339.17,0.0155379308311465,-0.0337293982368723,-0.0493262965474541,38.419,35.371,0.35,1.0
tw-1009608d5cdd,Walmart,95.18,0.0051481403656229,0.0086152553057364,0.0363521748266441,52.176,29.303,0.65,1.0
tw-9a88100ecd59,Netflix,339.17,0.0155379308311465,-0.0337293982368723,-0.0493262965474541,38.419,35.371,0.0,1.0
tw-0806dd11fafe,adidas,211.7,-0.009447331128956,-0.0127538970240906,-0.0136986301369861,14.973,28.505,0.0,1.0
tw-338fc84478f3,Next,5432.0,0.0040500736377025,0.0051546391752577,0.0169366715758468,14.494000000000002,27.368,0.0,-1.0
tw-3216d258dc3a,Reuters,47.2078,0.0051347446820229,0.0081660234113854,-0.0058316634115549,12.181,13.85,-0.3,1.0
tw-7f6e996584d8,HP,24.63,-0.0056841250507511,-0.0036540803897685,-0.0198944376776288,13.390999999999998,13.223,0.25,1.0
tw-37ab2c91407f,adidas,211.7,-0.009447331128956,-0.0127538970240906,-0.0136986301369861,14.973,28.505,0.0,-1.0
tw-bf14b3d0105a,PayPal,87.38,-0.0049210345616845,-0.0186541542687113,-0.023575188830396,18.659,25.484,0.5,-1.0
tw-fa786ec88651,Microsoft,107.56,-0.0046485682409817,-0.0064150241725548,0.000743770918557,15.42,18.356,0.0,-1.0
tw-31be46a5248e,BMW,81.06,0.0127066370589686,0.0085122131754255,0.0094991364421415,14.998,18.175,0.38,1.0
tw-f5b526a313ff,Next,5432.0,0.0040500736377025,0.0051546391752577,0.0169366715758468,14.494000000000002,27.368,-0.15,1.0
tw-2dfe6e806068,Honda,3318.0,0.0198915009041591,-0.0012055455093429,-0.0078360458107293,26.764,21.673,0.0,1.0
tw-1fe1176a1218,Next,5432.0,0.0040500736377025,0.0051546391752577,0.0169366715758468,14.494000000000002,27.368,0.0,1.0
tw-87222d7346b2,Samsung,46200.0,-0.0021645021645021,-0.0508658008658008,-0.0422077922077922,30.316,22.809,0.0,1.0
tw-e0487e4d52d0,Ford,9.63,0.0062305295950154,0.0093457943925233,-0.0124610591900312,24.165,25.625,0.1428571428571428,1.0
tw-4cb50f6dc973,Reuters,47.2078,0.0051347446820229,0.0081660234113854,-0.0058316634115549,12.181,13.85,-0.2,1.0
tw-9183f718687d,Microsoft,107.56,-0.0046485682409817,-0.0064150241725548,0.000743770918557,15.42,18.356,-0.2,-1.0
tw-f98ccb34ba6b,Amazon,1902.9,0.0010510273792632,-0.013763203531452,-0.0086079142361659,15.189,19.609,0.0,-1.0
tw-15ce0c0c2130,Netflix,339.17,0.0155379308311465,-0.0337293982368723,-0.0493262965474541,38.419,35.371,0.2,1.0
tw-21db2fa8c364,Walmart,95.18,0.0051481403656229,0.0086152553057364,0.0363521748266441,52.176,29.303,-0.125,-1.0
tw-f530d18f41b2,Toyota,6802.0,0.0113201999411937,-0.0061746545133784,-0.0039694207586004,20.482,18.665,0.3181818181818182,-1.0
tw-d2f23c81b77d,Reuters,47.2078,0.0051347446820229,0.0081660234113854,-0.0058316634115549,12.181,13.85,0.0,1.0
tw-f3034a2b989f,Netflix,339.17,0.0155379308311465,-0.0337293982368723,-0.0493262965474541,38.419,35.371,0.1363636363636363,1.0
tw-d032aa84e797,HP,24.15,0.0198757763975155,0.0140786749482401,0.0161490683229813,17.378,14.502,0.0,-1.0
tw-c67662297231,McDonald's,159.38,-0.0020705232777009,0.0104153595181327,0.0111055339440331,13.064,13.005999999999998,-0.25,-1.0
tw-548ba6d10ab6,McDonald's,159.38,-0.0020705232777009,0.0104153595181327,0.0111055339440331,13.064,13.005999999999998,0.5,-1.0
tw-2cfc9689b854,Amazon,1905.39,-0.0013068190764095,-0.0115304478348264,-0.012160240160807,14.976,19.578,0.65,1.0
tw-79011e71ec4b,Walmart,94.95,0.0024223275408109,0.0119010005265928,0.0305423907319641,51.94300000000001,29.327,0.0,-1.0
tw-cefe19ff846b,Apple,216.16,-0.0030995558845299,-0.005181347150259,0.0065692079940785,14.061,21.877,0.8,1.0
tw-ccf93682b0c3,Toyota,6830.0,-0.0040995607613469,-0.015519765739385,-0.0039531478770131,17.176,18.595,0.6125,-1.0
tw-4eec9637b1c8,Microsoft,108.4,-0.0077490774907749,-0.0223247232472324,-0.0075645756457565,15.702,18.389,0.8,-1.0
tw-aa2b7550b456,Amazon,1905.39,-0.0013068190764095,-0.0115304478348264,-0.012160240160807,14.976,19.578,0.2142857142857142,-1.0
tw-7b23a529b4a4,Amazon,1905.39,-0.0013068190764095,-0.0115304478348264,-0.012160240160807,14.976,19.578,0.2142857142857142,-1.0
tw-f90949ca39ea,CBS,53.1,-0.0041431261770244,0.0163841807909604,0.0022598870056496,11.285,28.433000000000003,0.025,1.0
tw-5323d188443d,Netflix,358.82,-0.0547628337327907,-0.0579677832896717,-0.1171618081489326,48.714,39.63,0.5,1.0
tw-999110915bb2,Apple,216.16,-0.0030995558845299,-0.005181347150259,0.0065692079940785,14.061,21.877,0.0,1.0
tw-315a56c1cc86,HP,24.15,0.0198757763975155,0.0140786749482401,0.0161490683229813,17.378,14.502,0.1273809523809523,1.0
tw-cb6bcf689623,Reuters,47.2739,-0.0013982345437968,0.0046600767019433,0.0004674884026917,11.336,13.829,0.0,1.0
tw-5fde6c7697a2,Amazon,1905.39,-0.0013068190764095,-0.0115304478348264,-0.012160240160807,14.976,19.578,-0.3125,-1.0
tw-38365b446b9c,PayPal,90.1,-0.030188679245283,-0.0430632630410654,-0.0516093229744727,24.70300000000001,27.093000000000004,0.3333333333333333,1.0
tw-2d5d5a7346a7,Intel,47.66,-0.0142677297524129,-0.0008392782207301,-0.0117498950902223,20.804,31.536,0.0,1.0
tw-3444e3aa6cfc,Google,1236.75,-0.0126056195674145,-0.0156377602587426,-0.0168991307863352,15.95,20.028,-1.0,1.0
tw-6c47535f90fa,Sony,6055.0,-0.0117258464079273,-0.0137076796036333,-0.0024772914946325,16.267,21.626,0.0,-1.0
tw-e627052ceb82,Apple,216.16,-0.0030995558845299,-0.005181347150259,0.0065692079940785,14.061,21.877,0.0,1.0
tw-d5412bdf71a3,BMW,81.14,-0.0009859502095143,0.020828198175992,0.0039438008380575,15.151,18.038,0.0,-1.0
tw-92345cb69882,Netflix,358.82,-0.0547628337327907,-0.0579677832896717,-0.1171618081489326,48.714,39.63,0.0,1.0
tw-41ffbaf702e6,Google,1236.75,-0.0126056195674145,-0.0156377602587426,-0.0168991307863352,15.95,20.028,0.0,1.0
tw-846c1bbb55b4,Microsoft,108.4,-0.0077490774907749,-0.0223247232472324,-0.0075645756457565,15.702,18.389,0.5,1.0
tw-751cd2d89714,Nike,82.45,0.0055791388720435,0.0060642813826561,-0.0327471194663432,18.524,17.517,0.1363636363636363,1.0
tw-a8e39c7b7550,Samsung,46150.0,0.0010834236186348,-0.0292524377031419,-0.0444203683640303,23.969,21.841,-0.1,-1.0
tw-9fa95076c2cd,Netflix,358.82,-0.0547628337327907,-0.0579677832896717,-0.1171618081489326,48.714,39.63,0.2,-1.0
tw-e469990933b3,Facebook,174.645,-0.0099916974433851,-0.0115949497552177,-0.0048383864410661,17.929000000000006,67.435,0.0,-1.0
tw-e9693ad15c31,Samsung,46150.0,0.0010834236186348,-0.0292524377031419,-0.0444203683640303,23.969,21.841,0.0,-1.0
tw-dd405713ff8c,Samsung,46150.0,0.0010834236186348,-0.0292524377031419,-0.0444203683640303,23.969,21.841,0.25,1.0
tw-638c40fb0001,Sony,6055.0,-0.0117258464079273,-0.0137076796036333,-0.0024772914946325,16.267,21.626,0.4,1.0
tw-df77d09ce3e9,Starbucks,52.75,-0.0017061611374408,0.0236966824644549,0.0153554502369668,16.807000000000002,13.216,0.0,1.0
tw-f6862713656d,CBS,53.1,-0.0041431261770244,0.0163841807909604,0.0022598870056496,11.285,28.433000000000003,-0.6,-1.0
tw-da2668e7f680,BMW,81.14,-0.0009859502095143,0.020828198175992,0.0039438008380575,15.151,18.038,0.0,-1.0
tw-7aabc4bcc180,BMW,81.14,-0.0009859502095143,0.020828198175992,0.0039438008380575,15.151,18.038,0.0,1.0
tw-d32c944b009b,Amazon,1905.39,-0.0013068190764095,-0.0115304478348264,-0.012160240160807,14.976,19.578,0.0,1.0
tw-83db78ff2477,adidas,213.9,-0.0102851799906499,-0.0177653108929406,-0.0303880317905563,14.666,28.554,0.0,1.0
tw-78cc5c823c37,Apple,216.16,0.0,-0.0051350851221316,0.0065692079940785,14.061,21.877,0.0,-1.0
tw-67e151213259,CBS,53.1,0.0,0.0052730696798493,0.0022598870056496,11.285,28.433000000000003,0.0,-1.0
tw-ef8dac2dcb39,CBS,53.1,0.0,0.0052730696798493,0.0022598870056496,11.285,28.433000000000003,0.0,-1.0
tw-5d90d1ceb0d0,Walmart,94.95,0.0,0.0075829383886255,0.0305423907319641,51.94300000000001,29.327,0.85,1.0
tw-462e32d33de4,HP,24.15,0.0,0.0140786749482401,0.0161490683229813,17.378,14.502,0.5,-1.0
tw-af6bb67cee65,Google,1236.75,0.0,-0.0121285627653123,-0.0168991307863352,15.95,20.028,0.0,-1.0
tw-1a1ae823daff,Amazon,1905.39,0.0,-0.0002571651997753,-0.012160240160807,14.976,19.578,-0.625,-1.0
tw-3269ac14f98d,Sony,6055.0,0.0,-0.0105697770437654,-0.0024772914946325,16.267,21.626,0.3833333333333333,-1.0
tw-efcb5dd7dac1,Intel,47.66,0.0,-0.0127989928661351,-0.0117498950902223,20.804,31.536,0.0,-1.0
tw-e7457eb95851,Disney,111.93,0.0,8.934155275610564e-05,0.0049137854015902,5.444,13.82,0.0,1.0
tw-4cb24e4db796,Amazon,1905.39,0.0,-0.0002571651997753,-0.012160240160807,14.976,19.578,0.0,-1.0
tw-3e77ccb9cd62,Microsoft,108.4,0.0,-0.0123616236162361,-0.0075645756457565,15.702,18.389,0.175,-1.0
tw-5dab00801c90,Walmart,94.95,0.0,0.0075829383886255,0.0305423907319641,51.94300000000001,29.327,0.0,1.0
tw-20cc2b9b1113,Next,5470.0,0.0,-0.0029250457038391,-0.0018281535648994,13.297,27.476,0.0681818181818181,-1.0
tw-b760cb7fcd8e,Next,5470.0,0.0,-0.0029250457038391,-0.0018281535648994,13.297,27.476,0.0,1.0
tw-b324558f3d09,Nike,82.45,0.0,0.0023044269254093,-0.0327471194663432,18.524,17.517,0.0,1.0
tw-99c65557cceb,Microsoft,108.4,0.0,-0.0123616236162361,-0.0075645756457565,15.702,18.389,0.0,1.0
tw-001901096a15,Ford,9.68,0.0,0.0010330578512396,-0.0134297520661156,17.369,25.678,0.0,1.0
tw-8d1c573ef18a,Facebook,174.645,0.0,-0.0057545306192563,-0.0048383864410661,17.929000000000006,67.435,0.0,1.0
tw-2de7529b0969,Toyota,6830.0,0.0,0.0071742313323572,-0.0039531478770131,17.176,18.595,0.0,1.0
tw-5cf500a42b9a,PayPal,90.1,0.0,-0.0349611542730298,-0.0516093229744727,24.70300000000001,27.093000000000004,0.3125,1.0
tw-0cc989fff69e,Samsung,46150.0,0.0,-0.0010834236186348,-0.0444203683640303,23.969,21.841,0.6,1.0
tw-e665cd91b627,Samsung,46150.0,0.0,-0.0010834236186348,-0.0444203683640303,23.969,21.841,0.0,-1.0
tw-2d5c165f9e13,CBS,53.1,0.0,0.0052730696798493,0.0022598870056496,11.285,28.433000000000003,0.0,1.0
tw-4dc9ed3d3144,Disney,111.93,0.0,8.934155275610564e-05,0.0049137854015902,5.444,13.82,0.0,1.0
tw-26df34707039,Apple,216.16,0.0,-0.0051350851221316,0.0065692079940785,14.061,21.877,0.1363636363636363,-1.0
tw-97e2d508d88c,HP,24.15,0.0,0.0140786749482401,0.0161490683229813,17.378,14.502,0.0,-1.0
tw-768be3afa05d,Amazon,1905.39,0.0,-0.0002571651997753,-0.012160240160807,14.976,19.578,0.0,1.0
tw-62c7dc4bcd9f,Facebook,174.645,0.0,-0.0057545306192563,-0.0048383864410661,17.929000000000006,67.435,-0.1555555555555556,1.0
tw-7100cea0b121,PayPal,90.1,0.0,-0.0349611542730298,-0.0516093229744727,24.70300000000001,27.093000000000004,0.25,1.0
tw-391269d5b142,Toyota,6830.0,0.0,0.0071742313323572,-0.0039531478770131,17.176,18.595,0.0,-1.0
tw-ca4581178eea,CBS,53.1,0.0,0.0052730696798493,0.0022598870056496,11.285,28.433000000000003,0.0,1.0
tw-48615cd5bc11,PayPal,90.1,0.0,-0.0349611542730298,-0.0516093229744727,24.70300000000001,27.093000000000004,-0.4125,-1.0
tw-d9fe2725c1b5,Intel,47.66,0.0,-0.0127989928661351,-0.0117498950902223,20.804,31.536,-0.4,-1.0
tw-8f56d31c82da,Samsung,46150.0,0.0,-0.0010834236186348,-0.0444203683640303,23.969,21.841,0.0,1.0
tw-7f6592a941b6,Samsung,46150.0,0.0,-0.0010834236186348,-0.0444203683640303,23.969,21.841,0.0,-1.0
tw-e649afb29f9d,Next,5470.0,0.0,-0.0029250457038391,-0.0018281535648994,13.297,27.476,0.0,1.0
tw-b82ddb6571e6,adidas,213.9,0.0,-0.0196353436185134,-0.0303880317905563,14.666,28.554,0.0,1.0
tw-2cd9f0a21819,CBS,53.1,0.0,0.0052730696798493,0.0022598870056496,11.285,28.433000000000003,0.125,1.0
tw-1b3045e971bb,Amazon,1905.39,0.0,-0.0013068190764095,-0.012160240160807,14.976,19.578,0.1,1.0
tw-49aca72eef8c,Microsoft,108.4,0.0,-0.0077490774907749,-0.0075645756457565,15.702,18.389,0.35,1.0
tw-a5cb3e1c05c5,Next,5470.0,0.0,-0.0069469835466179,-0.0018281535648994,13.297,27.476,0.2121212121212121,-1.0
tw-4e7bffa26eb8,Sony,6055.0,0.0,-0.0117258464079273,-0.0024772914946325,16.267,21.626,0.0,1.0
tw-47b7c4dadbce,PayPal,90.1,0.0,-0.030188679245283,-0.0516093229744727,24.70300000000001,27.093000000000004,0.0,-1.0
tw-19af2a9c732d,HP,24.15,0.0,0.0198757763975155,0.0161490683229813,17.378,14.502,0.5,-1.0
tw-eb87bba2757e,CBS,53.1,0.0,-0.0041431261770244,0.0022598870056496,11.285,28.433000000000003,0.0,1.0
tw-c7b8b8122e7a,Facebook,174.645,0.0,-0.0099916974433851,-0.0048383864410661,17.929000000000006,67.435,0.5,-1.0
tw-dbdef2ea0336,Walmart,94.95,0.0,0.0024223275408109,0.0305423907319641,51.94300000000001,29.327,0.0,1.0
tw-35421bde5914,Microsoft,108.4,0.0,-0.0077490774907749,-0.0075645756457565,15.702,18.389,0.0,-1.0
tw-d477bab29dbd,Next,5470.0,0.0,-0.0069469835466179,-0.0018281535648994,13.297,27.476,0.0,-1.0
tw-964543fd6111,Honda,3290.0,0.0,0.0085106382978723,0.0069908814589665,21.792,21.63300000000001,-0.2,1.0
tw-01f9110a7088,Walmart,94.95,0.0,0.0024223275408109,0.0305423907319641,51.94300000000001,29.327,-1.0,1.0
tw-d44b101c9f3d,Reuters,47.2739,0.0,-0.0013982345437968,0.0004674884026917,11.336,13.829,0.0,-1.0
tw-f4b5433c29a6,Ford,9.68,0.0,-0.0051652892561982,-0.0134297520661156,17.369,25.678,0.0,-1.0
tw-7a775a6f8cfc,Netflix,358.82,0.0,-0.0547628337327907,-0.1171618081489326,48.714,39.63,0.0,1.0
tw-2f8304130f19,Amazon,1905.39,0.0,-0.0013068190764095,-0.012160240160807,14.976,19.578,0.0,-1.0
tw-83ea25b56576,Next,5470.0,0.0,-0.0069469835466179,-0.0018281535648994,13.297,27.476,0.0,1.0
tw-7f583f7d42c6,Netflix,358.82,0.0,-0.0547628337327907,-0.1171618081489326,48.714,39.63,0.0,1.0
tw-6c623636be28,Netflix,358.82,0.0,-0.0547628337327907,-0.1171618081489326,48.714,39.63,0.0,1.0
tw-9a00615a4a6b,PayPal,90.1,0.0,-0.030188679245283,-0.0516093229744727,24.70300000000001,27.093000000000004,-0.5,1.0
tw-9958463167e4,Facebook,174.645,0.0,-0.0099916974433851,-0.0048383864410661,17.929000000000006,67.435,0.6000000000000001,-1.0
tw-f3ef9a8d42fe,Samsung,46150.0,0.0,0.0010834236186348,-0.0444203683640303,23.969,21.841,0.1,-1.0
tw-74b84f6701a8,adidas,213.9,0.0,-0.0102851799906499,-0.0303880317905563,14.666,28.554,0.0,1.0
tw-a441a48613f0,Walmart,94.95,0.0,0.0024223275408109,0.0305423907319641,51.94300000000001,29.327,-0.2,1.0
tw-e82928514732,Netflix,358.82,0.0,-0.0547628337327907,-0.1171618081489326,48.714,39.63,0.0,-1.0
tw-6309cb847166,Google,1236.75,0.0,-0.0126056195674145,-0.0168991307863352,15.95,20.028,0.0,-1.0
tw-c99ad7102254,BMW,81.14,0.0,-0.0009859502095143,0.0039438008380575,15.151,18.038,0.0916666666666666,-1.0
tw-e5d046e3909d,Toyota,6966.0,-0.0195233993683606,-0.0195233993683606,-0.0295722078667815,19.742,19.205,0.0,1.0
tw-5c1499b1b8dd,Honda,3335.0,-0.0134932533733133,-0.0134932533733133,-0.0062968515742128,20.347,21.839,0.0,-1.0
tw-7f4af6115256,adidas,215.6,-0.0078849721706864,-0.0078849721706864,-0.0306122448979591,14.735,27.987,0.35,1.0
tw-e314179f9eb9,CBS,53.66,-0.0104360790160267,-0.0104360790160267,-0.0018635855385761,11.954,28.546,-0.3,1.0
tw-488bebde33e2,Intel,48.35,-0.0142709410548087,-0.0142709410548087,-0.0382626680455015,22.22,31.954,-0.4,-1.0
tw-213f819f4889,Disney,112.33,-0.0035609365263063,-0.0035609365263063,-0.0030267960473604,4.814,13.849,0.0181818181818181,-1.0
tw-1f6fa41cfe0b,Toyota,6966.0,-0.0195233993683606,-0.0195233993683606,-0.0295722078667815,19.742,19.205,0.0,-1.0
tw-e3fa020bb693,Microsoft,109.6,-0.0109489051094889,-0.0109489051094889,-0.0249087591240875,15.365,18.442,0.0,1.0
tw-129a54bcefd3,McDonald's,160.48,-0.0068544366899301,-0.0068544366899301,0.0074775672981057,10.526,13.042,0.025,1.0
tw-a7e2058ce300,Next,5470.0,0.0,0.0,-0.0018281535648994,13.297,27.476,0.0,-1.0
tw-990603fb5776,Apple,217.94,-0.0081673855189501,-0.0081673855189501,-0.0113792787005597,14.26,21.903,0.0,-1.0
tw-b5afb3a1b73e,Apple,217.94,-0.0081673855189501,-0.0081673855189501,-0.0113792787005597,14.26,21.903,0.2166666666666666,-1.0
tw-3cbe58c3226e,Next,5470.0,0.0,0.0,-0.0018281535648994,13.297,27.476,0.0,1.0
tw-3134198e91e8,Next,5470.0,0.0,0.0,-0.0018281535648994,13.297,27.476,0.0,-1.0
tw-cf17135bae76,Netflix,364.58,-0.0157990015908716,-0.0157990015908716,-0.1010752098304898,47.848,36.853,0.0,1.0
tw-0ed73053f5ea,adidas,215.6,-0.0078849721706864,-0.0078849721706864,-0.0306122448979591,14.735,27.987,0.0,1.0
tw-af0528f35d58,Facebook,177.46,-0.0158627296292122,-0.0158627296292122,-0.0279499605544911,20.296,67.512,0.1666666666666666,-1.0
tw-bf486156dd02,Samsung,46300.0,-0.0032397408207343,-0.0032397408207343,-0.0529157667386609,23.262,21.664,0.3,1.0
tw-6f4578925907,Disney,112.33,-0.0035609365263063,-0.0035609365263063,-0.0030267960473604,4.814,13.849,0.5,-1.0
tw-d3fe54fdebb7,Next,5470.0,0.0,0.0,-0.0018281535648994,13.297,27.476,0.0,-1.0
tw-9e9c0c3e9ae6,HP,24.49,-0.0065332788893425,-0.0138832176398529,0.0,15.851,14.681,-0.15,-1.0
tw-86893639ca1a,Walmart,96.07,-0.0159258873737898,-0.0116581659206827,0.000104090767149,51.87300000000001,29.635,0.8,1.0
tw-70ff99324965,BMW,84.36,-0.0138691322901849,-0.0381697486960644,-0.0181365576102418,19.349,19.363,0.4,-1.0
tw-da1a726cf6ff,Next,5542.0,-0.0129916997473836,-0.0129916997473836,-0.0194875496210754,15.384,27.312,0.25,-1.0
tw-84ec81ee934d,HP,24.49,-0.0065332788893425,-0.0138832176398529,0.0,15.851,14.681,0.1,-1.0
tw-3af6892d16d2,Disney,112.58,-0.0022206430982412,-0.0057736720554271,-0.0016876887546633,4.982,13.829,0.4000000000000001,-1.0
tw-3780cf50adb6,CBS,53.39,0.0050571268027719,-0.0054317287881625,0.0108634575763251,12.479,28.49,0.0,1.0
tw-1e5f1c2ecee0,Apple,219.7,-0.0080109239872553,-0.0161128812016385,-0.021210741920801,14.34,21.705,0.0,1.0
tw-c13e6c06bcdf,Reuters,49.1904,-0.0313475800156126,-0.0389608541504033,-0.034482338017174,17.416,16.730999999999998,0.0,1.0
tw-78e47e0e3620,Starbucks,53.05,-0.0015080113100847,-0.005655042412818,0.0179076343072573,14.96,13.093,0.4,1.0
tw-a10bf260a69c,Facebook,176.26,0.0068081243617384,-0.009162600703506,-0.0206513105639395,20.117,67.507,0.0,1.0
tw-0b62d10ebc41,McDonald's,161.64,-0.0071764414748824,-0.013981687701064,-0.0037119524870081,10.807,12.691,0.8,1.0
tw-d794535a67dc,PayPal,90.61,-0.007063238053195,-0.0056285178236398,-0.0484493985211345,15.206,27.00800000000001,0.3333333333333333,1.0
tw-d7f9186f95b5,Toyota,7026.0,-0.0085397096498719,-0.0278963848562482,-0.0429832052376885,19.268,18.894,0.0,1.0
tw-29151a50ef33,Google,1245.86,0.0083556739922624,-0.0073122180662352,-0.0228356316118984,14.001,20.346,0.0,-1.0
tw-1bd2b34dea12,Microsoft,110.26,-0.0059858516234356,-0.0168692182115,-0.0388173408307636,11.303,18.278,0.35,1.0
tw-7f8c65bc4f6f,BMW,84.36,-0.0138691322901849,-0.0381697486960644,-0.0181365576102418,19.349,19.363,-0.1666666666666666,-1.0
tw-136a48f49e6c,adidas,215.9,-0.0013895321908291,-0.0092635479388605,-0.0268642890226957,10.075,27.809,-0.020021645021645,1.0
tw-f87b7642b685,Google,1245.86,0.0083556739922624,-0.0073122180662352,-0.0228356316118984,14.001,20.346,-0.4000000000000001,1.0
tw-d783cce9a6b0,Facebook,176.26,0.0068081243617384,-0.009162600703506,-0.0206513105639395,20.117,67.507,-0.3,1.0
tw-b41e59723aa7,Microsoft,110.26,-0.0059858516234356,-0.0168692182115,-0.0388173408307636,11.303,18.278,0.3,-1.0
tw-8b5118d78cae,Starbucks,53.05,-0.0015080113100847,-0.005655042412818,0.0179076343072573,14.96,13.093,-0.4000000000000001,-1.0
tw-b8290204f667,Starbucks,53.05,-0.0015080113100847,-0.005655042412818,0.0179076343072573,14.96,13.093,0.5,1.0
tw-034be72660e1,Sony,6173.0,-0.0004859873643285,-0.019115502996922,-0.0325611534100113,16.13,22.207,0.0,1.0
tw-3a2ef71e59e2,Amazon,1932.82,-0.0026593267867674,-0.0141916991752981,-0.0255585103630963,8.602,19.567,0.05,-1.0
tw-d95cc2fc2560,Facebook,176.26,0.0068081243617384,-0.009162600703506,-0.0206513105639395,20.117,67.507,0.45,-1.0
tw-3589281044b5,Walmart,96.07,-0.0159258873737898,-0.0116581659206827,0.000104090767149,51.87300000000001,29.635,0.3833333333333333,1.0
tw-bcb6112d9b58,PayPal,90.61,-0.007063238053195,-0.0056285178236398,-0.0484493985211345,15.206,27.00800000000001,0.3,-1.0
tw-37435c3ecdda,Facebook,176.26,0.0068081243617384,-0.009162600703506,-0.0206513105639395,20.117,67.507,-0.025,-1.0
tw-5891ba167f1a,Toyota,7026.0,-0.0085397096498719,-0.0278963848562482,-0.0429832052376885,19.268,18.894,0.125,1.0
tw-21166ca13a97,Starbucks,53.05,-0.0015080113100847,-0.005655042412818,0.0179076343072573,14.96,13.093,-0.3,-1.0
tw-98503f827bd4,HP,24.49,-0.0065332788893425,-0.0138832176398529,0.0,15.851,14.681,0.0,-1.0
tw-05d0cc033abf,HP,24.49,-0.0065332788893425,-0.0138832176398529,0.0,15.851,14.681,-0.1,-1.0
tw-47b64e6409bc,Nike,82.58,0.0008476628723662,-0.00157423104868,0.0044805037539356,17.545,16.941,0.0,1.0
tw-dceb22bc4fec,Facebook,175.9,0.0020466173962477,-0.0071347356452529,-0.0128482092097783,13.223,67.517,0.0,-1.0
tw-59af1679cdc1,Honda,3395.0,-0.005301914580265,-0.0309278350515463,-0.003240058910162,19.095,22.165,0.7,-1.0
tw-b82b16a0e3fd,Walmart,95.64,0.004496026767043,-0.0072145545796737,0.0003136762860727,14.765,29.647,0.0,-1.0
tw-3761a592bf3d,eBay,34.93,-0.0054394503292298,-0.011451474377326,-0.0065845977669624,10.067,15.092,-0.05,-1.0
tw-db99dde8a340,Walmart,95.64,0.004496026767043,-0.0072145545796737,0.0003136762860727,14.765,29.647,0.0,-1.0
tw-104d5cfd77cf,HP,25.08,-0.0235247208931419,-0.0370813397129186,-0.0235247208931419,19.722,15.295,0.0,-1.0
tw-dd05899abe50,Netflix,368.04,0.0012226931855232,-0.0250516248233888,-0.0641234648407782,38.718,35.785,0.0,1.0
tw-7c15ab9d9a6a,Facebook,175.9,0.0020466173962477,-0.0071347356452529,-0.0128482092097783,13.223,67.517,0.0,-1.0
tw-ccc76fda6bd4,Google,1264.65,-0.0148578658126755,-0.0220614399240897,-0.0339224291305895,14.848,20.392,0.0,1.0
tw-4424447151c0,Walmart,95.64,0.004496026767043,-0.0072145545796737,0.0003136762860727,14.765,29.647,0.0,1.0
tw-0510b595cc2f,McDonald's,163.11,-0.0090123229722274,-0.0228680031880327,-0.0156949298019741,10.106,12.858,0.0,-1.0
tw-aadf33453688,Amazon,1998.1,-0.0326710374856113,-0.0463990791251688,-0.0466443120964915,18.356,20.914,0.2142857142857142,-1.0
tw-b805fd83c19f,Honda,3395.0,-0.005301914580265,-0.0309278350515463,-0.003240058910162,19.095,22.165,0.1704545454545454,1.0
tw-6297d9ee2023,BMW,84.28,0.0009492168960607,-0.0372567631703844,-0.0259848125296629,19.485,19.344,0.0,1.0
tw-6e3535f49b11,Nike,82.79,-0.0025365382292548,-0.0041067761806981,-0.0018118130208963,17.523,16.929000000000002,0.0,-1.0
tw-6c37d9fa162b,Netflix,368.04,0.0012226931855232,-0.0250516248233888,-0.0641234648407782,38.718,35.785,0.0,1.0
tw-f6a3a18ac3ed,Starbucks,53.25,-0.0037558685446009,-0.0093896713615023,-0.008075117370892,14.806,13.094,0.2166666666666666,1.0
tw-67c3b7b20147,Starbucks,53.25,-0.0037558685446009,-0.0093896713615023,-0.008075117370892,14.806,13.094,0.0,1.0
tw-f76c30f2758e,Toyota,7070.0,-0.0062234794908062,-0.0339462517680339,-0.027015558698727,18.457,19.059,0.0,-1.0
tw-41bb2ee70dd0,Sony,6292.0,-0.0189129052765416,-0.0376668785759694,-0.0478385251112523,16.352999999999998,22.72300000000001,-0.3888888888888889,-1.0
tw-1c3723bd0e8c,Next,5532.0,0.0018076644974692,-0.0112075198843094,-0.0140997830802603,12.919,27.309,0.5,1.0
tw-7a884279b536,Samsung,46800.0,-0.0053418803418803,-0.0138888888888888,-0.0149572649572649,18.445,21.251,0.0,-1.0
tw-50e66fdae06c,Google,1264.65,-0.0148578658126755,-0.0220614399240897,-0.0339224291305895,14.848,20.392,-0.0321428571428571,1.0
tw-6b596398735e,Next,5532.0,0.0018076644974692,-0.0112075198843094,-0.0140997830802603,12.919,27.309,0.2083333333333333,1.0
tw-fd89e2ff23a4,Starbucks,53.25,-0.0037558685446009,-0.0093896713615023,-0.008075117370892,14.806,13.094,0.0,1.0
tw-0bcdebcf8576,Amazon,1998.1,-0.0326710374856113,-0.0463990791251688,-0.0466443120964915,18.356,20.914,0.1,1.0
tw-29ef27278854,Facebook,175.9,0.0020466173962477,-0.0071347356452529,-0.0128482092097783,13.223,67.517,0.0,1.0
tw-23650239e0ff,Next,5532.0,0.0018076644974692,-0.0112075198843094,-0.0140997830802603,12.919,27.309,-0.0666666666666666,1.0
tw-33c0075f81ea,Google,1264.65,-0.0148578658126755,-0.0220614399240897,-0.0339224291305895,14.848,20.392,0.0,-1.0
tw-ec162146d8d7,Walmart,95.64,0.004496026767043,-0.0072145545796737,0.0003136762860727,14.765,29.647,-0.3333333333333333,1.0
tw-283a8ac551c0,Facebook,175.9,0.0020466173962477,-0.0071347356452529,-0.0128482092097783,13.223,67.517,0.0,-1.0
tw-f4c5dca2f28b,Nike,82.79,-0.0025365382292548,-0.0041067761806981,-0.0018118130208963,17.523,16.929000000000002,0.3,-1.0
tw-e793b9e9165b,Starbucks,53.25,-0.0037558685446009,-0.0093896713615023,-0.008075117370892,14.806,13.094,0.5,-1.0
tw-f0adc3fd5bde,Google,1264.65,-0.0148578658126755,-0.0220614399240897,-0.0339224291305895,14.848,20.392,0.0,-1.0
tw-54ab329ffb47,Apple,222.98,-0.014709839447484,-0.0305857027536101,-0.0355637276885818,14.401,21.892,0.0,1.0
tw-37d74c654c03,BMW,84.28,0.0009492168960607,-0.0372567631703844,-0.0259848125296629,19.485,19.344,0.0083333333333333,1.0
tw-eaa3e994bc07,Nike,82.79,-0.0025365382292548,-0.0041067761806981,-0.0018118130208963,17.523,16.929000000000002,0.25,1.0
tw-8d0816c23e26,Starbucks,53.25,-0.0037558685446009,-0.0093896713615023,-0.008075117370892,14.806,13.094,0.0,1.0
tw-d7dac60c7bda,Toyota,7070.0,-0.0062234794908062,-0.0339462517680339,-0.027015558698727,18.457,19.059,0.0,-1.0
tw-2e87dcd8ff6a,HP,25.08,-0.0235247208931419,-0.0370813397129186,-0.0235247208931419,19.722,15.295,0.0,-1.0
tw-c4a76896dc89,eBay,34.93,-0.0054394503292298,-0.011451474377326,-0.0065845977669624,10.067,15.092,-0.1666666666666666,-1.0
tw-10d2336d8738,Toyota,7070.0,-0.0062234794908062,-0.0339462517680339,-0.027015558698727,18.457,19.059,0.125,-1.0
tw-e91b66600311,Amazon,2002.38,-0.0021374564268521,-0.0373056063284691,-0.0496808797530938,17.824,20.898000000000003,0.0,-1.0
tw-0eb7546e9fd1,Google,1254.44,0.0081390899524887,0.0014588182774783,-0.0265297662702082,15.175,20.593000000000004,0.0,-1.0
tw-1afd24baf7b1,Next,5494.0,0.0069166363305424,-0.0043684018929741,-0.0112850382235165,12.167,27.3,0.1,-1.0
tw-ee3793901fd7,Netflix,370.98,-0.0079249555232087,-0.0172516038600464,-0.0857458623106366,33.893,35.73900000000001,0.0,-1.0
tw-477372d25772,Intel,48.24,0.0105721393034825,0.0022802653399668,-0.0261194029850747,21.12,32.086,0.0,1.0
tw-7498546ea8c1,Apple,225.03,-0.00910989645825,-0.0315069101897524,-0.0423943474203439,11.723,21.798,-0.0880681818181818,-1.0
tw-78b154382852,Google,1254.44,0.0081390899524887,0.0014588182774783,-0.0265297662702082,15.175,20.593000000000004,0.0,-1.0
tw-0b3b9e86c908,Facebook,177.64,-0.0097950911956765,-0.0010132852961043,-0.0266831794640845,13.495,67.538,0.0,1.0
tw-9f01bece5e71,Starbucks,53.1,0.0028248587570621,-0.0024482109227872,-0.008286252354049,13.739,12.815,0.0,1.0
tw-e31c7c5da8f4,Microsoft,111.95,0.0006252791424742,-0.0209915140687807,-0.039213934792318,13.138,17.955,0.0,1.0
tw-9ad4e8eed693,Netflix,370.98,-0.0079249555232087,-0.0172516038600464,-0.0857458623106366,33.893,35.73900000000001,0.0,-1.0
tw-c8538d90e6f8,Amazon,2002.38,-0.0021374564268521,-0.0373056063284691,-0.0496808797530938,17.824,20.898000000000003,0.0,1.0
tw-fa29b1444858,PayPal,92.09,0.0057552394396785,-0.0230209577587143,-0.0511456184167662,18.222,27.612,0.4666666666666667,1.0
tw-c5653cc0e625,Netflix,370.98,-0.0079249555232087,-0.0172516038600464,-0.0857458623106366,33.893,35.73900000000001,0.0,1.0
tw-be4cf5c589c0,Next,5494.0,0.0069166363305424,-0.0043684018929741,-0.0112850382235165,12.167,27.3,1.0,1.0
tw-4e93731e2736,Next,5494.0,0.0069166363305424,-0.0043684018929741,-0.0112850382235165,12.167,27.3,0.0833333333333333,1.0
tw-822427e836e7,Sony,6344.0,-0.0081967213114754,-0.0274274905422446,-0.0567465321563682,15.458,22.778,0.5,-1.0
tw-6126325c8202,HP,24.73,0.0141528507885158,-0.0161746866154469,-0.0040436716538617,20.394,15.587,0.0,-1.0
tw-d173d02c63f2,Google,1254.44,0.0081390899524887,0.0014588182774783,-0.0265297662702082,15.175,20.593000000000004,0.0,-1.0
tw-64d8d7f1968b,Starbucks,53.1,0.0028248587570621,-0.0024482109227872,-0.008286252354049,13.739,12.815,0.0,1.0
tw-3baecde33d6d,Next,5494.0,0.0069166363305424,-0.0043684018929741,-0.0112850382235165,12.167,27.3,1.0,1.0
tw-c8927dd125cc,Starbucks,53.1,0.0028248587570621,-0.0024482109227872,-0.008286252354049,13.739,12.815,0.0,1.0
tw-07c76ff0bfbd,Samsung,47650.0,-0.0178384050367261,-0.0283315844700944,-0.0304302203567681,18.402,21.812,0.0,-1.0
tw-de8599b9e791,adidas,214.5,0.0009324009324008,0.0051282051282051,-0.0130536130536131,9.155,27.95300000000001,0.0,-1.0
tw-3b085e4ce0a2,Reuters,49.2125,0.0073843027686055,-0.031782575565151,-0.0407355854711709,18.814,16.968,0.0,-1.0
tw-158e3d21243e,Samsung,47650.0,-0.0178384050367261,-0.0283315844700944,-0.0304302203567681,18.402,21.812,-0.1555555555555556,-1.0
tw-7740ac0659a1,Sony,6344.0,-0.0081967213114754,-0.0274274905422446,-0.0567465321563682,15.458,22.778,0.0,1.0
tw-47bfc15f707c,Toyota,7003.0,0.0095673282878766,-0.0052834499500214,-0.0287019848636298,19.997,19.197,0.3666666666666667,1.0
tw-0fb3fd55fa2d,Microsoft,111.95,0.0006252791424742,-0.0209915140687807,-0.039213934792318,13.138,17.955,0.0,-1.0
tw-e8a16834f2e1,Toyota,7003.0,0.0095673282878766,-0.0052834499500214,-0.0287019848636298,19.997,19.197,0.0,-1.0
tw-cc360bd7013d,Nike,81.4,0.017076167076167,0.0153562653562653,0.0185503685503684,20.528,17.896,0.0,-1.0
tw-8aecb56aab42,Reuters,49.2125,0.0073843027686055,-0.031782575565151,-0.0407355854711709,18.814,16.968,0.0,-1.0
tw-85c5f376ef7f,Google,1254.44,0.0081390899524887,0.0014588182774783,-0.0265297662702082,15.175,20.593000000000004,-0.275,-1.0
tw-9f80c98132d2,Next,5494.0,0.0069166363305424,-0.0043684018929741,-0.0112850382235165,12.167,27.3,0.0333333333333333,1.0
tw-ef264a224920,HP,24.65,0.0032454361054767,-0.0064908722109533,-0.0202839756592292,20.512,15.673,0.0,-1.0
tw-313a13f799aa,CBS,53.02,-0.0001886080724255,0.0069784986797434,0.0015088645794039,15.787,28.833,0.0,1.0
tw-d9030ad319f0,Samsung,48450.0,-0.0165118679050567,-0.0392156862745098,-0.0474716202270381,16.593,22.09800000000001,0.5,1.0
tw-9a278108d39b,Sony,6348.0,-0.0006301197227473,-0.0275677378701953,-0.0461562696912413,14.036,22.57800000000001,0.0,1.0
tw-016f9cc6eaa1,CBS,53.02,-0.0001886080724255,0.0069784986797434,0.0015088645794039,15.787,28.833,0.5861111111111111,1.0
tw-13f2a2b24d58,eBay,34.61,0.0054897428488875,0.0037561398439758,-0.0023114706732157,11.392,14.753,-0.2,1.0
tw-08289cdfc989,Honda,3292.0,0.0,0.0312879708383961,-0.0006075334143377,23.409,22.755,0.0,1.0
tw-4681d4bf9a15,Sony,6348.0,0.0,-0.0088216761184625,-0.0461562696912413,14.036,22.57800000000001,0.0,-1.0
tw-6507f942853b,Netflix,367.68,0.0,0.0009791122715405,-0.0240970409051349,34.963,35.842,0.0,1.0
tw-60492ec2b310,Reuters,49.0473,0.0,0.010777351658501,-0.0361569342247178,19.213,16.855,0.0,1.0
tw-f93f4a9d0841,HP,24.65,0.0,0.0174442190669371,-0.0202839756592292,20.512,15.673,0.3,-1.0
tw-96d22953fd19,Netflix,367.68,0.0,0.0009791122715405,-0.0240970409051349,34.963,35.842,0.0,1.0
tw-e187c0e05413,Samsung,48450.0,0.0,-0.0340557275541795,-0.0474716202270381,16.593,22.09800000000001,0.4910714285714286,-1.0
tw-dd749a0b2ebb,Honda,3292.0,0.0,0.0312879708383961,-0.0006075334143377,23.409,22.755,0.0,-1.0
tw-87757a868c30,Intel,48.43,0.0,0.0066074747057608,-0.0158992360107372,18.937,31.995,1.0,-1.0
tw-e026d7f539e1,Intel,48.43,0.0,0.0066074747057608,-0.0158992360107372,18.937,31.995,1.0,-1.0
tw-5403566300f2,Facebook,175.73,0.0,0.0009673931599613,-0.0061742445797529,14.374,67.476,0.8,1.0
tw-5e54fa45c224,Sony,6348.0,0.0,-0.0088216761184625,-0.0461562696912413,14.036,22.57800000000001,-0.2,-1.0
tw-d45fae748288,Walmart,95.86,0.0,-0.0022950135614437,-0.0094930106405173,11.067,29.6,0.2222222222222222,-1.0
tw-7a245307e8e8,adidas,214.5,0.0,0.0009324009324008,-0.0027972027972027,9.009,27.983,0.1363636363636363,1.0
tw-f7a571e81b0d,Intel,48.43,0.0,0.0066074747057608,-0.0158992360107372,18.937,31.995,0.1363636363636363,1.0
tw-997a5b3a6f2f,Toyota,6930.0,0.0,0.0202020202020202,-0.0144300144300144,20.749,18.785,0.4,-1.0
tw-5d6f19d897fa,Next,5500.0,0.0,0.0058181818181818,-0.0054545454545454,10.17,27.179,0.2166666666666666,-1.0
tw-91cd9cb8a0b2,Apple,227.63,0.0,-0.0204278873610684,-0.0503887888239687,9.004,21.817,0.0,1.0
tw-ca4342cd50c8,Facebook,175.73,0.0,0.0009673931599613,-0.0061742445797529,14.374,67.476,0.0,-1.0
tw-18ee42b326a9,CBS,53.02,0.0,0.0164089023010184,0.0015088645794039,15.787,28.833,0.8,1.0
tw-75ca95e405a0,Apple,227.63,0.0,-0.0204278873610684,-0.0503887888239687,9.004,21.817,0.0,1.0
tw-64a6c5857d80,Toyota,6930.0,0.0,0.0202020202020202,-0.0144300144300144,20.749,18.785,0.275,1.0
tw-d0ec9b5bd5c4,BMW,83.32,0.0,0.0115218434949592,-0.026164186269803,20.493,17.987000000000005,-0.4,1.0
tw-2b138e7d45a3,adidas,214.5,0.0,0.0009324009324008,-0.0027972027972027,9.009,27.983,0.0,-1.0
tw-870116ca41e6,eBay,34.61,0.0,0.0092458826928633,-0.0023114706732157,11.392,14.753,-0.1,-1.0
tw-35130198bfcc,CBS,53.02,0.0,0.0164089023010184,0.0015088645794039,15.787,28.833,0.0,1.0
tw-0e1680c5a81f,Sony,6348.0,0.0,-0.0088216761184625,-0.0461562696912413,14.036,22.57800000000001,0.4,1.0
tw-7ea2f1937aa1,Sony,6348.0,0.0,-0.0088216761184625,-0.0461562696912413,14.036,22.57800000000001,0.0916666666666666,-1.0
tw-fcaab81586c1,Sony,6348.0,0.0,-0.0088216761184625,-0.0461562696912413,14.036,22.57800000000001,0.0681818181818181,-1.0
tw-623e92a6d3f8,Honda,3292.0,0.0,0.0312879708383961,-0.0006075334143377,23.409,22.755,0.0,-1.0
tw-1cd7cfc32f22,Toyota,6930.0,0.0,0.0202020202020202,-0.0144300144300144,20.749,18.785,0.65,1.0
tw-7da34f5e919e,Netflix,367.68,0.0,0.0009791122715405,-0.0240970409051349,34.963,35.842,-0.5,-1.0
tw-fce12f95748e,Microsoft,112.33,0.0,-0.003382889699991,-0.0349862013709605,11.388,17.428,0.0,-1.0
tw-496827ad62fa,Samsung,48450.0,0.0,-0.0165118679050567,-0.0474716202270381,16.593,22.09800000000001,0.0,-1.0
tw-e986f26a9022,Apple,227.63,0.0,-0.0114220445459737,-0.0503887888239687,9.004,21.817,0.0,1.0
tw-7a6d6d0dc6a4,Amazon,2012.71,0.0,-0.0051323837015764,-0.0533211441290597,16.883,20.676,0.0,-1.0
tw-bdf47ad32faa,CBS,53.02,0.0,-0.0001886080724255,0.0015088645794039,15.787,28.833,0.1,1.0
tw-f995ea143c3d,eBay,34.61,0.0,0.0054897428488875,-0.0023114706732157,11.392,14.753,0.0,1.0
tw-1849f47337b2,Google,1231.8,0.0,0.0183796070790713,0.0040185094982952,19.049,21.207,0.0,1.0
tw-9a41d339a230,Intel,48.43,0.0,-0.0039231881065454,-0.0158992360107372,18.937,31.995,1.0,-1.0
tw-d9b84317f6ad,Microsoft,112.33,0.0,-0.003382889699991,-0.0349862013709605,11.388,17.428,0.0,-1.0
tw-25535b359b5d,McDonald's,162.23,0.0,0.003513530173211,-0.0175676508660543,10.089,12.882,0.0,-1.0
tw-fb34155e2b59,Netflix,367.68,0.0,0.0089751958224543,-0.0240970409051349,34.963,35.842,0.5,-1.0
tw-91b8aae4faaf,Microsoft,112.33,0.0,-0.003382889699991,-0.0349862013709605,11.388,17.428,0.6,1.0
tw-a6e99e5e3445,Next,5500.0,0.0,-0.001090909090909,-0.0054545454545454,10.17,27.179,0.0,-1.0
tw-cba20ae4e9f5,Toyota,6930.0,0.0,0.0105339105339105,-0.0144300144300144,20.749,18.785,0.0333333333333333,-1.0
tw-6e481d1d72c3,PayPal,92.33,0.0,-0.0025993718184771,-0.0241524964800173,18.305,27.029,0.4375,1.0
tw-71b0e034cc4f,HP,24.65,0.0,0.0032454361054767,-0.0202839756592292,20.512,15.673,0.0,1.0
tw-f9b051206c80,Next,5500.0,0.0,-0.001090909090909,-0.0054545454545454,10.17,27.179,0.0,1.0
tw-9959e1c46c66,Samsung,48450.0,0.0,-0.0165118679050567,-0.0474716202270381,16.593,22.09800000000001,0.65,-1.0
tw-082aa102559d,Microsoft,112.33,0.0,-0.003382889699991,-0.0349862013709605,11.388,17.428,0.3181818181818182,-1.0
tw-6543452376f4,Starbucks,53.45,0.0,-0.0065481758652946,-0.0130963517305893,13.716,12.85,0.0,-1.0
tw-439c9ea37d4f,Facebook,175.73,0.0,0.0108689466795652,-0.0061742445797529,14.374,67.476,0.0,1.0
tw-d33dcab748f3,Google,1231.8,0.0,0.0183796070790713,0.0040185094982952,19.049,21.207,0.2,-1.0
tw-6aba3d019f49,Next,5500.0,0.0,-0.001090909090909,-0.0054545454545454,10.17,27.179,0.5,1.0
tw-769c8d8b1003,Google,1231.8,0.0,0.0183796070790713,0.0040185094982952,19.049,21.207,0.0,1.0
tw-00412c688c8d,Walmart,95.86,0.0,0.0025036511579386,-0.0094930106405173,11.067,29.6,0.0,1.0
tw-4ed41396c562,Honda,3292.0,0.0,0.0194410692588092,-0.0006075334143377,23.409,22.755,0.2,1.0
tw-c22af20632b0,Google,1231.8,0.0,0.0183796070790713,0.0040185094982952,19.049,21.207,0.0,-1.0
tw-5b241ad35dc0,Next,5548.0,-0.0086517664023071,-0.0086517664023071,-0.014059120403749,10.985,27.224,0.0,1.0
tw-99d6dad958ee,HP,24.65,0.0,0.0,-0.0129817444219067,20.512,15.673,0.0,1.0
tw-36e7f5983e3a,Nike,82.2,0.0,0.0,0.0054744525547445,13.223,17.918,0.0,-1.0
tw-b77c444609a9,Starbucks,53.45,0.0,0.0,-0.0089803554724041,13.716,12.85,0.1666666666666666,-1.0
tw-f038117af50f,adidas,215.7,-0.0055632823365785,-0.0055632823365785,-0.0004636068613815,9.039,27.982,0.1,-1.0
tw-de0e034f4493,Reuters,49.0473,0.0,0.0,-0.0285214476637857,19.213,16.855,0.0,-1.0
tw-930b5e649846,Apple,227.63,0.0,0.0,-0.0425690814040328,9.004,21.817,0.0,-1.0
tw-8f16bfce0210,eBay,34.61,0.0,0.0,-0.0008668015024559,11.392,14.753,0.0,-1.0
tw-d934f0a1c1a5,Disney,112.02,0.0,0.0,0.002767362970898,4.824,13.207,0.5,-1.0
tw-ac3fef3fccba,Honda,3256.0,0.011056511056511,0.011056511056511,0.0242628992628992,23.94400000000001,22.698,0.0,1.0
tw-ba58b5f7a94b,Google,1231.8,0.0,0.0,0.0198652378632895,19.049,21.207,0.55,1.0
tw-407567640c67,Netflix,367.68,0.0,0.0,-0.0084312445604874,34.963,35.842,0.0,1.0
tw-b90678b79887,Disney,112.02,0.0,0.0,0.002767362970898,4.824,13.207,0.0,-1.0
tw-f336dd429b94,Intel,48.43,0.0,0.0,-0.0016518686764401,18.937,31.995,0.5,-1.0
tw-d672a67f3812,Sony,6276.0,0.011472275334608,0.011472275334608,-0.0168897386870618,16.061,22.718000000000004,0.1363636363636363,-1.0
tw-2dc77ff149fc,Walmart,95.86,0.0,0.0,-0.0137700813686625,11.067,29.6,0.2222222222222222,-1.0
tw-99e2e980787a,Nike,82.2,0.0,0.0,0.0054744525547445,13.223,17.918,0.1363636363636363,-1.0
tw-b29433edf2c4,McDonald's,162.23,0.0,0.0,-0.0107871540405597,10.089,12.882,-0.2666666666666666,-1.0
tw-ca12e56f3050,Microsoft,112.33,0.0,0.0,-0.0243033917920413,11.388,17.428,0.475,-1.0
tw-37f8df70dcdc,Facebook,175.73,0.0,0.0,0.0098446480396063,14.374,67.476,0.0,1.0
tw-8c2f14caa8f5,BMW,82.78,0.0065233148103405,0.0065233148103405,0.0049528871708141,19.768,17.565,0.0,-1.0
tw-af3eee1cf464,BMW,82.78,0.0065233148103405,0.0065233148103405,0.0049528871708141,19.768,17.565,-0.0222222222222222,1.0
tw-62a9c2c1c4ed,Reuters,49.0473,0.0,0.0,-0.0285214476637857,19.213,16.855,-0.1,1.0
tw-579394ca9fc0,Reuters,49.0473,0.0,0.0,-0.0285214476637857,19.213,16.855,0.0,1.0
tw-8b4d6c8c52a5,HP,24.65,0.0,0.0,-0.0129817444219067,20.512,15.673,0.0,1.0
tw-63b1faa0cf44,Sony,6276.0,0.011472275334608,0.011472275334608,-0.0168897386870618,16.061,22.718000000000004,0.0,-1.0
tw-f3f0f8500697,Nike,82.2,0.0,0.0,0.0054744525547445,13.223,17.918,0.0,1.0
tw-73f2d20edb7c,Reuters,49.0473,0.0,0.0,-0.0285214476637857,19.213,16.855,0.0,1.0
tw-c5ea69e1d0f7,PayPal,92.33,0.0,0.0,-0.0255604895483591,18.305,27.029,0.0,1.0
tw-b4da4d59a589,adidas,215.7,-0.0055632823365785,-0.0055632823365785,-0.0004636068613815,9.039,27.982,0.0,-1.0
tw-39b5c0019943,Toyota,6816.0,0.016725352112676,0.016725352112676,0.0220070422535211,22.941,19.062,0.0,-1.0
tw-d7a46ee19e18,Reuters,49.0473,0.0,0.0,-0.0285214476637857,19.213,16.855,0.0,1.0
tw-381e5dd33ba8,Intel,48.43,0.0,0.0,-0.0016518686764401,18.937,31.995,0.0,1.0
tw-b6bda92b2c7d,Reuters,49.0473,0.0,0.0,-0.0285214476637857,19.213,16.855,0.0,-1.0
tw-dab7f7cdd87a,Reuters,49.0473,0.0,0.0,-0.0285214476637857,19.213,16.855,0.1833333333333332,1.0
tw-3d6c0974e594,Reuters,49.0473,0.0,0.0,-0.0285214476637857,19.213,16.855,0.0166666666666666,1.0
tw-ec8da3277b82,Reuters,49.0473,0.0,0.0,-0.0285214476637857,19.213,16.855,0.0,1.0
tw-e57db09cfdaf,adidas,215.7,-0.0055632823365785,-0.0055632823365785,-0.0004636068613815,9.039,27.982,0.4,1.0
tw-3f04b4779eb2,Disney,112.02,0.0,0.0,0.002767362970898,4.824,13.207,0.0,1.0
tw-3483f8513ddd,PayPal,92.33,0.0,0.0,-0.0255604895483591,18.305,27.029,-0.0333333333333333,-1.0
tw-cf5b7ad3bcf9,Starbucks,53.45,0.0,0.0,-0.0089803554724041,13.716,12.85,0.2,1.0
tw-4c4b41a08948,McDonald's,162.23,0.0,0.0,-0.0107871540405597,10.089,12.882,0.5,-1.0
tw-178d0346fe49,Microsoft,112.33,0.0,0.0,-0.0243033917920413,11.388,17.428,0.0,1.0
tw-d2a23979730e,Apple,227.63,0.0,0.0,-0.0425690814040328,9.004,21.817,0.1363636363636363,1.0
tw-7e0e27ed53fa,Netflix,367.68,0.0,0.0,-0.0084312445604874,34.963,35.842,0.4,-1.0
tw-c96524cd35f5,Reuters,49.0473,0.0,0.0,-0.0285214476637857,19.213,16.855,0.0,1.0
tw-8d6b45cb007f,PayPal,92.33,0.0,0.0,-0.0255604895483591,18.305,27.029,0.1125,-1.0
tw-4aa1281208e3,Reuters,49.0473,0.0,0.0,-0.0285214476637857,19.213,16.855,0.0,1.0
tw-5a5cfa2e5437,Sony,6276.0,0.011472275334608,0.011472275334608,-0.0168897386870618,16.061,22.718000000000004,0.0,1.0
tw-d8338380611f,eBay,34.61,0.0,0.0,-0.0008668015024559,11.392,14.753,-0.2101010101010101,1.0
tw-8169a9ca89ed,eBay,34.61,0.0,0.0,-0.0008668015024559,11.392,14.753,0.2666666666666666,-1.0
tw-8745805b70bb,Sony,6276.0,0.011472275334608,0.011472275334608,-0.0168897386870618,16.061,22.718000000000004,0.0,-1.0
tw-5caaf619a337,Reuters,48.871,0.0036074563647152,0.0036074563647152,0.0065355732438459,19.369,16.923,0.0,1.0
tw-7fea4e8fba2d,Nike,79.6,0.0326633165829146,0.0326633165829146,0.0374371859296482,20.517,20.153,0.0,1.0
tw-89bdba1bd5ac,Netflix,363.6,0.0112211221122111,0.0112211221122111,0.0134488448844884,35.184,35.713,0.0,1.0
tw-e56d32df07d2,Honda,3218.0,0.0118085767557489,0.0229956494717215,0.0494095711622125,20.642,22.695,0.4,1.0
tw-ff92d6a7a4f7,CBS,52.59,0.0081764594029283,0.0081764594029283,0.01521201749382,15.211,28.882,-0.3,1.0
tw-75ea0bd732fc,Nike,79.6,0.0326633165829146,0.0326633165829146,0.0374371859296482,20.517,20.153,0.0,1.0
tw-fb5b9ff53ed9,Nike,79.6,0.0326633165829146,0.0326633165829146,0.0374371859296482,20.517,20.153,-0.05,-1.0
tw-1a670e636af3,Nike,79.6,0.0326633165829146,0.0326633165829146,0.0374371859296482,20.517,20.153,0.6,1.0
tw-9d4bb089c3db,Nike,79.6,0.0326633165829146,0.0326633165829146,0.0374371859296482,20.517,20.153,0.0,-1.0
tw-ba56a9788a9d,Nike,79.6,0.0326633165829146,0.0326633165829146,0.0374371859296482,20.517,20.153,0.0,1.0
tw-1af858e92e0f,Nike,79.6,0.0326633165829146,0.0326633165829146,0.0374371859296482,20.517,20.153,0.0,-1.0
tw-1c45acacc2dd,Nike,79.6,0.0326633165829146,0.0326633165829146,0.0374371859296482,20.517,20.153,0.0,-1.0
tw-c603ac496197,Disney,110.85,0.0105548037889039,0.0105548037889039,0.0156066756878665,6.935,13.555,0.6,1.0
tw-54653a7701d9,Sony,6278.0,-0.0003185727938834,0.011150047785919,-0.0167250716788786,16.269000000000002,22.477,-0.15625,-1.0
tw-2d26373f3313,eBay,34.8,-0.0054597701149424,-0.0054597701149424,-0.0017241379310343,8.721,14.554,0.0,1.0
tw-0b27eb2b79ad,Nike,79.6,0.0326633165829146,0.0326633165829146,0.0374371859296482,20.517,20.153,0.1363636363636363,-1.0
tw-42ea9b371335,Nike,79.6,0.0326633165829146,0.0326633165829146,0.0374371859296482,20.517,20.153,0.0,-1.0
tw-3f4ae3ced569,Google,1211.31,0.0169155707457215,0.0169155707457215,0.0285228389099404,21.242,18.35,-0.8,-1.0
tw-b85070655580,Nike,79.6,0.0326633165829146,0.0326633165829146,0.0374371859296482,20.517,20.153,-0.8,-1.0
tw-4f2c028c2672,adidas,210.5,0.0247030878859856,0.0190023752969121,0.0256532066508313,17.278,29.276,0.78125,-1.0
tw-8f2cb95df306,Nike,79.6,0.0326633165829146,0.0326633165829146,0.0374371859296482,20.517,20.153,0.30625,-1.0
tw-1fd9672db2b5,Nike,79.6,0.0326633165829146,0.0326633165829146,0.0374371859296482,20.517,20.153,-0.0833333333333333,-1.0
tw-3e67bd5e2969,Amazon,2039.51,-0.0131404111771945,-0.0131404111771945,-0.0523115846453315,16.9,20.593000000000004,0.0,-1.0
tw-5f76f421dc0a,BMW,82.07,0.0086511514560741,0.0152309004508346,0.0279030096259291,19.716,17.680999999999994,0.1,-1.0
tw-f42e52651cee,Nike,79.6,0.0326633165829146,0.0326633165829146,0.0374371859296482,20.517,20.153,0.0,-1.0
tw-d40cbf38bf28,eBay,34.8,-0.0054597701149424,-0.0054597701149424,-0.0017241379310343,8.721,14.554,0.0,-1.0
tw-868c343c416d,Reuters,48.871,0.0036074563647152,0.0036074563647152,0.0065355732438459,19.369,16.923,0.2666666666666666,-1.0
tw-155a4df57dee,Toyota,6773.0,0.0063487376347261,0.0231802746198139,0.0373542005019932,19.195,19.072,0.0,-1.0
tw-57efd9e09e95,Starbucks,53.53,-0.0014944890715486,-0.0014944890715486,-0.008966934429292,13.716,12.837,-0.525,-1.0
tw-349e975d4d93,Nike,79.6,0.0326633165829146,0.0326633165829146,0.0374371859296482,20.517,20.153,0.0,-1.0
tw-deec002af5a6,Nike,79.6,0.0326633165829146,0.0326633165829146,0.0374371859296482,20.517,20.153,-0.65,-1.0
tw-dddc58b066f6,Honda,3218.0,0.0118085767557489,0.0229956494717215,0.0494095711622125,20.642,22.695,0.0,-1.0
tw-8e52d6eece20,Toyota,6773.0,0.0063487376347261,0.0231802746198139,0.0373542005019932,19.195,19.072,0.0,-1.0
tw-48d5f567cd4f,Nike,79.6,0.0326633165829146,0.0326633165829146,0.0374371859296482,20.517,20.153,-0.1444444444444444,-1.0
tw-cb502bc5e0a6,Nike,79.6,0.0326633165829146,0.0326633165829146,0.0374371859296482,20.517,20.153,0.5,1.0
tw-31af14946f5b,Microsoft,111.71,0.0055500850416256,0.0055500850416256,-0.0129800375973501,10.317,17.506,-0.1333333333333333,-1.0
tw-31665cb943c0,Nike,79.6,0.0326633165829146,0.0326633165829146,0.0374371859296482,20.517,20.153,0.0,-1.0
tw-fc67928ffb14,Sony,6278.0,-0.0003185727938834,0.011150047785919,-0.0167250716788786,16.269000000000002,22.477,0.35,1.0
tw-ef0cb24f5478,Nike,79.6,0.0326633165829146,0.0326633165829146,0.0374371859296482,20.517,20.153,0.0,1.0
tw-136112f9fd56,Next,5454.0,0.0172350568390172,0.0084341767510084,0.0161349468280161,14.728,27.538,0.0,1.0
tw-51e61ec4989f,Nike,79.6,0.0326633165829146,0.0326633165829146,0.0374371859296482,20.517,20.153,0.5,-1.0
tw-c057701744e3,PayPal,93.07,-0.0079510046201783,-0.0079510046201783,-0.0264317180616739,18.232,26.183000000000003,0.0,1.0
tw-f8ae6209c634,McDonald's,161.72,0.0031535988127627,0.0031535988127627,-0.0004946821667079,9.984,12.812,-0.25,-1.0
tw-22f782390746,Nike,79.6,0.0326633165829146,0.0326633165829146,0.0374371859296482,20.517,20.153,0.0,-1.0
tw-8ae31dbe7f5d,Nike,79.6,0.0326633165829146,0.0326633165829146,0.0374371859296482,20.517,20.153,-0.05,1.0
tw-c2118254f190,adidas,210.5,0.0247030878859856,0.0190023752969121,0.0256532066508313,17.278,29.276,-0.1,-1.0
tw-9238fad46ebc,Nike,79.6,0.0326633165829146,0.0326633165829146,0.0374371859296482,20.517,20.153,0.0,1.0
tw-ba58678c2f43,Nike,79.6,0.0326633165829146,0.0326633165829146,0.0374371859296482,20.517,20.153,0.0,-1.0
tw-7bbeb799b6aa,Nike,79.6,0.0326633165829146,0.0326633165829146,0.0374371859296482,20.517,20.153,0.0,1.0
tw-f3b4db866c7c,Nike,79.6,0.0326633165829146,0.0326633165829146,0.0374371859296482,20.517,20.153,-0.2388888888888888,-1.0
tw-93e79b7d4d8b,Nike,79.6,0.0326633165829146,0.0326633165829146,0.0374371859296482,20.517,20.153,0.0056818181818181,-1.0
tw-6adb6f179c8c,Next,5454.0,0.0172350568390172,0.0084341767510084,0.0161349468280161,14.728,27.538,0.0,-1.0
tw-6a2fe35ec2ca,Nike,79.6,0.0326633165829146,0.0326633165829146,0.0374371859296482,20.517,20.153,0.0,1.0
tw-9e7e95415c6c,Reuters,48.871,0.0036074563647152,0.0036074563647152,0.0065355732438459,19.369,16.923,0.0,-1.0
tw-36b0a51ead2a,Reuters,48.871,0.0036074563647152,0.0036074563647152,0.0065355732438459,19.369,16.923,0.0,-1.0
tw-cf993a848d75,Nike,79.6,0.0326633165829146,0.0326633165829146,0.0374371859296482,20.517,20.153,0.1642857142857143,1.0
tw-36b5efd98bd8,Nike,79.6,0.0326633165829146,0.0326633165829146,0.0374371859296482,20.517,20.153,0.3125,1.0
tw-8baa7693794b,Nike,79.6,0.0326633165829146,0.0326633165829146,0.0374371859296482,20.517,20.153,-0.25,1.0
tw-86fbb0ce1513,Nike,79.6,0.0326633165829146,0.0326633165829146,0.0374371859296482,20.517,20.153,0.0,1.0
tw-c64f1648c3ba,Nike,79.6,0.0326633165829146,0.0326633165829146,0.0374371859296482,20.517,20.153,0.0,1.0
tw-43f0a2d6185a,Nike,79.6,0.0326633165829146,0.0326633165829146,0.0374371859296482,20.517,20.153,0.375,1.0
tw-791e79996b0b,Nike,79.6,0.0326633165829146,0.0326633165829146,0.0374371859296482,20.517,20.153,0.0,-1.0
tw-2dc6ec16562d,Nike,79.6,0.0326633165829146,0.0326633165829146,0.0374371859296482,20.517,20.153,0.4,1.0
tw-30184350199f,Nike,79.6,0.0326633165829146,0.0326633165829146,0.0374371859296482,20.517,20.153,-0.2,-1.0
tw-cb283230c792,Samsung,47650.0,-0.0041972717733473,0.0167890870933892,-0.0230849947534102,18.086,22.027,0.0,-1.0
tw-0ec5a31e072e,Nike,79.6,0.0326633165829146,0.0326633165829146,0.0374371859296482,20.517,20.153,0.5181818181818182,1.0
tw-4474b6d4b76e,Nike,79.6,0.0326633165829146,0.0326633165829146,0.0374371859296482,20.517,20.153,0.0,1.0
tw-3705fac6b87c,Nike,79.6,0.0326633165829146,0.0326633165829146,0.0374371859296482,20.517,20.153,0.2,-1.0
tw-624ae4aa2e62,adidas,210.5,0.0247030878859856,0.0190023752969121,0.0256532066508313,17.278,29.276,-0.1666666666666666,1.0
tw-66cd367cbe08,adidas,210.5,0.0247030878859856,0.0190023752969121,0.0256532066508313,17.278,29.276,0.1363636363636363,1.0
tw-e6f3f6fc51b0,adidas,210.5,0.0247030878859856,0.0190023752969121,0.0256532066508313,17.278,29.276,0.0,1.0
tw-69fb4ab92f5a,Reuters,48.871,0.0036074563647152,0.0036074563647152,0.0065355732438459,19.369,16.923,0.0,1.0
tw-7b6bf053f78a,Samsung,47650.0,-0.0041972717733473,0.0167890870933892,-0.0230849947534102,18.086,22.027,0.0,1.0
tw-b395967e2f4d,Google,1211.31,0.0169155707457215,0.0169155707457215,0.0285228389099404,21.242,18.35,0.0,1.0
tw-8f7b2c730e38,Facebook,171.16,0.0267001635896237,0.0267001635896237,0.0297966814676325,21.022,67.311,0.5,1.0
tw-a4bb0e761994,Nike,79.6,0.0326633165829146,0.0326633165829146,0.0374371859296482,20.517,20.153,-0.2,-1.0
tw-49b6c28fc2ec,Sony,6278.0,-0.0003185727938834,0.011150047785919,-0.0167250716788786,16.269000000000002,22.477,0.0,1.0
tw-10ce128f9254,HP,24.81,-0.0064490124949617,-0.0064490124949617,-0.0128980249899234,20.679,15.656,0.0,1.0
tw-e5e0cb8675f2,Ford,9.47,0.0010559662090812,0.0010559662090812,0.0570221752903906,28.4,28.341,0.0,-1.0
tw-09970330243f,Samsung,47650.0,-0.0041972717733473,0.0167890870933892,-0.0230849947534102,18.086,22.027,0.0,-1.0
tw-6135eea90f7a,Samsung,47650.0,-0.0041972717733473,0.0167890870933892,-0.0230849947534102,18.086,22.027,0.1,-1.0
tw-2b8c1de5f16c,Honda,3218.0,0.0118085767557489,0.0229956494717215,0.0494095711622125,20.642,22.695,0.075,-1.0
tw-345a4a4f6e1f,Apple,228.36,-0.0031967069539324,-0.0031967069539324,-0.0379225783850062,7.859,21.82800000000001,0.0,-1.0
tw-5275df53debb,Nike,79.6,0.0326633165829146,0.0326633165829146,0.0374371859296482,20.517,20.153,0.0,-1.0
tw-dee451707b71,Toyota,6773.0,0.0063487376347261,0.0231802746198139,0.0373542005019932,19.195,19.072,0.5,1.0
tw-485c5ddd87cf,Microsoft,108.49,0.0296801548529818,0.0353949672780901,0.032537561065536,21.091,17.624000000000006,0.0,-1.0
tw-31d1484299d8,Google,1199.1,0.0101826369777333,0.0272704528396297,0.0546659994996248,21.65,17.894000000000005,0.0,1.0
tw-02140dd26bfe,Amazon,1994.82,0.0224030238317242,0.0089682277097683,0.0016442586298513,23.568,21.461,0.0,1.0
tw-356e365ca279,CBS,52.95,-0.006798866855524,0.0013220018885741,0.0177525967894239,15.136,28.708,0.0,-1.0
tw-830b4d5c8da8,Nike,79.92,-0.004004004004004,0.0285285285285285,0.0359109109109109,21.037,19.239,-0.2,-1.0
tw-1a22c177cfb5,eBay,34.13,0.0196308233225899,0.014063873425139,0.0234397890418985,13.54,15.493,0.0,-1.0
tw-c64c412f60ee,Nike,79.92,-0.004004004004004,0.0285285285285285,0.0359109109109109,21.037,19.239,-0.2,-1.0
tw-e9443dc8a3e5,Walmart,96.62,-0.0130407783067688,-0.0078658662802732,-0.0101428275719313,13.332,29.841,0.15,-1.0
tw-89ce6756f97a,adidas,206.7,0.0183841315916788,0.0377358490566038,0.03870343492985,18.894,29.218000000000004,0.0,1.0
tw-e1272c428220,Nike,79.92,-0.004004004004004,0.0285285285285285,0.0359109109109109,21.037,19.239,-0.09375,1.0
tw-e69c999dd2a1,Reuters,48.9922,-0.0024738631863846,0.0011246688248334,0.011914141434759,19.22,16.910999999999998,-0.1,1.0
tw-d3bcb79cc536,Reuters,48.9922,-0.0024738631863846,0.0011246688248334,0.011914141434759,19.22,16.910999999999998,-0.05,1.0
tw-3cb4d3ca4722,Reuters,48.9922,-0.0024738631863846,0.0011246688248334,0.011914141434759,19.22,16.910999999999998,0.0,-1.0
tw-0e217db1aa22,Reuters,48.9922,-0.0024738631863846,0.0011246688248334,0.011914141434759,19.22,16.910999999999998,0.0,-1.0
tw-1e0f6dfacd20,Nike,79.92,-0.004004004004004,0.0285285285285285,0.0359109109109109,21.037,19.239,0.0,1.0
tw-e479572cb3a4,Toyota,6721.0,0.0077369439071566,0.0310965630114566,0.0519267966076476,18.711,18.816,0.0,-1.0
tw-2e58c79e43ad,Walmart,96.62,-0.0130407783067688,-0.0078658662802732,-0.0101428275719313,13.332,29.841,0.2142857142857142,1.0
tw-7677ff8fc4fa,Microsoft,108.49,0.0296801548529818,0.0353949672780901,0.032537561065536,21.091,17.624000000000006,0.0,1.0
tw-f98db5fc8995,Nike,79.92,-0.004004004004004,0.0285285285285285,0.0359109109109109,21.037,19.239,-0.1666666666666666,1.0
tw-c4d398313ead,Amazon,1994.82,0.0224030238317242,0.0089682277097683,0.0016442586298513,23.568,21.461,0.0,1.0
tw-58ee7e36999c,Netflix,341.18,0.0657131133126209,0.0776716102936866,0.0787267717920159,51.26600000000001,40.228,0.7,1.0
tw-dd55773094c6,Nike,79.92,-0.004004004004004,0.0285285285285285,0.0359109109109109,21.037,19.239,0.0681818181818181,1.0
tw-057ebabfff1a,eBay,34.13,0.0196308233225899,0.014063873425139,0.0234397890418985,13.54,15.493,-0.25,-1.0
tw-450f8d9624a8,eBay,34.13,0.0196308233225899,0.014063873425139,0.0234397890418985,13.54,15.493,0.0,-1.0
tw-f832ac51fe2e,McDonald's,163.24,-0.0093114432737074,-0.0061872090173978,-0.0007963734378828,10.76,12.976,0.0,1.0
tw-5b096c32e48d,HP,24.68,0.0052674230145866,-0.0012155591572123,0.0162074554294975,20.989,15.488,0.0,1.0
tw-0cb86635ed37,Nike,79.92,-0.004004004004004,0.0285285285285285,0.0359109109109109,21.037,19.239,0.5,1.0
tw-9a9e553cbad2,Toyota,6721.0,0.0077369439071566,0.0310965630114566,0.0519267966076476,18.711,18.816,0.1,1.0
tw-d3b8bc8f7c78,Sony,6234.0,0.0070580686557587,0.0182868142444658,0.0093038177735001,17.288,22.618,0.0,-1.0
tw-df2263171d8a,Toyota,6721.0,0.0077369439071566,0.0310965630114566,0.0519267966076476,18.711,18.816,0.0,1.0
tw-fbf1089a90c3,Nike,79.92,-0.004004004004004,0.0285285285285285,0.0359109109109109,21.037,19.239,0.4,1.0
tw-616bd7f6aa23,Facebook,167.18,0.0238066754396458,0.0511424811580331,0.0521593492044502,23.691,67.148,0.0,1.0
tw-7a8fa1a7f59f,Nike,79.92,-0.004004004004004,0.0285285285285285,0.0359109109109109,21.037,19.239,1.0,1.0
tw-f6d21000a639,Nike,79.92,-0.004004004004004,0.0285285285285285,0.0359109109109109,21.037,19.239,0.0,1.0
tw-c56c51929294,eBay,34.13,0.0196308233225899,0.014063873425139,0.0234397890418985,13.54,15.493,0.25,-1.0
tw-831b6d280840,Nike,79.92,-0.004004004004004,0.0285285285285285,0.0359109109109109,21.037,19.239,0.0,1.0
tw-50a03bfa463c,Toyota,6721.0,0.0077369439071566,0.0310965630114566,0.0519267966076476,18.711,18.816,0.0,-1.0
tw-9763e3db956f,Nike,79.92,-0.004004004004004,0.0285285285285285,0.0359109109109109,21.037,19.239,0.1666666666666666,1.0
tw-1d76d7c95dfe,Nike,79.92,-0.004004004004004,0.0285285285285285,0.0359109109109109,21.037,19.239,0.4333333333333333,1.0
tw-7f88080cb19b,Google,1199.1,0.0101826369777333,0.0272704528396297,0.0546659994996248,21.65,17.894000000000005,0.1,1.0
tw-1b24bb5bf251,Starbucks,53.79,-0.0048336121955753,-0.0063208774865215,-0.0100390407138873,5.284,12.686,0.0,-1.0
tw-273ef0d6124c,McDonald's,163.24,-0.0093114432737074,-0.0061872090173978,-0.0007963734378828,10.76,12.976,0.65,-1.0
tw-3d26d4423fe8,Amazon,1994.82,0.0224030238317242,0.0089682277097683,0.0016442586298513,23.568,21.461,0.0,1.0
tw-7cc8ae3671ef,Disney,109.87,0.0089196322927094,0.0195685810503321,0.0234822972603986,7.923999999999999,13.743,0.5454545454545454,-1.0
tw-bd1e70a5f388,Nike,79.92,-0.004004004004004,0.0285285285285285,0.0359109109109109,21.037,19.239,-0.46875,-1.0
tw-486f6f28750b,Facebook,167.18,0.0238066754396458,0.0511424811580331,0.0521593492044502,23.691,67.148,0.0,-1.0
tw-1e2b6666769e,Nike,79.92,-0.004004004004004,0.0285285285285285,0.0359109109109109,21.037,19.239,0.175,1.0
tw-0c245ddf41b9,Nike,79.92,-0.004004004004004,0.0285285285285285,0.0359109109109109,21.037,19.239,0.4,1.0
tw-b00922c400a7,Netflix,341.18,0.0657131133126209,0.0776716102936866,0.0787267717920159,51.26600000000001,40.228,0.0,1.0
tw-be827df962af,Nike,79.92,-0.004004004004004,0.0285285285285285,0.0359109109109109,21.037,19.239,0.0,1.0
tw-aade3fbdb66d,HP,24.68,0.0052674230145866,-0.0012155591572123,0.0162074554294975,20.989,15.488,0.625,1.0
tw-ef9a04fa6136,Nike,79.92,-0.004004004004004,0.0285285285285285,0.0359109109109109,21.037,19.239,0.0,1.0
tw-6966be134cd3,Nike,79.92,-0.004004004004004,0.0285285285285285,0.0359109109109109,21.037,19.239,0.6,1.0
tw-d9bd8ac0d813,Microsoft,108.49,0.0296801548529818,0.0353949672780901,0.032537561065536,21.091,17.624000000000006,0.325,1.0
tw-a12beed5559a,Nike,79.92,-0.004004004004004,0.0285285285285285,0.0359109109109109,21.037,19.239,-0.2,-1.0
tw-121a0b62b019,Toyota,6721.0,0.0077369439071566,0.0310965630114566,0.0519267966076476,18.711,18.816,0.0,-1.0
tw-e1455c1b3b6c,Nike,79.92,-0.004004004004004,0.0285285285285285,0.0359109109109109,21.037,19.239,0.0,1.0
tw-86977b0ffbe2,Nike,79.92,-0.004004004004004,0.0285285285285285,0.0359109109109109,21.037,19.239,0.0,-1.0
tw-dcf275cd0476,Reuters,48.9922,-0.0024738631863846,0.0011246688248334,0.011914141434759,19.22,16.910999999999998,0.0,1.0
tw-21101e287d11,Intel,47.72,0.0050293378038558,0.0148784576697401,0.0215842414082146,14.797,31.981,-0.3,-1.0
tw-46d0f099d599,adidas,206.7,0.0183841315916788,0.0377358490566038,0.03870343492985,18.894,29.218000000000004,-0.2,1.0
tw-9425b6b7e2ff,PayPal,89.05,0.0451431779898932,0.0368332397529478,0.0400898371701292,33.666,29.419,-0.0277777777777777,-1.0
tw-a4112bb33289,Google,1199.1,0.0101826369777333,0.0272704528396297,0.0546659994996248,21.65,17.894000000000005,0.0,-1.0
tw-6bb5b0518f84,Walmart,96.62,-0.0130407783067688,-0.0078658662802732,-0.0101428275719313,13.332,29.841,-0.125,-1.0
tw-493fa03c7c3b,Toyota,6721.0,0.0077369439071566,0.0310965630114566,0.0519267966076476,18.711,18.816,0.5,-1.0
tw-1a5d3d403093,Amazon,1994.82,0.0224030238317242,0.0089682277097683,0.0016442586298513,23.568,21.461,0.8,-1.0
tw-674e734b80a6,Nike,79.92,-0.004004004004004,0.0285285285285285,0.0359109109109109,21.037,19.239,0.0,1.0
tw-78f612ea4018,CBS,52.95,-0.006798866855524,0.0013220018885741,0.0177525967894239,15.136,28.708,0.4,1.0
tw-e5f01a989ae7,Microsoft,108.49,0.0296801548529818,0.0353949672780901,0.032537561065536,21.091,17.624000000000006,0.0,-1.0
tw-50049465b485,adidas,206.7,0.0183841315916788,0.0377358490566038,0.03870343492985,18.894,29.218000000000004,0.0,-1.0
tw-d8d726dab458,Intel,47.72,0.0050293378038558,0.0148784576697401,0.0215842414082146,14.797,31.981,0.0,-1.0
tw-b547edea3046,Disney,109.87,0.0089196322927094,0.0195685810503321,0.0234822972603986,7.923999999999999,13.743,0.0,1.0
tw-e4df3ada6de2,Reuters,49.5209,-0.0106763003095662,-0.0095636387868556,-0.0062276735681297,18.779,16.945999999999998,0.0,-1.0
tw-913c88caa08a,BMW,80.89,0.0055631103968352,0.0233650636667078,0.040301644208184,19.292,16.266,0.2242424242424242,1.0
tw-a862e40df784,Disney,110.26,-0.0035370941411209,0.0159622709958279,0.0150553237801559,8.396,12.159,0.065,1.0
tw-16f7a8f943ab,McDonald's,163.74,-0.0030536215952119,-0.0092219372175401,-0.0057408085989983,8.346,11.664,0.4785714285714286,-1.0
tw-759045cba18a,Walmart,96.45,0.0017625712804562,-0.0061171591498185,-0.0036288232244687,12.937,29.879,0.0,-1.0
tw-918c271d41aa,Reuters,49.5209,-0.0106763003095662,-0.0095636387868556,-0.0062276735681297,18.779,16.945999999999998,0.4166666666666667,1.0
tw-ce173cb4cc58,Reuters,49.5209,-0.0106763003095662,-0.0095636387868556,-0.0062276735681297,18.779,16.945999999999998,0.0555555555555555,1.0
tw-29370e40990d,HP,24.68,0.0,-0.0012155591572123,0.0020259319286872,20.784,15.425,0.4166666666666667,-1.0
tw-9f3d236902cd,Sony,6288.0,-0.0085877862595419,-0.0019083969465648,0.0089058524173027,16.937,22.709,0.0,1.0
tw-a2461ba526fd,Honda,3183.0,0.0003141690229343,0.0229343386742067,0.0543512409676405,19.112,22.651,0.0,-1.0
tw-05b5962712f2,Reuters,49.5209,-0.0106763003095662,-0.0095636387868556,-0.0062276735681297,18.779,16.945999999999998,0.0,1.0
tw-db62f19531cb,Next,5490.0,-0.0018214936247723,0.0105646630236794,0.0007285974499089,14.562,27.546,0.0,-1.0
tw-c21ffd6537ec,eBay,33.66,0.0139631610219847,0.0282234105763518,0.0338680926916221,14.634,15.271,-0.375,1.0
tw-46ba3227b247,CBS,54.62,-0.030574880995972,-0.0292932991578175,-0.029476382277554,21.868,30.393,-0.75,1.0
tw-6c3861e9c719,Reuters,49.5209,-0.0106763003095662,-0.0095636387868556,-0.0062276735681297,18.779,16.945999999999998,0.0,1.0
tw-d3556826dc92,BMW,80.89,0.0055631103968352,0.0233650636667078,0.040301644208184,19.292,16.266,0.1363636363636363,-1.0
tw-00cb00289eb4,eBay,33.66,0.0139631610219847,0.0282234105763518,0.0338680926916221,14.634,15.271,0.0,-1.0
tw-b2ebb7c40926,HP,24.68,0.0,-0.0012155591572123,0.0020259319286872,20.784,15.425,0.0,-1.0
tw-ffe0fb7ffb2c,Sony,6288.0,-0.0085877862595419,-0.0019083969465648,0.0089058524173027,16.937,22.709,0.5,1.0
tw-940664439a1c,Nike,80.4,-0.0059701492537313,0.0223880597014925,0.0124378109452736,21.379,18.968,-0.4,-1.0
tw-e06eaf75e405,Sony,6288.0,-0.0085877862595419,-0.0019083969465648,0.0089058524173027,16.937,22.709,0.0,-1.0
tw-8b698df5ea28,Ford,9.43,0.0063626723223754,0.0053022269353129,0.0286320254506892,27.44400000000001,21.968000000000004,0.1,-1.0
tw-9cb9f215057e,Google,1183.99,0.012761932110913,0.0403804086183159,0.0595021917414843,22.34,17.907,0.0,-1.0
tw-da388f596fcc,Samsung,46100.0,0.0108459869848156,0.0292841648590021,0.0336225596529284,23.745,22.81,0.0,1.0
tw-ca797fe40ced,Netflix,346.46,-0.0152398545286612,0.0612480517231427,0.070772960803556,51.132,40.562,0.0,-1.0
tw-3b50efd3798a,Walmart,96.45,0.0017625712804562,-0.0061171591498185,-0.0036288232244687,12.937,29.879,0.0,-1.0
tw-8c0fc5500989,Google,1183.99,0.012761932110913,0.0403804086183159,0.0595021917414843,22.34,17.907,-0.5,1.0
tw-b31e902dd714,Disney,110.26,-0.0035370941411209,0.0159622709958279,0.0150553237801559,8.396,12.159,0.25,1.0
tw-eed7d9ba048d,BMW,80.89,0.0055631103968352,0.0233650636667078,0.040301644208184,19.292,16.266,0.0,-1.0
tw-3fea4b372b73,Walmart,96.45,0.0017625712804562,-0.0061171591498185,-0.0036288232244687,12.937,29.879,0.0,1.0
tw-633f7fff8fcf,Netflix,346.46,-0.0152398545286612,0.0612480517231427,0.070772960803556,51.132,40.562,-0.1875,1.0
tw-1d4da28973ae,Amazon,1958.31,0.0186436263921442,0.0277790543887331,0.0225040979211668,26.70300000000001,20.036,-0.0625,1.0
tw-ebc9b6a5a595,BMW,80.89,0.0055631103968352,0.0233650636667078,0.040301644208184,19.292,16.266,0.1666666666666666,-1.0
tw-85b2ae4c35d2,Apple,223.1,0.0168982519049753,0.0203047960555804,0.008650829224563,15.890999999999998,22.945,0.35,-1.0
tw-afbf3c9a903b,PayPal,89.0,0.0005617977528089,0.0374157303370786,0.0347191011235955,33.675,28.477,-0.0277777777777777,1.0
tw-de53b0fb9497,Honda,3183.0,0.0003141690229343,0.0229343386742067,0.0543512409676405,19.112,22.651,0.0,1.0
tw-5f7bc69c5cf0,McDonald's,163.74,-0.0030536215952119,-0.0092219372175401,-0.0057408085989983,8.346,11.664,0.0,-1.0
tw-0d46e32474e6,Ford,9.43,0.0063626723223754,0.0053022269353129,0.0286320254506892,27.44400000000001,21.968000000000004,0.0,-1.0
tw-0311ab5222b7,Reuters,49.5209,-0.0106763003095662,-0.0095636387868556,-0.0062276735681297,18.779,16.945999999999998,0.0,1.0
tw-5f611c5b81cd,adidas,206.0,0.0033980582524271,0.0470873786407766,0.0412621359223301,17.19,29.283,0.1787878787878788,1.0
tw-aed8eb8de9a6,Netflix,346.46,-0.0152398545286612,0.0612480517231427,0.070772960803556,51.132,40.562,0.0,1.0
tw-8bb0c8494cdd,Nike,80.4,-0.0059701492537313,0.0223880597014925,0.0124378109452736,21.379,18.968,0.0,-1.0
tw-e4bb3eb1ae35,Nike,80.4,-0.0059701492537313,0.0223880597014925,0.0124378109452736,21.379,18.968,0.25,1.0
tw-7b1c24e2e40d,Nike,80.4,-0.0059701492537313,0.0223880597014925,0.0124378109452736,21.379,18.968,0.0,1.0
tw-ce14b124eaf4,Reuters,49.5209,-0.0106763003095662,-0.0095636387868556,-0.0062276735681297,18.779,16.945999999999998,0.8,1.0
tw-505a8125376b,Reuters,49.5209,-0.0106763003095662,-0.0095636387868556,-0.0062276735681297,18.779,16.945999999999998,0.4166666666666667,-1.0
tw-bbbb070433fb,McDonald's,163.74,-0.0030536215952119,-0.0092219372175401,-0.0057408085989983,8.346,11.664,0.0,-1.0
tw-229be9035e1a,Nike,80.4,-0.0059701492537313,0.0223880597014925,0.0124378109452736,21.379,18.968,0.45,-1.0
tw-50cee9ec6d57,BMW,80.89,0.0055631103968352,0.0233650636667078,0.040301644208184,19.292,16.266,0.0,1.0
tw-656d07a356d8,Samsung,46100.0,0.0108459869848156,0.0292841648590021,0.0336225596529284,23.745,22.81,0.0,1.0
tw-953fb3eca649,McDonald's,163.74,-0.0030536215952119,-0.0092219372175401,-0.0057408085989983,8.346,11.664,0.0,-1.0
tw-c7fb55ad0663,Netflix,346.46,-0.0152398545286612,0.0612480517231427,0.070772960803556,51.132,40.562,0.6,1.0
tw-806d11d525aa,Facebook,162.53,0.0286101027502615,0.0812157755491293,0.0929674521626775,26.976,26.059,0.35,1.0
tw-173b4cd17b40,Google,1183.99,0.012761932110913,0.0403804086183159,0.0595021917414843,22.34,17.907,0.0,1.0
tw-48ca63c65ebb,Nike,80.4,-0.0059701492537313,0.0223880597014925,0.0124378109452736,21.379,18.968,0.0,-1.0
tw-0304427778fa,Netflix,346.46,-0.0152398545286612,0.0612480517231427,0.070772960803556,51.132,40.562,0.5,1.0
tw-a09ee724aec8,Sony,6288.0,-0.0085877862595419,-0.0019083969465648,0.0089058524173027,16.937,22.709,0.625,1.0
tw-309e4a0ca12c,BMW,80.89,0.0055631103968352,0.0233650636667078,0.040301644208184,19.292,16.266,0.0,1.0
tw-18606287c04c,Nike,80.4,-0.0059701492537313,0.0223880597014925,0.0124378109452736,21.379,18.968,-0.625,1.0
tw-285f3f445303,BMW,80.89,0.0055631103968352,0.0233650636667078,0.040301644208184,19.292,16.266,0.4000000000000001,-1.0
tw-cb4751976adc,Samsung,44900.0,0.0267260579064588,0.0612472160356347,0.0790645879732739,27.431,24.07800000000001,0.0,-1.0
tw-84b8e887d169,Amazon,1952.07,0.0031966066790637,0.0447934756438037,0.031064459778594,26.915,20.099,-0.05,-1.0
tw-7ea284abffd1,BMW,80.86,0.0003710116250309,0.0149641355429136,0.0304229532525351,11.878,16.199,-0.25,1.0
tw-1766a48cc65c,Apple,221.3,0.0081337550835968,0.0319023949389968,0.0286037053773157,17.154,22.327,0.0,1.0
tw-b69a290736ad,Honda,3173.0,0.0031515915537346,0.0141821619918058,0.0375039394894421,16.076,22.608,-0.25,-1.0
tw-70d19675f6ee,Sony,6230.0,0.0093097913322632,0.0077046548956661,0.0189406099518459,15.742,22.221,0.1458333333333333,1.0
tw-772849872f54,Reuters,49.3006,0.0044685054542945,-0.0087138898918066,-0.005137868504643,19.429,16.845,0.0,1.0
tw-82b3eaff3e8d,Netflix,348.68,-0.0063668693357807,0.0427899506711024,0.0544912240449696,39.794,40.128,0.4500000000000001,-1.0
tw-23185a1ef07a,Next,5448.0,0.0077092511013215,0.001101321585903,0.0095447870778267,14.796,27.587,0.0,-1.0
tw-4d6008ef863e,Walmart,95.83,0.006469790253574,-0.0049045184180319,0.0003130543671084,13.5,29.99,0.0,1.0
tw-b5d915051af8,Samsung,44900.0,0.0267260579064588,0.0612472160356347,0.0790645879732739,27.431,24.07800000000001,0.5121212121212121,-1.0
tw-c6f238ae3615,Ford,9.27,0.0172599784250269,0.0215749730312838,0.0226537216828479,28.07,22.369,0.0,1.0
tw-e14ca70af220,HP,24.71,-0.0012140833670579,0.0040469445568594,-0.0024281667341158,16.963,15.032,0.0,1.0
tw-de14825fc27c,eBay,33.99,-0.0097087378640778,0.023830538393645,0.0182406590173579,15.765999999999998,14.593,-0.25,1.0
tw-fae0366c20ff,Samsung,44900.0,0.0267260579064588,0.0612472160356347,0.0790645879732739,27.431,24.07800000000001,0.0166666666666666,1.0
tw-9a24d9e33e67,Walmart,95.83,0.006469790253574,-0.0049045184180319,0.0003130543671084,13.5,29.99,-0.25,1.0
tw-6b819e2e4647,Nike,80.3,0.0012453300124534,-0.0087173100871731,0.0236612702366127,21.364,18.219,0.0,-1.0
tw-c1194ad6d112,Intel,46.45,0.0174381054897738,0.0325080731969859,0.042626480086114,16.189,18.279,0.1363636363636363,-1.0
tw-d016059995b4,McDonald's,163.9,-0.0009762050030506,-0.013300793166565,-0.0101891397193411,8.415,11.466,0.0,1.0
tw-51a349285185,Toyota,6596.0,0.0107640994542146,0.0268344451182534,0.0506367495451789,13.202,18.33,0.6,1.0
tw-b4e7f11f6079,Facebook,163.04,-0.0031280667320902,0.0498037291462218,0.0778336604514229,25.798,26.07,-0.75,-1.0
tw-79ca8553f3ee,Toyota,6596.0,0.0107640994542146,0.0268344451182534,0.0506367495451789,13.202,18.33,0.0,-1.0
tw-b6a5f5c4cf17,Walmart,95.83,0.006469790253574,-0.0049045184180319,0.0003130543671084,13.5,29.99,0.0,1.0
tw-da0de2780498,Honda,3173.0,0.0031515915537346,0.0141821619918058,0.0375039394894421,16.076,22.608,0.0,-1.0
tw-f261233771c2,Disney,110.97,-0.0063981256195367,-0.0010813733441471,0.0094620167612868,9.483,12.162,0.0,1.0
tw-0c7d75c10869,PayPal,88.82,0.002026570592209,0.047849583427156,0.0395181265480748,28.892,25.32800000000001,0.0,1.0
tw-fcac4e8d4090,CBS,56.06,-0.0256867641812344,-0.0618979664645023,-0.0542276132714948,24.985,24.913,0.0,1.0
tw-59730ff63345,Next,5448.0,0.0077092511013215,0.001101321585903,0.0095447870778267,14.796,27.587,0.0,1.0
tw-db78471fe12a,McDonald's,163.9,-0.0009762050030506,-0.013300793166565,-0.0101891397193411,8.415,11.466,0.0,1.0
tw-33fa9bea2e9c,adidas,206.6,-0.0029041626331074,0.0188770571151984,0.0382381413359148,16.227999999999998,29.283,0.0,1.0
tw-016987e8f92a,CBS,56.06,-0.0256867641812344,-0.0618979664645023,-0.0542276132714948,24.985,24.913,-0.0833333333333333,1.0
tw-6724f25123fe,Reuters,49.3006,0.0044685054542945,-0.0087138898918066,-0.005137868504643,19.429,16.845,0.0,-1.0
tw-d20428290b80,Reuters,49.3006,0.0044685054542945,-0.0087138898918066,-0.005137868504643,19.429,16.845,0.03125,-1.0
tw-b1d6745cc6e8,Reuters,49.3006,0.0044685054542945,-0.0087138898918066,-0.005137868504643,19.429,16.845,0.0,-1.0
tw-fb6d8a03e314,Reuters,49.3006,0.0044685054542945,-0.0087138898918066,-0.005137868504643,19.429,16.845,0.5,1.0
tw-3d0dbe756925,adidas,206.6,-0.0029041626331074,0.0188770571151984,0.0382381413359148,16.227999999999998,29.283,0.4,-1.0
tw-a3eb529bd2b9,Next,5448.0,0.0077092511013215,0.001101321585903,0.0095447870778267,14.796,27.587,0.0,1.0
tw-398c48baa988,Google,1177.59,0.0054348287604345,0.028634754031539,0.0460346979848674,20.101,16.475,0.0,1.0
tw-411a6cc87d1d,Intel,46.45,0.0174381054897738,0.0325080731969859,0.042626480086114,16.189,18.279,0.2,1.0
tw-13d8f1ff9001,BMW,80.86,0.0003710116250309,0.0149641355429136,0.0304229532525351,11.878,16.199,0.7,-1.0
tw-6f3c53c01f8e,CBS,56.06,-0.0256867641812344,-0.0618979664645023,-0.0542276132714948,24.985,24.913,0.375,1.0
tw-8c4fd52fe824,Honda,3173.0,0.0031515915537346,0.0141821619918058,0.0375039394894421,16.076,22.608,0.4,1.0
tw-7c8b8883bfc9,CBS,56.06,-0.0256867641812344,-0.0618979664645023,-0.0542276132714948,24.985,24.913,0.0,1.0
tw-f2e14d844592,Google,1177.59,0.0054348287604345,0.028634754031539,0.0460346979848674,20.101,16.475,0.0,-1.0
tw-1ddc07161551,Facebook,163.04,-0.0031280667320902,0.0498037291462218,0.0778336604514229,25.798,26.07,0.0,-1.0
tw-05a913279e5b,adidas,206.6,-0.0029041626331074,0.0188770571151984,0.0382381413359148,16.227999999999998,29.283,0.3,-1.0
tw-18d866af2535,Toyota,6596.0,0.0107640994542146,0.0268344451182534,0.0506367495451789,13.202,18.33,0.0,1.0
tw-c43c6b0949e9,HP,24.71,-0.0012140833670579,0.0040469445568594,-0.0024281667341158,16.963,15.032,0.1065340909090909,1.0
tw-a7169543da40,Next,5448.0,0.0077092511013215,0.001101321585903,0.0095447870778267,14.796,27.587,0.2666666666666666,1.0
tw-9f11f3726a65,Honda,3173.0,0.0031515915537346,0.0141821619918058,0.0375039394894421,16.076,22.608,-0.2,-1.0
tw-888c5f31ab1b,Sony,6230.0,0.0093097913322632,0.0077046548956661,0.0189406099518459,15.742,22.221,0.0,-1.0
tw-d20b1fd45fdb,eBay,33.99,-0.0097087378640778,0.023830538393645,0.0182406590173579,15.765999999999998,14.593,0.0,-1.0
tw-2c97fdcdf168,Facebook,163.04,-0.0031280667320902,0.0498037291462218,0.0778336604514229,25.798,26.07,0.0,1.0
tw-4055f4669345,Starbucks,54.86,-0.0118483412322274,-0.0242435289828654,-0.0257017863652934,6.799,12.609000000000002,0.0,-1.0
tw-cae398050fb4,eBay,33.99,-0.0097087378640778,0.023830538393645,0.0182406590173579,15.765999999999998,14.593,-0.0151515151515151,-1.0
tw-f018a10ba470,Netflix,348.68,-0.0063668693357807,0.0427899506711024,0.0544912240449696,39.794,40.128,0.1363636363636363,-1.0
tw-13700b3698c7,Toyota,6596.0,0.0107640994542146,0.0268344451182534,0.0506367495451789,13.202,18.33,0.0,1.0
tw-ea6c3587e748,Nike,80.3,0.0012453300124534,-0.0087173100871731,0.0236612702366127,21.364,18.219,0.1181818181818181,-1.0
tw-c6c37657eb80,Amazon,1952.07,0.0031966066790637,0.0447934756438037,0.031064459778594,26.915,20.099,0.5,1.0
tw-368a3cd73f1e,adidas,206.6,-0.0029041626331074,0.0188770571151984,0.0382381413359148,16.227999999999998,29.283,-0.1666666666666666,-1.0
tw-6752f8a57caf,McDonald's,163.9,-0.0009762050030506,-0.013300793166565,-0.0101891397193411,8.415,11.466,0.0333333333333333,1.0
tw-367aea100dd9,eBay,33.99,0.0,0.0041188584877905,0.0182406590173579,15.765999999999998,14.593,0.375,1.0
tw-fc0ea6bbd1f4,CBS,56.06,0.0,-0.0554762754191937,-0.0542276132714948,24.985,24.913,-0.1,-1.0
tw-d108ae951752,Netflix,348.68,0.0,-0.0215096937019616,0.0544912240449696,39.794,40.128,0.0,-1.0
tw-adfb625e07dd,HP,24.71,0.0,-0.0012140833670579,-0.0024281667341158,16.963,15.032,0.0,1.0
tw-4151c5c88f67,Nike,80.3,0.0,-0.0047322540473224,0.0236612702366127,21.364,18.219,0.0,-1.0
tw-3941a53f36d1,Google,1177.59,0.0,0.0182661197870226,0.0460346979848674,20.101,16.475,0.0,-1.0
tw-9e2e873a8144,Apple,221.3,0.0,0.0251694532309082,0.0286037053773157,17.154,22.327,-0.625,-1.0
tw-d087fb07531c,BMW,80.86,0.0,0.0059361860004947,0.0304229532525351,11.878,16.199,0.0,-1.0
tw-a7b2d0079d13,Intel,46.45,0.0,0.0273412271259417,0.042626480086114,16.189,18.279,0.5840909090909089,-1.0
tw-9e973ecb7464,HP,24.71,0.0,-0.0012140833670579,-0.0024281667341158,16.963,15.032,0.025,-1.0
tw-5ea5b5987da3,PayPal,88.82,0.0,0.0025895068678226,0.0395181265480748,28.892,25.32800000000001,0.0,-1.0
tw-55617746a51b,eBay,33.99,0.0,0.0041188584877905,0.0182406590173579,15.765999999999998,14.593,0.0,1.0
tw-5c105eb65bde,Facebook,163.04,0.0,0.0253925417075565,0.0778336604514229,25.798,26.07,0.0,-1.0
tw-ada6186e7cdd,Apple,221.3,0.0,0.0251694532309082,0.0286037053773157,17.154,22.327,0.125,-1.0
tw-38864399247b,Reuters,49.3006,0.0,-0.0062555019614366,-0.005137868504643,19.429,16.845,1.0,-1.0
tw-624f2f1b30dc,Facebook,163.04,0.0,0.0253925417075565,0.0778336604514229,25.798,26.07,0.0,-1.0
tw-6a8363d3fd67,HP,24.71,0.0,-0.0012140833670579,-0.0024281667341158,16.963,15.032,0.4681818181818182,1.0
tw-5aa1a1732928,HP,24.71,0.0,-0.0012140833670579,-0.0024281667341158,16.963,15.032,0.0,1.0
tw-dcc78d2da393,PayPal,88.82,0.0,0.0025895068678226,0.0395181265480748,28.892,25.32800000000001,-0.45,-1.0
tw-cba5f820010d,Samsung,44900.0,0.0,0.0378619153674833,0.0790645879732739,27.431,24.07800000000001,-0.1166666666666666,-1.0
tw-ace82e628d4c,McDonald's,163.9,0.0,-0.0040268456375838,-0.0101891397193411,8.415,11.466,0.1363636363636363,-1.0
tw-870dbbb12454,McDonald's,163.9,0.0,-0.0040268456375838,-0.0101891397193411,8.415,11.466,0.1583333333333333,1.0
tw-716bd9e97521,Walmart,95.83,0.0,0.0082437650005218,0.0003130543671084,13.5,29.99,0.5,-1.0
tw-0c548dc16ba2,HP,24.71,0.0,-0.0012140833670579,-0.0024281667341158,16.963,15.032,-0.2916666666666667,1.0
tw-b64c2d5112b0,Apple,221.3,0.0,0.0251694532309082,0.0286037053773157,17.154,22.327,0.1363636363636363,1.0
tw-643c329bda0e,Nike,80.3,0.0,-0.0047322540473224,0.0236612702366127,21.364,18.219,-0.1,1.0
tw-b7d7fb12aa0a,adidas,206.6,0.0,0.0004840271055178,0.0382381413359148,16.227999999999998,29.283,0.3,-1.0
tw-c41a69d6e4d8,Starbucks,54.86,0.0,-0.0195041924899744,-0.0257017863652934,6.799,12.609000000000002,0.0,1.0
tw-ac7f43ccbba6,Facebook,163.04,0.0,0.0253925417075565,0.0778336604514229,25.798,26.07,0.6,-1.0
tw-435e82c4f9ee,BMW,80.86,0.0,0.0059361860004947,0.0304229532525351,11.878,16.199,0.0,1.0
tw-0221c5523fa3,BMW,80.86,0.0,0.0059361860004947,0.0304229532525351,11.878,16.199,0.1,1.0
tw-b7f740a9aff1,Sony,6230.0,0.0,0.0006420545746388,0.0189406099518459,15.742,22.221,0.0,-1.0
tw-4653a4d7b8ff,eBay,33.99,0.0,0.0041188584877905,0.0182406590173579,15.765999999999998,14.593,0.6425,1.0
tw-5391bc85df4a,Facebook,163.04,0.0,0.0253925417075565,0.0778336604514229,25.798,26.07,0.0,-1.0
tw-62ca29bfe801,Sony,6230.0,0.0,0.0006420545746388,0.0189406099518459,15.742,22.221,0.0,1.0
tw-6991d774bff6,Intel,46.45,0.0,0.0273412271259417,0.042626480086114,16.189,18.279,0.1,-1.0
tw-7e0715065e08,Starbucks,54.86,0.0,-0.0195041924899744,-0.0257017863652934,6.799,12.609000000000002,0.5,1.0
tw-c57602ee039b,Intel,46.45,0.0,0.0273412271259417,0.042626480086114,16.189,18.279,0.0,-1.0
tw-544aa1ec5f20,Nike,80.3,0.0,-0.0047322540473224,0.0236612702366127,21.364,18.219,0.244047619047619,1.0
tw-3af9c435e680,Apple,221.3,0.0,0.0251694532309082,0.0286037053773157,17.154,22.327,-0.1,1.0
tw-9317e43be743,Reuters,49.3006,0.0,0.0044685054542945,-0.005137868504643,19.429,16.845,-0.35,-1.0
tw-8106487177c8,eBay,33.99,0.0,-0.0097087378640778,0.0182406590173579,15.765999999999998,14.593,0.1363636363636363,-1.0
tw-030041d03df3,Honda,3173.0,0.0,0.0031515915537346,0.0375039394894421,16.076,22.608,-0.75,1.0
tw-32db3e14c3f1,Reuters,49.3006,0.0,0.0044685054542945,-0.005137868504643,19.429,16.845,0.0,-1.0
tw-4693d49e7a95,Google,1177.59,0.0,0.0054348287604345,0.0460346979848674,20.101,16.475,0.5,-1.0
tw-daf0e3860502,Samsung,45500.0,-0.0131868131868131,-0.0131868131868131,0.0428571428571428,28.558000000000003,24.369,0.25,1.0
tw-788b7136e6d7,BMW,81.02,-0.0019748210318439,-0.0019748210318439,0.0217230313502839,7.013,16.209,0.0,-1.0
tw-3e07144dd32f,Nike,82.1,-0.0219244823386114,-0.0219244823386114,0.0012180267965896,25.255,18.722,0.0,-1.0
tw-bd2b8074bfd8,Microsoft,109.38,-0.0106966538672518,-0.0106966538672518,0.0269701956481989,20.784,15.380999999999998,0.0,1.0
tw-1639c4d8d4af,Apple,218.33,0.0136032611184903,0.0136032611184903,0.0425960701690101,18.75,22.799,0.0,-1.0
tw-2c9d6d818223,Microsoft,109.38,-0.0106966538672518,-0.0106966538672518,0.0269701956481989,20.784,15.380999999999998,-0.5,-1.0
tw-86b5f90e0c07,CBS,55.2,0.0155797101449275,0.0155797101449275,-0.0394927536231884,27.267,19.496,-0.125,1.0
tw-92f2c1dcf3a9,Nike,82.1,-0.0219244823386114,-0.0219244823386114,0.0012180267965896,25.255,18.722,0.0,-1.0
tw-23cd4ba72567,HP,24.65,0.0024340770791075,0.0024340770791075,0.0,16.869,14.91,0.0,-1.0
tw-fe7d2403b3bf,Sony,6245.0,-0.0024019215372297,-0.0024019215372297,0.0049639711769415,15.752,22.068,0.0,-1.0
tw-ace33df255fa,Netflix,348.41,0.000774949054275,0.000774949054275,0.0553084010217846,38.166,35.868,-0.1,1.0
tw-33f9d6f5c35f,Nike,82.1,-0.0219244823386114,-0.0219244823386114,0.0012180267965896,25.255,18.722,0.125,-1.0
tw-8abb4ef30819,Apple,218.33,0.0136032611184903,0.0136032611184903,0.0425960701690101,18.75,22.799,0.0,1.0
tw-90363e29d951,Sony,6245.0,-0.0024019215372297,-0.0024019215372297,0.0049639711769415,15.752,22.068,0.25,1.0
tw-363db480bd05,Toyota,6594.0,0.0003033060357901,0.0003033060357901,0.0336669699727024,10.61,17.162,-1.0,1.0
tw-7021d014477b,Ford,9.38,-0.0117270788912581,-0.0117270788912581,0.0106609808102345,20.844,22.229,0.0,-1.0
tw-929978011968,Intel,46.3,0.0032397408207344,0.0032397408207344,0.0460043196544277,12.428,18.288,1.0,-1.0
tw-c6869cfed72c,Microsoft,109.38,-0.0106966538672518,-0.0106966538672518,0.0269701956481989,20.784,15.380999999999998,0.3,-1.0
tw-7c121e420310,Microsoft,109.38,-0.0106966538672518,-0.0106966538672518,0.0269701956481989,20.784,15.380999999999998,0.3,-1.0
tw-23efea1a7f25,Ford,9.38,-0.0117270788912581,-0.0117270788912581,0.0106609808102345,20.844,22.229,0.0,-1.0
tw-eff6072a8153,BMW,81.02,-0.0019748210318439,-0.0019748210318439,0.0217230313502839,7.013,16.209,0.16,1.0
tw-ecc1be8f21ba,HP,24.65,0.0024340770791075,0.0024340770791075,0.0,16.869,14.91,0.0,-1.0
tw-873e158f40a5,HP,24.65,0.0024340770791075,0.0024340770791075,0.0,16.869,14.91,0.0,1.0
tw-36110992f5fd,Intel,46.3,0.0032397408207344,0.0032397408207344,0.0460043196544277,12.428,18.288,0.0,-1.0
tw-431f61e607c7,BMW,81.02,-0.0019748210318439,-0.0019748210318439,0.0217230313502839,7.013,16.209,0.15,1.0
tw-0881464f1f4a,HP,24.65,0.0024340770791075,0.0024340770791075,0.0,16.869,14.91,0.0,1.0
tw-5c50d707d650,Amazon,1939.01,0.0067353958979066,0.0067353958979066,0.0380090871114641,26.739,18.955,0.0,1.0
tw-bbb2fee6e7a0,Next,5404.0,0.0081421169504071,0.0081421169504071,0.0266469282013323,12.741,27.634,0.2,1.0
tw-bde8c18ce768,eBay,33.71,0.0083061406110946,0.0083061406110946,0.0266983091070898,15.989,14.757,0.0,1.0
tw-b4432490074a,Apple,218.33,0.0136032611184903,0.0136032611184903,0.0425960701690101,18.75,22.799,0.0,-1.0
tw-add7807f53e1,BMW,81.02,-0.0019748210318439,-0.0019748210318439,0.0217230313502839,7.013,16.209,-0.6666666666666666,-1.0
tw-5c5d9247310f,Netflix,348.41,0.000774949054275,0.000774949054275,0.0553084010217846,38.166,35.868,0.175,1.0
tw-7d882614be97,Disney,110.68,0.0026201662450306,0.0026201662450306,0.0121069750632452,9.099,12.177,0.1704545454545454,1.0
tw-4a352b309838,BMW,81.02,-0.0019748210318439,-0.0019748210318439,0.0217230313502839,7.013,16.209,0.0,1.0
tw-59dbecbfbe8c,Nike,82.1,-0.0219244823386114,-0.0219244823386114,0.0012180267965896,25.255,18.722,0.0,1.0
tw-f55eb12edca8,Facebook,164.18,-0.0069435984894628,-0.0069435984894628,0.0703496162748202,23.462,25.475,0.7,1.0
tw-c316e99ca0ae,Disney,110.68,0.0026201662450306,0.0026201662450306,0.0121069750632452,9.099,12.177,0.35,1.0
tw-4c8dfa14d445,Nike,82.1,-0.0219244823386114,-0.0219244823386114,0.0012180267965896,25.255,18.722,0.1428571428571428,-1.0
tw-69f6990db3c6,Toyota,6594.0,0.0003033060357901,0.0003033060357901,0.0336669699727024,10.61,17.162,0.1,-1.0
tw-e143640b15b1,Starbucks,54.97,-0.0020010915044569,-0.0020010915044569,-0.0276514462434054,6.9170000000000025,12.444,-0.1666666666666666,-1.0
tw-6cc341c462f6,Sony,6245.0,-0.0024019215372297,-0.0024019215372297,0.0049639711769415,15.752,22.068,0.1363636363636363,-1.0
tw-ae7d818993b1,Sony,6245.0,-0.0024019215372297,-0.0024019215372297,0.0049639711769415,15.752,22.068,0.45,-1.0
tw-34a9d88d9495,BMW,81.02,-0.0019748210318439,-0.0019748210318439,0.0217230313502839,7.013,16.209,0.0,-1.0
tw-cfb95b590652,CBS,55.2,0.0155797101449275,0.0155797101449275,-0.0394927536231884,27.267,19.496,0.0222222222222222,1.0
tw-19fc3aca80f3,Microsoft,109.38,-0.0106966538672518,-0.0106966538672518,0.0269701956481989,20.784,15.380999999999998,0.3,1.0
tw-e34ab5234edd,Apple,218.33,0.0136032611184903,0.0136032611184903,0.0425960701690101,18.75,22.799,-0.2,1.0
tw-50c57046f9c5,PayPal,89.8,-0.010913140311804,-0.010913140311804,0.028173719376392,29.672,22.57,0.0,-1.0
tw-544d3ea31553,Nike,82.1,-0.0219244823386114,-0.0219244823386114,0.0012180267965896,25.255,18.722,0.0,-1.0
tw-f1920df8de76,Reuters,49.2455,0.0011188839589404,0.0011188839589404,-0.0040247332243555,19.546,16.832,0.1363636363636363,1.0
tw-1a8a1794a245,Google,1175.06,0.0021530815447721,0.0021530815447721,0.0482868959882899,15.854,15.685,0.0,-1.0
tw-086e48e3d405,Disney,110.68,0.0026201662450306,0.0026201662450306,0.0121069750632452,9.099,12.177,0.25,-1.0
tw-84a7057bd3fd,Sony,6245.0,-0.0024019215372297,-0.0024019215372297,0.0049639711769415,15.752,22.068,0.0,-1.0
tw-d55f3cf8c7d2,Nike,82.1,-0.0219244823386114,-0.0219244823386114,0.0012180267965896,25.255,18.722,0.0,1.0
tw-ebcbe4345d3d,Next,5404.0,0.0081421169504071,0.0081421169504071,0.0266469282013323,12.741,27.634,0.0,1.0
tw-b0134f896c8c,Microsoft,109.38,-0.0106966538672518,-0.0106966538672518,0.0269701956481989,20.784,15.380999999999998,0.5,-1.0
tw-247381d68cf4,PayPal,89.8,-0.010913140311804,-0.010913140311804,0.028173719376392,29.672,22.57,1.0,1.0
tw-783f82a2304c,Nike,82.1,-0.0219244823386114,-0.0219244823386114,0.0012180267965896,25.255,18.722,0.3,-1.0
tw-8bdc9b135f86,Nike,82.1,-0.0219244823386114,-0.0219244823386114,0.0012180267965896,25.255,18.722,0.0,1.0
tw-dadd075fcab3,PayPal,89.8,-0.010913140311804,-0.010913140311804,0.028173719376392,29.672,22.57,0.0,1.0
tw-08ed7cebdf6f,Walmart,96.9,-0.0110423116615067,-0.0110423116615067,-0.0107327141382869,14.048,30.046,0.0,1.0
tw-4b870f68622b,PayPal,89.8,-0.010913140311804,-0.010913140311804,0.028173719376392,29.672,22.57,0.0,-1.0
tw-b70e45431892,Nike,82.1,-0.0219244823386114,-0.0219244823386114,0.0012180267965896,25.255,18.722,0.25,1.0
tw-27ddaa2add7c,BMW,81.02,-0.0019748210318439,-0.0019748210318439,0.0217230313502839,7.013,16.209,-0.0875,-1.0
tw-bcb1554c0d33,Toyota,6594.0,0.0003033060357901,0.0003033060357901,0.0336669699727024,10.61,17.162,0.0,-1.0
tw-2c929a351f20,Disney,110.68,0.0026201662450306,0.0026201662450306,0.0121069750632452,9.099,12.177,-0.0124999999999999,1.0
tw-93df0811d724,HP,24.65,0.0024340770791075,0.0024340770791075,0.0,16.869,14.91,-0.25,1.0
tw-63c7e9768484,Disney,109.6,0.0098540145985402,0.0125,0.011405109489051,9.714,12.16,0.0,1.0
tw-ec693da243d7,Nike,82.63,-0.0064141353019484,-0.0281979910444148,-0.0366694904998184,25.547,18.517,-0.025,-1.0
tw-11dec8a230aa,Reuters,49.0913,0.0031410860987589,0.0042634845685489,-0.0044875568583434,9.728,16.882,0.1166666666666666,-1.0
tw-8e93883fb97d,Facebook,165.94,-0.010606243220441,-0.0174761962154996,0.0314571531878992,25.68,25.549,-0.3,-1.0
tw-14e1d12a4b39,Nike,82.63,-0.0064141353019484,-0.0281979910444148,-0.0366694904998184,25.547,18.517,0.0,-1.0
tw-cc66617d9b55,Honda,3174.0,-0.0047258979206049,-0.0003150598613736,0.013862633900441,11.744000000000002,20.561,0.0,-1.0
tw-80f67d9123c8,Microsoft,111.24,-0.0167206040992448,-0.0272384034519956,0.004225098885293,22.583,16.000999999999998,0.0,1.0
tw-a538851ce034,CBS,55.4,-0.003610108303249,0.011913357400722,-0.0507220216606497,26.816,18.002,0.3571428571428571,-1.0
tw-1b82ad6fa129,Disney,109.6,0.0098540145985402,0.0125,0.011405109489051,9.714,12.16,1.0,1.0
tw-6e751b65c9df,BMW,80.72,0.0037165510406342,0.0017343904856293,0.0167244796828542,6.711,15.408,0.0,-1.0
tw-4b5b8b0d48ec,eBay,34.11,-0.0117267663441805,-0.0035180299032541,0.0202286719437114,17.473,15.015999999999998,0.0,-1.0
tw-95ec443b2986,eBay,34.11,-0.0117267663441805,-0.0035180299032541,0.0202286719437114,17.473,15.015999999999998,0.0,1.0
tw-cbfe8324f7c7,Ford,9.31,0.0075187969924812,-0.004296455424275,0.0171858216970999,20.124,22.28,0.0,1.0
tw-ed3beb7ebf4d,Intel,44.93,0.0304918762519474,0.0338304028488761,0.0674382372579568,17.017,19.984,1.0,-1.0
tw-7566ff94ae98,Starbucks,55.12,-0.002721335268505,-0.0047169811320754,-0.0288461538461537,6.797999999999999,12.234000000000002,0.0,1.0
tw-33b5babc97ff,Starbucks,55.12,-0.002721335268505,-0.0047169811320754,-0.0288461538461537,6.797999999999999,12.234000000000002,0.0,-1.0
tw-0e6f33fc29f3,Reuters,49.0913,0.0031410860987589,0.0042634845685489,-0.0044875568583434,9.728,16.882,0.0,1.0
tw-b5e0fdafd9c2,Starbucks,55.12,-0.002721335268505,-0.0047169811320754,-0.0288461538461537,6.797999999999999,12.234000000000002,0.275,1.0
tw-8ed04b3c5a24,Amazon,1987.15,-0.0242256497999648,-0.0176534232443449,0.0263492942153334,29.692,19.973,0.16,-1.0
tw-7d4bbfe9355d,CBS,55.4,-0.003610108303249,0.011913357400722,-0.0507220216606497,26.816,18.002,0.0,-1.0
tw-0c3eb2ec09d5,Nike,82.63,-0.0064141353019484,-0.0281979910444148,-0.0366694904998184,25.547,18.517,0.1,1.0
tw-50dd168f783e,PayPal,91.43,-0.0178278464398994,-0.0285464289620476,0.0179372197309415,31.088,22.926,0.0,-1.0
tw-213f295cabbb,CBS,55.4,-0.003610108303249,0.011913357400722,-0.0507220216606497,26.816,18.002,-0.4000000000000001,1.0
tw-927aac23896e,BMW,80.72,0.0037165510406342,0.0017343904856293,0.0167244796828542,6.711,15.408,0.3,1.0
tw-2e5abb4fe91f,Netflix,355.93,-0.0211277498384513,-0.0203691737139325,0.0215491810187396,39.985,36.327,0.0,-1.0
tw-92b1358ca3a3,Facebook,165.94,-0.010606243220441,-0.0174761962154996,0.0314571531878992,25.68,25.549,0.0,1.0
tw-4a84ae8b3b91,Reuters,49.0913,0.0031410860987589,0.0042634845685489,-0.0044875568583434,9.728,16.882,0.0,1.0
tw-aadb3e8736b7,Disney,109.6,0.0098540145985402,0.0125,0.011405109489051,9.714,12.16,0.0,-1.0
tw-cc85f1c236af,Facebook,165.94,-0.010606243220441,-0.0174761962154996,0.0314571531878992,25.68,25.549,0.875,1.0
tw-e6f2cb259be7,BMW,80.72,0.0037165510406342,0.0017343904856293,0.0167244796828542,6.711,15.408,0.6875,1.0
tw-5f27e88eb68c,CBS,55.4,-0.003610108303249,0.011913357400722,-0.0507220216606497,26.816,18.002,0.0125,-1.0
tw-fab339e2bd81,Netflix,355.93,-0.0211277498384513,-0.0203691737139325,0.0215491810187396,39.985,36.327,0.0,1.0
tw-b70c73390e86,adidas,207.6,0.0004816955684007,-0.0048169556840077,0.0139691714836223,16.932000000000002,29.239,-0.75,1.0
tw-e30097b4fa61,Starbucks,55.12,-0.002721335268505,-0.0047169811320754,-0.0288461538461537,6.797999999999999,12.234000000000002,0.2,1.0
tw-a3554132f0eb,Reuters,49.0913,0.0031410860987589,0.0042634845685489,-0.0044875568583434,9.728,16.882,0.0,-1.0
tw-91d5c54ddaa2,adidas,207.6,0.0004816955684007,-0.0048169556840077,0.0139691714836223,16.932000000000002,29.239,0.0,1.0
tw-1bec807e0cd3,Amazon,1987.15,-0.0242256497999648,-0.0176534232443449,0.0263492942153334,29.692,19.973,0.0,-1.0
tw-db3d524189a6,Samsung,45050.0,0.0099889012208657,-0.0033296337402885,0.0577136514983351,28.367,24.487,0.8,-1.0
tw-36a287eb959e,HP,24.68,-0.0012155591572123,0.0012155591572123,0.0052674230145866,16.586,14.882,0.0,-1.0
tw-080578c9adb3,eBay,34.11,-0.0117267663441805,-0.0035180299032541,0.0202286719437114,17.473,15.015999999999998,0.0,1.0
tw-1bafe8ed5c89,CBS,55.4,-0.003610108303249,0.011913357400722,-0.0507220216606497,26.816,18.002,0.0,1.0
tw-2ff247d24b73,Nike,83.0,-0.0044578313253012,-0.0325301204819277,-0.0371084337349397,25.629,18.44400000000001,0.5,1.0
tw-cfaddc151060,Apple,221.07,0.0125752024245714,0.0010403944451984,0.0262360338354367,22.583,17.953,0.0,1.0
tw-15b2181a1065,Apple,221.07,0.0125752024245714,0.0010403944451984,0.0262360338354367,22.583,17.953,0.0,1.0
tw-46352dbb1991,McDonald's,164.74,-0.0007284205414592,-0.0050989437902149,-0.0091052567682408,7.46,11.114,0.0,1.0
tw-03a8563451e2,Netflix,369.95,-0.0378970131098796,-0.0574942559805378,-0.0777672658467359,46.107,37.963,0.2,1.0
tw-e8b492d49b78,Reuters,49.8072,-0.0143734239226458,-0.0101712202251883,-0.0163630960985561,11.93,17.209,0.0,1.0
tw-af4d1d06323f,Reuters,49.8072,-0.0143734239226458,-0.0101712202251883,-0.0163630960985561,11.93,17.209,0.0,1.0
tw-e84248d57bf6,Starbucks,54.97,0.0027287611424413,-0.0020010915044569,-0.0214662543205384,7.774,11.875,1.0,-1.0
tw-c9f088836eb8,Netflix,369.95,-0.0378970131098796,-0.0574942559805378,-0.0777672658467359,46.107,37.963,-0.0999999999999999,1.0
tw-29128e753117,Apple,221.07,0.0125752024245714,0.0010403944451984,0.0262360338354367,22.583,17.953,0.0,-1.0
tw-6677e8b69cb1,Samsung,44550.0,0.0112233445566778,0.0078563411896745,0.0460157126823793,25.07800000000001,24.563,-0.1666666666666666,-1.0
tw-694587950a68,Google,1171.6,0.0156964834414476,0.0051126664390577,0.0234721748036872,15.395,16.708,0.0,-1.0
tw-d5f183e1358c,eBay,34.26,-0.0043782837127845,-0.0078809106830121,-0.0037945125510798,17.333,14.621,0.2533333333333333,-1.0
tw-216717af435e,Amazon,1990.0,-0.00143216080402,-0.0190603015075377,0.0024221105527637,23.471,19.858,0.0,-1.0
tw-3a322e3a7e13,Apple,221.07,0.0125752024245714,0.0010403944451984,0.0262360338354367,22.583,17.953,0.2909090909090909,1.0
tw-f0d3bb98f88a,Starbucks,54.97,0.0027287611424413,-0.0020010915044569,-0.0214662543205384,7.774,11.875,0.0,-1.0
tw-743212a60233,Starbucks,54.97,0.0027287611424413,-0.0020010915044569,-0.0214662543205384,7.774,11.875,0.0,-1.0
tw-f6e86a02fe38,Samsung,44550.0,0.0112233445566778,0.0078563411896745,0.0460157126823793,25.07800000000001,24.563,0.0,-1.0
tw-a494737ba1b1,BMW,81.07,-0.0043172566917478,-0.0025903540150486,0.0033304551622056,8.21,15.470999999999998,0.0,1.0
tw-ada2880655e5,Microsoft,111.71,-0.0042073225315549,-0.0313311252349834,-0.0288246352161847,20.9,16.019000000000002,0.0681818181818181,1.0
tw-16361fc2cd4b,Next,5468.0,-0.008046817849305,-0.0036576444769568,0.0021945866861741,13.915,16.320999999999998,0.0,1.0
tw-0014e7bc1ac4,Microsoft,111.71,-0.0042073225315549,-0.0313311252349834,-0.0288246352161847,20.9,16.019000000000002,0.0,-1.0
tw-59cbeca5279b,PayPal,92.4,-0.0104978354978354,-0.0387445887445888,-0.0362554112554113,29.137,22.714,-0.125,-1.0
tw-8158950de0ff,Toyota,6661.0,0.0058549767302206,-0.0097582945503678,0.0090076565080318,14.800999999999998,17.049,0.0833333333333333,-1.0
tw-008b3484305c,Starbucks,54.97,0.0027287611424413,-0.0020010915044569,-0.0214662543205384,7.774,11.875,0.15625,1.0
tw-bd4b6f49ee89,Intel,44.93,0.0,0.0338304028488761,0.0620965947028711,16.243,19.296,0.1458333333333333,-1.0
tw-c82fdd40dfb7,Apple,221.07,0.0125752024245714,0.0010403944451984,0.0262360338354367,22.583,17.953,0.0,1.0
tw-987d76e8f46e,Samsung,44550.0,0.0112233445566778,0.0078563411896745,0.0460157126823793,25.07800000000001,24.563,0.7,1.0
tw-be0317192519,Google,1171.6,0.0156964834414476,0.0051126664390577,0.0234721748036872,15.395,16.708,-0.05,-1.0
tw-c65e870c7910,PayPal,92.4,-0.0104978354978354,-0.0387445887445888,-0.0362554112554113,29.137,22.714,0.0,1.0
tw-9ad008fbaf18,Ford,9.34,-0.0032119914346894,-0.0074946466809422,0.0160599571734475,20.953000000000007,22.055,0.0,-1.0
tw-dc9592ccd0d0,Amazon,1990.0,-0.00143216080402,-0.0190603015075377,0.0024221105527637,23.471,19.858,0.025,1.0
tw-ff1301d3f953,Reuters,49.8072,-0.0143734239226458,-0.0101712202251883,-0.0163630960985561,11.93,17.209,0.25,-1.0
tw-bac1457a85d4,adidas,210.2,-0.0123691722169362,-0.017126546146527,-0.016650808753568,19.047,28.985,0.0,1.0
tw-6fc8350b3eca,Apple,221.07,0.0125752024245714,0.0010403944451984,0.0262360338354367,22.583,17.953,0.0,1.0
tw-fa18b5367a86,Intel,44.93,0.0,0.0338304028488761,0.0620965947028711,16.243,19.296,0.0,-1.0
tw-997ebd7a7c60,Samsung,44550.0,0.0112233445566778,0.0078563411896745,0.0460157126823793,25.07800000000001,24.563,0.0,-1.0
tw-6e0372b4fad2,Next,5468.0,-0.008046817849305,-0.0036576444769568,0.0021945866861741,13.915,16.320999999999998,-0.2,1.0
tw-c1b39b883d82,Netflix,369.95,-0.0378970131098796,-0.0574942559805378,-0.0777672658467359,46.107,37.963,0.0,1.0
tw-7d7a379dda40,Starbucks,54.97,0.0027287611424413,-0.0020010915044569,-0.0214662543205384,7.774,11.875,-0.4,1.0
tw-40415ec9d02c,Honda,3117.0,0.0182868142444658,0.0179659929419313,0.0214950272698107,12.953,19.5,0.2,1.0
tw-4b4bf8a304ac,Apple,221.07,0.0125752024245714,0.0010403944451984,0.0262360338354367,22.583,17.953,0.1363636363636363,1.0
tw-a5e3b2e25db6,Apple,221.07,0.0125752024245714,0.0010403944451984,0.0262360338354367,22.583,17.953,0.0,-1.0
tw-e5fa57fbbd0d,eBay,34.26,-0.0043782837127845,-0.0078809106830121,-0.0037945125510798,17.333,14.621,-0.35,1.0
tw-67be0d66ce20,Next,5468.0,-0.008046817849305,-0.0036576444769568,0.0021945866861741,13.915,16.320999999999998,0.0,1.0
tw-ded0266a1821,BMW,81.07,-0.0043172566917478,-0.0025903540150486,0.0033304551622056,8.21,15.470999999999998,-0.35,-1.0
tw-55d5ac952376,adidas,210.2,-0.0123691722169362,-0.017126546146527,-0.016650808753568,19.047,28.985,0.0,-1.0
tw-d37868d7387a,Samsung,44550.0,0.0112233445566778,0.0078563411896745,0.0460157126823793,25.07800000000001,24.563,0.0,-1.0
tw-92972f78fa7a,Starbucks,54.97,0.0027287611424413,-0.0020010915044569,-0.0214662543205384,7.774,11.875,0.0,1.0
tw-672c0d55abb1,Apple,221.07,0.0125752024245714,0.0010403944451984,0.0262360338354367,22.583,17.953,0.0,-1.0
tw-eb9134c912f2,Walmart,95.97,0.0069813483380223,-0.0014587892049598,0.0067729498801709,12.11,29.937,-0.1611111111111111,-1.0
tw-91512b5804ed,CBS,55.14,0.0047152702212549,0.0166848023213638,-0.0397170837867246,26.988000000000003,18.067,0.0,-1.0
tw-343cda908718,Amazon,1990.0,-0.00143216080402,-0.0190603015075377,0.0024221105527637,23.471,19.858,0.5,1.0
tw-9e84fa79f715,adidas,210.2,-0.0123691722169362,-0.017126546146527,-0.016650808753568,19.047,28.985,0.0,1.0
tw-64cca714b745,Amazon,1990.0,-0.00143216080402,-0.0190603015075377,0.0024221105527637,23.471,19.858,0.125,1.0
tw-54115c161de5,Honda,3117.0,0.0182868142444658,0.0179659929419313,0.0214950272698107,12.953,19.5,0.0,-1.0
tw-154479d04ff2,Facebook,161.36,0.0039662865642041,0.0174764501735249,0.0072508676251858,24.843000000000004,24.827,0.5,1.0
tw-928f157c2c06,Nike,83.47,-0.0056307655445069,-0.0164130825446268,-0.0367796813226308,23.483,18.108,0.0,-1.0
tw-44c0c5b22631,HP,25.01,-0.0163934426229508,-0.0143942423030788,-0.0131947221111556,10.794,15.38,0.0,1.0
tw-da476896135f,BMW,82.66,-0.0192354222114687,-0.0198403097023953,-0.0214130171788046,14.353,16.215999999999998,0.0,-1.0
tw-7b2cdd845733,CBS,56.21,-0.0190357587617861,-0.0179683330368261,-0.0282867817114393,25.59800000000001,18.815,0.0,-1.0
tw-3e591d986173,Sony,6394.0,-0.0065686581169846,-0.0233030966531122,-0.0165780419142946,13.909,17.854,0.0,-1.0
tw-3001ffc15d36,Sony,6394.0,-0.0065686581169846,-0.0233030966531122,-0.0165780419142946,13.909,17.854,0.25,-1.0
tw-b75b2ed87df6,Intel,45.57,-0.0140443274083827,0.0160193109501864,0.0370858020627605,20.403,19.337,0.0,1.0
tw-6512d4ca8ca0,Disney,110.67,-0.0109334056203127,9.035872413486144e-05,-0.0037047076895273,12.162,12.621,0.6,-1.0
tw-b1e15c385ba9,Nike,83.47,-0.0056307655445069,-0.0164130825446268,-0.0367796813226308,23.483,18.108,0.0,-1.0
tw-d00e54790146,eBay,34.44,-0.0052264808362369,-0.0211962833914052,-0.0226480836236934,17.733,14.649,0.35,1.0
tw-8784acd82f2c,Reuters,50.2699,-0.009204315107052,-0.0203779995583838,-0.0148995721097516,11.703,17.1,0.1,1.0
tw-926899f3aa2c,Apple,226.41,-0.0235855306744401,-0.0356874696347333,-0.0146194956053177,25.87,17.349,-0.8,1.0
tw-983b66041f46,Walmart,95.12,0.0089360807401176,0.018713204373423,0.013982338099243,12.709,30.127,0.0,-1.0
tw-1adecb364489,Amazon,1989.87,6.533090101368891e-05,-0.0255594586581032,-0.0158603325845406,23.422,19.17,0.0,1.0
tw-ed4c9f107510,Reuters,50.2699,-0.009204315107052,-0.0203779995583838,-0.0148995721097516,11.703,17.1,-0.1193181818181818,-1.0
tw-3b9f6757c3a0,Amazon,1989.87,6.533090101368891e-05,-0.0255594586581032,-0.0158603325845406,23.422,19.17,0.125,-1.0
tw-dfe62d30a39d,Next,5394.0,0.0137189469781238,0.0018539117538005,0.0177975528364849,15.515,16.74,0.0,1.0
tw-e6de97e495a0,Amazon,1989.87,6.533090101368891e-05,-0.0255594586581032,-0.0158603325845406,23.422,19.17,0.0,-1.0
tw-293bff6a7c37,Sony,6394.0,-0.0065686581169846,-0.0233030966531122,-0.0165780419142946,13.909,17.854,0.7,-1.0
tw-62fd9c961b51,HP,25.01,-0.0163934426229508,-0.0143942423030788,-0.0131947221111556,10.794,15.38,0.5,1.0
tw-3cb1c6746c0c,Netflix,368.15,0.0048893114219747,-0.0536194485943228,-0.0589162026347956,45.955,37.74800000000001,0.3125,1.0
tw-5aa4ba9a5ddb,Google,1182.14,-0.0089160336339183,-0.0059891383423284,0.0015649584651563,18.038,16.833,0.0,-1.0
tw-4d921f06c027,Walmart,95.12,0.0089360807401176,0.018713204373423,0.013982338099243,12.709,30.127,0.2464743589743589,-1.0
tw-08ffc5e0c2ec,Apple,226.41,-0.0235855306744401,-0.0356874696347333,-0.0146194956053177,25.87,17.349,0.0,-1.0
tw-a5a3d2e4a016,Disney,110.67,-0.0109334056203127,9.035872413486144e-05,-0.0037047076895273,12.162,12.621,0.0,-1.0
tw-c9dd52c0d75f,Facebook,161.36,0.0039662865642041,0.0174764501735249,0.0072508676251858,24.843000000000004,24.827,-0.2875,-1.0
tw-80c6be98279f,Samsung,44050.0,0.0113507377979568,0.0329171396140749,0.0465380249716231,20.404,23.958,0.1363636363636363,1.0
tw-b0071c05253d,eBay,34.44,-0.0052264808362369,-0.0211962833914052,-0.0226480836236934,17.733,14.649,0.1363636363636363,-1.0
tw-9699038cb8e6,eBay,34.44,-0.0052264808362369,-0.0211962833914052,-0.0226480836236934,17.733,14.649,0.2681818181818182,1.0
tw-f980d421d1fd,Next,5394.0,0.0137189469781238,0.0018539117538005,0.0177975528364849,15.515,16.74,0.0,1.0
tw-3f07c782883c,Intel,45.57,-0.0140443274083827,0.0160193109501864,0.0370858020627605,20.403,19.337,0.0,1.0
tw-0548d236eb32,Reuters,50.2699,-0.009204315107052,-0.0203779995583838,-0.0148995721097516,11.703,17.1,0.0,1.0
tw-904a3812b799,Disney,110.67,-0.0109334056203127,9.035872413486144e-05,-0.0037047076895273,12.162,12.621,0.0,1.0
tw-bf4f5cf6399b,Nike,83.47,-0.0056307655445069,-0.0164130825446268,-0.0367796813226308,23.483,18.108,0.46875,1.0
tw-5d8200cf6b14,CBS,56.21,-0.0190357587617861,-0.0179683330368261,-0.0282867817114393,25.59800000000001,18.815,0.3125,-1.0
tw-3ee7cecd7315,Google,1182.14,-0.0089160336339183,-0.0059891383423284,0.0015649584651563,18.038,16.833,0.16,1.0
tw-9b1a4bee436d,PayPal,92.19,0.0022779043280183,-0.0259247206855407,-0.0346024514589434,28.984,21.813,0.0,-1.0
tw-5083b4f0e74a,Intel,45.57,-0.0140443274083827,0.0160193109501864,0.0370858020627605,20.403,19.337,0.0,1.0
tw-d68981907755,Apple,226.41,-0.0235855306744401,-0.0356874696347333,-0.0146194956053177,25.87,17.349,0.0,1.0
tw-89ccd856a196,McDonald's,162.4,0.0144088669950739,0.0164408866995073,0.0082512315270936,11.151,11.628,0.1363636363636363,1.0
tw-b2c18f1df118,Ford,9.37,-0.0032017075773745,0.001067235859125,0.0064034151547492,17.55,22.07800000000001,0.4555555555555557,-1.0
tw-865721e12e88,Disney,110.67,-0.0109334056203127,9.035872413486144e-05,-0.0037047076895273,12.162,12.621,0.25,1.0
tw-07918a3d88f3,Apple,226.41,-0.0235855306744401,-0.0356874696347333,-0.0146194956053177,25.87,17.349,-0.625,1.0
tw-7e06965369d3,Next,5394.0,0.0137189469781238,0.0018539117538005,0.0177975528364849,15.515,16.74,0.0,-1.0
tw-91e2ebe30ed8,Google,1182.14,-0.0089160336339183,-0.0059891383423284,0.0015649584651563,18.038,16.833,-0.4,-1.0
tw-ae1313c8ba90,Reuters,50.2699,-0.009204315107052,-0.0203779995583838,-0.0148995721097516,11.703,17.1,0.0,1.0
tw-7b403e137078,adidas,210.1,0.0004759638267491,-0.01142313184198,-0.0195145168967158,19.03,28.691,0.1166666666666666,-1.0
tw-6b82f6a28aa9,BMW,82.66,-0.0192354222114687,-0.0198403097023953,-0.0214130171788046,14.353,16.215999999999998,1.0,-1.0
tw-66fc3993fc32,Disney,110.67,-0.0109334056203127,9.035872413486144e-05,-0.0037047076895273,12.162,12.621,0.1363636363636363,1.0
tw-bdd49605dd56,Apple,226.41,-0.0235855306744401,-0.0356874696347333,-0.0146194956053177,25.87,17.349,0.0,-1.0
tw-ba330b9a461b,Amazon,1989.87,6.533090101368891e-05,-0.0255594586581032,-0.0158603325845406,23.422,19.17,0.2678571428571428,1.0
tw-715f25ea58b6,Apple,226.41,-0.0235855306744401,-0.0356874696347333,-0.0146194956053177,25.87,17.349,0.023538961038961,-1.0
tw-d9157c85a89f,CBS,56.21,-0.0190357587617861,-0.0179683330368261,-0.0282867817114393,25.59800000000001,18.815,0.6,1.0
tw-a4f90c4ce3de,Next,5394.0,0.0137189469781238,0.0018539117538005,0.0177975528364849,15.515,16.74,0.0,1.0
tw-cc0c210caffa,CBS,56.21,-0.0190357587617861,-0.0179683330368261,-0.0282867817114393,25.59800000000001,18.815,-0.0133333333333333,-1.0
tw-4885716035a9,eBay,34.44,-0.0052264808362369,-0.0211962833914052,-0.0226480836236934,17.733,14.649,0.0,-1.0
tw-065169bf0bee,Next,5394.0,0.0137189469781238,0.0018539117538005,0.0177975528364849,15.515,16.74,0.0,1.0
tw-e7ed07d671a4,Netflix,368.15,0.0048893114219747,-0.0536194485943228,-0.0589162026347956,45.955,37.74800000000001,0.2857142857142857,-1.0
tw-704082369eb8,Ford,9.37,-0.0032017075773745,0.001067235859125,0.0064034151547492,17.55,22.07800000000001,0.0,1.0
tw-9e00278c44b5,CBS,56.21,-0.0190357587617861,-0.0179683330368261,-0.0282867817114393,25.59800000000001,18.815,0.0,1.0
tw-eb5eb99dc381,Toyota,6783.0,-0.0179861418251511,-0.0278637770897832,-0.0171015774730945,19.088,18.095,0.0,-1.0
tw-42d94bf8f7d8,CBS,56.21,-0.0190357587617861,-0.0179683330368261,-0.0282867817114393,25.59800000000001,18.815,0.0681818181818181,1.0
tw-7a5d68b511de,eBay,34.44,-0.0052264808362369,-0.0211962833914052,-0.0226480836236934,17.733,14.649,0.0,1.0
tw-984b39156e74,Netflix,368.15,0.0048893114219747,-0.0536194485943228,-0.0589162026347956,45.955,37.74800000000001,0.375,-1.0
tw-81cd9a6e44b8,Netflix,368.15,0.0048893114219747,-0.0536194485943228,-0.0589162026347956,45.955,37.74800000000001,0.0681818181818181,1.0
tw-6b534292e037,Apple,226.41,-0.0235855306744401,-0.0356874696347333,-0.0146194956053177,25.87,17.349,0.0,1.0
tw-75e891958606,Walmart,95.12,0.0089360807401176,0.018713204373423,0.013982338099243,12.709,30.127,0.0,1.0
tw-af90cfbad2ad,Amazon,1989.87,6.533090101368891e-05,-0.0255594586581032,-0.0158603325845406,23.422,19.17,0.5,1.0
tw-9ec6c86a0b06,Netflix,368.15,0.0048893114219747,-0.0536194485943228,-0.0589162026347956,45.955,37.74800000000001,0.0,1.0
tw-9f97be8f9f31,Amazon,1989.87,6.533090101368891e-05,-0.0255594586581032,-0.0158603325845406,23.422,19.17,0.5,1.0
tw-d3fb081ed200,Facebook,161.36,0.0039662865642041,0.0174764501735249,0.0072508676251858,24.843000000000004,24.827,0.0,1.0
tw-5049743a7b56,Honda,3217.0,-0.0121230960522225,-0.0133664905191171,-0.0136773391358408,19.242,20.761,0.0,1.0
tw-35936af69390,CBS,55.85,0.0064458370635631,-0.0080572963294539,0.0037600716204118,26.364,18.889,0.1363636363636363,-1.0
tw-e7f19b8bcbc6,Toyota,6848.0,-0.0094918224299065,-0.0216121495327102,-0.0367990654205607,17.897000000000006,18.149,0.0,-1.0
tw-ffc09b5ecb3e,CBS,55.85,0.0064458370635631,-0.0080572963294539,0.0037600716204118,26.364,18.889,-0.1,1.0
tw-ae8e6414abd1,McDonald's,160.84,0.0096990798308878,0.0235016165133051,0.0190251181298184,12.173,12.037,-0.1833333333333332,-1.0
tw-3bd2218011a0,McDonald's,160.84,0.0096990798308878,0.0235016165133051,0.0190251181298184,12.173,12.037,0.0,-1.0
tw-c50a770a1784,Microsoft,113.37,-0.0040575108053277,-0.0187880391638,-0.0455146864249802,21.74,15.938,-1.0,-1.0
tw-0a162cd08784,Nike,83.49,-0.0002395496466642,-0.0103006348065636,-0.0382081686429512,23.117,18.114,0.2,1.0
tw-c8542dbde378,Reuters,50.1377,0.0026367384223847,-0.0208705225808125,-0.0166960191632244,11.593,17.185,0.0,-1.0
tw-7975ec79d91c,HP,25.04,-0.0011980830670925,-0.0143769968051118,-0.0131789137380191,10.452,15.356,0.0,-1.0
tw-0572b18b55f6,eBay,34.1,0.0099706744868034,0.0002932551319647,-0.0032258064516128,18.239,14.535,0.0,-1.0
tw-bf8e1029f095,Apple,223.84,0.0114814152966404,4.4674767691167376e-05,-0.0113473909935667,25.688,17.88,0.0,-1.0
tw-62bfa9116b98,Samsung,45850.0,-0.0392584514721919,-0.0174482006543075,-0.0207197382769901,32.88,26.92,0.5714285714285714,1.0
tw-d9738c6db521,CBS,55.85,0.0064458370635631,-0.0080572963294539,0.0037600716204118,26.364,18.889,-0.1,-1.0
tw-77e17c306185,Starbucks,54.75,0.0025570776255707,0.0067579908675798,0.0020091324200913,7.891,11.511,-1.0,-1.0
tw-980dc739706f,eBay,34.1,0.0099706744868034,0.0002932551319647,-0.0032258064516128,18.239,14.535,0.0,-1.0
tw-f34563a456a6,BMW,82.47,0.0023038680732387,-0.0212198375166727,-0.0195222505153389,13.991,15.594,0.0,-1.0
tw-5195189e8548,Honda,3217.0,-0.0121230960522225,-0.0133664905191171,-0.0136773391358408,19.242,20.761,0.0,1.0
tw-8162efe3e7f4,Sony,6630.0,-0.0355957767722473,-0.0444947209653092,-0.0603318250377073,21.709,20.477,0.7,-1.0
tw-a6457cee45f8,PayPal,90.78,0.0155320555188367,0.0071601674377616,-0.0215906587354043,30.08,22.394,0.0,1.0
tw-0bcff3ec0907,Nike,83.49,-0.0002395496466642,-0.0103006348065636,-0.0382081686429512,23.117,18.114,0.5,1.0
tw-ffd5a4bfd141,Samsung,45850.0,-0.0392584514721919,-0.0174482006543075,-0.0207197382769901,32.88,26.92,0.3181818181818182,1.0
tw-7167f63f142a,Nike,83.49,-0.0002395496466642,-0.0103006348065636,-0.0382081686429512,23.117,18.114,0.3119047619047619,1.0
tw-f4a0f9b98a8d,Google,1177.98,0.0035314691251125,0.0101954192770675,-0.0003310752304793,16.637,16.840999999999998,0.5,-1.0
tw-9fb4d0347547,Reuters,50.1377,0.0026367384223847,-0.0208705225808125,-0.0166960191632244,11.593,17.185,0.0,1.0
tw-5f11f64836ac,Walmart,94.59,0.0056031292948514,0.0216724812348028,0.0131092081615392,12.923,30.137,0.0,1.0
tw-09ecd017d53b,adidas,210.4,-0.001425855513308,-0.0133079847908745,-0.0180608365019012,18.597,28.583,0.0,1.0
tw-3246cb512ab8,HP,25.04,-0.0011980830670925,-0.0143769968051118,-0.0131789137380191,10.452,15.356,0.0333333333333333,1.0
tw-c8bd046d4a9d,Walmart,94.59,0.0056031292948514,0.0216724812348028,0.0131092081615392,12.923,30.137,0.0,-1.0
tw-80e577ad92e2,Microsoft,113.37,-0.0040575108053277,-0.0187880391638,-0.0455146864249802,21.74,15.938,0.0,-1.0
tw-a089d7076a7b,Intel,45.54,0.0006587615283267,-0.0133948177426438,0.0199824330259113,19.793,19.265,1.0,1.0
tw-2bcff7f375f2,adidas,210.4,-0.001425855513308,-0.0133079847908745,-0.0180608365019012,18.597,28.583,0.0,1.0
tw-b2c08d3597f6,Nike,83.49,-0.0002395496466642,-0.0103006348065636,-0.0382081686429512,23.117,18.114,0.16,-1.0
tw-55b7e853448f,Walmart,94.59,0.0056031292948514,0.0216724812348028,0.0131092081615392,12.923,30.137,0.0,-1.0
tw-faf228dc7369,Reuters,50.1377,0.0026367384223847,-0.0208705225808125,-0.0166960191632244,11.593,17.185,-0.3,-1.0
tw-11d9961dd73f,Intel,45.54,0.0006587615283267,-0.0133948177426438,0.0199824330259113,19.793,19.265,0.0,-1.0
tw-03c2d6ee066a,adidas,210.4,-0.001425855513308,-0.0133079847908745,-0.0180608365019012,18.597,28.583,0.0,1.0
tw-8a9aefddd339,Honda,3217.0,-0.0121230960522225,-0.0133664905191171,-0.0136773391358408,19.242,20.761,0.8,-1.0
tw-5317ca2a6350,Netflix,364.56,0.0098474873820495,-0.0236723721746763,-0.0435593592275619,46.007,37.876,0.0,1.0
tw-479bda2d9869,HP,25.04,-0.0011980830670925,-0.0143769968051118,-0.0131789137380191,10.452,15.356,0.0,1.0
tw-aedf9a188246,Google,1177.98,0.0035314691251125,0.0101954192770675,-0.0003310752304793,16.637,16.840999999999998,-0.1,-1.0
tw-2a492fc23ba6,PayPal,90.78,0.0155320555188367,0.0071601674377616,-0.0215906587354043,30.08,22.394,0.3571428571428571,1.0
tw-70ea4e98dff0,adidas,210.4,-0.001425855513308,-0.0133079847908745,-0.0180608365019012,18.597,28.583,0.1704545454545454,1.0
tw-1d08e91ac8ab,Amazon,1970.19,0.0099888843208014,0.0086083068130485,-0.0091970825148844,23.601,19.372,0.0,-1.0
tw-9e11275bd9a6,Google,1177.98,0.0035314691251125,0.0101954192770675,-0.0003310752304793,16.637,16.840999999999998,-0.375,1.0
tw-5ac085e38997,Next,5350.0,0.0082242990654205,0.0138317757009345,0.0183177570093457,14.282,15.157,0.2857142857142857,1.0
tw-b455ac151f96,Samsung,45850.0,-0.0392584514721919,-0.0174482006543075,-0.0207197382769901,32.88,26.92,0.0,-1.0
tw-428a0800abef,HP,25.04,-0.0011980830670925,-0.0143769968051118,-0.0131789137380191,10.452,15.356,0.2291666666666666,1.0
tw-433fe5913c50,HP,25.04,-0.0011980830670925,-0.0143769968051118,-0.0131789137380191,10.452,15.356,0.0,-1.0
tw-08779d9657f8,Microsoft,113.37,-0.0040575108053277,-0.0187880391638,-0.0455146864249802,21.74,15.938,0.0,-1.0
tw-614da247d96b,Nike,83.49,-0.0002395496466642,-0.0103006348065636,-0.0382081686429512,23.117,18.114,0.0,-1.0
tw-961381e0ad83,BMW,82.47,0.0,-0.0169758700133382,-0.0195222505153389,13.991,15.594,0.0,-1.0
tw-da1c99ae593e,HP,25.04,0.0,-0.0175718849840254,-0.0131789137380191,10.452,15.356,0.0,-1.0
tw-5b6cea979af5,CBS,55.85,0.0,-0.0127126230975828,0.0037600716204118,26.364,18.889,0.0,-1.0
tw-f13492562878,HP,25.04,0.0,-0.0175718849840254,-0.0131789137380191,10.452,15.356,0.0,1.0
tw-e7d90f0471f7,Ford,9.45,0.0,-0.0116402116402115,-0.019047619047619,14.26,21.895,0.0,1.0
tw-4fc8d235993e,adidas,210.4,0.0,-0.0009505703422054,-0.0180608365019012,18.597,28.583,0.0,-1.0
tw-7f564d0ebd23,Sony,6630.0,0.0,-0.0419306184012066,-0.0603318250377073,21.709,20.477,0.4,-1.0
tw-9cf67579f869,Nike,83.49,0.0,-0.0058689663432745,-0.0382081686429512,23.117,18.114,0.5,-1.0
tw-042df80cc645,Starbucks,54.75,0.0,0.0040182648401826,0.0020091324200913,7.891,11.511,0.0,-1.0
tw-ca22bbd03f7c,Netflix,364.56,0.0,0.0147849462365591,-0.0435593592275619,46.007,37.876,0.4,1.0
tw-79b50a619bce,Google,1177.98,0.0,-0.0054160512063024,-0.0003310752304793,16.637,16.840999999999998,0.0,-1.0
tw-7f2d3d6c5369,Walmart,94.59,0.0,0.0145892800507452,0.0131092081615392,12.923,30.137,0.5,-1.0
tw-be8365898533,PayPal,90.78,0.0,0.0178453403833444,-0.0215906587354043,30.08,22.394,0.0,-1.0
tw-d1389be32d77,HP,25.04,0.0,-0.0175718849840254,-0.0131789137380191,10.452,15.356,0.25,1.0
tw-95087017d420,eBay,34.1,0.0,0.0046920821114368,-0.0032258064516128,18.239,14.535,0.0,1.0
tw-799a71eadd56,Sony,6630.0,0.0,-0.0419306184012066,-0.0603318250377073,21.709,20.477,0.0,-1.0
tw-bdee56803709,CBS,55.85,0.0,-0.0127126230975828,0.0037600716204118,26.364,18.889,0.0,1.0
tw-7c4c7bd4ef37,HP,25.04,0.0,-0.0175718849840254,-0.0131789137380191,10.452,15.356,0.1363636363636363,-1.0
tw-e1eb584b77ba,Honda,3217.0,0.0,-0.0310848616723655,-0.0136773391358408,19.242,20.761,0.0,1.0
tw-c18f283a7865,Apple,223.84,0.0,-0.0123749106504646,-0.0113473909935667,25.688,17.88,0.4,-1.0
tw-9adc8d07b849,Starbucks,54.75,0.0,0.0040182648401826,0.0020091324200913,7.891,11.511,0.5,1.0
tw-05b49f7d84c5,Google,1177.98,0.0,-0.0054160512063024,-0.0003310752304793,16.637,16.840999999999998,0.0,1.0
tw-24666f88380b,Netflix,364.56,0.0,0.0147849462365591,-0.0435593592275619,46.007,37.876,0.0,-1.0
tw-b4a8d742876d,Walmart,94.59,0.0,0.0145892800507452,0.0131092081615392,12.923,30.137,0.35,-1.0
tw-4fd24ba7d1ca,BMW,82.47,0.0,-0.0169758700133382,-0.0195222505153389,13.991,15.594,0.2681818181818182,-1.0
tw-b28252aa4d13,Nike,83.49,0.0,-0.0058689663432745,-0.0382081686429512,23.117,18.114,0.6,-1.0
tw-dd50a2a2de15,adidas,210.4,0.0,-0.0009505703422054,-0.0180608365019012,18.597,28.583,0.0,1.0
tw-b3ae8bc821ea,Toyota,6848.0,0.0,-0.0273072429906542,-0.0367990654205607,17.897000000000006,18.149,0.4,-1.0
tw-461c3910e3b1,PayPal,90.78,0.0,0.0178453403833444,-0.0215906587354043,30.08,22.394,1.0,1.0
tw-867f10d186ed,Next,5350.0,0.0,0.0220560747663551,0.0183177570093457,14.282,15.157,0.25,1.0
tw-c7cad2d2eacd,Netflix,364.56,0.0,0.0147849462365591,-0.0435593592275619,46.007,37.876,0.35,1.0
tw-3449c5acaa6f,Walmart,94.59,0.0,0.0145892800507452,0.0131092081615392,12.923,30.137,0.0,-1.0
tw-93fa12a63828,CBS,55.85,0.0,-0.0127126230975828,0.0037600716204118,26.364,18.889,0.0,1.0
tw-a8c62a2fc99c,Reuters,50.1377,0.0,-0.0065918460559618,-0.0166960191632244,11.593,17.185,0.0,-1.0
tw-1d23cf1ad3ff,Nike,83.49,0.0,-0.0058689663432745,-0.0382081686429512,23.117,18.114,0.16,1.0
tw-9a93e5ea0450,Amazon,1970.19,0.0,0.0100548678046279,-0.0091970825148844,23.601,19.372,0.5,-1.0
tw-7eb44b14743c,PayPal,90.78,0.0,0.0178453403833444,-0.0215906587354043,30.08,22.394,0.1166666666666666,1.0
tw-12f71b196e67,Sony,6630.0,0.0,-0.0419306184012066,-0.0603318250377073,21.709,20.477,-0.1,1.0
tw-48d7c8a0a5db,PayPal,90.78,0.0,0.0178453403833444,-0.0215906587354043,30.08,22.394,0.0,1.0
tw-10c932b91e6c,Facebook,162.32,0.0,-0.0019714144898964,0.0044356826022671,26.396,24.75,0.0,-1.0
tw-35a48a82883f,Netflix,364.56,0.0,0.0147849462365591,-0.0435593592275619,46.007,37.876,0.0,1.0
tw-2af702367692,CBS,55.85,0.0,-0.0127126230975828,0.0037600716204118,26.364,18.889,0.35,1.0
tw-ac36740d6059,Honda,3217.0,0.0,-0.0310848616723655,-0.0136773391358408,19.242,20.761,0.6,1.0
tw-a85498d15e0d,Apple,223.84,0.0,-0.0123749106504646,-0.0113473909935667,25.688,17.88,0.4,1.0
tw-f498723a8804,BMW,82.47,0.0,-0.0169758700133382,-0.0195222505153389,13.991,15.594,0.0,1.0
tw-444f637bfcd5,Nike,83.49,0.0,-0.0058689663432745,-0.0382081686429512,23.117,18.114,0.0,-1.0
tw-ec67774a62ca,Nike,83.49,0.0,-0.0058689663432745,-0.0382081686429512,23.117,18.114,0.0,1.0
tw-f1aff3b7c82e,Honda,3217.0,0.0,-0.0310848616723655,-0.0136773391358408,19.242,20.761,0.1,1.0
tw-68656831b26e,Netflix,364.56,0.0,0.0147849462365591,-0.0435593592275619,46.007,37.876,-0.1777777777777777,-1.0
tw-57a9bc564218,Microsoft,113.37,0.0,-0.0146423216018347,-0.0455146864249802,21.74,15.938,-0.1666666666666666,1.0
tw-5945043cbab0,Apple,223.84,0.0,-0.0123749106504646,-0.0113473909935667,25.688,17.88,0.1363636363636363,-1.0
tw-207a14106e09,Starbucks,54.75,0.0,0.0040182648401826,0.0020091324200913,7.891,11.511,0.0,-1.0
tw-c8dd10561270,Facebook,162.32,0.0,-0.0019714144898964,0.0044356826022671,26.396,24.75,0.5,1.0
tw-8be0e4784b3f,Apple,223.84,0.0,-0.0123749106504646,-0.0113473909935667,25.688,17.88,0.0681818181818181,-1.0
tw-4db36327f7c6,PayPal,90.78,0.0,0.0178453403833444,-0.0215906587354043,30.08,22.394,-0.1666666666666666,1.0
tw-6fdc2cbbc4ab,Toyota,6848.0,0.0,-0.0273072429906542,-0.0367990654205607,17.897000000000006,18.149,0.0,1.0
tw-cd581cf2070d,Facebook,162.32,0.0,-0.0019714144898964,0.0044356826022671,26.396,24.75,0.5,-1.0
tw-1b1a0fad8e42,Starbucks,54.75,0.0,0.0040182648401826,0.0020091324200913,7.891,11.511,0.0,-1.0
tw-5932eefd98ba,adidas,210.4,0.0,-0.0009505703422054,-0.0180608365019012,18.597,28.583,-0.025,1.0
tw-2ad595559808,Apple,223.84,0.0,-0.0123749106504646,-0.0113473909935667,25.688,17.88,0.4500000000000001,1.0
tw-92d6c7198f78,HP,25.04,0.0,-0.0175718849840254,-0.0131789137380191,10.452,15.356,0.0,-1.0
tw-15178c8ebe0a,Honda,3217.0,0.0,-0.0310848616723655,-0.0136773391358408,19.242,20.761,1.0,-1.0
tw-76eb4380e6a3,Apple,223.84,0.0,0.0114814152966404,-0.0113473909935667,25.688,17.88,0.0,1.0
tw-a394cd5f7f92,Starbucks,54.75,0.0,0.0025570776255707,0.0020091324200913,7.891,11.511,0.2,1.0
tw-07572b4cb333,Ford,9.45,0.0,-0.0084656084656084,-0.019047619047619,14.26,21.895,0.0,-1.0
tw-c072ca24a14e,Disney,109.26,0.0,0.0129049972542558,0.015650741350906,13.534,12.518,0.0666666666666666,1.0
tw-f79ead92d21f,Nike,83.49,0.0,-0.0002395496466642,-0.0382081686429512,23.117,18.114,-1.0,-1.0
tw-0ceb8fe74c9c,CBS,55.85,0.0,0.0064458370635631,0.0037600716204118,26.364,18.889,0.25,1.0
tw-1d7fb54bade6,HP,25.04,0.0,-0.0011980830670925,-0.0131789137380191,10.452,15.356,0.0,-1.0
tw-07e9203b4d7f,Samsung,45850.0,0.0,-0.0392584514721919,-0.0207197382769901,32.88,26.92,0.0,1.0
tw-f3d40256ad03,Google,1177.98,0.0,0.0035314691251125,-0.0003310752304793,16.637,16.840999999999998,0.1,-1.0
tw-a75e3e78e69e,Ford,9.45,0.0,-0.0084656084656084,-0.019047619047619,14.26,21.895,0.0,1.0
tw-1ff2425bbf45,BMW,82.47,0.0,0.0023038680732387,-0.0195222505153389,13.991,15.594,0.8,-1.0
tw-0ca3fb244eb9,BMW,82.47,0.0,0.0023038680732387,-0.0195222505153389,13.991,15.594,-0.203125,-1.0
tw-338e218d692a,BMW,82.47,0.0,0.0023038680732387,-0.0195222505153389,13.991,15.594,0.45,1.0
tw-9e8b0a2f483d,BMW,82.47,0.0,0.0023038680732387,-0.0195222505153389,13.991,15.594,0.5,1.0
tw-04d66c46a024,Sony,6630.0,0.0,-0.0355957767722473,-0.0603318250377073,21.709,20.477,0.75,1.0
tw-75b82e56335b,eBay,34.1,0.0,0.0099706744868034,-0.0032258064516128,18.239,14.535,0.0,-1.0
tw-df6e21792c80,eBay,34.1,0.0,0.0099706744868034,-0.0032258064516128,18.239,14.535,0.0,-1.0
tw-c8b9c9aa968c,eBay,34.1,0.0,0.0099706744868034,-0.0032258064516128,18.239,14.535,0.2,-1.0
tw-fc38641638cf,CBS,55.85,0.0,0.0064458370635631,0.0037600716204118,26.364,18.889,0.0,1.0
tw-a752c78cd0de,Google,1177.98,0.0,0.0035314691251125,-0.0003310752304793,16.637,16.840999999999998,-1.0,-1.0
tw-89475a1c247f,Apple,223.84,0.0,0.0114814152966404,-0.0113473909935667,25.688,17.88,0.3666666666666667,1.0
tw-0cb04cef03ec,Sony,6630.0,0.0,-0.0355957767722473,-0.0603318250377073,21.709,20.477,0.4,1.0
tw-4cdd133d1339,Amazon,1970.19,0.0,0.0099888843208014,-0.0091970825148844,23.601,19.372,0.0,-1.0
tw-f990d75e132f,Disney,109.26,0.0,0.0129049972542558,0.015650741350906,13.534,12.518,0.0,-1.0
tw-7f82a7701ee0,Amazon,1970.19,0.0,0.0099888843208014,-0.0091970825148844,23.601,19.372,0.2142857142857142,-1.0
tw-19f44f440a73,eBay,34.1,0.0,0.0099706744868034,-0.0032258064516128,18.239,14.535,0.1833333333333332,1.0
tw-aabe13e51fc9,Toyota,6848.0,0.0,-0.0094918224299065,-0.0367990654205607,17.897000000000006,18.149,0.1363636363636363,1.0
tw-40886f7c5989,Next,5350.0,0.0,0.0082242990654205,0.0183177570093457,14.282,15.157,0.0,1.0
tw-a298ab906904,Microsoft,113.37,0.0,-0.0040575108053277,-0.0455146864249802,21.74,15.938,0.4,1.0
tw-bfc394060dde,Ford,9.45,0.0,-0.0084656084656084,-0.019047619047619,14.26,21.895,-0.1571428571428571,-1.0
tw-1afe5b535a3d,Amazon,1970.19,0.0,0.0099888843208014,-0.0091970825148844,23.601,19.372,0.0,-1.0
tw-ec3cfa13dcf9,Facebook,162.32,0.0,-0.0059142434696893,0.0044356826022671,26.396,24.75,-0.5,1.0
tw-80e8f6ab449c,Intel,45.54,0.0,0.0006587615283267,0.0199824330259113,19.793,19.265,0.4,1.0
tw-cf74ea8bf01f,Reuters,50.1377,0.0,0.0026367384223847,-0.0166960191632244,11.593,17.185,0.175,1.0
tw-9bc10e7410a3,Ford,9.45,0.0,-0.0084656084656084,-0.019047619047619,14.26,21.895,0.0,-1.0
tw-7717aa314bd0,PayPal,90.78,0.0,0.0155320555188367,-0.0215906587354043,30.08,22.394,0.25,1.0
tw-8dbe7aa6e6c5,CBS,55.85,0.0,0.0064458370635631,0.0037600716204118,26.364,18.889,0.0,1.0
tw-35670a95aa2f,Ford,9.45,0.0,-0.0084656084656084,-0.019047619047619,14.26,21.895,0.0,1.0
tw-afd8334d1221,Next,5350.0,0.0,0.0082242990654205,0.0183177570093457,14.282,15.157,0.25,1.0
tw-41964e41f2ae,Toyota,6848.0,0.0,-0.0094918224299065,-0.0367990654205607,17.897000000000006,18.149,0.0,1.0
tw-6ab4c8e82e9e,Microsoft,113.37,0.0,-0.0040575108053277,-0.0455146864249802,21.74,15.938,0.5,-1.0
tw-bca3cfd805f3,Microsoft,113.37,0.0,-0.0040575108053277,-0.0455146864249802,21.74,15.938,-0.1666666666666666,-1.0
tw-ec9a978bc185,Samsung,45850.0,0.0,-0.0392584514721919,-0.0207197382769901,32.88,26.92,0.2,1.0
tw-5931460392c4,Starbucks,54.75,0.0,0.0025570776255707,0.0020091324200913,7.891,11.511,0.0,-1.0
tw-8fd91c4c0bdd,Honda,3217.0,0.0,-0.0121230960522225,-0.0136773391358408,19.242,20.761,0.0,1.0
tw-c519ce62fe18,Walmart,94.59,0.0,0.0056031292948514,0.0131092081615392,12.923,30.137,1.0,1.0
tw-5b8ae7eb4112,Ford,9.45,0.0,-0.0084656084656084,-0.019047619047619,14.26,21.895,0.0,1.0
tw-20aa19297012,Netflix,364.56,0.0,0.0098474873820495,-0.0435593592275619,46.007,37.876,0.2857142857142857,-1.0
tw-88f0378d4e69,Sony,6630.0,0.0,-0.0355957767722473,-0.0603318250377073,21.709,20.477,0.4,1.0
tw-2ee9acf830fb,Toyota,6848.0,0.0,-0.0094918224299065,-0.0367990654205607,17.897000000000006,18.149,0.0,1.0
tw-6d2548c62207,PayPal,90.78,0.0,0.0155320555188367,-0.0215906587354043,30.08,22.394,0.5,-1.0
tw-007967d198ba,adidas,210.4,0.0,-0.001425855513308,-0.0180608365019012,18.597,28.583,0.4,-1.0
tw-e3838c1b0479,adidas,210.4,0.0,-0.001425855513308,-0.0180608365019012,18.597,28.583,-0.025,1.0
tw-906f82e64652,Disney,109.26,0.0,0.0129049972542558,0.015650741350906,13.534,12.518,0.0,-1.0
tw-5d8f9940a41f,PayPal,88.68,0.0236806495263869,0.0236806495263869,0.0126296797474062,31.435,23.61,0.1363636363636363,-1.0
tw-5796616a38e1,Apple,217.88,0.0273545070681109,0.0273545070681109,0.0020653570772903,28.701,19.916,0.0,-1.0
tw-c2a7e4e372b9,Reuters,50.1267,0.0002194439290837,0.0002194439290837,-0.0175794536644143,11.155,16.894000000000002,0.0,-1.0
tw-59157a149a40,Ford,9.55,-0.0104712041884818,-0.0104712041884818,-0.0178010471204188,15.389,22.218000000000004,0.25,-1.0
tw-bdb5fe0bd7ce,Starbucks,54.57,0.0032985156679494,0.0032985156679494,0.0073300348176653,8.517999999999999,11.52,0.0,1.0
tw-f62616bb598f,Google,1159.83,0.0156488450893666,0.0156488450893666,0.0131312347499202,16.361,17.333,0.275,1.0
tw-ce5c0033469f,Disney,109.36,-0.0009144111192391,-0.0009144111192391,0.0120702267739576,12.786,11.306,0.0,-1.0
tw-2cfef8388825,Netflix,350.35,0.0405594405594404,0.0405594405594404,-0.0055373198230341,50.426,39.317,0.0,-1.0
tw-f5b02615a10f,Amazon,1908.03,0.0325781041178598,0.0325781041178598,0.0162366419815202,26.273000000000003,21.683000000000003,0.0,1.0
tw-4de44c5b356f,Microsoft,112.14,0.0109684323167469,0.0109684323167469,-0.0246120920278224,22.448,16.375999999999998,0.1666666666666667,-1.0
tw-28d74950f42b,Microsoft,112.14,0.0109684323167469,0.0109684323167469,-0.0246120920278224,22.448,16.375999999999998,0.0,-1.0
tw-cb80645e2574,Ford,9.55,-0.0104712041884818,-0.0104712041884818,-0.0178010471204188,15.389,22.218000000000004,0.1,-1.0
tw-cb591e83748e,HP,25.01,0.0011995201919231,0.0011995201919231,-0.0143942423030788,10.133,14.706,0.4,1.0
tw-d5dc5ca364b1,HP,25.01,0.0011995201919231,0.0011995201919231,-0.0143942423030788,10.133,14.706,0.5,1.0
tw-bed0309e1f93,Honda,3217.0,0.0,0.0,-0.018029219769972,19.242,20.761,0.0,1.0
tw-782d9d8bcc63,Microsoft,112.14,0.0109684323167469,0.0109684323167469,-0.0246120920278224,22.448,16.375999999999998,0.0,-1.0
tw-11017c9e0afc,Google,1159.83,0.0156488450893666,0.0156488450893666,0.0131312347499202,16.361,17.333,0.3333333333333333,-1.0
tw-6ab83f8ce1cf,Apple,217.88,0.0273545070681109,0.0273545070681109,0.0020653570772903,28.701,19.916,0.2,1.0
tw-8e375d945b41,Ford,9.55,-0.0104712041884818,-0.0104712041884818,-0.0178010471204188,15.389,22.218000000000004,0.05,-1.0
tw-27ec4de43618,BMW,82.19,0.003406740479377,0.003406740479377,-0.0142353084316827,13.26,15.482,-0.125,-1.0
tw-871f096b1192,Ford,9.55,-0.0104712041884818,-0.0104712041884818,-0.0178010471204188,15.389,22.218000000000004,0.425,1.0
tw-6b18ab57dc29,Ford,9.55,-0.0104712041884818,-0.0104712041884818,-0.0178010471204188,15.389,22.218000000000004,0.3681818181818181,1.0
tw-435935d4dc24,CBS,56.28,-0.007640369580668,-0.007640369580668,-0.0191897654584221,24.984,18.821,0.0,1.0
tw-140e4761fb39,Honda,3217.0,0.0,0.0,-0.018029219769972,19.242,20.761,-0.375,1.0
tw-f48a489714cd,CBS,56.28,-0.007640369580668,-0.007640369580668,-0.0191897654584221,24.984,18.821,0.0,1.0
tw-b7ea813898c8,Honda,3217.0,0.0,0.0,-0.018029219769972,19.242,20.761,0.0,1.0
tw-8315b750ff64,Next,5372.0,-0.0040953090096798,-0.0040953090096798,0.0059568131049888,12.408,15.076,0.0,1.0
tw-dd841fc10d02,Reuters,50.1267,0.0002194439290837,0.0002194439290837,-0.0175794536644143,11.155,16.894000000000002,0.205,-1.0
tw-94860718a274,Facebook,160.58,0.0108357205131397,0.0108357205131397,0.0224187320961514,24.277,20.157,0.0,-1.0
tw-923d8db1a008,Nike,83.26,0.0027624309392263,0.0027624309392263,-0.0139322603891425,11.702,18.006,0.0,-1.0
tw-d2c8bc633adf,Reuters,50.1267,0.0002194439290837,0.0002194439290837,-0.0175794536644143,11.155,16.894000000000002,0.2,-1.0
tw-0f0f03cbd8d1,Reuters,50.1267,0.0002194439290837,0.0002194439290837,-0.0175794536644143,11.155,16.894000000000002,0.0,1.0
tw-53ccab55f792,Samsung,45150.0,0.0155038759689922,0.0155038759689922,0.0077519379844961,33.013000000000005,27.312,0.0,1.0
tw-270600043cff,Ford,9.55,-0.0104712041884818,-0.0104712041884818,-0.0178010471204188,15.389,22.218000000000004,0.0,1.0
tw-cdd0706562af,Netflix,350.35,0.0405594405594404,0.0405594405594404,-0.0055373198230341,50.426,39.317,0.0,1.0
tw-3d975c3ee778,Starbucks,54.57,0.0032985156679494,0.0032985156679494,0.0073300348176653,8.517999999999999,11.52,0.0,1.0
tw-ad56aabcfd47,Ford,9.55,-0.0104712041884818,-0.0104712041884818,-0.0178010471204188,15.389,22.218000000000004,0.0,1.0
tw-ea54a1574097,Google,1159.83,0.0156488450893666,0.0156488450893666,0.0131312347499202,16.361,17.333,-0.1555555555555556,-1.0
tw-141fc0dcb195,eBay,34.2,-0.0029239766081871,-0.0029239766081871,-0.014327485380117,17.965,14.271,0.0,1.0
tw-3b9068e8ea3f,Netflix,350.35,0.0405594405594404,0.0405594405594404,-0.0055373198230341,50.426,39.317,0.0,1.0
tw-0029e10e0a1c,Amazon,1908.03,0.0325781041178598,0.0325781041178598,0.0162366419815202,26.273000000000003,21.683000000000003,-0.1458333333333333,-1.0
tw-f8de31e594b0,Netflix,350.35,0.0405594405594404,0.0405594405594404,-0.0055373198230341,50.426,39.317,0.75,1.0
tw-6a3ac32b81b4,Disney,109.36,-0.0009144111192391,-0.0009144111192391,0.0120702267739576,12.786,11.306,-0.6,-1.0
tw-c20b5489396c,Ford,9.55,-0.0104712041884818,-0.0104712041884818,-0.0178010471204188,15.389,22.218000000000004,0.0,-1.0
tw-07eee613a957,Amazon,1908.03,0.0325781041178598,0.0325781041178598,0.0162366419815202,26.273000000000003,21.683000000000003,0.5,1.0
tw-acda4c2bc21a,adidas,206.9,0.0169163847269212,0.0169163847269212,0.0038666022232961,15.98,29.213,0.0,-1.0
tw-33e6be7d349d,Toyota,6848.0,0.0,0.0,-0.0370911214953271,17.897000000000006,18.149,0.0,-1.0
tw-83412dea74a6,BMW,82.69,-0.0060466803724755,-0.0026605393638892,-0.0238239206675535,12.334,15.606,0.1363636363636363,-1.0
tw-ceffdb2a60a6,adidas,210.0,-0.0147619047619047,0.0019047619047619,-0.0114285714285714,14.869000000000002,29.41800000000001,0.0,-1.0
tw-056f9348b7a9,Facebook,160.3,0.0017467248908297,0.0126013724266998,0.0351840299438551,22.219,20.115,1.0,1.0
tw-2e3116189014,Reuters,50.2478,-0.0024100557636353,-0.0021911407066577,-0.0230159330358742,11.156,16.788,0.0,1.0
tw-ad1c5bc54fb4,Google,1167.11,-0.0062376297007137,0.0093136036877416,0.0196039790593861,16.992,16.753,0.0,-1.0
tw-39c274893e16,Walmart,95.43,-0.006392119878445,-0.0088022634391701,0.0126794509064234,10.875,30.164,0.0,-1.0
tw-91cf07b1bfd2,Netflix,367.65,-0.0470556235550114,-0.0084047327621378,-0.0318781449748401,42.772,41.89,0.0,-1.0
tw-a4c14f8eb151,Ford,9.58,-0.0031315240083506,-0.0135699373695199,-0.0281837160751565,15.424,22.174,0.0,1.0
tw-4a5212e5707e,Sony,6652.0,-0.0033072760072158,-0.0033072760072158,-0.0476548406494287,21.509,20.164,0.0,-1.0
tw-78714c1d5d59,HP,25.16,-0.0059618441971382,-0.0047694753577106,-0.0190779014308426,9.709,14.52,0.21875,-1.0
tw-070c5a41912d,McDonald's,157.77,0.0023451860302971,0.0194587057108448,0.0434176332636115,13.121,13.1,0.0,-1.0
tw-0020d90b2eff,Google,1167.11,-0.0062376297007137,0.0093136036877416,0.0196039790593861,16.992,16.753,0.425,1.0
tw-594fdd56beac,HP,25.16,-0.0059618441971382,-0.0047694753577106,-0.0190779014308426,9.709,14.52,0.0,1.0
tw-be43997129f3,Intel,46.1,-0.0147505422993492,-0.0121475054229935,-0.0253796095444685,22.811,19.689,0.0,-1.0
tw-418271d6e86f,Google,1167.11,-0.0062376297007137,0.0093136036877416,0.0196039790593861,16.992,16.753,0.0,1.0
tw-bade982e9fd4,Toyota,6960.0,-0.0160919540229885,-0.0160919540229885,-0.0373563218390804,19.153,18.884,0.3181818181818182,-1.0
tw-44b91b47d38a,HP,25.16,-0.0059618441971382,-0.0047694753577106,-0.0190779014308426,9.709,14.52,0.0,-1.0
tw-cffc9eb249a6,Samsung,45500.0,-0.0076923076923076,0.0076923076923076,-0.0098901098901098,32.126999999999995,26.736,0.0,-1.0
tw-e1adb8ee0590,McDonald's,157.77,0.0023451860302971,0.0194587057108448,0.0434176332636115,13.121,13.1,0.25,-1.0
tw-141b32db5448,BMW,82.69,-0.0060466803724755,-0.0026605393638892,-0.0238239206675535,12.334,15.606,0.3125,-1.0
tw-dd3ff13eeab4,Honda,3284.0,-0.0204019488428745,-0.0204019488428745,-0.0334957369062119,21.306,21.537,-0.1875,1.0
tw-75b0ecf4d2da,Apple,218.24,-0.0016495601173021,0.0256598240469208,0.0257056451612902,28.915,19.63,0.45,1.0
tw-f9f6a98f7ef6,Disney,109.53,-0.0015520861864329,-0.0024650780608052,0.0006390943120605,12.037,11.133,0.25,1.0
tw-466f0ce59629,Intel,46.1,-0.0147505422993492,-0.0121475054229935,-0.0253796095444685,22.811,19.689,0.0,-1.0
tw-95c56af13fc5,Next,5340.0,0.0059925093632958,0.0018726591760299,0.0157303370786516,11.929,14.738,0.5,1.0
tw-e34fa026c49a,Toyota,6960.0,-0.0160919540229885,-0.0160919540229885,-0.0373563218390804,19.153,18.884,-0.1833333333333332,1.0
tw-e41f00f9717d,Google,1167.11,-0.0062376297007137,0.0093136036877416,0.0196039790593861,16.992,16.753,0.0,1.0
tw-a4413375c9e9,Honda,3284.0,-0.0204019488428745,-0.0204019488428745,-0.0334957369062119,21.306,21.537,-0.375,1.0
tw-d84aeae05a3f,Walmart,95.43,-0.006392119878445,-0.0088022634391701,0.0126794509064234,10.875,30.164,0.175,1.0
tw-d857c40a0312,adidas,210.0,-0.0147619047619047,0.0019047619047619,-0.0114285714285714,14.869000000000002,29.41800000000001,0.4,-1.0
tw-99e919db7f9c,Walmart,95.43,-0.006392119878445,-0.0088022634391701,0.0126794509064234,10.875,30.164,-1.0,-1.0
tw-b3f662131446,CBS,55.67,0.0109574276989401,0.0032333393209987,-0.0048500089814981,26.891,19.155,0.0,1.0
tw-4b0dbb8505c4,Reuters,50.2478,-0.0024100557636353,-0.0021911407066577,-0.0230159330358742,11.156,16.788,0.0,1.0
tw-0259a4b4c227,CBS,55.67,0.0109574276989401,0.0032333393209987,-0.0048500089814981,26.891,19.155,0.0,1.0
tw-82d3edf68cfa,adidas,210.0,-0.0147619047619047,0.0019047619047619,-0.0114285714285714,14.869000000000002,29.41800000000001,0.4,1.0
tw-40ce76ad420a,Ford,9.58,-0.0031315240083506,-0.0135699373695199,-0.0281837160751565,15.424,22.174,0.0,-1.0
tw-26a797718c61,Netflix,367.65,-0.0470556235550114,-0.0084047327621378,-0.0318781449748401,42.772,41.89,0.0,1.0
tw-45d923dbe82b,Netflix,367.65,-0.0470556235550114,-0.0084047327621378,-0.0318781449748401,42.772,41.89,0.0931818181818181,1.0
tw-464d8ca0b40e,Walmart,95.43,-0.006392119878445,-0.0088022634391701,0.0126794509064234,10.875,30.164,0.0,-1.0
tw-b4d676dbca31,Google,1167.11,-0.0062376297007137,0.0093136036877416,0.0196039790593861,16.992,16.753,0.0,1.0
tw-4b628cc04ba4,Next,5340.0,0.0059925093632958,0.0018726591760299,0.0157303370786516,11.929,14.738,-0.0714285714285714,-1.0
tw-1295abdce0fc,BMW,82.69,-0.0060466803724755,-0.0026605393638892,-0.0238239206675535,12.334,15.606,0.3666666666666667,1.0
tw-5bf146442d1d,BMW,82.69,-0.0060466803724755,-0.0026605393638892,-0.0238239206675535,12.334,15.606,0.0,-1.0
tw-51f33b12a374,Next,5340.0,0.0059925093632958,0.0018726591760299,0.0157303370786516,11.929,14.738,0.0,1.0
tw-f83d1e960ed7,BMW,82.69,-0.0060466803724755,-0.0026605393638892,-0.0238239206675535,12.334,15.606,0.0,-1.0
tw-75b713a0b3ff,Ford,9.58,-0.0031315240083506,-0.0135699373695199,-0.0281837160751565,15.424,22.174,0.0,-1.0
tw-377cce5a3c53,Ford,9.58,-0.0031315240083506,-0.0135699373695199,-0.0281837160751565,15.424,22.174,-0.1,-1.0
tw-80d32eb0f81a,Sony,6652.0,-0.0033072760072158,-0.0033072760072158,-0.0476548406494287,21.509,20.164,0.0,-1.0
tw-edaa6725e298,Netflix,367.65,-0.0470556235550114,-0.0084047327621378,-0.0318781449748401,42.772,41.89,0.3,1.0
tw-65b2baeb7ab5,Netflix,367.65,-0.0470556235550114,-0.0084047327621378,-0.0318781449748401,42.772,41.89,0.0,-1.0
tw-550f91f8c006,adidas,210.0,-0.0147619047619047,0.0019047619047619,-0.0114285714285714,14.869000000000002,29.41800000000001,0.0,-1.0
tw-3d80aec3dc43,Google,1167.11,-0.0062376297007137,0.0093136036877416,0.0196039790593861,16.992,16.753,0.3571428571428571,1.0
tw-0a386bf2cc7e,Sony,6652.0,-0.0033072760072158,-0.0033072760072158,-0.0476548406494287,21.509,20.164,-0.0833333333333333,-1.0
tw-f5a6c8b62c5e,Microsoft,113.21,-0.0094514618849924,0.0014133027117746,-0.0174012896387244,13.792,16.477,0.0,1.0
tw-59fb78ddd9f1,Starbucks,55.07,-0.0090793535500272,-0.0058107862720174,0.0009079353550026,9.239,11.723,0.0,-1.0
tw-bceb40ab3321,Google,1167.11,-0.0062376297007137,0.0093136036877416,0.0196039790593861,16.992,16.753,0.2,1.0
tw-528217090f6f,Amazon,1926.42,0.0075943978986928,0.022720901983991,0.0330042254544699,26.16800000000001,21.99,0.0,-1.0
tw-ff659092fb23,Facebook,163.06,-0.0169262848031398,-0.0045382067950448,-0.0065006745983073,19.829,20.849,-0.1018518518518518,-1.0
tw-f6f75d9a3ac5,Reuters,50.0055,0.0048454669986301,0.0026437091919889,-0.0039655637879832,10.691,13.978,-0.1666666666666666,-1.0
tw-7d4e88017b8f,Ford,9.78,-0.0204498977505111,-0.0337423312883435,-0.0449897750511247,17.855999999999995,23.16,0.0,1.0
tw-a311edcf774e,McDonald's,159.18,-0.0088578967206935,0.0104284457846462,0.0349290111823093,14.422,12.177,0.0,1.0
tw-23d6cd1ac605,Next,5266.0,0.0140524116976832,0.0159513862514242,0.0383592859855677,12.885,14.713,0.0,-1.0
tw-9db8dba59aec,Honda,3383.0,-0.0292639668932899,-0.049068873780668,-0.0786284362991427,24.21,23.475,0.0,-1.0
tw-5bbda4de0dc7,BMW,83.45,-0.0091072498502097,-0.0117435590173757,-0.028520071899341,12.002,15.778,0.0,-1.0
tw-0377dc70d912,Ford,9.78,-0.0204498977505111,-0.0337423312883435,-0.0449897750511247,17.855999999999995,23.16,-0.4000000000000001,-1.0
tw-db32b434a3a4,Ford,9.78,-0.0204498977505111,-0.0337423312883435,-0.0449897750511247,17.855999999999995,23.16,0.05,-1.0
tw-075457b127b1,McDonald's,159.18,-0.0088578967206935,0.0104284457846462,0.0349290111823093,14.422,12.177,0.0666666666666666,-1.0
tw-4a7296a3f89b,Intel,46.15,-0.0010834236186348,-0.0132177681473456,-0.0264355362946912,22.648000000000003,19.575,0.0,1.0
tw-759c2051dae1,eBay,34.22,-0.0029222676797195,-0.0035067212156632,0.0011689070718877,11.962,14.171,0.1,1.0
tw-ce4530b26b1d,adidas,209.2,0.0038240917782027,0.005736137667304,0.0047801147227533,14.918,16.058,0.0,1.0
tw-47df129623bf,McDonald's,159.18,-0.0088578967206935,0.0104284457846462,0.0349290111823093,14.422,12.177,0.0,-1.0
tw-9adb5039fd8c,Ford,9.78,-0.0204498977505111,-0.0337423312883435,-0.0449897750511247,17.855999999999995,23.16,-0.05,1.0
tw-3d605c3f2990,Honda,3383.0,-0.0292639668932899,-0.049068873780668,-0.0786284362991427,24.21,23.475,0.0,-1.0
tw-917cdc7c6700,Facebook,163.06,-0.0169262848031398,-0.0045382067950448,-0.0065006745983073,19.829,20.849,0.0,-1.0
tw-763e16af35d0,BMW,83.45,-0.0091072498502097,-0.0117435590173757,-0.028520071899341,12.002,15.778,0.0,-1.0
tw-4057ad2a48a5,HP,25.26,-0.0039588281868567,-0.0087094220110848,-0.0261282660332541,9.659,14.469,0.0,-1.0
tw-6513ae979901,Netflix,366.96,0.0018803139306736,-0.0065402223675604,0.0081480270329191,42.851000000000006,41.694,0.0,1.0
tw-25cf9d7d311b,Starbucks,55.43,-0.0064946779722172,-0.0122677250586325,-0.008298755186722,9.032,11.19,0.0,-1.0
tw-034e71427802,Nike,84.43,0.0098306289233684,-0.0111334833589957,-0.0169371076631529,17.913,19.231,0.0,1.0
tw-a052422715bb,McDonald's,159.18,-0.0088578967206935,0.0104284457846462,0.0349290111823093,14.422,12.177,0.4954545454545454,1.0
tw-765d15fc81ff,McDonald's,159.18,-0.0088578967206935,0.0104284457846462,0.0349290111823093,14.422,12.177,0.0,-1.0
tw-7f239c48b2f7,Ford,9.78,-0.0204498977505111,-0.0337423312883435,-0.0449897750511247,17.855999999999995,23.16,0.0,1.0
tw-d0fbb90c5551,Next,5266.0,0.0140524116976832,0.0159513862514242,0.0383592859855677,12.885,14.713,0.0,-1.0
tw-a75bd13c5be1,CBS,55.97,-0.0053600142933713,-0.0021440057173485,-0.0148293728783276,22.096,19.169,0.2348484848484849,1.0
tw-83f123aa62ca,Ford,9.78,-0.0204498977505111,-0.0337423312883435,-0.0449897750511247,17.855999999999995,23.16,0.2,-1.0
tw-d92249ce0d80,PayPal,89.31,0.0045907513156421,0.0164595230097413,0.034598589183742,22.12,23.81,0.2681818181818182,-1.0
tw-1d2024767527,Amazon,1926.42,0.0075943978986928,0.022720901983991,0.0330042254544699,26.16800000000001,21.99,0.0,1.0
tw-ae7140e10bd2,Ford,9.78,-0.0204498977505111,-0.0337423312883435,-0.0449897750511247,17.855999999999995,23.16,0.0,-1.0
tw-1dec1d2f782d,Samsung,46150.0,-0.0140845070422535,-0.0065005417118093,-0.0346695557963163,32.868,27.103,0.0,-1.0
tw-a732b29681b4,McDonald's,159.18,-0.0088578967206935,0.0104284457846462,0.0349290111823093,14.422,12.177,1.0,1.0
tw-61a5d4fcdebe,Ford,9.78,-0.0204498977505111,-0.0337423312883435,-0.0449897750511247,17.855999999999995,23.16,0.0,1.0
tw-cb42be59a5a5,CBS,55.97,-0.0053600142933713,-0.0021440057173485,-0.0148293728783276,22.096,19.169,0.1666666666666666,1.0
tw-9386aaa0a286,Ford,9.78,-0.0204498977505111,-0.0337423312883435,-0.0449897750511247,17.855999999999995,23.16,-0.4,-1.0
tw-1ca947c7e279,Toyota,7019.0,-0.0084057558056703,-0.0243624447927055,-0.0510044165835589,18.152,18.763,0.0,1.0
tw-6ededc964bf2,Ford,9.78,-0.0204498977505111,-0.0337423312883435,-0.0449897750511247,17.855999999999995,23.16,0.25,1.0
tw-de76e0d67517,Ford,9.78,-0.0204498977505111,-0.0337423312883435,-0.0449897750511247,17.855999999999995,23.16,0.0,1.0
tw-f14318407d3f,Ford,9.78,-0.0204498977505111,-0.0337423312883435,-0.0449897750511247,17.855999999999995,23.16,0.0,1.0
tw-cbf38e385b63,Ford,9.78,-0.0204498977505111,-0.0337423312883435,-0.0449897750511247,17.855999999999995,23.16,0.0,-1.0
tw-1ee398387777,Walmart,95.24,0.0019949601007981,-0.0068248635027298,0.0076648467030659,10.879,30.187,0.0681818181818181,-1.0
tw-8eaad5bf4544,BMW,83.45,-0.0091072498502097,-0.0117435590173757,-0.028520071899341,12.002,15.778,0.0,1.0
tw-9c3e49a37210,Ford,9.78,-0.0204498977505111,-0.0337423312883435,-0.0449897750511247,17.855999999999995,23.16,0.0333333333333333,1.0
tw-c9b6261f0a11,Sony,6682.0,-0.0044896737503741,-0.0077821011673151,-0.0493864112541155,20.003,19.714,0.625,1.0
tw-89817985db3d,PayPal,89.31,0.0045907513156421,0.0164595230097413,0.034598589183742,22.12,23.81,0.0,1.0
tw-eb98125538e8,Google,1174.27,-0.0060974051964199,0.0031594096757986,-0.0022737530550896,16.51,16.828,0.0,1.0
tw-d0d2ff6c87b4,Apple,218.37,-0.0005953198699454,0.0250492283738608,0.0123643357604065,27.976,19.631,0.2,-1.0
tw-6848ef6f2dc9,eBay,34.22,-0.0029222676797195,-0.0035067212156632,0.0011689070718877,11.962,14.171,-0.1,1.0
tw-3fcf469ca0a3,BMW,85.37,-0.0224903361836711,-0.0372496193042052,-0.0317441724259108,15.52,16.659000000000002,0.0,-1.0
tw-26fe1cd22c59,Google,1191.57,-0.0145186602549577,-0.0266371258088068,-0.0079139286823265,18.165,17.537,0.0,-1.0
tw-eb7568ffb227,Ford,9.81,-0.0030581039755352,-0.0265035677879714,-0.0448521916411825,12.606,22.826,0.0,-1.0
tw-b7727dab83f8,BMW,85.37,-0.0224903361836711,-0.0372496193042052,-0.0317441724259108,15.52,16.659000000000002,0.0,-1.0
tw-64ee2d4ab783,Sony,6574.0,0.0164283541222999,0.0085184058411925,-0.0273805902038332,23.764,20.445,0.25,1.0
tw-d114816f24fb,Google,1191.57,-0.0145186602549577,-0.0266371258088068,-0.0079139286823265,18.165,17.537,0.0,-1.0
tw-166844191938,Honda,3418.0,-0.0102399063779988,-0.0588063194850789,-0.0702165008777062,23.875,23.356,0.0,-1.0
tw-d2ff3476346a,Next,5322.0,-0.0105223600150319,0.0093949642991356,0.0135287485907553,15.037,14.629,0.375,-1.0
tw-b90d939d73a0,eBay,34.24,-0.0005841121495328,-0.0011682242990653,0.0058411214953269,10.962,13.911,0.0,1.0
tw-c69f7a2864d4,Sony,6574.0,0.0164283541222999,0.0085184058411925,-0.0273805902038332,23.764,20.445,0.1666666666666666,-1.0
tw-a7081a2af56d,McDonald's,160.79,-0.0100130605137134,-0.0164811244480378,0.0100130605137136,16.005,12.525,0.0,1.0
tw-deab60cdddb4,adidas,209.7,-0.0023843586075345,-0.0133524082021935,0.0019074868860276,14.907,15.736,0.0,-1.0
tw-d4f36c86aa5c,CBS,56.7,-0.0128747795414462,-0.0074074074074074,-0.008641975308642,18.428,19.384,-0.0833333333333333,1.0
tw-a4989d0586e9,eBay,34.24,-0.0005841121495328,-0.0011682242990653,0.0058411214953269,10.962,13.911,-0.5,-1.0
tw-f1164390641e,Sony,6574.0,0.0164283541222999,0.0085184058411925,-0.0273805902038332,23.764,20.445,0.0,-1.0
tw-d124948494b4,Sony,6574.0,0.0164283541222999,0.0085184058411925,-0.0273805902038332,23.764,20.445,0.1363636363636363,-1.0
tw-58f8766d6d3f,Samsung,47250.0,-0.0232804232804232,-0.0444444444444444,-0.0677248677248677,30.669,28.038,0.0,-1.0
tw-8384a513bee9,CBS,56.7,-0.0128747795414462,-0.0074074074074074,-0.008641975308642,18.428,19.384,0.0666666666666666,1.0
tw-50655047daa9,Google,1191.57,-0.0145186602549577,-0.0266371258088068,-0.0079139286823265,18.165,17.537,0.2121212121212121,1.0
tw-46af768fb370,Facebook,166.02,-0.0178291772075654,-0.0327671364895795,-0.0280689073605589,21.994,21.77,0.0611111111111111,-1.0
tw-7e442f78c2ad,Walmart,95.75,-0.0053263707571802,-0.0097127937336815,-0.0065796344647519,10.947,29.906,-0.15,-1.0
tw-1f11ca147014,Amazon,1944.3,-0.0091961117111556,-0.0186545286221262,0.023437741089338,26.802,22.076,0.0,1.0
tw-34b5d1200d25,Next,5322.0,-0.0105223600150319,0.0093949642991356,0.0135287485907553,15.037,14.629,0.1333333333333333,-1.0
tw-99ad070ca889,Sony,6574.0,0.0164283541222999,0.0085184058411925,-0.0273805902038332,23.764,20.445,0.5,1.0
tw-9cc62f8472e2,Ford,9.81,-0.0030581039755352,-0.0265035677879714,-0.0448521916411825,12.606,22.826,-1.0,-1.0
tw-23420d672a26,Amazon,1944.3,-0.0091961117111556,-0.0186545286221262,0.023437741089338,26.802,22.076,0.0,-1.0
tw-b5b7cf9bde92,Next,5322.0,-0.0105223600150319,0.0093949642991356,0.0135287485907553,15.037,14.629,0.1875,1.0
tw-7c0118efdd70,Ford,9.81,-0.0030581039755352,-0.0265035677879714,-0.0448521916411825,12.606,22.826,0.0,1.0
tw-c4b8ab8546fa,Intel,47.2,-0.0222457627118644,-0.0377118644067796,-0.0345338983050848,24.31900000000001,20.915,0.0,-1.0
tw-fa545b82350c,Microsoft,113.57,-0.016465615919697,-0.0125913533503565,-0.0058113938540107,17.607,17.653,0.2681818181818182,1.0
tw-5da3f4f10991,Ford,9.81,-0.0030581039755352,-0.0265035677879714,-0.0448521916411825,12.606,22.826,1.0,1.0
tw-51154c4a9a79,Samsung,47250.0,-0.0232804232804232,-0.0444444444444444,-0.0677248677248677,30.669,28.038,0.3333333333333333,-1.0
tw-4dd540a858f0,Honda,3418.0,-0.0102399063779988,-0.0588063194850789,-0.0702165008777062,23.875,23.356,-0.75,1.0
tw-01e2c980c00e,PayPal,90.6,-0.0142384105960264,-0.0211920529801323,0.0175496688741722,23.26,24.119,0.1502164502164502,-1.0
tw-f17b2db451ba,Amazon,1944.3,-0.0091961117111556,-0.0186545286221262,0.023437741089338,26.802,22.076,0.0,-1.0
tw-63345809af4d,adidas,209.7,-0.0023843586075345,-0.0133524082021935,0.0019074868860276,14.907,15.736,0.0,-1.0
tw-f0dd81fd38ec,Toyota,6979.0,0.0057314801547499,-0.0187705975068061,-0.0280842527582748,17.647000000000006,18.593,0.0,1.0
tw-e9c91f2bf8a1,Toyota,6979.0,0.0057314801547499,-0.0187705975068061,-0.0280842527582748,17.647000000000006,18.593,0.0,1.0
tw-5818df3f90f3,Honda,3418.0,-0.0102399063779988,-0.0588063194850789,-0.0702165008777062,23.875,23.356,0.0,1.0
tw-335d4b2ab404,Ford,9.81,-0.0030581039755352,-0.0265035677879714,-0.0448521916411825,12.606,22.826,0.0,1.0
tw-c8b7f55dff9d,adidas,209.7,-0.0023843586075345,-0.0133524082021935,0.0019074868860276,14.907,15.736,0.0,-1.0
tw-e7bf90f0ebbb,Intel,47.2,-0.0222457627118644,-0.0377118644067796,-0.0345338983050848,24.31900000000001,20.915,0.0,1.0
tw-6c868c28efd2,CBS,56.7,-0.0128747795414462,-0.0074074074074074,-0.008641975308642,18.428,19.384,0.0,-1.0
tw-60130791cd23,Netflix,365.36,0.0043792423910662,-0.0410827676811911,0.0076363039194218,43.24,41.723,0.875,1.0
tw-cf3d57df710b,Starbucks,56.43,-0.0177210703526493,-0.0329611908559276,-0.0272904483430799,11.334,12.033,0.0,-1.0
tw-bc383674b717,adidas,209.7,-0.0023843586075345,-0.0133524082021935,0.0019074868860276,14.907,15.736,0.0,1.0
tw-488d2c3250be,Intel,47.2,-0.0222457627118644,-0.0377118644067796,-0.0345338983050848,24.31900000000001,20.915,-0.2083333333333333,-1.0
tw-d481c60b27d9,Ford,9.81,-0.0030581039755352,-0.0265035677879714,-0.0448521916411825,12.606,22.826,-0.125,-1.0
tw-da7b185317c9,Walmart,95.75,-0.0053263707571802,-0.0097127937336815,-0.0065796344647519,10.947,29.906,0.0,1.0
tw-8f1bc43c7296,Walmart,95.75,-0.0053263707571802,-0.0097127937336815,-0.0065796344647519,10.947,29.906,-0.0765151515151515,-1.0
tw-cd6151896645,Intel,47.2,-0.0222457627118644,-0.0377118644067796,-0.0345338983050848,24.31900000000001,20.915,0.0,-1.0
tw-89e99d0de9d6,CBS,56.7,-0.0128747795414462,-0.0074074074074074,-0.008641975308642,18.428,19.384,0.0,-1.0
tw-9b1b5e833bb6,Microsoft,113.57,-0.016465615919697,-0.0125913533503565,-0.0058113938540107,17.607,17.653,0.0,1.0
tw-9f785565d1a1,Reuters,50.1267,-0.0024178731095404,0.0,0.0028567609677078,10.159,13.966,-0.125,-1.0
tw-5e08727042ef,Microsoft,113.57,-0.016465615919697,-0.0125913533503565,-0.0058113938540107,17.607,17.653,0.0,1.0
tw-baa80aa81a4d,eBay,34.24,-0.0005841121495328,-0.0011682242990653,0.0058411214953269,10.962,13.911,0.7,1.0
tw-cde826068347,Walmart,95.75,-0.0053263707571802,-0.0097127937336815,-0.0065796344647519,10.947,29.906,0.0,-1.0
tw-ec0bb2f6b627,Facebook,166.02,-0.0178291772075654,-0.0327671364895795,-0.0280689073605589,21.994,21.77,0.5,-1.0
tw-136f9bcb81b5,McDonald's,160.79,-0.0100130605137134,-0.0164811244480378,0.0100130605137136,16.005,12.525,0.0,1.0
tw-47e5e6237475,Starbucks,56.43,-0.0177210703526493,-0.0329611908559276,-0.0272904483430799,11.334,12.033,0.0,1.0
tw-54455b798a5c,Walmart,95.9,-0.0015641293013556,-0.0049009384775808,-0.013660062565172,8.758,29.727,0.0,1.0
tw-06c77c02ef1c,HP,25.83,-0.0054200542005418,-0.0259388308168795,-0.0305845915602012,11.559,15.026,0.0,1.0
tw-d07167d53bbc,Toyota,7000.0,-0.003,-0.0057142857142857,-0.0217142857142857,15.0,18.534,0.0,1.0
tw-234555a12737,Samsung,47400.0,-0.0031645569620253,-0.040084388185654,-0.0327004219409282,30.334,26.138,0.0,-1.0
tw-e8e7eafabb75,Netflix,361.19,0.0115451701320635,0.0178853235139399,0.009330269387303,44.094,41.762,0.0,-1.0
tw-be1a99a9efc4,Honda,3491.0,-0.020910913778287,-0.0592953308507591,-0.0784875393869951,23.785,24.121,0.2,1.0
tw-8895b481364d,CBS,56.74,-0.0007049700387733,-0.0188579485371871,-0.015685583362707,15.473,18.182,-0.06,1.0
tw-40363d3f5c18,Google,1172.12,0.0165938641094768,-0.0042743063850117,0.0049994881070198,20.526,17.930999999999994,0.0,-1.0
tw-e4c1e97dc12b,Sony,6444.0,0.0201738050900062,0.0322780881440099,0.0288640595903165,26.395,20.747,0.0,-1.0
tw-96269de2b9c7,CBS,56.74,-0.0007049700387733,-0.0188579485371871,-0.015685583362707,15.473,18.182,0.0,1.0
tw-e5681b68abb1,Microsoft,114.26,-0.0060388587432173,-0.0091895676527219,-0.0077892525818309,17.319000000000006,17.56,-0.0666666666666666,1.0
tw-b74e539b0343,Amazon,1915.01,0.0152949592952517,0.0135978402201554,0.0288144709427105,27.813,22.493,0.975,-1.0
tw-e06d0b507d84,Ford,9.85,-0.0040609137055836,-0.0274111675126903,-0.0406091370558376,12.186,22.242,-0.1,-1.0
tw-62327baaa0b8,Walmart,95.9,-0.0015641293013556,-0.0049009384775808,-0.013660062565172,8.758,29.727,0.0,-1.0
tw-c5061046f642,Amazon,1915.01,0.0152949592952517,0.0135978402201554,0.0288144709427105,27.813,22.493,0.0,1.0
tw-0f915d2ff308,Amazon,1915.01,0.0152949592952517,0.0135978402201554,0.0288144709427105,27.813,22.493,0.6,-1.0
tw-48383d82b799,eBay,34.04,0.0058754406580494,0.0023501762632196,0.0017626321974148,10.372,14.015,0.0,-1.0
tw-b320b389f8c2,Honda,3491.0,-0.020910913778287,-0.0592953308507591,-0.0784875393869951,23.785,24.121,0.0,-1.0
tw-15f0cd8ee930,Google,1172.12,0.0165938641094768,-0.0042743063850117,0.0049994881070198,20.526,17.930999999999994,0.0,1.0
tw-7518767353c7,Google,1172.12,0.0165938641094768,-0.0042743063850117,0.0049994881070198,20.526,17.930999999999994,0.0,1.0
tw-9cab47c2e17a,Apple,217.66,0.0108885417623817,0.0026647064228614,0.0283929063677295,27.839,19.836,0.6,-1.0
tw-a94bb26cedb5,Nike,85.55,-0.0021040327293979,-0.0033898305084744,-0.0240794856808883,15.071,19.13,0.6,1.0
tw-f1df0a74dc59,Netflix,361.19,0.0115451701320635,0.0178853235139399,0.009330269387303,44.094,41.762,0.0,1.0
tw-9c021b0bafdf,Next,5200.0,0.0234615384615384,0.0269230769230769,0.0288461538461538,18.597,15.567,0.0,-1.0
tw-66bca8cdd609,Apple,217.66,0.0108885417623817,0.0026647064228614,0.0283929063677295,27.839,19.836,0.046875,1.0
tw-8c66e2ee2aeb,Ford,9.85,-0.0040609137055836,-0.0274111675126903,-0.0406091370558376,12.186,22.242,0.0681818181818181,1.0
tw-af2ad1f690be,Microsoft,114.26,-0.0060388587432173,-0.0091895676527219,-0.0077892525818309,17.319000000000006,17.56,0.0,1.0
tw-8846b73adbb3,Ford,9.85,-0.0040609137055836,-0.0274111675126903,-0.0406091370558376,12.186,22.242,-0.25,-1.0
tw-8201ad7e5f51,Ford,9.85,-0.0040609137055836,-0.0274111675126903,-0.0406091370558376,12.186,22.242,0.0,-1.0
tw-15474bd5489a,Nike,85.55,-0.0021040327293979,-0.0033898305084744,-0.0240794856808883,15.071,19.13,1.0,1.0
tw-76eb74b1c09f,Google,1172.12,0.0165938641094768,-0.0042743063850117,0.0049994881070198,20.526,17.930999999999994,0.5,1.0
tw-742ec42f7d6a,Ford,9.85,-0.0040609137055836,-0.0274111675126903,-0.0406091370558376,12.186,22.242,0.0,-1.0
tw-3739c34a4662,Starbucks,57.45,-0.0177545691906005,-0.0414273281114012,-0.0469973890339426,13.78,12.362,-0.2,-1.0
tw-ac62865bd6bc,Honda,3491.0,-0.020910913778287,-0.0592953308507591,-0.0784875393869951,23.785,24.121,0.0,1.0
tw-d704c2c8c059,Ford,9.85,-0.0040609137055836,-0.0274111675126903,-0.0406091370558376,12.186,22.242,0.1928571428571428,1.0
tw-291beb163383,Ford,9.85,-0.0040609137055836,-0.0274111675126903,-0.0406091370558376,12.186,22.242,0.5,1.0
tw-63f86778e8ad,Amazon,1915.01,0.0152949592952517,0.0135978402201554,0.0288144709427105,27.813,22.493,0.375,1.0
tw-fa3ae1683895,CBS,56.74,-0.0007049700387733,-0.0188579485371871,-0.015685583362707,15.473,18.182,0.7,1.0
tw-1301f5079bbb,Reuters,49.9725,0.0030856971334234,0.0055090299664815,0.0033058182000101,10.397,13.679,0.0,-1.0
tw-3f798ccf2c5b,Disney,110.4,0.0110507246376811,-0.0078804347826087,-0.0103260869565217,15.975,10.466,0.0,1.0
tw-2359e0d824b9,Ford,9.85,-0.0040609137055836,-0.0274111675126903,-0.0406091370558376,12.186,22.242,0.0,-1.0
tw-f9915cd52b64,PayPal,90.62,-0.0002207018318253,-0.0099315824321342,0.0017656146546015,22.653,24.101,0.0,1.0
tw-56721561fc99,Samsung,47400.0,-0.0031645569620253,-0.040084388185654,-0.0327004219409282,30.334,26.138,0.0,1.0
tw-ed4f8db3d012,Ford,9.85,-0.0040609137055836,-0.0274111675126903,-0.0406091370558376,12.186,22.242,0.0,-1.0
tw-5295314781d9,Reuters,49.9725,0.0030856971334234,0.0055090299664815,0.0033058182000101,10.397,13.679,0.0,-1.0
tw-6641b8b121d6,Reuters,49.9725,0.0030856971334234,0.0055090299664815,0.0033058182000101,10.397,13.679,0.1363636363636363,1.0
tw-7b5811146c60,Reuters,49.9725,0.0030856971334234,0.0055090299664815,0.0033058182000101,10.397,13.679,0.0,-1.0
tw-6e14f0e8cabc,Toyota,7000.0,-0.003,-0.0057142857142857,-0.0217142857142857,15.0,18.534,0.0,-1.0
tw-a38b03bdf824,Google,1172.12,0.0165938641094768,-0.0042743063850117,0.0049994881070198,20.526,17.930999999999994,0.0472222222222222,-1.0
tw-64aff56b0b47,Amazon,1915.01,0.0152949592952517,0.0135978402201554,0.0288144709427105,27.813,22.493,-0.3255208333333333,-1.0
tw-01fa417d3a17,Apple,217.66,0.0108885417623817,0.0026647064228614,0.0283929063677295,27.839,19.836,0.0,1.0
tw-16af5e0220b1,CBS,56.74,-0.0007049700387733,-0.0188579485371871,-0.015685583362707,15.473,18.182,0.0,1.0
tw-703ecbdc5cc2,Sony,6444.0,0.0201738050900062,0.0322780881440099,0.0288640595903165,26.395,20.747,0.0,1.0
tw-dedd83613494,Facebook,162.93,0.0189651997790462,-0.0161419014300619,-0.0037439391149574,24.339,21.958,0.0,1.0
tw-11a4da89a2db,Ford,9.85,-0.0040609137055836,-0.0274111675126903,-0.0406091370558376,12.186,22.242,-0.0277777777777777,1.0
tw-f93630fccfcd,Ford,9.85,-0.0040609137055836,-0.0274111675126903,-0.0406091370558376,12.186,22.242,0.0,1.0
tw-6851ee96d77b,Sony,6444.0,0.0201738050900062,0.0322780881440099,0.0288640595903165,26.395,20.747,0.0,1.0
tw-b87419d861df,CBS,56.74,-0.0007049700387733,-0.0188579485371871,-0.015685583362707,15.473,18.182,0.1363636363636363,1.0
tw-0736dfaa8681,Honda,3491.0,-0.020910913778287,-0.0592953308507591,-0.0784875393869951,23.785,24.121,0.0,-1.0
tw-d9319a32c174,Google,1172.12,0.0165938641094768,-0.0042743063850117,0.0049994881070198,20.526,17.930999999999994,0.1121212121212121,1.0
tw-4a1bfaf42b76,adidas,210.6,-0.0042735042735043,-0.0028490028490028,-0.0009496676163342,14.836,15.380999999999998,0.3333333333333333,1.0
tw-8f80ad3387c6,BMW,85.73,-0.0041992301411407,-0.0354601656363,-0.0380263618336638,15.376,16.613,-0.2,-1.0
tw-859ade01fee3,Amazon,1915.01,0.0152949592952517,0.0135978402201554,0.0288144709427105,27.813,22.493,0.0,-1.0
tw-64a53d07c075,Samsung,47400.0,-0.0031645569620253,-0.040084388185654,-0.0327004219409282,30.334,26.138,0.5,1.0
tw-e297217246c2,Nike,85.55,-0.0021040327293979,-0.0033898305084744,-0.0240794856808883,15.071,19.13,0.0,-1.0
tw-751ecd8edf9a,Walmart,95.9,-0.0015641293013556,-0.0049009384775808,-0.013660062565172,8.758,29.727,0.0,-1.0
tw-7a7b47233c8b,Disney,110.4,0.0110507246376811,-0.0078804347826087,-0.0103260869565217,15.975,10.466,0.0,1.0
tw-4adfc2f2c361,Ford,9.85,-0.0040609137055836,-0.0274111675126903,-0.0406091370558376,12.186,22.242,-0.1333333333333333,1.0
tw-734d3a3015b7,Starbucks,57.45,-0.0177545691906005,-0.0414273281114012,-0.0469973890339426,13.78,12.362,-0.4,1.0
tw-2f98ea47855e,Apple,217.66,0.0108885417623817,0.0026647064228614,0.0283929063677295,27.839,19.836,0.0,-1.0
tw-c3d0b527b5ad,Toyota,7000.0,0.0,0.0027142857142857,-0.0217142857142857,15.0,18.534,0.0,1.0
tw-3bad0b03cc4a,Apple,217.66,0.0,0.0032619682072958,0.0283929063677295,27.839,19.836,0.0,1.0
tw-bf39fb4d1f18,Honda,3491.0,0.0,-0.0309366943569177,-0.0784875393869951,23.785,24.121,0.1363636363636363,1.0
tw-c204dbda0efe,Microsoft,114.26,0.0,-0.0224050411342552,-0.0077892525818309,17.319000000000006,17.56,0.0,1.0
tw-91b280f36dc3,Ford,9.85,0.0,-0.0071065989847716,-0.0406091370558376,12.186,22.242,-0.3333333333333333,-1.0
tw-4a0e508a2770,Ford,9.85,0.0,-0.0071065989847716,-0.0406091370558376,12.186,22.242,0.0,-1.0
tw-0e2f1555aec9,Reuters,49.9725,0.0,0.0006603631997598,0.0033058182000101,10.397,13.679,0.0,1.0
tw-ba6b77b2bfc0,Starbucks,57.45,0.0,-0.0351610095735422,-0.0469973890339426,13.78,12.362,0.0,-1.0
tw-2b632fc3a464,Toyota,7000.0,0.0,0.0027142857142857,-0.0217142857142857,15.0,18.534,0.0431818181818181,-1.0
tw-6a76891f075f,Next,5200.0,0.0,0.0126923076923076,0.0288461538461538,18.597,15.567,0.0,-1.0
tw-17a3143bad02,Walmart,95.9,0.0,-0.0068821689259646,-0.013660062565172,8.758,29.727,0.0,1.0
tw-e62814399ee0,Ford,9.85,0.0,-0.0071065989847716,-0.0406091370558376,12.186,22.242,0.0,1.0
tw-b4dd72648c06,Google,1172.12,0.0,0.0018342831791967,0.0049994881070198,20.526,17.930999999999994,0.175,1.0
tw-90c7fe32ad29,eBay,34.04,0.0,0.0052878965922444,0.0017626321974148,10.372,14.015,0.35,1.0
tw-81af234076c7,HP,25.83,0.0,-0.022067363530778,-0.0305845915602012,11.559,15.026,0.0,1.0
tw-37605fabf7f8,Reuters,49.9725,0.0,0.0006603631997598,0.0033058182000101,10.397,13.679,0.0,1.0
tw-823976b2bbbb,Walmart,95.9,0.0,-0.0068821689259646,-0.013660062565172,8.758,29.727,0.0,1.0
tw-b436fbb6558a,Sony,6444.0,0.0,0.036933581626319,0.0288640595903165,26.395,20.747,0.3181818181818182,-1.0
tw-62365dfe5df5,Starbucks,57.45,0.0,-0.0351610095735422,-0.0469973890339426,13.78,12.362,-0.8,-1.0
tw-1823d4c38112,Starbucks,57.45,0.0,-0.0351610095735422,-0.0469973890339426,13.78,12.362,0.0,-1.0
tw-58114154ef46,Toyota,7000.0,0.0,0.0027142857142857,-0.0217142857142857,15.0,18.534,-0.1,-1.0
tw-4f41dce688ba,Amazon,1915.01,0.0,0.0059581934297993,0.0288144709427105,27.813,22.493,-0.35,-1.0
tw-a1cb52847020,Samsung,47400.0,0.0,-0.0263713080168776,-0.0327004219409282,30.334,26.138,0.8,-1.0
tw-619de8b80062,PayPal,90.62,0.0,-0.0144559699845508,0.0017656146546015,22.653,24.101,0.0,1.0
tw-982ec1a5b422,Amazon,1915.01,0.0,0.0059581934297993,0.0288144709427105,27.813,22.493,0.0,-1.0
tw-3855f15b1f17,eBay,34.04,0.0,0.0052878965922444,0.0017626321974148,10.372,14.015,0.0,1.0
tw-827a8ae2ff56,Toyota,7000.0,0.0,0.0027142857142857,-0.0217142857142857,15.0,18.534,0.0,-1.0
tw-88736d56376f,BMW,85.73,0.0,-0.026595124227225,-0.0380263618336638,15.376,16.613,0.0,1.0
tw-e02f68cf8eb4,Ford,9.85,0.0,-0.0071065989847716,-0.0406091370558376,12.186,22.242,0.0,1.0
tw-07d818ccc350,McDonald's,165.3,0.0,-0.0370235934664247,-0.0269812462189958,22.396,14.880999999999998,-0.1212121212121212,-1.0
tw-8e6cf092a9c5,BMW,85.73,0.0,-0.026595124227225,-0.0380263618336638,15.376,16.613,0.0,1.0
tw-e3d428eb58d6,Toyota,7000.0,0.0,0.0027142857142857,-0.0217142857142857,15.0,18.534,0.0,-1.0
tw-82c62a578e37,Netflix,361.19,0.0,0.0159749716215841,0.009330269387303,44.094,41.762,0.0,1.0
tw-42d99b59cc9a,Ford,9.85,0.0,-0.0071065989847716,-0.0406091370558376,12.186,22.242,0.0,-1.0
tw-253caef5d41a,Ford,9.85,0.0,-0.0071065989847716,-0.0406091370558376,12.186,22.242,0.0,-1.0
tw-98b3bfdeedc0,Ford,9.85,0.0,-0.0071065989847716,-0.0406091370558376,12.186,22.242,0.5,1.0
tw-6c4b872c0e29,Microsoft,114.26,0.0,-0.0224050411342552,-0.0077892525818309,17.319000000000006,17.56,0.2,-1.0
tw-df4485a4cf3f,Starbucks,57.45,0.0,-0.0351610095735422,-0.0469973890339426,13.78,12.362,0.2666666666666666,1.0
tw-cc70ea0ec12f,Next,5200.0,0.0,0.0126923076923076,0.0288461538461538,18.597,15.567,-0.125,1.0
tw-2d8b9049d475,Amazon,1915.01,0.0,0.0059581934297993,0.0288144709427105,27.813,22.493,0.5,1.0
tw-b2be274d4037,Ford,9.85,0.0,-0.0071065989847716,-0.0406091370558376,12.186,22.242,0.05,-1.0
tw-5aeae3f08554,adidas,210.6,0.0,-0.00664767331434,-0.0009496676163342,14.836,15.380999999999998,0.0,-1.0
tw-1975a409d1e1,Walmart,95.9,0.0,-0.0068821689259646,-0.013660062565172,8.758,29.727,0.7000000000000001,-1.0
tw-f392b2702d33,BMW,85.73,0.0,-0.026595124227225,-0.0380263618336638,15.376,16.613,0.0,-1.0
tw-03652cb0eb93,BMW,85.73,0.0,-0.026595124227225,-0.0380263618336638,15.376,16.613,0.3333333333333333,-1.0
tw-066d1079b652,Intel,46.66,0.0,-0.0109301328761251,-0.0240034290612944,25.261,19.789,0.0,-1.0
tw-51c0972b5c56,Intel,46.66,0.0,0.0115730818688385,-0.0240034290612944,25.261,19.789,0.0,-1.0
tw-9ff1f7a01555,HP,25.83,0.0,-0.0054200542005418,-0.0305845915602012,11.559,15.026,-0.625,-1.0
tw-39f40ce5b45a,HP,25.83,0.0,-0.0054200542005418,-0.0305845915602012,11.559,15.026,0.0,1.0
tw-682ca7aec935,Toyota,7000.0,0.0,-0.003,-0.0217142857142857,15.0,18.534,0.55,-1.0
tw-810753fcf541,Walmart,95.9,0.0,-0.0015641293013556,-0.013660062565172,8.758,29.727,0.4,1.0
tw-2dc896167184,Sony,6444.0,0.0,0.0201738050900062,0.0288640595903165,26.395,20.747,0.5,-1.0
tw-6814eac641d8,Reuters,49.9725,0.0,0.0030856971334234,0.0033058182000101,10.397,13.679,0.6,1.0
tw-5a7f7f0d1b81,Honda,3491.0,0.0,-0.020910913778287,-0.0784875393869951,23.785,24.121,-0.4,1.0
tw-b00d22375501,Ford,9.85,0.0,-0.0040609137055836,-0.0406091370558376,12.186,22.242,0.0,-1.0
tw-9fa67b64737c,CBS,56.74,0.0,-0.0007049700387733,-0.015685583362707,15.473,18.182,0.35,-1.0
tw-f10d58b3be9b,Disney,110.4,0.0,0.0110507246376811,-0.0103260869565217,15.975,10.466,0.0,1.0
tw-f367befdeaba,Honda,3491.0,0.0,-0.020910913778287,-0.0784875393869951,23.785,24.121,0.0,1.0
tw-663377c75f3c,Apple,217.66,0.0,0.0108885417623817,0.0283929063677295,27.839,19.836,0.0,-1.0
tw-ffa50cc3998e,Apple,217.66,0.0,0.0108885417623817,0.0283929063677295,27.839,19.836,0.0,-1.0
tw-c9ec495934ba,eBay,34.04,0.0,0.0058754406580494,0.0017626321974148,10.372,14.015,0.0681818181818181,-1.0
tw-6bed67f4795a,Samsung,47400.0,0.0,-0.0031645569620253,-0.0327004219409282,30.334,26.138,0.0,-1.0
tw-d0bc1c25594c,McDonald's,165.3,0.0,-0.0272837265577738,-0.0269812462189958,22.396,14.880999999999998,0.0,-1.0
tw-f4ae1e17a67e,eBay,34.04,0.0,0.0058754406580494,0.0017626321974148,10.372,14.015,0.1363636363636363,-1.0
tw-957622f71902,HP,25.83,0.0,-0.0054200542005418,-0.0305845915602012,11.559,15.026,0.0,-1.0
tw-77e2153d729b,Apple,217.66,0.0,0.0108885417623817,0.0283929063677295,27.839,19.836,0.0,-1.0
tw-e2fc21242f95,McDonald's,165.3,0.0,-0.0272837265577738,-0.0269812462189958,22.396,14.880999999999998,0.0,1.0
tw-ea00abd42959,Walmart,95.9,0.0,-0.0015641293013556,-0.013660062565172,8.758,29.727,0.25,1.0
tw-ed6a073d6e76,Starbucks,57.45,0.0,-0.0177545691906005,-0.0469973890339426,13.78,12.362,0.0,-1.0
tw-7a82f8503713,Netflix,361.19,0.0,0.0115451701320635,0.009330269387303,44.094,41.762,-0.5,-1.0
tw-33a692d68aa7,Microsoft,114.26,0.0,-0.0060388587432173,-0.0077892525818309,17.319000000000006,17.56,0.0,1.0
tw-77f3ed38f3c6,Facebook,162.93,0.0,0.0189651997790462,-0.0037439391149574,24.339,21.958,0.0,1.0
tw-307ca374341e,BMW,85.73,0.0,-0.0041992301411407,-0.0380263618336638,15.376,16.613,0.03,1.0
tw-2b9926408c09,Walmart,95.9,0.0,-0.0015641293013556,-0.013660062565172,8.758,29.727,0.5,-1.0
tw-4736f99cda5c,Disney,110.4,0.0,0.0110507246376811,-0.0103260869565217,15.975,10.466,0.0,1.0
tw-f755189fdc35,PayPal,90.62,0.0,-0.0002207018318253,0.0017656146546015,22.653,24.101,0.0,-1.0
tw-dbde4dffbdae,Ford,9.85,0.0,-0.0040609137055836,-0.0406091370558376,12.186,22.242,0.2,1.0
tw-7b3934c04694,Ford,9.85,0.0,-0.0040609137055836,-0.0406091370558376,12.186,22.242,0.0,-1.0
tw-983ad20a2007,Facebook,162.93,0.0,0.0189651997790462,-0.0037439391149574,24.339,21.958,0.5785714285714286,1.0
tw-7a7e66e9e336,Microsoft,114.26,0.0,-0.0060388587432173,-0.0077892525818309,17.319000000000006,17.56,0.0,-1.0
tw-37f3fe07eb77,CBS,56.74,0.0,-0.0007049700387733,-0.015685583362707,15.473,18.182,0.0,1.0
tw-86ab1f9838ef,CBS,56.74,0.0,-0.0007049700387733,-0.015685583362707,15.473,18.182,0.0,1.0
tw-c8a5c8cf3e50,Amazon,1915.01,0.0,0.0152949592952517,0.0288144709427105,27.813,22.493,0.8,1.0
tw-67e1caa66af6,Ford,9.85,0.0,-0.0040609137055836,-0.0406091370558376,12.186,22.242,0.0,1.0
tw-cd47474bf7dc,Walmart,95.9,0.0,-0.0015641293013556,-0.013660062565172,8.758,29.727,0.0,1.0
tw-897732a87492,Amazon,1915.01,0.0,0.0152949592952517,0.0288144709427105,27.813,22.493,0.4,-1.0
tw-89b58cc76dfc,Ford,9.85,0.0,-0.0040609137055836,-0.0406091370558376,12.186,22.242,0.0,1.0
tw-f56a91600811,Samsung,47400.0,0.0,-0.0031645569620253,-0.0327004219409282,30.334,26.138,0.0,-1.0
tw-5e51799f15c5,Ford,9.85,0.0,-0.0040609137055836,-0.0406091370558376,12.186,22.242,0.0,1.0
tw-ea48a24a24c4,Walmart,95.9,0.0,-0.0015641293013556,-0.013660062565172,8.758,29.727,0.0,1.0
tw-7989ce3fa237,CBS,56.74,0.0,-0.0007049700387733,-0.015685583362707,15.473,18.182,0.0,1.0
tw-424628ae89d7,Netflix,361.19,0.0,0.0115451701320635,0.009330269387303,44.094,41.762,0.35,1.0
tw-2b1af946dbf7,eBay,34.04,0.0,0.0058754406580494,0.0017626321974148,10.372,14.015,0.0,1.0
tw-c6b56afb35b2,Google,1172.12,0.0,0.0165938641094768,0.0049994881070198,20.526,17.930999999999994,0.4000000000000001,-1.0
tw-5245951f9e88,Toyota,7000.0,0.0,-0.003,-0.0217142857142857,15.0,18.534,0.05,-1.0
tw-d590ee0b4e73,McDonald's,165.3,0.0,-0.0272837265577738,-0.0269812462189958,22.396,14.880999999999998,0.3,1.0
tw-7b1b2ccfebd6,PayPal,90.62,0.0,-0.0002207018318253,0.0017656146546015,22.653,24.101,0.2,1.0
tw-bd76563007e3,Facebook,162.93,0.0,0.0189651997790462,-0.0037439391149574,24.339,21.958,0.0,1.0
tw-6e7cd993cf96,HP,25.87,-0.0015461925009664,-0.0015461925009664,-0.0332431387707769,11.523,14.675,-0.0518518518518518,-1.0
tw-dbcc2752aab3,McDonald's,163.31,0.012185414242851,0.012185414242851,-0.0316575837364522,23.337,15.363,0.7,-1.0
tw-536efcb9390d,Honda,3491.0,0.0,0.0,-0.0784875393869951,23.785,24.121,0.1583333333333333,-1.0
tw-ae63fb854649,Microsoft,114.67,-0.0035754774570506,-0.0035754774570506,-0.0220633121130199,15.723,17.349,0.0,-1.0
tw-431a684ed819,Amazon,1934.36,-0.0100033085878533,-0.0100033085878533,-0.0136117372154097,24.298,22.63300000000001,0.5,1.0
tw-f4d2b53eac66,Samsung,47400.0,0.0,0.0,-0.0474683544303797,30.334,26.138,0.0,-1.0
tw-557c7974934d,eBay,33.72,0.0094899169632265,0.0094899169632265,0.0142348754448399,9.487,14.181,0.6,1.0
tw-b7e0dbc680d3,eBay,33.72,0.0094899169632265,0.0094899169632265,0.0142348754448399,9.487,14.181,0.0,1.0
tw-580fe0717735,eBay,33.72,0.0094899169632265,0.0094899169632265,0.0142348754448399,9.487,14.181,0.15,-1.0
tw-9725bcc9c076,eBay,33.72,0.0094899169632265,0.0094899169632265,0.0142348754448399,9.487,14.181,0.0,1.0
tw-833e88d60290,HP,25.87,-0.0015461925009664,-0.0015461925009664,-0.0332431387707769,11.523,14.675,0.1,1.0
tw-b059eb20112a,Ford,9.59,0.02711157455683,0.02711157455683,-0.0041710114702814,20.431,21.95300000000001,0.0,-1.0
tw-470e1bddcabb,HP,25.87,-0.0015461925009664,-0.0015461925009664,-0.0332431387707769,11.523,14.675,0.0,1.0
tw-d33ea4f58997,Honda,3491.0,0.0,0.0,-0.0784875393869951,23.785,24.121,0.0,1.0
tw-dbd00bc2d62a,Honda,3491.0,0.0,0.0,-0.0784875393869951,23.785,24.121,0.0,1.0
tw-61eaf279cb48,Toyota,7000.0,0.0,0.0,-0.0217142857142857,15.0,18.534,0.0,1.0
tw-e270c1bcf311,Starbucks,56.69,0.013406244487564,0.013406244487564,-0.037396366202152,16.939,13.355,0.0,-1.0
tw-0f62400b0900,Facebook,165.41,-0.0149930475787436,-0.0149930475787436,-0.0292001692763435,25.127,22.647,0.0,-1.0
tw-f8b9a3f9412e,Microsoft,114.67,-0.0035754774570506,-0.0035754774570506,-0.0220633121130199,15.723,17.349,0.0,-1.0
tw-776d074e07b5,CBS,56.58,0.0028278543655002,0.0028278543655002,-0.0053022269353127,15.781,18.07,0.0,1.0
tw-15bb895d39d7,Ford,9.59,0.02711157455683,0.02711157455683,-0.0041710114702814,20.431,21.95300000000001,0.0,1.0
tw-5b177c3d8fcc,Ford,9.59,0.02711157455683,0.02711157455683,-0.0041710114702814,20.431,21.95300000000001,0.0,1.0
tw-feaf8f5843bc,Sony,6444.0,0.0,0.0,0.0288640595903165,26.395,20.747,0.4666666666666666,1.0
tw-89856fb8ad23,adidas,208.4,0.010556621880998,0.010556621880998,-0.0071976967370441,16.195,15.572,0.0,1.0
tw-a2f814637979,BMW,83.5,0.0267065868263473,0.0267065868263473,-0.015688622754491,23.057,18.445,0.0,-1.0
tw-7bbc864e533d,adidas,208.4,0.010556621880998,0.010556621880998,-0.0071976967370441,16.195,15.572,0.0,1.0
tw-978080a84df7,Amazon,1934.36,-0.0100033085878533,-0.0100033085878533,-0.0136117372154097,24.298,22.63300000000001,0.2454545454545454,1.0
tw-e991a4bac117,Netflix,369.61,-0.0227807689185899,-0.0227807689185899,-0.0521089797353967,44.319,41.985,0.0,1.0
tw-b2f4ba00fd7b,Sony,6444.0,0.0,0.0,0.0288640595903165,26.395,20.747,0.0,1.0
tw-b2d4754aabc3,Honda,3491.0,0.0,0.0,-0.0784875393869951,23.785,24.121,-0.0714285714285714,-1.0
tw-d67c223422d6,Disney,112.77,-0.0210162277201382,-0.0210162277201382,-0.0302385386184268,18.479,12.262,0.0,-1.0
tw-3d7e26837605,Honda,3491.0,0.0,0.0,-0.0784875393869951,23.785,24.121,0.0,-1.0
tw-149f6e830cde,CBS,56.58,0.0028278543655002,0.0028278543655002,-0.0053022269353127,15.781,18.07,0.0,-1.0
tw-02fbad1837ec,CBS,56.58,0.0028278543655002,0.0028278543655002,-0.0053022269353127,15.781,18.07,0.1,-1.0
tw-b7699c3c19d9,Apple,220.79,-0.0141763666832736,-0.0141763666832736,-0.0131799447438742,25.142,20.148,0.0,-1.0
tw-a6453772e7f0,PayPal,89.62,0.0111582236108011,0.0111582236108011,-0.010488730194153,20.894,24.389,0.0,1.0
tw-2838391ad7f4,Disney,112.77,-0.0210162277201382,-0.0210162277201382,-0.0302385386184268,18.479,12.262,0.0,1.0
tw-9ec479187557,Netflix,369.61,-0.0227807689185899,-0.0227807689185899,-0.0521089797353967,44.319,41.985,0.1363636363636363,1.0
tw-36b8c260cd96,Google,1179.56,-0.0063074366713012,-0.0063074366713012,-0.016726576011394,19.492,18.113,0.25,1.0
tw-1e3941b83f42,Intel,46.91,-0.0053293540822852,-0.0053293540822852,-0.0317629503304198,17.006,19.783,0.0,-1.0
tw-899a0c4ab8e7,Sony,6444.0,0.0,0.0,0.0288640595903165,26.395,20.747,0.2,1.0
tw-09f101d93fc6,BMW,83.5,0.0267065868263473,0.0267065868263473,-0.015688622754491,23.057,18.445,0.0,1.0
tw-20714e1c79ad,adidas,208.4,0.010556621880998,0.010556621880998,-0.0071976967370441,16.195,15.572,0.0,1.0
tw-beece6bb25af,Facebook,165.41,-0.0149930475787436,-0.0149930475787436,-0.0292001692763435,25.127,22.647,0.1363636363636363,1.0
tw-10c7b7ccccb2,Next,5124.0,0.0148321623731459,0.0148321623731459,0.04839968774395,18.666,15.32,0.0,1.0
tw-8a8ed94b6806,Ford,9.59,0.02711157455683,0.02711157455683,-0.0041710114702814,20.431,21.95300000000001,0.0,1.0
tw-f875007b63c9,Honda,3491.0,0.0,0.0,-0.0784875393869951,23.785,24.121,0.0291666666666666,1.0
tw-0d9a436daafa,Walmart,95.1,-0.0018927444794951,0.0084121976866457,0.0034700315457414,9.745,29.651,-0.2,-1.0
tw-83de16a9a112,Samsung,47400.0,0.0,0.0,-0.040084388185654,30.334,26.138,0.0,1.0
tw-5e5b40adea33,Apple,222.19,-0.0063009136324767,-0.0203879562536567,-0.0177775777487735,24.5,20.18,0.0,1.0
tw-87d463446f8c,Ford,9.39,0.0212992545260915,0.0489882854100105,0.0202342917997869,24.272,22.841,0.0,-1.0
tw-b0ed48145e1f,Honda,3516.0,-0.0071103526734926,-0.0071103526734926,-0.0659840728100113,22.167,22.282,-0.4,-1.0
tw-f62f3e8434ff,Disney,113.63,-0.0075684238317345,-0.0284255918331425,-0.0360820205931531,18.4,12.358,0.0,-1.0
tw-bae6297f31ee,Next,5518.0,-0.0714026821312069,-0.0576295759333091,-0.032258064516129,47.166,27.646,0.0,-1.0
tw-7266dabb5e99,Amazon,1974.55,-0.0203540047099339,-0.0301537059076751,-0.0169658909624977,27.407,23.156,0.0,-1.0
tw-9e22e97a62b4,eBay,32.76,0.0293040293040293,0.0390720390720391,0.0415140415140415,16.949,15.794,-0.05,1.0
tw-f944371c1876,BMW,78.9,0.0583016476552597,0.0865652724968314,0.0480354879594422,39.798,24.731,0.0,1.0
tw-d06964bda3a0,Starbucks,56.9,-0.0036906854130052,0.0096660808435853,-0.0321616871704744,16.566,12.844,0.225,1.0
tw-6e3326f0bf12,Google,1193.89,-0.0120027808257043,-0.0182345107170679,-0.0224308772164941,18.397,18.381,0.0,-1.0
tw-a33e34dbbf05,Google,1193.89,-0.0120027808257043,-0.0182345107170679,-0.0224308772164941,18.397,18.381,0.0,-1.0
tw-0d41385dabec,Walmart,95.1,-0.0018927444794951,0.0084121976866457,0.0034700315457414,9.745,29.651,-0.09375,-1.0
tw-ae15d2046e17,Disney,113.63,-0.0075684238317345,-0.0284255918331425,-0.0360820205931531,18.4,12.358,0.7,-1.0
tw-33fa846709b0,PayPal,90.04,-0.0046645935139938,0.0064415815193247,-0.003553976010662,19.943,24.314,0.1363636363636363,1.0
tw-74058ab6c0c2,BMW,78.9,0.0583016476552597,0.0865652724968314,0.0480354879594422,39.798,24.731,0.5,-1.0
tw-f4fa6f8fdde3,Microsoft,114.45,0.001922236784622,-0.001660113586719,-0.0108344255133246,15.96,17.079,0.5,1.0
tw-279932af2326,Walmart,95.1,-0.0018927444794951,0.0084121976866457,0.0034700315457414,9.745,29.651,0.0,-1.0
tw-49a107f808d7,Next,5518.0,-0.0714026821312069,-0.0576295759333091,-0.032258064516129,47.166,27.646,0.125,1.0
tw-ff85d006eb00,Google,1193.89,-0.0120027808257043,-0.0182345107170679,-0.0224308772164941,18.397,18.381,0.0,1.0
tw-089d69ce52e7,Disney,113.63,-0.0075684238317345,-0.0284255918331425,-0.0360820205931531,18.4,12.358,0.0,1.0
tw-7816660e297c,Toyota,7122.0,-0.0171300196573996,-0.0171300196573996,-0.0227464195450716,15.341,17.969,0.0,1.0
tw-b9a3dfd3230d,Samsung,47400.0,0.0,0.0,-0.040084388185654,30.334,26.138,0.0,-1.0
tw-7d542a074f2a,PayPal,90.04,-0.0046645935139938,0.0064415815193247,-0.003553976010662,19.943,24.314,0.0,-1.0
tw-7197e5cdbfb7,Netflix,369.43,0.0004872370949841,-0.0223046314592751,-0.0048182334948434,39.121,41.774,0.0,1.0
tw-4dd39f4c30eb,Apple,222.19,-0.0063009136324767,-0.0203879562536567,-0.0177775777487735,24.5,20.18,0.8,-1.0
tw-067092bb419f,Apple,222.19,-0.0063009136324767,-0.0203879562536567,-0.0177775777487735,24.5,20.18,0.0,1.0
tw-5c5f3558d12e,Amazon,1974.55,-0.0203540047099339,-0.0301537059076751,-0.0169658909624977,27.407,23.156,0.0,-1.0
tw-b8ef99b4f46f,Starbucks,56.9,-0.0036906854130052,0.0096660808435853,-0.0321616871704744,16.566,12.844,0.0,1.0
tw-4ccbd599a0a0,CBS,56.55,0.0005305039787798,0.0033598585322724,-0.0155614500442085,15.329,18.05,0.0,1.0
tw-612e92baaa31,Facebook,164.91,0.0030319568249348,-0.0120065490267417,-0.0279546419258988,20.871,22.482,0.2,-1.0
tw-277605c3cfea,adidas,210.8,-0.0113851992409867,-0.0009487666034156,-0.0037950664136622,15.962,15.251,0.0,1.0
tw-0a0016cee370,Next,5518.0,-0.0714026821312069,-0.0576295759333091,-0.032258064516129,47.166,27.646,0.1071428571428571,-1.0
tw-17c773ba0e5c,Walmart,95.1,-0.0018927444794951,0.0084121976866457,0.0034700315457414,9.745,29.651,0.5,-1.0
tw-ca9d37c1d9b7,Microsoft,114.45,0.001922236784622,-0.001660113586719,-0.0108344255133246,15.96,17.079,0.0,1.0
tw-18485ebd9993,PayPal,90.04,-0.0046645935139938,0.0064415815193247,-0.003553976010662,19.943,24.314,0.1,-1.0
tw-dba807324939,HP,25.56,0.0121283255086072,0.0105633802816901,-0.0156494522691705,14.274,14.867,0.0,-1.0
tw-f566133be90e,Ford,9.39,0.0212992545260915,0.0489882854100105,0.0202342917997869,24.272,22.841,0.0,-1.0
tw-084babaaba41,Microsoft,114.45,0.001922236784622,-0.001660113586719,-0.0108344255133246,15.96,17.079,0.0,-1.0
tw-f9e871c77fde,Sony,6658.0,-0.0321417843196155,-0.0321417843196155,-0.0009011715229798,30.575,21.239,0.0,-1.0
tw-4b8470aadf2e,Ford,9.39,0.0212992545260915,0.0489882854100105,0.0202342917997869,24.272,22.841,0.0,1.0
tw-4b7bf5123a6d,Google,1193.89,-0.0120027808257043,-0.0182345107170679,-0.0224308772164941,18.397,18.381,0.0,1.0
tw-a3e14832f38b,Honda,3516.0,-0.0071103526734926,-0.0071103526734926,-0.0659840728100113,22.167,22.282,0.0,-1.0
tw-6ccc9e41e633,BMW,78.9,0.0583016476552597,0.0865652724968314,0.0480354879594422,39.798,24.731,0.0,1.0
tw-a9a516902c9b,Toyota,7122.0,-0.0171300196573996,-0.0171300196573996,-0.0227464195450716,15.341,17.969,0.0,1.0
tw-2b98c433ef5f,Disney,113.63,-0.0075684238317345,-0.0284255918331425,-0.0360820205931531,18.4,12.358,0.4666666666666666,1.0
tw-e2330ef337b1,Microsoft,114.45,0.001922236784622,-0.001660113586719,-0.0108344255133246,15.96,17.079,-0.0625,1.0
tw-67b8da4a1482,Ford,9.39,0.0212992545260915,0.0489882854100105,0.0202342917997869,24.272,22.841,0.0,1.0
tw-3d2f172ed565,Facebook,164.91,0.0030319568249348,-0.0120065490267417,-0.0279546419258988,20.871,22.482,0.5,1.0
tw-608bfccd5f27,HP,25.56,0.0121283255086072,0.0105633802816901,-0.0156494522691705,14.274,14.867,0.425,1.0
tw-2f86a83a2294,Samsung,47400.0,0.0,0.0,-0.040084388185654,30.334,26.138,0.0,-1.0
tw-585c714b21c1,Walmart,94.59,0.0053916904535362,0.0138492441061423,0.0068717623427422,8.972999999999997,29.613000000000003,0.625,-1.0
tw-f087b0d1931a,Google,1194.06,-0.0001423714051218,-0.0183742860492773,-0.0165737065139104,17.933,17.414,0.0,1.0
tw-b7f9d1dbaf4e,Google,1194.06,-0.0001423714051218,-0.0183742860492773,-0.0165737065139104,17.933,17.414,0.0,1.0
tw-a903bd5ff48c,CBS,56.5,0.0008849557522123,0.0042477876106195,-0.0093805309734513,11.715,18.068,0.2,-1.0
tw-903be7b29ef6,PayPal,89.85,0.0021146355036172,0.0085698386199222,-0.0060100166944907,19.945,22.461,0.0,1.0
tw-a140ea121483,Apple,220.42,0.008030124308139,-0.0125215497686234,-0.009300426458579,20.27,20.4,0.0,-1.0
tw-e5a0967491e3,Reuters,50.0606,0.0054993348062148,-0.0017598670411462,-0.0011006659928167,6.103,12.861,-0.5,-1.0
tw-7bc18f404571,Sony,6768.0,-0.0162529550827423,-0.0478723404255319,-0.0127068557919621,30.754,21.151,0.1,1.0
tw-ce248a26ecc5,Toyota,7030.0,0.0130867709815078,-0.0042674253200568,-0.0015647226173541,18.397,18.343,0.0,-1.0
tw-ca820f7334f1,Starbucks,57.27,-0.0064606251091322,0.003143006809848,-0.0321285140562249,16.29,12.894,0.0625,-1.0
tw-d220a70d70ab,Next,5400.0,0.0218518518518518,-0.037037037037037,-0.0248148148148148,48.157,28.083,0.0,-1.0
tw-c6e2657f7927,Google,1194.06,-0.0001423714051218,-0.0183742860492773,-0.0165737065139104,17.933,17.414,0.0,1.0
tw-a30991c14113,Reuters,50.0606,0.0054993348062148,-0.0017598670411462,-0.0011006659928167,6.103,12.861,0.2,-1.0
tw-1f7fc83d8f26,Reuters,50.0606,0.0054993348062148,-0.0017598670411462,-0.0011006659928167,6.103,12.861,0.16,1.0
tw-398342bc328c,Sony,6768.0,-0.0162529550827423,-0.0478723404255319,-0.0127068557919621,30.754,21.151,0.1888888888888888,1.0
tw-640b88377b92,eBay,33.58,-0.0244192972007147,0.0136986301369863,0.0190589636688505,22.941,17.04,0.0,1.0
tw-2d88c313ba64,BMW,78.64,0.0033062054933876,0.0901576805696846,0.0611648016276704,37.439,24.645,0.0,-1.0
tw-6a0b5cb2457d,eBay,33.58,-0.0244192972007147,0.0136986301369863,0.0190589636688505,22.941,17.04,-0.1,1.0
tw-bb832184a172,eBay,33.58,-0.0244192972007147,0.0136986301369863,0.0190589636688505,22.941,17.04,0.0,1.0
tw-76b41c4299ed,Amazon,1974.85,-0.0001519102716661,-0.0303010355216851,-0.0245233815226472,27.409,22.276,0.0,-1.0
tw-3adbc7bd3607,McDonald's,165.76,0.003921332046332,-0.0027750965250964,-0.0396959459459458,24.186,15.666,0.1,1.0
tw-bf79415e8a25,CBS,56.5,0.0008849557522123,0.0042477876106195,-0.0093805309734513,11.715,18.068,0.0,1.0
tw-f400086f79ac,Samsung,47400.0,0.0,0.0,-0.0263713080168776,30.334,26.138,0.0,1.0
tw-73baf7c48be1,Disney,115.21,-0.0137140873188091,-0.0417498481034631,-0.0470445273847755,18.798,13.007,-0.375,-1.0
tw-7a2deea59a42,Walmart,94.59,0.0053916904535362,0.0138492441061423,0.0068717623427422,8.972999999999997,29.613000000000003,0.0,1.0
tw-801c7024d616,McDonald's,165.76,0.003921332046332,-0.0027750965250964,-0.0396959459459458,24.186,15.666,0.0,-1.0
tw-6f6a9d1b4026,BMW,78.64,0.0033062054933876,0.0901576805696846,0.0611648016276704,37.439,24.645,0.85,1.0
tw-533b532455cd,Microsoft,113.98,0.0041235304439375,0.0024565713283032,-0.0200035093876118,15.528,16.141,0.1363636363636363,-1.0
tw-bb6607e993ba,Nike,83.7,0.0130227001194743,0.0221027479091994,0.0087216248506571,19.957,19.979,0.0,1.0
tw-9fe8053b8c2e,Reuters,50.0606,0.0054993348062148,-0.0017598670411462,-0.0011006659928167,6.103,12.861,0.0,1.0
tw-7e71f439e1d0,Ford,9.27,0.0129449838187703,0.0625674217907227,0.0550161812297734,25.227,23.103,0.2,-1.0
tw-d0fcffd99255,Netflix,377.88,-0.0223615962739493,-0.0441674605694929,-0.0288980628771038,40.798,40.576,0.0,-1.0
tw-342b253ae0ec,Walmart,94.59,0.0053916904535362,0.0138492441061423,0.0068717623427422,8.972999999999997,29.613000000000003,-0.125,1.0
tw-333e31f6d799,Intel,45.7,0.0045951859956234,0.0210065645514221,0.0098468271334791,21.185,20.327,0.0,1.0
tw-dcea5d5d8b6e,Ford,9.27,0.0129449838187703,0.0625674217907227,0.0550161812297734,25.227,23.103,0.65,-1.0
tw-04fa05b425bd,BMW,78.64,0.0033062054933876,0.0901576805696846,0.0611648016276704,37.439,24.645,0.0,1.0
tw-bf22a3cd7a59,PayPal,89.85,0.0021146355036172,0.0085698386199222,-0.0060100166944907,19.945,22.461,0.1,1.0
tw-e21284b99f08,BMW,78.64,0.0033062054933876,0.0901576805696846,0.0611648016276704,37.439,24.645,0.2714285714285714,1.0
tw-a5f7bb7ed059,Netflix,377.88,-0.0223615962739493,-0.0441674605694929,-0.0288980628771038,40.798,40.576,-0.5,1.0
tw-97bc2afcb7a4,Sony,6768.0,-0.0162529550827423,-0.0478723404255319,-0.0127068557919621,30.754,21.151,0.0,1.0
tw-f8b084c3a626,Toyota,7030.0,0.0130867709815078,-0.0042674253200568,-0.0015647226173541,18.397,18.343,0.0,1.0
tw-80aa5a0bcaed,Ford,9.27,0.0129449838187703,0.0625674217907227,0.0550161812297734,25.227,23.103,-0.2777777777777777,-1.0
tw-c9a46f90eb55,PayPal,89.85,0.0021146355036172,0.0085698386199222,-0.0060100166944907,19.945,22.461,0.0499999999999999,1.0
tw-d7e636c89cae,Ford,9.27,0.0129449838187703,0.0625674217907227,0.0550161812297734,25.227,23.103,0.0,-1.0
tw-e7713c9272f4,Sony,6768.0,-0.0162529550827423,-0.0478723404255319,-0.0127068557919621,30.754,21.151,0.0,1.0
tw-df58eaf29d47,Walmart,94.59,0.0053916904535362,0.0138492441061423,0.0068717623427422,8.972999999999997,29.613000000000003,0.0,-1.0
tw-9b897caab6ca,Next,5400.0,0.0218518518518518,-0.037037037037037,-0.0248148148148148,48.157,28.083,0.3333333333333333,1.0
tw-a2e4f6ab327a,Microsoft,113.98,0.0041235304439375,0.0024565713283032,-0.0200035093876118,15.528,16.141,0.0,-1.0
tw-b8b38c35dc21,Sony,6768.0,-0.0162529550827423,-0.0478723404255319,-0.0127068557919621,30.754,21.151,0.0,1.0
tw-708a96580cc2,CBS,56.5,0.0008849557522123,0.0042477876106195,-0.0093805309734513,11.715,18.068,0.0,1.0
tw-06a1f8b274f2,Walmart,94.59,0.0053916904535362,0.0138492441061423,0.0068717623427422,8.972999999999997,29.613000000000003,0.0,-1.0
tw-d91b0cee8883,eBay,33.58,-0.0244192972007147,0.0136986301369863,0.0190589636688505,22.941,17.04,0.0,-1.0
tw-820909358b4b,eBay,33.58,-0.0244192972007147,0.0136986301369863,0.0190589636688505,22.941,17.04,0.4166666666666667,1.0
tw-8cc594ff0265,Honda,3427.0,0.0259702363583309,0.0186752261453166,-0.0128392179749051,29.988000000000003,23.171,0.0,-1.0
tw-3c77fc578f96,Ford,9.27,0.0129449838187703,0.0625674217907227,0.0550161812297734,25.227,23.103,-0.5,1.0
tw-0cf37bf390d9,McDonald's,165.76,0.003921332046332,-0.0027750965250964,-0.0396959459459458,24.186,15.666,0.0,-1.0
tw-19cb28a91fd2,CBS,56.5,0.0008849557522123,0.0042477876106195,-0.0093805309734513,11.715,18.068,0.0,1.0
tw-f767e4f0b371,PayPal,89.85,0.0021146355036172,0.0085698386199222,-0.0060100166944907,19.945,22.461,0.0,1.0
tw-640ff6e239f4,McDonald's,165.76,0.003921332046332,-0.0027750965250964,-0.0396959459459458,24.186,15.666,0.1428571428571428,-1.0
tw-fa675c10ef83,Toyota,7030.0,0.0130867709815078,-0.0042674253200568,-0.0015647226173541,18.397,18.343,0.05,1.0
tw-d7e8a5bce9f7,Sony,6768.0,-0.0162529550827423,-0.0478723404255319,-0.0127068557919621,30.754,21.151,0.0,1.0
tw-d78ee58b4d70,Sony,6768.0,-0.0162529550827423,-0.0478723404255319,-0.0127068557919621,30.754,21.151,0.0,-1.0
tw-27ce0a584776,CBS,56.5,0.0008849557522123,0.0042477876106195,-0.0093805309734513,11.715,18.068,0.0,-1.0
tw-2eec222f4729,Toyota,7030.0,0.0130867709815078,-0.0042674253200568,-0.0015647226173541,18.397,18.343,0.0,1.0
tw-bcb4e98b90d2,Walmart,94.59,0.0053916904535362,0.0138492441061423,0.0068717623427422,8.972999999999997,29.613000000000003,0.0,-1.0
tw-89a85ed93b6a,BMW,78.64,0.0033062054933876,0.0901576805696846,0.0611648016276704,37.439,24.645,0.5,-1.0
tw-26d2e036eeee,Netflix,377.88,-0.0223615962739493,-0.0441674605694929,-0.0288980628771038,40.798,40.576,0.0535714285714285,1.0
tw-7d8f4e3efe08,eBay,33.58,-0.0244192972007147,0.0136986301369863,0.0190589636688505,22.941,17.04,0.0,1.0
tw-849f26255b7f,Honda,3427.0,0.0259702363583309,0.0186752261453166,-0.0128392179749051,29.988000000000003,23.171,-0.6,1.0
tw-2bbc0f01320d,Facebook,168.84,-0.0111940298507463,-0.0203150912106136,-0.0167022032693674,21.559,21.896,0.0,-1.0
tw-65014bae247a,Ford,9.23,0.0043336944745394,0.0390032502708558,0.0628385698808234,24.558000000000003,23.023000000000003,0.0,1.0
tw-46dedb7257f0,eBay,33.34,0.0071985602879422,0.0113977204559086,0.026994601079784,22.71,17.152,-0.1666666666666666,-1.0
tw-411e158054cc,Sony,6665.0,0.0154538634658664,-0.0331582895723931,-0.0136534133533383,33.078,21.812,0.0,-1.0
tw-38ad309886d0,CBS,56.55,-0.0008841732979663,0.0005305039787798,0.0026525198938993,10.928,18.07,-0.2708333333333333,-1.0
tw-709d90471553,Ford,9.23,0.0043336944745394,0.0390032502708558,0.0628385698808234,24.558000000000003,23.023000000000003,0.0,-1.0
tw-d1e361f06f30,Ford,9.23,0.0043336944745394,0.0390032502708558,0.0628385698808234,24.558000000000003,23.023000000000003,-0.25,-1.0
tw-f4f46113694c,Ford,9.23,0.0043336944745394,0.0390032502708558,0.0628385698808234,24.558000000000003,23.023000000000003,0.0,1.0
tw-451ef0cd0710,CBS,56.55,-0.0008841732979663,0.0005305039787798,0.0026525198938993,10.928,18.07,0.0,1.0
tw-dff130ee8dfd,eBay,33.34,0.0071985602879422,0.0113977204559086,0.026994601079784,22.71,17.152,0.0,1.0
tw-b4c00a9c2bcf,eBay,33.34,0.0071985602879422,0.0113977204559086,0.026994601079784,22.71,17.152,0.175,-1.0
tw-d3deda0706aa,Ford,9.23,0.0043336944745394,0.0390032502708558,0.0628385698808234,24.558000000000003,23.023000000000003,0.0,1.0
tw-26fd44ac93e2,Ford,9.23,0.0043336944745394,0.0390032502708558,0.0628385698808234,24.558000000000003,23.023000000000003,0.0,1.0
tw-e9c1625fc5f4,Ford,9.23,0.0043336944745394,0.0390032502708558,0.0628385698808234,24.558000000000003,23.023000000000003,0.0,1.0
tw-1da3a355a8b5,Ford,9.23,0.0043336944745394,0.0390032502708558,0.0628385698808234,24.558000000000003,23.023000000000003,0.5,1.0
tw-93fa0b95dcc8,Disney,116.04,-0.0071527059634609,-0.0281799379524302,-0.0380903136849362,15.626,13.085,0.35,1.0
tw-d45f9821fbc2,Microsoft,114.41,-0.0037584127261602,0.0022725286251202,-0.0073420155580806,15.51,16.136,0.5,1.0
tw-e7a75d0fab37,eBay,33.34,0.0071985602879422,0.0113977204559086,0.026994601079784,22.71,17.152,0.1363636363636363,-1.0
tw-1140cf45718a,Ford,9.23,0.0043336944745394,0.0390032502708558,0.0628385698808234,24.558000000000003,23.023000000000003,0.0,1.0
tw-d6eeb2bd37e2,Ford,9.23,0.0043336944745394,0.0390032502708558,0.0628385698808234,24.558000000000003,23.023000000000003,-0.5,-1.0
tw-10991db9ee99,Ford,9.23,0.0043336944745394,0.0390032502708558,0.0628385698808234,24.558000000000003,23.023000000000003,0.0,-1.0
tw-256bf26185c8,BMW,78.81,-0.0021570866641289,0.0595102144397918,0.08323816774521,37.64,24.647,-0.0212121212121212,-1.0
tw-497a47e3e29b,adidas,211.0,-0.0123222748815165,-0.0123222748815165,-0.0061611374407583,18.618,15.553,0.3333333333333333,1.0
tw-65f955c4df1e,Ford,9.23,0.0043336944745394,0.0390032502708558,0.0628385698808234,24.558000000000003,23.023000000000003,0.425,-1.0
tw-fa6089fe115f,Microsoft,114.41,-0.0037584127261602,0.0022725286251202,-0.0073420155580806,15.51,16.136,1.0,-1.0
tw-0a42ee83f779,Ford,9.23,0.0043336944745394,0.0390032502708558,0.0628385698808234,24.558000000000003,23.023000000000003,0.0,1.0
tw-f7df01e3179d,Ford,9.23,0.0043336944745394,0.0390032502708558,0.0628385698808234,24.558000000000003,23.023000000000003,0.0,1.0
tw-0f717e39a85e,Sony,6665.0,0.0154538634658664,-0.0331582895723931,-0.0136534133533383,33.078,21.812,0.1363636363636363,1.0
tw-727d3ae87e2f,Ford,9.23,0.0043336944745394,0.0390032502708558,0.0628385698808234,24.558000000000003,23.023000000000003,0.0,1.0
tw-129be9aaaab4,Ford,9.23,0.0043336944745394,0.0390032502708558,0.0628385698808234,24.558000000000003,23.023000000000003,0.0,-1.0
tw-f221e40ac461,Intel,45.88,-0.0039232781168264,0.0224498692240626,0.028770706190061,21.26,20.328,-0.2,1.0
tw-35be43b72ed8,Ford,9.23,0.0043336944745394,0.0390032502708558,0.0628385698808234,24.558000000000003,23.023000000000003,0.0,1.0
tw-ec10266fd2e3,Ford,9.23,0.0043336944745394,0.0390032502708558,0.0628385698808234,24.558000000000003,23.023000000000003,0.2,-1.0
tw-2735b9556792,Ford,9.23,0.0043336944745394,0.0390032502708558,0.0628385698808234,24.558000000000003,23.023000000000003,-0.6,-1.0
tw-518ebea5acff,Ford,9.23,0.0043336944745394,0.0390032502708558,0.0628385698808234,24.558000000000003,23.023000000000003,0.3181818181818182,1.0
tw-167c717e0a96,Ford,9.23,0.0043336944745394,0.0390032502708558,0.0628385698808234,24.558000000000003,23.023000000000003,0.0,1.0
tw-9a558064d003,Sony,6665.0,0.0154538634658664,-0.0331582895723931,-0.0136534133533383,33.078,21.812,0.0,-1.0
tw-c5d821237eb3,Walmart,94.13,0.0048868585998088,0.008392648464889,0.0172102411558483,8.852,11.833,0.0,-1.0
tw-cf41807a5aca,Ford,9.23,0.0043336944745394,0.0390032502708558,0.0628385698808234,24.558000000000003,23.023000000000003,0.0,1.0
tw-6240bf5d669a,Ford,9.23,0.0043336944745394,0.0390032502708558,0.0628385698808234,24.558000000000003,23.023000000000003,0.25,-1.0
tw-1720d9cb11f0,Ford,9.23,0.0043336944745394,0.0390032502708558,0.0628385698808234,24.558000000000003,23.023000000000003,0.25,-1.0
tw-42e77d8f24fb,PayPal,88.99,0.0096640071918193,0.0070794471288909,0.0180919204404989,18.979,22.722,0.0,1.0
tw-4e38e25626a2,Ford,9.23,0.0043336944745394,0.0390032502708558,0.0628385698808234,24.558000000000003,23.023000000000003,0.0,-1.0
tw-a976cac7af73,Netflix,380.71,-0.0074334795513645,-0.0291560505371541,-0.0403194032202988,40.101,40.226,0.0,-1.0
tw-e78e1bda4cc6,HP,25.63,0.0132657042528287,0.0093640265314085,0.0023410066328522,16.928,15.976,0.2,-1.0
tw-d38147c04da7,Ford,9.23,0.0043336944745394,0.0390032502708558,0.0628385698808234,24.558000000000003,23.023000000000003,0.0,-1.0
tw-6a22cda61831,Ford,9.23,0.0043336944745394,0.0390032502708558,0.0628385698808234,24.558000000000003,23.023000000000003,0.5,1.0
tw-41a40f0f962c,Ford,9.23,0.0043336944745394,0.0390032502708558,0.0628385698808234,24.558000000000003,23.023000000000003,-0.25,-1.0
tw-d7a6fff91318,Ford,9.23,0.0043336944745394,0.0390032502708558,0.0628385698808234,24.558000000000003,23.023000000000003,0.2,-1.0
tw-314ccebea80b,Ford,9.23,0.0043336944745394,0.0390032502708558,0.0628385698808234,24.558000000000003,23.023000000000003,0.0,-1.0
tw-a5cca925117b,Reuters,50.358,-0.005905715080027,-0.0061241510782796,-0.0045931133087097,6.807,12.842,0.0,-1.0
tw-1ef77fa1ceac,Ford,9.23,0.0043336944745394,0.0390032502708558,0.0628385698808234,24.558000000000003,23.023000000000003,-0.8,1.0
tw-b1c21bdcc751,Walmart,94.13,0.0048868585998088,0.008392648464889,0.0172102411558483,8.852,11.833,0.8,-1.0
tw-ad0ba6d99dfb,Next,5332.0,0.0127531882970742,-0.0390097524381095,-0.0018754688672168,48.468,28.088,0.0,1.0
tw-8b81549e45fd,Ford,9.23,0.0043336944745394,0.0390032502708558,0.0628385698808234,24.558000000000003,23.023000000000003,0.1287878787878787,1.0
tw-efc9261f85c6,Honda,3407.0,0.0058702670971529,0.0246551218080422,0.0032286469034341,27.024,22.739,0.0,-1.0
tw-f715b4c67d8f,Ford,9.23,0.0043336944745394,0.0390032502708558,0.0628385698808234,24.558000000000003,23.023000000000003,0.4,1.0
tw-8b626e154344,Ford,9.23,0.0043336944745394,0.0390032502708558,0.0628385698808234,24.558000000000003,23.023000000000003,0.4,1.0
tw-ef3a266f8e43,Ford,9.23,0.0043336944745394,0.0390032502708558,0.0628385698808234,24.558000000000003,23.023000000000003,0.0,-1.0
tw-0e5b784a7830,Ford,9.23,0.0043336944745394,0.0390032502708558,0.0628385698808234,24.558000000000003,23.023000000000003,0.0722222222222222,1.0
tw-4b49b76a2137,Ford,9.23,0.0043336944745394,0.0390032502708558,0.0628385698808234,24.558000000000003,23.023000000000003,0.0,1.0
tw-aa2fa0f0e525,Microsoft,114.41,-0.0037584127261602,0.0022725286251202,-0.0073420155580806,15.51,16.136,0.3390151515151515,1.0
tw-90a1255c44fb,CBS,56.55,-0.0008841732979663,0.0005305039787798,0.0026525198938993,10.928,18.07,0.25,-1.0
tw-3a0160b8bd3c,Microsoft,114.41,-0.0037584127261602,0.0022725286251202,-0.0073420155580806,15.51,16.136,0.0,-1.0
tw-c40d2ff16bce,Toyota,7008.0,0.0031392694063926,-0.0011415525114155,-0.0041381278538812,17.914,18.22,0.0,-1.0
tw-7b50a1e17372,Ford,9.23,0.0043336944745394,0.0390032502708558,0.0628385698808234,24.558000000000003,23.023000000000003,0.0,1.0
tw-f5e7f65ee65c,Ford,9.23,0.0043336944745394,0.0390032502708558,0.0628385698808234,24.558000000000003,23.023000000000003,0.0,-1.0
tw-d45d1afb3867,Ford,9.23,0.0043336944745394,0.0390032502708558,0.0628385698808234,24.558000000000003,23.023000000000003,-0.25,-1.0
tw-85fdcd465530,BMW,77.5,0.0169032258064516,0.0180645161290323,0.1061935483870968,38.133,25.035,0.0681818181818181,-1.0
tw-7b77102dc7d8,BMW,77.5,0.0169032258064516,0.0180645161290323,0.1061935483870968,38.133,25.035,0.0,-1.0
tw-0ae598992720,Ford,9.25,-0.0021621621621621,0.0151351351351351,0.0648648648648648,23.492,22.989,0.0,-1.0
tw-6fd262c1927f,CBS,57.45,-0.0156657963446476,-0.0156657963446476,-0.0123585726718886,13.102,18.511,0.0,-1.0
tw-d45c0ef7ea48,PayPal,87.84,0.0130919854280509,0.0250455373406193,0.0316484517304189,15.754,23.131,0.0,1.0
tw-d8c9cf84efe9,Ford,9.25,-0.0021621621621621,0.0151351351351351,0.0648648648648648,23.492,22.989,0.0,1.0
tw-c9bc599426a1,Next,5494.0,-0.0294867127775755,0.0043684018929741,-0.0535129231889333,51.157,29.38300000000001,0.0,-1.0
tw-149273609714,McDonald's,167.29,-0.0045430091457946,-0.0052603263793412,-0.0118955107896466,19.395,15.348,0.0,1.0
tw-bcac7d162354,Ford,9.25,-0.0021621621621621,0.0151351351351351,0.0648648648648648,23.492,22.989,0.0,1.0
tw-f5d2fee0cacb,Toyota,7095.0,-0.0122621564482029,0.0038054968287526,-0.0133897110641296,16.835,18.4,-0.8,-1.0
tw-77e6fb6d9077,Walmart,93.91,0.0023426685124054,0.012671706953466,0.0211905015440316,8.702,11.667,0.0,-1.0
tw-8d05b5b220f1,Ford,9.25,-0.0021621621621621,0.0151351351351351,0.0648648648648648,23.492,22.989,0.5,1.0
tw-90638e384375,eBay,33.02,0.0096910963052695,-0.0078740157480316,0.0308903694730465,22.738000000000003,17.202,-0.15,-1.0
tw-dc864c2d999f,HP,25.77,-0.0054326736515328,-0.0081490104772992,0.0023282887077997,16.822,15.387,0.4,1.0
tw-f3488be3aacd,Ford,9.25,-0.0021621621621621,0.0151351351351351,0.0648648648648648,23.492,22.989,0.0,-1.0
tw-bf7409eb9fbc,Amazon,2003.0,0.0049825262106839,-0.0142036944583125,-0.0439291063404892,20.709,22.946,0.140625,1.0
tw-1d9bbd4046f0,Walmart,93.91,0.0023426685124054,0.012671706953466,0.0211905015440316,8.702,11.667,0.6,-1.0
tw-5948964e9165,Ford,9.25,-0.0021621621621621,0.0151351351351351,0.0648648648648648,23.492,22.989,0.0,-1.0
tw-9a0cb93030fa,Samsung,46450.0,0.022604951560818,0.0204520990312163,0.0204520990312163,31.762,26.97,0.0,-1.0
tw-2ec775a64bc2,Reuters,50.3139,0.0008764973496391,0.0004372549136522,-0.0067854012509465,6.837999999999999,12.771,0.0,1.0
tw-3c40644e94c5,Sony,6966.0,-0.0432098765432098,-0.0442147573930519,-0.0749354005167958,39.149,24.595,0.0,1.0
tw-ea452af6f19c,Ford,9.25,-0.0021621621621621,0.0151351351351351,0.0648648648648648,23.492,22.989,0.0,-1.0
tw-57c141e93d1d,PayPal,87.84,0.0130919854280509,0.0250455373406193,0.0316484517304189,15.754,23.131,0.0,1.0
tw-e63e9eb32ceb,BMW,77.5,0.0169032258064516,0.0180645161290323,0.1061935483870968,38.133,25.035,0.0,1.0
tw-cc100b9411b4,Apple,225.74,-0.0034996013112431,-0.015726056525206,-0.0357933906263843,15.841,20.065,0.0,1.0
tw-2644d1a88d11,Walmart,93.91,0.0023426685124054,0.012671706953466,0.0211905015440316,8.702,11.667,0.0008888888888888,-1.0
tw-0f6d2d395486,Nike,84.72,-0.0021246458923511,0.0008262511803589,0.0097969782813975,20.47,20.016,0.0,1.0
tw-870cd74c0039,Ford,9.25,-0.0021621621621621,0.0151351351351351,0.0648648648648648,23.492,22.989,0.0,1.0
tw-e15125804f96,Facebook,164.46,0.0266326158336373,0.0027362276541407,-0.0093031740240788,26.211,23.132,0.0,-1.0
tw-27d6c77c8d10,Ford,9.25,-0.0021621621621621,0.0151351351351351,0.0648648648648648,23.492,22.989,0.1,-1.0
tw-281427bbc74a,Ford,9.25,-0.0021621621621621,0.0151351351351351,0.0648648648648648,23.492,22.989,0.0,-1.0
tw-b1d22d7a58df,Intel,47.29,-0.0298160287587227,-0.0291816451681117,-0.0133220554028336,26.281,22.372,-0.125,1.0
tw-af0d26be2c32,Netflix,374.13,0.0175874695961296,-0.0125624782829497,-0.0345869082939085,33.245,40.211,0.25,1.0
tw-9176565379a9,Reuters,50.3139,0.0008764973496391,0.0004372549136522,-0.0067854012509465,6.837999999999999,12.771,-0.1,1.0
tw-2a4c3e052e58,Ford,9.25,-0.0021621621621621,0.0151351351351351,0.0648648648648648,23.492,22.989,0.0,-1.0
tw-82452f5b76cf,Starbucks,56.84,0.0087966220971147,0.0010555946516536,0.0107318789584799,17.035,13.123,0.125,-1.0
tw-b00cc2b9fd5f,Ford,9.25,-0.0021621621621621,0.0151351351351351,0.0648648648648648,23.492,22.989,0.0,1.0
tw-76c10830d48c,Ford,9.25,-0.0021621621621621,0.0151351351351351,0.0648648648648648,23.492,22.989,0.0,1.0
tw-6b4c61987159,HP,25.77,-0.0054326736515328,-0.0081490104772992,0.0023282887077997,16.822,15.387,0.0,-1.0
tw-d024516a5df8,Sony,6966.0,-0.0432098765432098,-0.0442147573930519,-0.0749354005167958,39.149,24.595,0.375,1.0
tw-fc26b509f3cc,Ford,9.25,-0.0021621621621621,0.0151351351351351,0.0648648648648648,23.492,22.989,0.05,-1.0
tw-af59fc531bb8,PayPal,87.84,0.0130919854280509,0.0250455373406193,0.0316484517304189,15.754,23.131,1.0,1.0
tw-28dd54769540,CBS,57.45,-0.0156657963446476,-0.0156657963446476,-0.0123585726718886,13.102,18.511,0.0,1.0
tw-5db8bb891fb1,Ford,9.25,-0.0021621621621621,0.0151351351351351,0.0648648648648648,23.492,22.989,-0.1305555555555555,-1.0
tw-60b54855bbfe,Ford,9.25,-0.0021621621621621,0.0151351351351351,0.0648648648648648,23.492,22.989,0.4,1.0
tw-2e8b329eb43e,Ford,9.25,-0.0021621621621621,0.0151351351351351,0.0648648648648648,23.492,22.989,0.0,1.0
tw-5f9e38142598,Ford,9.25,-0.0021621621621621,0.0151351351351351,0.0648648648648648,23.492,22.989,0.5,1.0
tw-406093346d08,Facebook,164.46,0.0266326158336373,0.0027362276541407,-0.0093031740240788,26.211,23.132,0.25,1.0
tw-fbc2a2b1d793,Honda,3439.0,-0.0093050305321314,0.0223902297179412,0.0151206746147135,26.41,22.868,0.0,1.0
tw-3661a820cd15,Walmart,93.91,0.0023426685124054,0.012671706953466,0.0211905015440316,8.702,11.667,0.9,1.0
tw-1a573e47910e,HP,25.77,-0.0054326736515328,-0.0081490104772992,0.0023282887077997,16.822,15.387,0.0,1.0
tw-abeda7ad8c2e,McDonald's,167.29,-0.0045430091457946,-0.0052603263793412,-0.0118955107896466,19.395,15.348,0.0,1.0
tw-56377c734527,adidas,210.0,0.0047619047619047,0.0038095238095238,0.0028571428571428,15.963,15.472,0.46875,-1.0
tw-8f0091285fb9,Sony,6966.0,-0.0432098765432098,-0.0442147573930519,-0.0749354005167958,39.149,24.595,0.1,-1.0
tw-e123a023c607,Walmart,93.91,0.0,0.0072409754019806,0.0211905015440316,8.702,11.667,0.0749999999999999,-1.0
tw-b9028c020bf1,Amazon,2003.0,0.0,-0.014053919121318,-0.0439291063404892,20.709,22.946,0.7,1.0
tw-46926049f52a,Ford,9.25,0.0,0.0021621621621621,0.0648648648648648,23.492,22.989,0.0,1.0
tw-08f86d84631c,Starbucks,56.84,0.0,0.0075650950035186,0.0107318789584799,17.035,13.123,1.0,1.0
tw-01cc889139b1,McDonald's,167.29,0.0,-0.0091457947277183,-0.0118955107896466,19.395,15.348,0.5,1.0
tw-4190fabbab5f,Netflix,374.13,0.0,0.010023253949162,-0.0345869082939085,33.245,40.211,-0.625,-1.0
tw-bea5b373872d,Next,5494.0,0.0,-0.0171095740808154,-0.0535129231889333,51.157,29.38300000000001,0.0,-1.0
tw-7d87c5c3ce50,adidas,210.0,0.0,-0.0076190476190475,0.0028571428571428,15.963,15.472,0.2,-1.0
tw-ab3bc40773a2,adidas,210.0,0.0,-0.0076190476190475,0.0028571428571428,15.963,15.472,0.0,1.0
tw-b3521861ebd2,BMW,77.5,0.0,0.0147096774193548,0.1061935483870968,38.133,25.035,0.1866666666666666,1.0
tw-f8722b9baad6,Intel,47.29,0.0,-0.0336223303023894,-0.0133220554028336,26.281,22.372,0.1363636363636363,-1.0
tw-0fd8d0b9b135,adidas,210.0,0.0,-0.0076190476190475,0.0028571428571428,15.963,15.472,0.375,-1.0
tw-e71af59ffb63,Starbucks,56.84,0.0,0.0075650950035186,0.0107318789584799,17.035,13.123,0.0,-1.0
tw-f94b072978d9,HP,25.77,0.0,0.0077609623593325,0.0023282887077997,16.822,15.387,0.0,-1.0
tw-8ba95ad01d39,Samsung,46450.0,0.0,0.0204520990312163,0.0204520990312163,31.762,26.97,0.3250000000000001,1.0
tw-1d8d1b9cc27c,Netflix,374.13,0.0,0.010023253949162,-0.0345869082939085,33.245,40.211,-0.0666666666666666,-1.0
tw-735fb24d8925,CBS,57.45,0.0,-0.0165361183637946,-0.0123585726718886,13.102,18.511,0.1363636363636363,1.0
tw-c08b1de932e5,adidas,210.0,0.0,-0.0076190476190475,0.0028571428571428,15.963,15.472,0.0,-1.0
tw-2b881f9ba43e,Amazon,2003.0,0.0,-0.014053919121318,-0.0439291063404892,20.709,22.946,0.0,-1.0
tw-5b33649965aa,CBS,57.45,0.0,-0.0165361183637946,-0.0123585726718886,13.102,18.511,0.0,1.0
tw-2f78601f21f0,Walmart,93.91,0.0,0.0072409754019806,0.0211905015440316,8.702,11.667,0.0,1.0
tw-23bbebac63a3,HP,25.77,0.0,0.0077609623593325,0.0023282887077997,16.822,15.387,0.1363636363636363,-1.0
tw-f35f14e94f9a,Sony,6966.0,0.0,-0.0284237726098191,-0.0749354005167958,39.149,24.595,0.0,1.0
tw-402c308aae5a,Sony,6966.0,0.0,-0.0284237726098191,-0.0749354005167958,39.149,24.595,0.4,1.0
tw-190613306de6,Facebook,164.46,0.0,0.0151404596862457,-0.0093031740240788,26.211,23.132,0.0,-1.0
tw-53b9c5581dde,Apple,225.74,0.0,-0.0235669354124214,-0.0357933906263843,15.841,20.065,0.0,1.0
tw-dadc7a17c632,Starbucks,56.84,0.0,0.0075650950035186,0.0107318789584799,17.035,13.123,-0.3,-1.0
tw-af08ba32cb70,Disney,116.94,0.0,-0.0147939114075594,-0.0559261159569009,15.232,13.23,0.5,1.0
tw-cba2a3f65164,Reuters,50.3139,0.0,-0.0050343940740033,-0.0067854012509465,6.837999999999999,12.771,0.0,1.0
tw-0e2825471d50,adidas,210.0,0.0,-0.0076190476190475,0.0028571428571428,15.963,15.472,0.0,1.0
tw-0450ab261dc7,Honda,3439.0,0.0,-0.0034893864495492,0.0151206746147135,26.41,22.868,0.0,-1.0
tw-99c65f2d4670,adidas,210.0,0.0,-0.0076190476190475,0.0028571428571428,15.963,15.472,0.0,-1.0
tw-31613bf194ff,Ford,9.25,0.0,0.0021621621621621,0.0648648648648648,23.492,22.989,0.2,-1.0
tw-9e4f6f5889c5,Intel,47.29,0.0,-0.0336223303023894,-0.0133220554028336,26.281,22.372,0.225,-1.0
tw-fe8d0e62568a,Amazon,2003.0,0.0,-0.014053919121318,-0.0439291063404892,20.709,22.946,0.0,-1.0
tw-08740eae5cbc,Apple,225.74,0.0,-0.0235669354124214,-0.0357933906263843,15.841,20.065,0.2857142857142857,1.0
tw-9022453937e0,Toyota,7095.0,0.0,-0.0091613812544045,-0.0133897110641296,16.835,18.4,0.0,1.0
tw-9aa29f4c3928,Honda,3439.0,0.0,-0.0093050305321314,0.0151206746147135,26.41,22.868,-0.4,-1.0
tw-a77fb0a2a7c0,adidas,210.0,0.0,0.0047619047619047,0.0028571428571428,15.963,15.472,0.4340909090909091,1.0
tw-23e003970f82,Microsoft,114.37,0.0,0.0003497420652268,-0.0009617906793739,13.818,16.133,0.3666666666666667,1.0
tw-8b96cc6d60f5,Facebook,164.46,0.0,0.0266326158336373,-0.0093031740240788,26.211,23.132,0.0,1.0
tw-22dee42653c5,Intel,47.29,0.0,-0.0298160287587227,-0.0133220554028336,26.281,22.372,0.0,-1.0
tw-adcec643b16c,Intel,47.29,0.0,-0.0298160287587227,-0.0133220554028336,26.281,22.372,0.25,1.0
tw-c1a4c79650cb,McDonald's,167.29,0.0,-0.0045430091457946,-0.0118955107896466,19.395,15.348,0.1666666666666666,-1.0
tw-52e4456b450d,Ford,9.25,0.0,-0.0021621621621621,0.0648648648648648,23.492,22.989,-0.5,-1.0
tw-4409059ed2fd,Sony,6966.0,0.0,-0.0432098765432098,-0.0749354005167958,39.149,24.595,0.0,1.0
tw-3b05b52bd427,McDonald's,167.29,0.0,-0.0045430091457946,-0.0118955107896466,19.395,15.348,-0.175,-1.0
tw-e46d08b7724b,Apple,225.74,0.0,-0.0034996013112431,-0.0357933906263843,15.841,20.065,-0.075,1.0
tw-abb4c98dff7c,Google,1207.08,0.0,0.0002319647413592,-0.02896245484972,15.005,17.588,0.0,1.0
tw-8c06710573f9,Reuters,50.3139,0.0,0.0008764973496391,-0.0067854012509465,6.837999999999999,12.771,0.0,1.0
tw-eb3ace08eed9,Disney,116.94,0.0,-0.0076962544894817,-0.0559261159569009,15.232,13.23,0.0,1.0
tw-7478c62dc991,Facebook,164.46,0.0,0.0266326158336373,-0.0093031740240788,26.211,23.132,0.0,1.0
tw-927779510f44,Honda,3439.0,0.0,-0.0093050305321314,0.0151206746147135,26.41,22.868,-0.1083333333333333,1.0
tw-6df253fcd8e7,Starbucks,56.84,0.0,0.0087966220971147,0.0107318789584799,17.035,13.123,0.35,1.0
tw-8185f8a62f85,Walmart,93.91,0.0,0.0023426685124054,0.0211905015440316,8.702,11.667,0.0,-1.0
tw-448221abb3f1,Samsung,46450.0,0.0,0.022604951560818,0.0204520990312163,31.762,26.97,0.5,-1.0
tw-23dfee0c16c9,Starbucks,56.84,0.0,0.0087966220971147,0.0107318789584799,17.035,13.123,0.0,1.0
tw-7bf344a96b5e,Sony,6966.0,0.0,-0.0432098765432098,-0.0749354005167958,39.149,24.595,0.0324675324675324,-1.0
tw-fc9f600ecb6e,Ford,9.25,0.0,-0.0021621621621621,0.0648648648648648,23.492,22.989,0.5,-1.0
tw-ad14dcc55a5f,Facebook,164.46,0.0,0.0266326158336373,-0.0093031740240788,26.211,23.132,0.5,-1.0
tw-7a0fe3d22f91,Ford,9.25,0.0,-0.0021621621621621,0.0648648648648648,23.492,22.989,0.8,1.0
tw-0e271683f7f7,Amazon,2003.0,0.0,0.0049825262106839,-0.0439291063404892,20.709,22.946,0.0,1.0
tw-d225b8bed013,Toyota,7095.0,0.0,-0.0122621564482029,-0.0133897110641296,16.835,18.4,0.175,1.0
tw-13e33bc3fbe6,PayPal,87.84,0.0,0.0130919854280509,0.0316484517304189,15.754,23.131,0.0,-1.0
tw-cc73573152c8,CBS,57.45,0.0,-0.0156657963446476,-0.0123585726718886,13.102,18.511,0.0,-1.0
tw-08bc3061cc54,CBS,57.45,0.0,-0.0156657963446476,-0.0123585726718886,13.102,18.511,0.0,-1.0
tw-4beaa84ed72c,CBS,57.45,0.0,-0.0156657963446476,-0.0123585726718886,13.102,18.511,-0.4,-1.0
tw-43700d23c4db,CBS,57.45,0.0,-0.0156657963446476,-0.0123585726718886,13.102,18.511,0.1,1.0
tw-c037476c7479,Disney,116.94,0.0,-0.0076962544894817,-0.0559261159569009,15.232,13.23,0.0,1.0
tw-eb6cfc49ffdf,Facebook,164.46,0.0,0.0266326158336373,-0.0093031740240788,26.211,23.132,0.0,-1.0
tw-de803d2c3f88,Apple,225.74,0.0,-0.0034996013112431,-0.0357933906263843,15.841,20.065,0.7,1.0
tw-d5418b4d81ce,HP,25.77,0.0,-0.0054326736515328,0.0023282887077997,16.822,15.387,0.4,-1.0
tw-8fdb1886771e,Ford,9.25,0.0,-0.0021621621621621,0.0648648648648648,23.492,22.989,0.2,1.0
tw-80033d2e10ec,Walmart,93.91,0.0,0.0023426685124054,0.0211905015440316,8.702,11.667,0.2857142857142857,-1.0
tw-b5d923d5b8b2,Facebook,164.46,0.0,0.0266326158336373,-0.0093031740240788,26.211,23.132,0.0,1.0
tw-5baa58b13045,Walmart,93.91,0.0,0.0023426685124054,0.0211905015440316,8.702,11.667,0.0,-1.0
tw-4b80c4cae849,Intel,47.29,0.0,-0.0298160287587227,-0.0133220554028336,26.281,22.372,0.0,1.0
tw-e57807d830be,adidas,210.0,0.0,0.0047619047619047,0.0028571428571428,15.963,15.472,0.6,1.0
tw-d32aa8baeeaf,Ford,9.25,0.0,-0.0021621621621621,0.0648648648648648,23.492,22.989,0.5,-1.0
tw-7f190b59aa9c,Reuters,50.3139,0.0,0.0008764973496391,-0.0067854012509465,6.837999999999999,12.771,0.0,1.0
tw-09df5e24a266,CBS,57.45,0.0,-0.0156657963446476,-0.0123585726718886,13.102,18.511,0.0,1.0
tw-a18c7bf19976,Amazon,2003.0,0.0,0.0049825262106839,-0.0439291063404892,20.709,22.946,0.5,1.0
tw-731bb41da2a4,Toyota,7095.0,0.0,-0.0122621564482029,-0.0133897110641296,16.835,18.4,0.0462962962962962,1.0
tw-b476d87b1c70,McDonald's,166.67,0.0037199256014879,0.0037199256014879,-0.0201595968080637,19.605,15.406,0.175,1.0
tw-813976982315,McDonald's,166.67,0.0037199256014879,0.0037199256014879,-0.0201595968080637,19.605,15.406,0.1666666666666666,-1.0
tw-4eb12fa768d5,Reuters,49.9284,0.0077210565529837,0.0077210565529837,0.0024274761458407,7.945,13.033,0.0,1.0
tw-21cb61d82307,Ford,9.32,-0.0075107296137339,-0.0075107296137339,0.028969957081545,24.013,22.415,0.0,-1.0
tw-b917f0114f54,Google,1208.53,-0.0011998047214384,-0.0011998047214384,-0.023971270882808,15.052,17.519000000000002,0.2,1.0
tw-857b004da02a,Ford,9.32,-0.0075107296137339,-0.0075107296137339,0.028969957081545,24.013,22.415,0.0,-1.0
tw-bb807c1c90ba,Netflix,381.43,-0.0191385050992318,-0.0191385050992318,-0.0309886479825918,24.05,39.488,0.5,-1.0
tw-e46f14a6b9e3,Reuters,49.9284,0.0077210565529837,0.0077210565529837,0.0024274761458407,7.945,13.033,0.0666666666666666,1.0
tw-50ef04fdfe81,Sony,6879.0,0.0126471870911469,0.0126471870911469,-0.0632359354557348,37.054,24.963,0.0,-1.0
tw-709df20b24ab,Amazon,2004.36,-0.0006785208246023,-0.0006785208246023,-0.0349238659721806,19.528,22.897,0.1,-1.0
tw-c218b05d47cc,McDonald's,166.67,0.0037199256014879,0.0037199256014879,-0.0201595968080637,19.605,15.406,-0.625,-1.0
tw-ad39127b97d3,CBS,55.76,0.0303084648493544,0.0303084648493544,0.0147058823529411,20.928,20.862,0.0,-1.0
tw-1d7334e4712a,Facebook,162.44,0.0124353607485841,0.0124353607485841,0.018283673971928,27.384,23.286,0.0,1.0
tw-3511110ccb78,Amazon,2004.36,-0.0006785208246023,-0.0006785208246023,-0.0349238659721806,19.528,22.897,0.0,-1.0
tw-1edbed8eb2eb,HP,25.6,0.0066406249999999,0.0066406249999999,0.0105468749999999,17.524,15.58,0.0,1.0
tw-48b78dc96d36,Microsoft,115.61,-0.010725715768532,-0.010725715768532,-0.0081307845342098,14.055,16.1,0.0,1.0
tw-2037283252f9,Next,5434.0,0.0110415899889584,0.0110415899889584,-0.0570482149429517,51.496,29.574,0.0,-1.0
tw-34abd4f56541,Starbucks,55.58,0.0226700251889169,0.0226700251889169,0.0199712126664267,21.986,14.935,0.625,1.0
tw-3a2056bf7ea3,Honda,3434.0,0.0014560279557367,0.0014560279557367,0.0165987186953989,26.85,22.833,-0.1,1.0
tw-6939ddcbe046,Toyota,7060.0,0.0049575070821529,0.0049575070821529,-0.0084985835694051,17.357,18.484,0.275,-1.0
tw-2e980464bbc5,Ford,9.32,-0.0075107296137339,-0.0075107296137339,0.028969957081545,24.013,22.415,0.0,1.0
tw-3894d50a2b64,Starbucks,55.58,0.0226700251889169,0.0226700251889169,0.0199712126664267,21.986,14.935,0.0,1.0
tw-068568b3305c,Intel,46.45,0.0180839612486543,0.0180839612486543,0.0099031216361677,27.929,22.696,0.0,-1.0
tw-e2b72615ed00,eBay,32.51,0.0156874807751462,0.0156874807751462,0.0372193171331898,23.54,17.737000000000005,0.0,-1.0
tw-6ae169222832,Netflix,381.43,-0.0191385050992318,-0.0191385050992318,-0.0309886479825918,24.05,39.488,-0.075,1.0
tw-582fdc2bb477,Facebook,162.44,0.0124353607485841,0.0124353607485841,0.018283673971928,27.384,23.286,0.0,1.0
tw-509e29364350,Starbucks,55.58,0.0226700251889169,0.0226700251889169,0.0199712126664267,21.986,14.935,0.0,-1.0
tw-5f1d30cddfdf,Amazon,2004.36,-0.0006785208246023,-0.0006785208246023,-0.0349238659721806,19.528,22.897,-0.5,-1.0
tw-e6cf70e4f8fa,Nike,84.46,0.0030783802983661,0.0030783802983661,-0.0022495856026521,15.706,18.088,0.0,-1.0
tw-fde2c46f8a2d,eBay,32.51,0.0156874807751462,0.0156874807751462,0.0372193171331898,23.54,17.737000000000005,0.0,-1.0
tw-48a4f3a9d0ef,CBS,55.76,0.0303084648493544,0.0303084648493544,0.0147058823529411,20.928,20.862,0.0,1.0
tw-aab42ca47f73,CBS,55.76,0.0303084648493544,0.0303084648493544,0.0147058823529411,20.928,20.862,0.0,1.0
tw-90c6444d4ef3,McDonald's,166.67,0.0037199256014879,0.0037199256014879,-0.0201595968080637,19.605,15.406,0.1333333333333333,-1.0
tw-454e93b18a05,Disney,116.24,0.0060220233998623,0.0060220233998623,-0.0298520302821748,16.657,13.305,0.3944444444444444,1.0
tw-950a02341089,Facebook,162.44,0.0124353607485841,0.0124353607485841,0.018283673971928,27.384,23.286,0.3,1.0
tw-e55d3e19a203,HP,25.6,0.0066406249999999,0.0066406249999999,0.0105468749999999,17.524,15.58,0.1363636363636363,1.0
tw-b7309b1d1b01,Disney,116.24,0.0060220233998623,0.0060220233998623,-0.0298520302821748,16.657,13.305,0.0666666666666666,-1.0
tw-24a03a81afdb,Sony,6879.0,0.0126471870911469,0.0126471870911469,-0.0632359354557348,37.054,24.963,0.0,-1.0
tw-2dbd39c27df9,Sony,6879.0,0.0126471870911469,0.0126471870911469,-0.0632359354557348,37.054,24.963,0.05,-1.0
tw-ef0215f493dc,Walmart,94.4,-0.0051906779661017,-0.0051906779661017,0.0055084745762711,8.382,10.455,0.0,1.0
tw-f0014d5f8853,Honda,3434.0,0.0014560279557367,0.0014560279557367,0.0165987186953989,26.85,22.833,0.35,1.0
tw-60c2162764b2,Amazon,2004.36,-0.0006785208246023,-0.0006785208246023,-0.0349238659721806,19.528,22.897,-0.0333333333333333,-1.0
tw-1dcbbd78d4dc,Next,5434.0,0.0110415899889584,0.0110415899889584,-0.0570482149429517,51.496,29.574,0.0833333333333333,-1.0
tw-fcee0b4e1e4c,Ford,9.32,-0.0075107296137339,-0.0075107296137339,0.028969957081545,24.013,22.415,0.0,-1.0
tw-c33815fba3f0,Walmart,94.4,-0.0051906779661017,-0.0051906779661017,0.0055084745762711,8.382,10.455,0.0,-1.0
tw-cb39f5817dca,Ford,9.32,-0.0075107296137339,-0.0075107296137339,0.028969957081545,24.013,22.415,0.0,1.0
tw-2d05ac282c8d,Sony,6879.0,0.0126471870911469,0.0126471870911469,-0.0632359354557348,37.054,24.963,0.0,1.0
tw-9cce883d9fcb,Ford,9.32,-0.0075107296137339,-0.0075107296137339,0.028969957081545,24.013,22.415,0.0,-1.0
tw-0c1acd28867e,Sony,6879.0,0.0126471870911469,0.0126471870911469,-0.0632359354557348,37.054,24.963,0.25625,-1.0
tw-3ecc6658745d,PayPal,87.55,0.0033123929183324,0.0033123929183324,0.0236436322101657,13.755,23.151,1.0,1.0
tw-5aaca08462d2,Amazon,2004.36,-0.0006785208246023,-0.0006785208246023,-0.0349238659721806,19.528,22.897,0.0,1.0
tw-aee70635db65,Samsung,46350.0,0.0021574973031283,0.0021574973031283,0.0226537216828478,30.63300000000001,26.188,0.0,1.0
tw-2a358a849c82,Disney,116.24,0.0060220233998623,0.0060220233998623,-0.0298520302821748,16.657,13.305,1.0,1.0
tw-fe8ae6d8afdf,eBay,32.51,0.0156874807751462,0.0156874807751462,0.0372193171331898,23.54,17.737000000000005,0.0,-1.0
tw-6693345224dd,eBay,32.51,0.0156874807751462,0.0156874807751462,0.0372193171331898,23.54,17.737000000000005,0.1363636363636363,1.0
tw-609f7e69d909,Amazon,2004.36,-0.0006785208246023,-0.0006785208246023,-0.0349238659721806,19.528,22.897,0.0,1.0
tw-495333c4b605,Ford,9.32,-0.0075107296137339,-0.0075107296137339,0.028969957081545,24.013,22.415,0.25,1.0
tw-bfbdb585e3c8,HP,25.6,0.0066406249999999,0.0066406249999999,0.0105468749999999,17.524,15.58,0.1363636363636363,-1.0
tw-eba19ff8e6bf,HP,25.6,0.0066406249999999,0.0066406249999999,0.0105468749999999,17.524,15.58,0.8,1.0
tw-3cca080b12a8,Samsung,46350.0,0.0021574973031283,0.0021574973031283,0.0226537216828478,30.63300000000001,26.188,0.0,1.0
tw-01774101fc33,CBS,55.76,0.0303084648493544,0.0303084648493544,0.0147058823529411,20.928,20.862,0.0,1.0
tw-83c2ea97ff16,PayPal,87.55,0.0033123929183324,0.0033123929183324,0.0236436322101657,13.755,23.151,0.0,1.0
tw-4c36f4e1430d,Sony,6879.0,0.0126471870911469,0.0126471870911469,-0.0632359354557348,37.054,24.963,-0.1402777777777777,-1.0
tw-379a10c5106a,eBay,32.51,0.0156874807751462,0.0156874807751462,0.0372193171331898,23.54,17.737000000000005,0.0,1.0
tw-0a55898023a8,PayPal,87.55,0.0033123929183324,0.0033123929183324,0.0236436322101657,13.755,23.151,0.0,-1.0
tw-6a16077f44a3,Microsoft,115.61,-0.010725715768532,-0.010725715768532,-0.0081307845342098,14.055,16.1,0.0,-1.0
tw-74618326b2cf,Ford,9.32,-0.0075107296137339,-0.0075107296137339,0.028969957081545,24.013,22.415,0.0,-1.0
tw-538dba944b25,McDonald's,166.67,0.0037199256014879,0.0037199256014879,-0.0201595968080637,19.605,15.406,1.0,1.0
tw-7d1bad980e1f,Starbucks,55.58,0.0226700251889169,0.0226700251889169,0.0199712126664267,21.986,14.935,0.25,-1.0
tw-ad5017b0ff0a,HP,25.6,0.0066406249999999,0.0066406249999999,0.0105468749999999,17.524,15.58,0.0,-1.0
tw-68b3114d8fe9,Honda,3486.0,-0.0149168100975329,-0.0134825014343086,0.0086058519793459,26.104,23.2,0.0,-1.0
tw-cc95282992d1,Reuters,49.2786,0.0131862512327867,0.0210091195772607,0.0214555608316795,10.249,13.725,0.5,-1.0
tw-7956c7b3e799,Toyota,7175.0,-0.0160278745644599,-0.0111498257839721,-0.0073867595818815,17.340999999999998,18.847,0.25,1.0
tw-f78a4eb76d6f,Next,5354.0,0.0149420993649607,0.0261486738886813,0.0306313036981695,51.58600000000001,29.872,0.0,-1.0
tw-f2443b8b5d5f,Google,1207.64,0.0007369745950778,-0.0004637143519593,-0.0113858434632837,15.17,17.489,0.0,-1.0
tw-07e360bcc5fc,McDonald's,165.18,0.0090204625257293,0.0127739435767041,0.0074464220849981,21.075,15.629,0.8,-1.0
tw-12464934aa8f,McDonald's,165.18,0.0090204625257293,0.0127739435767041,0.0074464220849981,21.075,15.629,0.0,-1.0
tw-c97eb1da1876,HP,26.08,-0.01840490797546,-0.0118865030674846,-0.0199386503067484,19.701,16.354,0.1363636363636363,-1.0
tw-99f9b7e8c686,Intel,48.1,-0.0343035343035342,-0.0168399168399168,-0.0455301455301456,33.404,23.986,0.0,-1.0
tw-2332f6c22a57,Ford,9.2,0.0130434782608696,0.0054347826086957,0.0206521739130436,19.616,22.121,0.0,-1.0
tw-bfa96c5c5ce0,Walmart,95.15,-0.0078822911192853,-0.0130320546505518,-0.0005254860746191,9.672,10.755,0.8,1.0
tw-96f82a79d7cf,Ford,9.2,0.0130434782608696,0.0054347826086957,0.0206521739130436,19.616,22.121,0.0,1.0
tw-f7269f23ffc2,Facebook,159.33,0.0195192368041171,0.0321973263038975,0.0350216531726604,27.634,23.831,0.0,-1.0
tw-50c4006023a1,Nike,82.77,0.0204180258547782,0.0235592606016673,0.0244049776489067,18.367,18.958,0.0,-1.0
tw-92df999ceb66,Walmart,95.15,-0.0078822911192853,-0.0130320546505518,-0.0005254860746191,9.672,10.755,0.0,1.0
tw-ad3f336ddb1b,Amazon,1770.72,0.0344549109966567,-0.0055175295924821,-0.0290051504472757,51.804,34.387,0.3,-1.0
tw-1517afcd4f58,Toyota,6641.0,-0.0043668122270742,-0.0287607288059027,-0.0066255082065953,26.708,22.93,0.0,1.0
tw-bf7ae5d94aa8,Sony,6418.0,0.0124649423496416,-0.031162355874104,-0.0202555313181676,31.307,30.957,-0.2833333333333333,1.0
tw-e6e0d7407a7f,Toyota,6641.0,-0.0043668122270742,-0.0287607288059027,-0.0066255082065953,26.708,22.93,0.0,-1.0
tw-7184787d5d4d,Toyota,6641.0,-0.0043668122270742,-0.0287607288059027,-0.0066255082065953,26.708,22.93,0.0,1.0
tw-d0f13d51d59b,Disney,116.18,0.0081769667756927,-0.023584093647788,-0.0432948872439318,28.778,20.445,-0.6999999999999998,-1.0
tw-e8b1f7b3d823,Walmart,96.17,0.0040553187064573,-0.0244358947696787,-0.0233960694603306,25.599,16.607,-0.8,1.0
tw-970c4a699de5,Microsoft,108.5,0.0203686635944699,-0.008294930875576,-0.0238709677419355,44.754,27.567,0.0,1.0
tw-387234e2025b,Amazon,1770.72,0.0344549109966567,-0.0055175295924821,-0.0290051504472757,51.804,34.387,-0.175,1.0
tw-07770fc6b72f,Facebook,154.92,0.0290472501936483,-0.0090369222824682,-0.0101342628453394,35.673,27.967,0.3666666666666667,-1.0
tw-6425948748c7,Facebook,154.92,0.0290472501936483,-0.0090369222824682,-0.0101342628453394,35.673,27.967,-0.2,1.0
tw-e67726d806b6,Amazon,1770.72,0.0344549109966567,-0.0055175295924821,-0.0290051504472757,51.804,34.387,0.0,1.0
tw-c74be8768b97,CBS,56.17,-0.005518960299092,-0.0322236069076019,-0.0418372796866655,33.713,23.97,0.0,1.0
tw-383fe13aca63,eBay,31.55,0.0148969889064977,0.0098256735340728,-0.0047543581616482,34.121,23.542,0.0,1.0
tw-62d818012002,BMW,74.61,0.0103203323951212,0.0101863021042756,-0.0075056962873609,17.573,24.7,0.0,1.0
tw-91c9a35b768d,BMW,74.61,0.0103203323951212,0.0101863021042756,-0.0075056962873609,17.573,24.7,0.0,1.0
tw-364b8a2ed463,HP,23.77,0.004206983592764,-0.0088346655448044,-0.0319730753050062,38.187,28.051,0.35,1.0
tw-0c1262af4162,Starbucks,58.64,0.0078444747612551,-0.0322305593451569,-0.0644611186903138,33.193000000000005,21.983,0.0,-1.0
tw-486e06708ebf,Facebook,154.92,0.0290472501936483,-0.0090369222824682,-0.0101342628453394,35.673,27.967,0.0,-1.0
tw-0996927be847,Starbucks,58.64,0.0078444747612551,-0.0322305593451569,-0.0644611186903138,33.193000000000005,21.983,0.0,1.0
tw-00eac7b10687,eBay,31.55,0.0148969889064977,0.0098256735340728,-0.0047543581616482,34.121,23.542,0.6,-1.0
tw-d83b4c63b630,Next,5140.0,0.0070038910505836,0.0373540856031128,0.0221789883268482,35.412,35.384,0.0,1.0
tw-129f9fa2aeeb,Next,5140.0,0.0070038910505836,0.0373540856031128,0.0221789883268482,35.412,35.384,0.125,1.0
tw-68c47bb02b53,adidas,197.85,0.0214809198888046,-0.0126358352287086,-0.0300732878443264,37.796,25.137,0.0,1.0
tw-387cc9d260d6,Apple,216.02,0.0239329691695212,0.0062031293398759,-0.0072678455698547,40.787,29.559,0.0,-1.0
tw-7244aaf14046,PayPal,77.48,0.0336861125451729,-0.0032266391326794,-0.0203923593185337,54.56399999999999,34.209,0.25,-1.0
tw-59967d1b5d75,eBay,31.55,0.0148969889064977,0.0098256735340728,-0.0047543581616482,34.121,23.542,-0.25,-1.0
tw-ae0b15843f56,Reuters,51.6136,-0.0010675480881007,-0.0285951764651176,-0.0512151835950214,26.745,23.387,-0.2166666666666666,-1.0
tw-04a9ec5ab8ac,Toyota,6641.0,-0.0043668122270742,-0.0287607288059027,-0.0066255082065953,26.708,22.93,0.0,1.0
tw-a43bb1f4c10b,Facebook,154.92,0.0290472501936483,-0.0090369222824682,-0.0101342628453394,35.673,27.967,0.0,-1.0
tw-214310e41405,PayPal,77.48,0.0336861125451729,-0.0032266391326794,-0.0203923593185337,54.56399999999999,34.209,-0.0125,-1.0
tw-beba9bb79c6b,PayPal,77.48,0.0336861125451729,-0.0032266391326794,-0.0203923593185337,54.56399999999999,34.209,0.3666666666666667,-1.0
tw-195e2b360dce,McDonald's,166.81,-0.0002397937773514,-0.018823811522091,-0.0230202026257418,23.071,19.158,0.0,1.0
tw-f7acd1f6f068,BMW,74.61,0.0103203323951212,0.0101863021042756,-0.0075056962873609,17.573,24.7,0.0,-1.0
tw-0d66a9fd5d3d,Starbucks,58.64,0.0078444747612551,-0.0322305593451569,-0.0644611186903138,33.193000000000005,21.983,0.0,1.0
tw-f2280f78428e,Facebook,154.92,0.0290472501936483,-0.0090369222824682,-0.0101342628453394,35.673,27.967,0.05,1.0
tw-e3d9bd2ee53d,Apple,216.02,0.0239329691695212,0.0062031293398759,-0.0072678455698547,40.787,29.559,0.3,1.0
tw-ca4a894ad978,Walmart,96.17,0.0040553187064573,-0.0244358947696787,-0.0233960694603306,25.599,16.607,-0.3666666666666667,-1.0
tw-18da66d5d15c,Microsoft,108.5,0.0203686635944699,-0.008294930875576,-0.0238709677419355,44.754,27.567,0.0,-1.0
tw-f09d3453b6fd,Nike,75.6,0.0116402116402117,-0.008068783068783,-0.0144179894179892,46.003,30.349,0.4,-1.0
tw-d5de2d1d4861,HP,23.77,0.004206983592764,-0.0088346655448044,-0.0319730753050062,38.187,28.051,0.038095238095238,1.0
tw-405d4e7c8d9e,Reuters,51.6136,-0.0010675480881007,-0.0285951764651176,-0.0512151835950214,26.745,23.387,0.0,1.0
tw-979020022477,PayPal,77.48,0.0336861125451729,-0.0032266391326794,-0.0203923593185337,54.56399999999999,34.209,0.0,1.0
tw-e955692ebe06,Walmart,96.17,0.0040553187064573,-0.0244358947696787,-0.0233960694603306,25.599,16.607,0.0,1.0
tw-dde46244a840,PayPal,77.48,0.0336861125451729,-0.0032266391326794,-0.0203923593185337,54.56399999999999,34.209,0.1666666666666666,-1.0
tw-51a2fe792574,PayPal,77.48,0.0336861125451729,-0.0032266391326794,-0.0203923593185337,54.56399999999999,34.209,0.0,1.0
tw-fa5982cb6eeb,McDonald's,166.81,-0.0002397937773514,-0.018823811522091,-0.0230202026257418,23.071,19.158,0.0,1.0
tw-d57535f12633,Disney,116.18,0.0081769667756927,-0.023584093647788,-0.0432948872439318,28.778,20.445,0.0,1.0
tw-a863b592b782,Walmart,96.17,0.0040553187064573,-0.0244358947696787,-0.0233960694603306,25.599,16.607,0.0,-1.0
tw-659fdaf9000c,PayPal,77.48,0.0336861125451729,-0.0032266391326794,-0.0203923593185337,54.56399999999999,34.209,-0.0277777777777777,-1.0
tw-b81c536ccd6d,Reuters,51.6136,-0.0010675480881007,-0.0285951764651176,-0.0512151835950214,26.745,23.387,0.0,-1.0
tw-a05964a23ec0,Netflix,346.71,0.0518877448011306,-0.0391681809004643,-0.0738657667791524,77.507,51.917,0.1931818181818181,1.0
tw-a67a4a9523eb,PayPal,77.48,0.0336861125451729,-0.0032266391326794,-0.0203923593185337,54.56399999999999,34.209,0.3035714285714286,-1.0
tw-ee7af5fe02d0,Amazon,1770.72,0.0344549109966567,-0.0055175295924821,-0.0290051504472757,51.804,34.387,0.0,1.0
tw-da57ac83d56b,Netflix,346.71,0.0518877448011306,-0.0391681809004643,-0.0738657667791524,77.507,51.917,0.4166666666666667,1.0
tw-d5ec85f75874,Microsoft,108.5,0.0203686635944699,-0.008294930875576,-0.0238709677419355,44.754,27.567,0.0,-1.0
tw-506922c2ea20,Honda,3094.0,0.0009696186166774,-0.0268261150614091,-0.0029088558500323,31.351,29.662,0.4,-1.0
tw-7841ef36d24e,Toyota,6641.0,-0.0043668122270742,-0.0287607288059027,-0.0066255082065953,26.708,22.93,0.0,1.0
tw-b63930f15304,BMW,74.61,0.0103203323951212,0.0101863021042756,-0.0075056962873609,17.573,24.7,0.0,1.0
tw-51c737674472,Netflix,346.71,0.0518877448011306,-0.0391681809004643,-0.0738657667791524,77.507,51.917,0.7,1.0
tw-caadddeea5ff,Walmart,96.17,0.0040553187064573,-0.0244358947696787,-0.0233960694603306,25.599,16.607,0.3,-1.0
tw-902cfd8c14ed,Facebook,154.05,0.0056475170399219,0.030704316780266,-0.0020123336579032,35.723,27.856,0.0,-1.0
tw-05fc727de9d5,Sony,6341.0,0.0121431950796404,0.0023655574830468,-0.0130894180728591,31.647,31.111,-0.1008333333333333,1.0
tw-3bd1ed58cb57,Starbucks,58.66,-0.0003409478349811,-0.0144902829867029,-0.0376747357654277,32.89,21.99,0.0,1.0
tw-1e88c2a62365,Facebook,154.05,0.0056475170399219,0.030704316780266,-0.0020123336579032,35.723,27.856,0.0,-1.0
tw-8ed87de81234,BMW,74.53,0.0010733932644572,0.0210653428149737,0.0022809606869717,17.334,24.662,0.2541666666666666,1.0
tw-1da60152a630,Starbucks,58.66,-0.0003409478349811,-0.0144902829867029,-0.0376747357654277,32.89,21.99,1.0,1.0
tw-4f04ba6add67,Samsung,43900.0,0.0034168564920273,-0.0068337129840546,0.0022779043280182,32.129,28.458,0.0,1.0
tw-484a33d4727d,HP,23.84,-0.0029362416107382,0.0050335570469799,-0.0071308724832213,38.342,28.077,0.0,-1.0
tw-2cb03c98e23d,Facebook,154.05,0.0056475170399219,0.030704316780266,-0.0020123336579032,35.723,27.856,0.3666666666666667,1.0
tw-b358a39ee4c1,PayPal,84.78,-0.0861052134937484,-0.0491861288039632,-0.0678225996697334,73.23899999999998,44.284,-0.1875,-1.0
tw-29e29be2110b,Samsung,43900.0,0.0034168564920273,-0.0068337129840546,0.0022779043280182,32.129,28.458,1.0,-1.0
tw-3ff2a6927715,Facebook,154.05,0.0056475170399219,0.030704316780266,-0.0020123336579032,35.723,27.856,0.8,1.0
tw-b354f25eb6cc,McDonald's,167.49,-0.0040599438772464,-0.0204191295002687,-0.021911755925727,22.823,19.084,0.0,-1.0
tw-f02cb1bf61bf,Microsoft,108.66,-0.0014724829744155,0.0215350635008283,0.0083747469169887,44.559,27.373,0.3785714285714285,-1.0
tw-6ee77be96bcf,Toyota,6577.0,0.0097308803405808,-0.0083624752926866,0.0047133951649688,26.551,22.994,0.0,-1.0
tw-9c336d9a63cd,BMW,74.53,0.0010733932644572,0.0210653428149737,0.0022809606869717,17.334,24.662,0.0,1.0
tw-d97d64b123ec,McDonald's,167.49,-0.0040599438772464,-0.0204191295002687,-0.021911755925727,22.823,19.084,0.0,1.0
tw-0bb798013911,Disney,118.9,-0.0228763666947014,-0.0227922624053827,-0.0529015979814971,30.794,21.387,1.0,1.0
tw-a81d04fdc707,Facebook,154.05,0.0056475170399219,0.030704316780266,-0.0020123336579032,35.723,27.856,-0.125,1.0
tw-33c3d2503708,Honda,3065.0,0.0094616639477977,0.0009787928221859,0.0088091353996737,31.309,29.629,0.8,1.0
tw-c25ed0009d04,Amazon,1764.03,0.003792452509311,0.0317058099918936,0.0139340033899649,51.688,34.372,0.0,1.0
tw-533d3bde64ab,Reuters,51.3383,0.0053624681767803,-0.0047216210899074,-0.0208109734837343,26.602,23.466,0.16,-1.0
tw-4bf7fa156355,Reuters,51.3383,0.0053624681767803,-0.0047216210899074,-0.0208109734837343,26.602,23.466,0.425,1.0
tw-2cd56d97363d,Intel,44.0,0.0220454545454545,0.044090909090909,0.02,33.131,29.896,0.0,1.0
tw-d373551bee40,Next,5092.0,0.00942655145326,0.0428122545168892,0.0593087195600942,33.347,35.407,0.0,1.0
tw-1c3703f718fe,Disney,118.9,-0.0228763666947014,-0.0227922624053827,-0.0529015979814971,30.794,21.387,0.0,-1.0
tw-65cec756a864,Next,5092.0,0.00942655145326,0.0428122545168892,0.0593087195600942,33.347,35.407,0.1333333333333333,1.0
tw-8d90d16f5faf,Google,1105.18,-0.0065781139723845,0.0252447565102516,0.013898188530375,38.805,26.117,0.0,-1.0
tw-16c9f4368286,Toyota,6577.0,0.0097308803405808,-0.0083624752926866,0.0047133951649688,26.551,22.994,-0.25,1.0
tw-24859b2eadf8,CBS,57.2,-0.018006993006993,-0.0375874125874126,-0.0503496503496504,30.722,24.062,0.0,1.0
tw-21983892a0fb,Ford,8.5,0.0011764705882352,0.0352941176470589,0.0164705882352941,26.624,22.107,0.0,1.0
tw-bfc3303cd689,Intel,44.0,0.0220454545454545,0.044090909090909,0.02,33.131,29.896,0.8,1.0
tw-54095b36c1d5,Disney,118.9,-0.0228763666947014,-0.0227922624053827,-0.0529015979814971,30.794,21.387,0.25,1.0
tw-5ea062c8807d,Toyota,6577.0,0.0097308803405808,-0.0083624752926866,0.0047133951649688,26.551,22.994,0.05,1.0
tw-43bbdea37146,Toyota,6577.0,0.0097308803405808,-0.0083624752926866,0.0047133951649688,26.551,22.994,-0.3,1.0
tw-6d1ba6993093,Google,1105.18,-0.0065781139723845,0.0252447565102516,0.013898188530375,38.805,26.117,0.0,-1.0
tw-22545fad1eb0,adidas,203.0,-0.0253694581280788,-0.0128078817733989,-0.047783251231527,41.31399999999999,26.361,0.0,-1.0
tw-3a9ffb7e8ef2,Ford,8.5,0.0011764705882352,0.0352941176470589,0.0164705882352941,26.624,22.107,0.0,1.0
tw-6896a236d729,Reuters,51.3383,0.0053624681767803,-0.0047216210899074,-0.0208109734837343,26.602,23.466,-0.5,1.0
tw-b81ab591d595,adidas,203.0,-0.0253694581280788,-0.0128078817733989,-0.047783251231527,41.31399999999999,26.361,0.0,-1.0
tw-915208be945b,Toyota,6577.0,0.0097308803405808,-0.0083624752926866,0.0047133951649688,26.551,22.994,0.0,-1.0
tw-3e3ad8427fac,Walmart,97.15,-0.0100874935666495,-0.0137931034482758,-0.0240864642305713,25.056,16.55,0.2,1.0
tw-c4afa8ea239b,HP,23.84,-0.0029362416107382,0.0050335570469799,-0.0071308724832213,38.342,28.077,0.1363636363636363,-1.0
tw-2b88cfa7a5e6,Samsung,43900.0,0.0034168564920273,-0.0068337129840546,0.0022779043280182,32.129,28.458,0.0,1.0
tw-d80347ec1fd9,Apple,219.31,0.0,0.0085723405225479,0.01276731567188,42.1,29.662,-0.3,1.0
tw-205b6796ff13,McDonald's,167.49,0.0,-0.0042987641053197,-0.021911755925727,22.823,19.084,0.3666666666666667,1.0
tw-46990308890d,Reuters,51.3383,0.0,0.0042891953960299,-0.0208109734837343,26.602,23.466,0.0,-1.0
tw-382488d590da,BMW,74.53,0.0,0.0114048034348583,0.0022809606869717,17.334,24.662,0.16,-1.0
tw-fc2fd883fa86,Google,1105.18,0.0,0.0202772399066214,0.013898188530375,38.805,26.117,0.0,1.0
tw-fbbed6c44f66,PayPal,84.78,0.0,-0.0553196508610521,-0.0678225996697334,73.23899999999998,44.284,0.0,-1.0
tw-c32e6e7afba9,PayPal,84.78,0.0,-0.0553196508610521,-0.0678225996697334,73.23899999999998,44.284,0.75,1.0
tw-3ba2d20ccd68,Disney,118.9,0.0,-0.0148864592094197,-0.0529015979814971,30.794,21.387,0.0,1.0
tw-0ccd8c9e2d9c,Reuters,51.3383,0.0,0.0042891953960299,-0.0208109734837343,26.602,23.466,0.8,1.0
tw-cd9db5d2a625,Toyota,6577.0,0.0,0.0053215751862551,0.0047133951649688,26.551,22.994,0.0,-1.0
tw-8984da3b5a78,McDonald's,167.49,0.0,-0.0042987641053197,-0.021911755925727,22.823,19.084,0.0,-1.0
tw-f1c247f17bbb,Intel,44.0,0.0,0.0429545454545454,0.02,33.131,29.896,0.2556818181818182,1.0
tw-9375b63e8752,Disney,118.9,0.0,-0.0148864592094197,-0.0529015979814971,30.794,21.387,-0.475,-1.0
tw-d52942eb78cd,Disney,118.9,0.0,-0.0148864592094197,-0.0529015979814971,30.794,21.387,0.3,-1.0
tw-9f8b27cca69b,Facebook,154.05,0.0,0.0348588120740017,-0.0020123336579032,35.723,27.856,0.0,-1.0
tw-4d9ec0243190,Samsung,43900.0,0.0,0.0056947608200455,0.0022779043280182,32.129,28.458,-0.1,-1.0
tw-82695151edb2,PayPal,84.78,0.0,-0.0553196508610521,-0.0678225996697334,73.23899999999998,44.284,0.0,-1.0
tw-e5df474cb5f9,eBay,28.75,0.0,0.1137391304347827,0.1033043478260869,58.203,35.868,0.125,1.0
tw-2a84e93e118f,eBay,28.75,0.0,0.1137391304347827,0.1033043478260869,58.203,35.868,0.0,-1.0
tw-0c1b577f9c18,Starbucks,58.66,0.0,-0.0003409478349811,-0.0376747357654277,32.89,21.99,-0.1666666666666666,-1.0
tw-0a3f7bca7ca6,Intel,44.0,0.0,0.0220454545454545,0.02,33.131,29.896,0.1,-1.0
tw-940b5780ef1b,BMW,74.53,0.0,0.0010733932644572,0.0022809606869717,17.334,24.662,0.0,-1.0
tw-7392d85c10b8,Honda,3065.0,0.0,0.0094616639477977,0.0088091353996737,31.309,29.629,0.1,-1.0
tw-1aff47b3b32d,eBay,28.75,0.0,0.0973913043478261,0.1033043478260869,58.203,35.868,0.0,-1.0
tw-9253b6483e30,HP,23.84,0.0,-0.0029362416107382,-0.0071308724832213,38.342,28.077,0.5,1.0
tw-9f05d7c90510,eBay,28.75,0.0,0.0973913043478261,0.1033043478260869,58.203,35.868,0.1333333333333333,-1.0
tw-b967ef4da408,eBay,28.75,0.0,0.0973913043478261,0.1033043478260869,58.203,35.868,0.0,-1.0
tw-9313d3afd687,eBay,28.75,0.0,0.0973913043478261,0.1033043478260869,58.203,35.868,0.0,-1.0
tw-24fda5364dfb,eBay,28.75,0.0,0.0973913043478261,0.1033043478260869,58.203,35.868,0.1011904761904762,1.0
tw-e67337a2dd14,eBay,28.75,0.0,0.0973913043478261,0.1033043478260869,58.203,35.868,-0.4,-1.0
tw-acfecc217113,Apple,219.31,0.0,-0.0150015959144589,0.01276731567188,42.1,29.662,-0.125,1.0
tw-f6214316fb4e,Amazon,1764.03,0.0,0.003792452509311,0.0139340033899649,51.688,34.372,0.4375,-1.0
tw-cb2373dea2c7,Google,1105.18,0.0,-0.0065781139723845,0.013898188530375,38.805,26.117,-0.5,-1.0
tw-602bc46d1134,Toyota,6577.0,0.0,0.0097308803405808,0.0047133951649688,26.551,22.994,-0.2,-1.0
tw-414a26dc0882,Next,5092.0,0.0,0.00942655145326,0.0593087195600942,33.347,35.407,0.4,-1.0
tw-8ce3645b4d33,PayPal,84.78,0.0,-0.0861052134937484,-0.0678225996697334,73.23899999999998,44.284,0.0,-1.0
tw-eb7c61ebb5fd,Facebook,154.05,0.0,0.0056475170399219,-0.0020123336579032,35.723,27.856,-0.2916666666666667,1.0
tw-12a1b1b20f9a,CBS,57.2,0.0,-0.018006993006993,-0.0503496503496504,30.722,24.062,0.3,1.0
tw-4f08868910ca,Google,1105.18,0.0,-0.0065781139723845,0.013898188530375,38.805,26.117,0.0,1.0
tw-1d97902332bb,Netflix,332.67,0.0,0.0422039859320045,0.0207112153184837,80.447,53.359,0.0,-1.0
tw-a835893b5d3c,Disney,118.9,0.0,-0.0228763666947014,-0.0529015979814971,30.794,21.387,-0.5,1.0
tw-8dd15ba57bba,Walmart,97.15,0.0,-0.0100874935666495,-0.0240864642305713,25.056,16.55,0.2,-1.0
tw-889705819776,eBay,28.75,0.0,0.0973913043478261,0.1033043478260869,58.203,35.868,0.0,1.0
tw-0c3fc5de86f9,Netflix,332.67,0.0,0.0422039859320045,0.0207112153184837,80.447,53.359,0.0,1.0
tw-29609374fcaf,Reuters,51.3383,0.0,0.0053624681767803,-0.0208109734837343,26.602,23.466,0.0,-1.0
tw-5c01621f7482,Honda,3065.0,0.0,0.0094616639477977,0.0088091353996737,31.309,29.629,-0.125,1.0
tw-c79339739e50,CBS,57.2,0.0,-0.018006993006993,-0.0503496503496504,30.722,24.062,0.0,-1.0
tw-2d94f08a3aa0,Starbucks,58.66,0.0,-0.0003409478349811,-0.0376747357654277,32.89,21.99,0.0,1.0
tw-a1aac5dfba9e,Walmart,97.15,0.0,-0.0100874935666495,-0.0240864642305713,25.056,16.55,0.0,1.0
tw-4f1a03745b85,Intel,44.0,0.0,0.0220454545454545,0.02,33.131,29.896,0.0499999999999999,-1.0
tw-69684e0642c8,CBS,57.2,0.0,-0.018006993006993,-0.0503496503496504,30.722,24.062,0.25,-1.0
tw-681f45969c4b,Honda,3065.0,0.0,0.0094616639477977,0.0088091353996737,31.309,29.629,0.2857142857142857,-1.0
tw-1583e0dcd070,Nike,74.21,0.0,0.0187306292952432,0.0229079638862687,46.148,29.772,0.0,1.0
tw-250974ad07db,Toyota,6577.0,0.0,0.0097308803405808,0.0047133951649688,26.551,22.994,0.0,1.0
tw-80f0aabd84b3,Toyota,6577.0,0.0,0.0097308803405808,0.0047133951649688,26.551,22.994,-0.0659090909090909,1.0
tw-584d1e795982,Netflix,332.67,0.0,0.0422039859320045,0.0207112153184837,80.447,53.359,-0.6,1.0
tw-9de5b8a704ff,CBS,57.2,0.0,-0.018006993006993,-0.0503496503496504,30.722,24.062,0.0,1.0
tw-819b98496a76,Starbucks,58.66,0.0,-0.0003409478349811,-0.0376747357654277,32.89,21.99,-0.425,1.0
tw-2184eed395df,Next,5092.0,0.0,0.00942655145326,0.0593087195600942,33.347,35.407,0.0,1.0
tw-5b65cf6fb0e7,Apple,219.31,0.0,-0.0150015959144589,0.01276731567188,42.1,29.662,0.0,1.0
tw-ef2a1d8f0683,Ford,8.5,0.0,0.0011764705882352,0.0164705882352941,26.624,22.107,0.0,-1.0
tw-3d88c79a35c1,Google,1105.18,0.0,-0.0065781139723845,0.013898188530375,38.805,26.117,0.0,-1.0
tw-9cd0a56a9af5,Sony,6341.0,0.0,0.0121431950796404,-0.0130894180728591,31.647,31.111,0.4,-1.0
tw-1212c8402a08,adidas,203.0,0.0,-0.0253694581280788,-0.047783251231527,41.31399999999999,26.361,0.0,1.0
tw-de13cc8ac627,Sony,6341.0,0.0,0.0121431950796404,-0.0130894180728591,31.647,31.111,0.0,1.0
tw-7a28fc6dd829,Netflix,329.54,0.0094980882442192,0.0094980882442192,0.0108939734174909,79.116,52.925,0.0681818181818181,-1.0
tw-56748723db5d,Sony,6309.0,0.005072119194801,0.005072119194801,-0.0144238389602155,31.635,31.053,0.1363636363636363,1.0
tw-b481df4d4309,Sony,6309.0,0.005072119194801,0.005072119194801,-0.0144238389602155,31.635,31.053,0.8,1.0
tw-e9c79f196567,Reuters,51.7568,-0.0080858940274514,-0.0080858940274514,-0.0312828459255594,26.885,23.505,0.0,1.0
tw-7d8ac2f6e0ee,Walmart,97.14,0.0001029442042413,0.0001029442042413,-0.034177475808112,21.204,16.528,0.0,1.0
tw-1c9c8d919d0f,Amazon,1789.3,-0.0141228413346001,-0.0141228413346001,-0.0158441848767674,52.668,33.731,0.0,-1.0
tw-e65be062126d,Sony,6309.0,0.005072119194801,0.005072119194801,-0.0144238389602155,31.635,31.053,0.0,-1.0
tw-79c75c4335e2,eBay,28.49,0.0091260091260091,0.0091260091260091,0.1182871182871183,54.408,35.477,0.4,-1.0
tw-c2d5249e2f1a,HP,24.11,-0.0111986727498962,-0.0111986727498962,-0.0228121111571962,39.357,28.316,0.0,-1.0
tw-cfd5ab60cd01,Microsoft,109.63,-0.0088479430812733,-0.0088479430812733,-0.018516829335036,44.197,27.012,0.03125,1.0
tw-f56a23dec176,HP,24.11,-0.0111986727498962,-0.0111986727498962,-0.0228121111571962,39.357,28.316,0.1,-1.0
tw-4dd4e1b05b6a,Google,1111.37,-0.0055697022593734,-0.0055697022593734,-0.0080351278152189,39.089,25.831,0.0,-1.0
tw-4e28a2d8019f,Netflix,329.54,0.0094980882442192,0.0094980882442192,0.0108939734174909,79.116,52.925,0.1363636363636363,1.0
tw-8b10139d93e3,Walmart,97.14,0.0001029442042413,0.0001029442042413,-0.034177475808112,21.204,16.528,0.5,-1.0
tw-a84a9abcbf0b,Amazon,1789.3,-0.0141228413346001,-0.0141228413346001,-0.0158441848767674,52.668,33.731,0.0,-1.0
tw-8b515f9d03fb,Toyota,6549.0,0.0042754619025805,0.0042754619025805,-0.0151168117269812,22.085,22.91,-0.1,-1.0
tw-89f46a976003,Microsoft,109.63,-0.0088479430812733,-0.0088479430812733,-0.018516829335036,44.197,27.012,0.0,1.0
tw-de62af494139,Walmart,97.14,0.0001029442042413,0.0001029442042413,-0.034177475808112,21.204,16.528,0.225,1.0
tw-2a0598498e7c,Toyota,6549.0,0.0042754619025805,0.0042754619025805,-0.0151168117269812,22.085,22.91,0.0,-1.0
tw-36e68b22d7f7,Sony,6309.0,0.005072119194801,0.005072119194801,-0.0144238389602155,31.635,31.053,1.0,1.0
tw-098dc8aab190,Disney,118.27,0.005326794622474,0.005326794622474,-0.0408387587723006,30.92,21.189,0.0,-1.0
tw-e90dbfa4f6fa,Toyota,6549.0,0.0042754619025805,0.0042754619025805,-0.0151168117269812,22.085,22.91,-0.05,1.0
tw-874657923c59,Reuters,51.7568,-0.0080858940274514,-0.0080858940274514,-0.0312828459255594,26.885,23.505,0.0,1.0
tw-8071bc46a2d3,Sony,6309.0,0.005072119194801,0.005072119194801,-0.0144238389602155,31.635,31.053,0.0,-1.0
tw-f8acb5bcaadc,Next,5054.0,0.0075187969924812,0.0075187969924812,0.0550059358923624,32.019,35.397,0.25,1.0
tw-d017e83db744,Google,1111.37,-0.0055697022593734,-0.0055697022593734,-0.0080351278152189,39.089,25.831,0.0,-1.0
tw-ee618dc14557,Toyota,6549.0,0.0042754619025805,0.0042754619025805,-0.0151168117269812,22.085,22.91,0.1454545454545454,-1.0
tw-72c3bf6f9569,BMW,74.48,0.0006713211600429,0.0006713211600429,0.0119495166487647,17.183,24.669,0.0,-1.0
tw-82b6645a3134,Sony,6309.0,0.005072119194801,0.005072119194801,-0.0144238389602155,31.635,31.053,0.0,1.0
tw-083ec21e6271,Walmart,97.14,0.0001029442042413,0.0001029442042413,-0.034177475808112,21.204,16.528,0.0,1.0
tw-4b65ac0cea3c,Intel,45.01,-0.0224394578982447,-0.0224394578982447,-0.0106642968229281,36.744,29.43,1.0,1.0
tw-e4d2355cd69b,Facebook,154.78,-0.0047163716242407,-0.0047163716242407,-0.0081405866391006,35.76,27.657,0.0,1.0
tw-ce5f6f3f6872,CBS,56.8,0.0070422535211268,0.0070422535211268,-0.0429577464788732,30.75,24.175,0.4,-1.0
tw-7e33c621fab0,Intel,45.01,-0.0224394578982447,-0.0224394578982447,-0.0106642968229281,36.744,29.43,0.0,-1.0
tw-77bd25259030,Samsung,43550.0,0.0080367393800229,0.0080367393800229,0.0057405281285878,31.916,28.41800000000001,0.0,1.0
tw-6af57b18ce58,Toyota,6549.0,0.0042754619025805,0.0042754619025805,-0.0151168117269812,22.085,22.91,0.0,-1.0
tw-88ff4ca12a7e,Facebook,154.78,-0.0047163716242407,-0.0047163716242407,-0.0081405866391006,35.76,27.657,0.0,1.0
tw-6b934087a4a0,Netflix,329.54,0.0094980882442192,0.0094980882442192,0.0108939734174909,79.116,52.925,0.1363636363636363,-1.0
tw-ee70deb1c82a,Disney,118.27,0.005326794622474,0.005326794622474,-0.0408387587723006,30.92,21.189,0.1363636363636363,-1.0
tw-47fcc9aef907,Netflix,333.16,-0.0108656501380718,-0.0014707647976948,0.0397406651458757,63.246,51.55,-0.3125,-1.0
tw-f5862c85397f,adidas,199.4,0.0070210631895687,0.0180541624874623,0.0050150451354062,25.838,26.245,0.0,1.0
tw-e2a4d91b9ab6,Reuters,51.6356,0.0023472178109676,-0.0057576555709626,-0.0104520911928978,19.515,23.201,0.0,-1.0
tw-25ec23ed71b2,Walmart,97.8,-0.0067484662576686,-0.006646216768916,-0.0203476482617586,19.687,16.489,0.0,-1.0
tw-203f30d17b14,Disney,117.85,0.0035638523546881,0.0089096308867205,-0.0140857021637674,22.305,21.239,0.2,1.0
tw-b16d41766098,Netflix,333.16,-0.0108656501380718,-0.0014707647976948,0.0397406651458757,63.246,51.55,0.0,-1.0
tw-ce4ca31ef692,Apple,222.73,-0.009338661159251,-0.0153549140214609,-0.0026040497463295,31.695,28.617,0.4,-1.0
tw-83e33f09a540,BMW,74.49,-0.0001342462075445,0.0005369848301786,0.0216136394146865,12.76,24.589,0.0,-1.0
tw-d5e95f177b30,Sony,6184.0,0.0202134540750323,0.0253880983182406,0.0278137128072445,32.576,31.517,0.1363636363636363,-1.0
tw-82d577df21c2,Next,5094.0,-0.0078523753435414,-0.000392618767177,0.0424028268551236,32.341,35.391,0.0,1.0
tw-dcf721d49422,Toyota,6544.0,0.0007640586797066,0.0050427872860635,-0.003361858190709,22.151,22.696,-0.1,1.0
tw-36a6117e4dce,Microsoft,108.1,0.0141535615171137,0.0051803885291397,0.026827012025902,31.805,27.268,0.0,-1.0
tw-920ac71b5ba7,Disney,117.85,0.0035638523546881,0.0089096308867205,-0.0140857021637674,22.305,21.239,0.1,1.0
tw-dcf2824f92fd,McDonald's,177.15,-0.0593847022297488,-0.0545300592718035,-0.073835732430144,39.771,26.415,0.2,1.0
tw-36759afdaeb0,Microsoft,108.1,0.0141535615171137,0.0051803885291397,0.026827012025902,31.805,27.268,0.0,-1.0
tw-2dd151f15a1f,CBS,56.26,0.0095982936366867,0.0167081407749734,-0.0215072875933167,24.975,24.322,0.0,1.0
tw-1747ff2f9d50,Starbucks,58.81,0.0015303519809555,-0.0025505866349261,-0.0170039108995068,24.98,21.975,0.0,1.0
tw-95c4168a3247,Toyota,6544.0,0.0007640586797066,0.0050427872860635,-0.003361858190709,22.151,22.696,0.0,1.0
tw-5add5235e3e4,adidas,199.4,0.0070210631895687,0.0180541624874623,0.0050150451354062,25.838,26.245,0.0,1.0
tw-a9abf1e4dd3a,Walmart,97.8,-0.0067484662576686,-0.006646216768916,-0.0203476482617586,19.687,16.489,0.0,1.0
tw-0c0dcb54fa55,Honda,3011.0,0.0222517436067751,0.0179342411159083,0.0189305878445699,30.189,30.322,-0.1,-1.0
tw-4387b5449920,eBay,28.19,0.0106420716566157,0.0198652004256828,0.1440227030862007,50.797,35.345,0.0,1.0
tw-d14092bbaa7f,Amazon,1768.7,0.0116469723525752,-0.0026403573245887,0.0289817379996607,39.696,33.775,0.2663352272727272,1.0
tw-b785ad3669ab,Ford,8.59,-0.0209545983701978,-0.0104772991850989,0.0244470314318976,26.166,23.31,0.5,-1.0
tw-556a1b5aeb46,CBS,56.26,0.0095982936366867,0.0167081407749734,-0.0215072875933167,24.975,24.322,0.0,-1.0
tw-9490891cd32a,Facebook,154.39,0.0025260703413434,-0.002202215169376,0.0284344840987111,26.52,26.833,0.3222222222222222,1.0
tw-8d4f8b1504b9,Toyota,6544.0,0.0007640586797066,0.0050427872860635,-0.003361858190709,22.151,22.696,0.1704545454545454,-1.0
tw-334d64a18efb,eBay,28.19,0.0106420716566157,0.0198652004256828,0.1440227030862007,50.797,35.345,0.0,1.0
tw-fd5d1c1d3568,eBay,28.19,0.0106420716566157,0.0198652004256828,0.1440227030862007,50.797,35.345,0.0,-1.0
tw-d86cc74d72dc,Toyota,6544.0,0.0007640586797066,0.0050427872860635,-0.003361858190709,22.151,22.696,0.0,-1.0
tw-8ffef07a003d,Toyota,6578.0,-0.005168744299179,-0.0001520218911523,0.005168744299179,18.536,22.754,-0.1,1.0
tw-9a7eab297e90,Next,5120.0,-0.005078125,-0.00546875,0.0109375,23.521,35.286,0.0,-1.0
tw-ff9b8f262c60,Disney,111.61,0.0559089687304004,0.065316727891766,0.0494579338768927,38.086,27.054,0.5,-1.0
tw-d4d2e9946ce2,Sony,6208.0,-0.0038659793814432,0.0214239690721649,0.0467139175257732,23.89,31.532,0.0,1.0
tw-0edc21cd8c66,Next,5120.0,-0.005078125,-0.00546875,0.0109375,23.521,35.286,0.0,-1.0
tw-4ec95a27be97,Starbucks,58.06,0.0129176713744402,0.010334137099552,0.0179125043058904,22.529,22.416,-1.0,-1.0
tw-bdc485e59187,Toyota,6578.0,-0.005168744299179,-0.0001520218911523,0.005168744299179,18.536,22.754,0.0,1.0
tw-766ec29c54b5,PayPal,83.09,0.053917438921651,0.0203393910217835,-0.03610542784932,71.57600000000002,47.059,0.375,1.0
tw-3712415a5e40,Apple,215.09,0.035520014877493,0.0196196940815472,0.0283602213027104,37.484,29.511,0.5,1.0
tw-53ab7f818054,eBay,27.29,0.0329791132282888,0.0534994503481129,0.1733235617442288,51.743,35.956,0.0,-1.0
tw-8f25263d603d,eBay,27.29,0.0329791132282888,0.0534994503481129,0.1733235617442288,51.743,35.956,0.2,1.0
tw-fc9d4f24ef7b,eBay,27.29,0.0329791132282888,0.0534994503481129,0.1733235617442288,51.743,35.956,0.0,-1.0
tw-5a275184e3e6,eBay,27.29,0.0329791132282888,0.0534994503481129,0.1733235617442288,51.743,35.956,0.0,1.0
tw-bb6e17a7d479,eBay,27.29,0.0329791132282888,0.0534994503481129,0.1733235617442288,51.743,35.956,0.0,-1.0
tw-2730a9ed977e,Microsoft,102.32,0.0564894448788115,0.0619624706802189,0.0819976544175137,44.272,31.397,0.5,1.0
tw-720e30d82332,PayPal,83.09,0.053917438921651,0.0203393910217835,-0.03610542784932,71.57600000000002,47.059,0.0,1.0
tw-768bde350c0d,Disney,111.61,0.0559089687304004,0.065316727891766,0.0494579338768927,38.086,27.054,0.35,1.0
tw-79818d65cfe8,Intel,42.42,0.0490334747760489,0.0372465818010372,0.0818010372465817,39.805,32.496,0.0,-1.0
tw-77900ee17f25,Apple,215.09,0.035520014877493,0.0196196940815472,0.0283602213027104,37.484,29.511,0.0,-1.0
tw-69b4def3aac7,Disney,111.61,0.0559089687304004,0.065316727891766,0.0494579338768927,38.086,27.054,0.1363636363636363,1.0
tw-9eccfe4aab2f,BMW,72.01,0.0344396611581723,0.0349951395639494,0.04679905568671,22.125,25.26,0.0,-1.0
tw-818dad01fafd,Netflix,301.83,0.103800152403671,0.1021767219958255,0.2082960606964185,83.53399999999998,58.904,0.2,-1.0
tw-e8a79cc4995c,McDonald's,177.35,-0.0011277135607555,-0.0555962785452494,-0.0596560473639694,32.74,25.902,0.0,1.0
tw-066c1f6f5966,Reuters,51.0849,0.0107800935305735,0.0049603698940391,0.0092708412857812,19.335,23.332,0.4166666666666667,1.0
tw-ac4091145669,PayPal,83.09,0.053917438921651,0.0203393910217835,-0.03610542784932,71.57600000000002,47.059,0.0,1.0
tw-afd03682bb24,Netflix,301.83,0.103800152403671,0.1021767219958255,0.2082960606964185,83.53399999999998,58.904,0.0416666666666666,1.0
tw-c32b8679ed60,CBS,53.28,0.0559309309309308,0.0735735735735736,0.0484234234234233,35.649,28.712,0.2142857142857142,1.0
tw-9cc4a3a8a31a,Disney,111.61,0.0559089687304004,0.065316727891766,0.0494579338768927,38.086,27.054,0.0,1.0
tw-36260793de1c,eBay,27.29,0.0329791132282888,0.0534994503481129,0.1733235617442288,51.743,35.956,0.0,-1.0
tw-f4bf069f66b8,Ford,8.18,0.050122249388753,0.039119804400978,0.0709046454767726,35.889,26.979,0.2952380952380952,-1.0
tw-86e32842b8c6,Next,5120.0,-0.005078125,-0.00546875,0.0109375,23.521,35.286,0.7,1.0
tw-45fa2fedea30,Toyota,6578.0,-0.005168744299179,-0.0001520218911523,0.005168744299179,18.536,22.754,-0.1,-1.0
tw-aeb2cb844168,Toyota,6578.0,-0.005168744299179,-0.0001520218911523,0.005168744299179,18.536,22.754,0.0181818181818181,1.0
tw-0d04ffe13fae,adidas,199.15,0.0012553351744915,0.0193321616871704,0.0148129550590006,25.593000000000004,26.243,0.2444444444444445,1.0
tw-8befd59c188f,Disney,111.61,0.0559089687304004,0.065316727891766,0.0494579338768927,38.086,27.054,0.4166666666666666,-1.0
tw-b490a6bcd34e,McDonald's,177.35,-0.0011277135607555,-0.0555962785452494,-0.0596560473639694,32.74,25.902,0.0,1.0
tw-4a61d19a8182,eBay,27.29,0.0329791132282888,0.0534994503481129,0.1733235617442288,51.743,35.956,0.0,1.0
tw-ab272b63529b,Amazon,1664.2,0.0627929335416416,0.0599867804350438,0.1006669871409686,51.051,37.781,0.0,-1.0
tw-874c325282d3,Sony,6208.0,-0.0038659793814432,0.0214239690721649,0.0467139175257732,23.89,31.532,0.2272727272727273,-1.0
tw-0af29d280dc5,Next,5120.0,-0.005078125,-0.00546875,0.0109375,23.521,35.286,0.1,1.0
tw-ad529e6c29e1,Disney,111.61,0.0559089687304004,0.065316727891766,0.0494579338768927,38.086,27.054,0.0,-1.0
tw-71fd1e9d4194,eBay,27.29,0.0329791132282888,0.0534994503481129,0.1733235617442288,51.743,35.956,-0.1027272727272727,-1.0
tw-b938ed3f6ab1,PayPal,83.09,0.053917438921651,0.0203393910217835,-0.03610542784932,71.57600000000002,47.059,0.0,1.0
tw-9ff82864ea8b,eBay,27.29,0.0329791132282888,0.0534994503481129,0.1733235617442288,51.743,35.956,0.0,-1.0
tw-49c6df11dbf0,Ford,8.18,0.050122249388753,0.039119804400978,0.0709046454767726,35.889,26.979,0.0,1.0
tw-4d1299099256,Starbucks,58.06,0.0129176713744402,0.010334137099552,0.0179125043058904,22.529,22.416,0.625,1.0
tw-287c6b1d4605,adidas,199.15,0.0012553351744915,0.0193321616871704,0.0148129550590006,25.593000000000004,26.243,0.25,-1.0
tw-849187c27f48,Honda,3019.0,-0.002649884067572,0.0152368333885392,0.0258363696588274,23.484,30.34,0.0,-1.0
tw-a8eaa4059492,Apple,215.09,0.035520014877493,0.0196196940815472,0.0283602213027104,37.484,29.511,0.0,1.0
tw-be83980f4ec9,McDonald's,177.35,-0.0011277135607555,-0.0555962785452494,-0.0596560473639694,32.74,25.902,0.0,-1.0
tw-a135318f9a99,Next,5134.0,-0.0027269185820023,-0.0155823918971562,0.0011686793922867,16.337,35.254,0.0,-1.0
tw-e9972ec56943,Reuters,51.173,-0.0017216110058039,0.0114083598772789,0.0086100091845308,14.315,23.313,0.0,-1.0
tw-c69e67242a9d,PayPal,85.96,-0.033387622149837,-0.0061656584457885,-0.0986505351326197,70.766,48.214,0.0,1.0
tw-0424db28c986,Google,1103.59,-0.0421080292499932,0.007049719551645,-0.0051468389528718,45.94300000000001,32.761,0.75,-1.0
tw-b6044eabefee,Microsoft,108.3,-0.0552169898430286,0.0122807017543859,0.0018467220683287,51.68600000000001,36.169,0.0,1.0
tw-c4a410f50777,PayPal,85.96,-0.033387622149837,-0.0061656584457885,-0.0986505351326197,70.766,48.214,0.0,1.0
tw-9f8aedb1fc2e,Google,1103.59,-0.0421080292499932,0.007049719551645,-0.0051468389528718,45.94300000000001,32.761,0.0,-1.0
tw-44cf05f7428b,Sony,5869.0,0.0577611177372635,0.0749701823138524,0.0935423411143295,38.017,35.348,-0.6,-1.0
tw-5476cfc497c5,McDonald's,175.31,0.0116365295761792,-0.0495122925104101,-0.0484855399007472,34.625,25.995,0.0,1.0
tw-555643ae646d,Walmart,99.18,-0.0163339382940109,-0.0205686630369026,-0.0303488606573906,16.406,16.773,0.4166666666666667,1.0
tw-d52b749f8306,Amazon,1642.81,0.0,0.0130203736281128,0.0737882043571685,74.59100000000002,49.036,0.125,-1.0
tw-eb97a5b30654,Google,1083.75,0.0,-0.0245720876585929,0.0197739331026528,46.145,32.869,0.0,1.0
tw-9eb688053e73,Walmart,98.94,0.0,-0.0139478471801091,-0.0180917727915907,14.375,16.814,0.0,-1.0
tw-d8d6e4813a9a,Walmart,98.94,0.0,-0.0139478471801091,-0.0180917727915907,14.375,16.814,0.0,-1.0
tw-201ed0a20762,Sony,5834.0,0.0,0.0641069592046623,0.0869043537881385,38.02,35.322,0.0,1.0
tw-4e0c97be73b6,Netflix,299.83,0.0,0.0066704465863989,0.109528732948671,81.178,60.422,0.0,1.0
tw-5f3fcbfc1ce1,Reuters,50.6003,0.0,0.0095770183180732,0.0145848937654519,15.882,23.586,0.0,-1.0
tw-14b627a98fcf,PayPal,83.37,0.0,-0.0033585222502099,0.0169125584742712,71.995,48.559,0.6000000000000001,-1.0
tw-aac3e02b2f66,Netflix,299.83,0.0,0.0066704465863989,0.109528732948671,81.178,60.422,0.475,-1.0
tw-2f76d2d95352,Amazon,1642.81,0.0,0.0130203736281128,0.0737882043571685,74.59100000000002,49.036,0.0,-1.0
tw-1022248f3211,eBay,27.34,0.0,-0.0018288222384784,0.0515727871250914,54.536,37.821,0.6,1.0
tw-162753cb9924,eBay,27.34,0.0,-0.0018288222384784,0.0515727871250914,54.536,37.821,0.1,1.0
tw-c5cf62b53fdf,Sony,5834.0,0.0,0.0641069592046623,0.0869043537881385,38.02,35.322,0.0,-1.0
tw-5f3b91628144,HP,23.13,0.0,-0.0030263726761781,0.030696065715521,34.341,32.496,0.0,-1.0
tw-1c057b98eb59,Amazon,1642.81,0.0,0.0130203736281128,0.0737882043571685,74.59100000000002,49.036,0.8,1.0
tw-66087f8cf0d6,Microsoft,106.96,0.0,-0.0433807030665669,0.0158937920718025,51.17100000000001,36.208,0.6,-1.0
tw-3b60672e4aa6,Walmart,98.94,0.0,-0.0139478471801091,-0.0180917727915907,14.375,16.814,0.0,-1.0
tw-1b35a9fb37e1,Disney,113.19,0.0,-0.0139588302853608,0.0504461524869688,39.594,27.697,1.0,1.0
tw-61443ac8c0c5,Microsoft,106.96,0.0,-0.0433807030665669,0.0158937920718025,51.17100000000001,36.208,0.0,1.0
tw-0c4cfe5729ae,Toyota,6534.0,0.0,0.0067340067340067,0.0065809611264156,22.825,24.429,0.4931818181818182,1.0
tw-769b2ba1c446,McDonald's,173.34,0.0,0.0231337256259374,-0.033748701973001,35.876,25.647,0.3,-1.0
tw-4967571e70c8,Disney,113.19,0.0,-0.0139588302853608,0.0504461524869688,39.594,27.697,0.0,-1.0
tw-9a1b1c01546a,CBS,53.83,0.0,-0.0102173509195615,0.0626044956344046,39.262,30.053,-0.5,-1.0
tw-e61434a92e3d,HP,23.13,0.0,-0.0030263726761781,0.030696065715521,34.341,32.496,-0.1666666666666666,-1.0
tw-b4b10191837d,CBS,53.83,0.0,-0.0102173509195615,0.0626044956344046,39.262,30.053,-0.1,1.0
tw-a26b6822b5b1,Microsoft,106.96,0.0,-0.0433807030665669,0.0158937920718025,51.17100000000001,36.208,0.0,1.0
tw-59290e4ef597,HP,23.13,0.0,-0.0030263726761781,0.030696065715521,34.341,32.496,-0.2,-1.0
tw-2696ece5d860,Samsung,41000.0,0.0,0.0378048780487804,0.0707317073170731,21.489,28.528,0.4,-1.0
tw-eea97837c43f,Amazon,1642.81,0.0,0.0130203736281128,0.0737882043571685,74.59100000000002,49.036,-0.1,-1.0
tw-49b7041df948,Reuters,50.6003,0.0,0.0095770183180732,0.0145848937654519,15.882,23.586,0.0,1.0
tw-7c9e64625b6f,Amazon,1642.81,0.0,0.0130203736281128,0.0737882043571685,74.59100000000002,49.036,0.1,1.0
tw-bab5dfc86883,Sony,5834.0,0.0,0.0641069592046623,0.0869043537881385,38.02,35.322,0.1496212121212121,-1.0
tw-c37c91c2a142,Apple,216.3,0.0,-0.0055940822931114,0.0139158576051779,32.993,29.44400000000001,0.0,-1.0
tw-ccfba8b1aa4e,Disney,113.19,0.0,0.0085696616308861,0.0504461524869688,39.594,27.697,0.0,1.0
tw-d7e9a9193452,Amazon,1642.81,0.0,0.0848302603466013,0.0737882043571685,74.59100000000002,49.036,0.0,1.0
tw-d3e2bc476e96,eBay,27.34,0.0,0.0263350402340892,0.0515727871250914,54.536,37.821,0.3,1.0
tw-aac2b7dbb341,eBay,27.34,0.0,0.0263350402340892,0.0515727871250914,54.536,37.821,0.1363636363636363,1.0
tw-8418b268cfd5,adidas,203.4,0.0,0.0181907571288101,-0.0019665683382497,34.584,29.036,0.25,1.0
tw-9f2a45d45c6b,Nike,72.07,0.0,0.0142916608852504,0.0296933536839184,29.794,30.882,0.0833333333333333,1.0
tw-864ca5c46035,CBS,53.83,0.0,0.0157904514211406,0.0626044956344046,39.262,30.053,0.0,-1.0
tw-59a91f58c1da,BMW,74.9,0.0,-0.0054739652870495,-0.0049399198931909,29.12,27.912,0.0,1.0
tw-f46878ab5cf6,Amazon,1642.81,0.0,0.0848302603466013,0.0737882043571685,74.59100000000002,49.036,0.0,1.0
tw-66e23d74b7de,CBS,53.83,0.0,0.0157904514211406,0.0626044956344046,39.262,30.053,0.0,-1.0
tw-de0c1ea85091,Facebook,145.37,0.0,0.0383848111714933,0.0597097062667676,48.724,34.649,0.0,-1.0
tw-ff9fd8f2df45,Next,5162.0,0.0,-0.0054242541650523,-0.0135606354126307,16.831,35.275,0.0,1.0
tw-9605bdf4b0ec,Samsung,41000.0,0.0,0.0,0.0707317073170731,21.489,28.528,0.0,-1.0
tw-9c3e700637c1,Samsung,41000.0,0.0,0.0,0.0707317073170731,21.489,28.528,0.0,-1.0
tw-95d3e99047ad,PayPal,83.37,0.0,0.0310663308144415,0.0169125584742712,71.995,48.559,0.0333333333333333,1.0
tw-85a128068e58,Reuters,50.6003,0.0,0.0113181147147349,0.0145848937654519,15.882,23.586,0.0,1.0
tw-56c89e5bf048,Netflix,299.83,0.0,0.0434913117433212,0.109528732948671,81.178,60.422,0.2828125,1.0
tw-7f304eda77ce,PayPal,83.37,0.0,0.0310663308144415,0.0169125584742712,71.995,48.559,-0.275,1.0
tw-f772938953e0,Reuters,50.6003,0.0,0.0113181147147349,0.0145848937654519,15.882,23.586,0.0,1.0
tw-5c8bed9309f5,Toyota,6426.0,0.0168067226890756,0.0168067226890756,0.019140989729225,23.861,24.162,0.0,-1.0
tw-1e7cb2b90a38,BMW,75.73,-0.0109599894361547,-0.0109599894361547,-0.01650600818698,29.288,28.103,0.0,-1.0
tw-87f64eb9a392,Samsung,41400.0,-0.0096618357487922,-0.0096618357487922,0.0519323671497584,23.375,28.728,0.0,-1.0
tw-6c16ad5d5f1c,McDonald's,173.23,0.0006349939386943,0.0006349939386943,-0.0380996363216532,36.023,25.618,-0.2,1.0
tw-2bb551225911,Honda,2985.0,-0.0025125628140703,-0.0025125628140703,0.0311557788944723,24.699,31.06900000000001,0.1363636363636363,1.0
tw-6e3b2e5e3241,Apple,212.24,0.0191292875989446,0.0191292875989446,0.039624952883528,31.249,29.962,-0.0833333333333333,1.0
tw-eaef7fac591e,Apple,212.24,0.0191292875989446,0.0191292875989446,0.039624952883528,31.249,29.962,0.0,-1.0
tw-cba87235aa77,Google,1034.73,0.0473746774520889,0.0473746774520889,0.0740676311694837,47.898,35.27,0.55,-1.0
tw-128d4d2ab2d6,eBay,26.82,0.0193885160328113,0.0193885160328113,0.0622669649515286,51.611,37.935,0.0,1.0
tw-1191811bb3c6,eBay,26.82,0.0193885160328113,0.0193885160328113,0.0622669649515286,51.611,37.935,0.0,1.0
tw-2bb790c83041,eBay,26.82,0.0193885160328113,0.0193885160328113,0.0622669649515286,51.611,37.935,0.175,-1.0
tw-c3bc9737fdfb,eBay,26.82,0.0193885160328113,0.0193885160328113,0.0622669649515286,51.611,37.935,0.425,-1.0
tw-e310b9c076be,HP,23.02,0.0047784535186793,0.0047784535186793,0.0473501303214595,32.388000000000005,32.388000000000005,0.0,-1.0
tw-10dd22609056,Samsung,41400.0,-0.0096618357487922,-0.0096618357487922,0.0519323671497584,23.375,28.728,0.0,-1.0
tw-7f326ccfa55d,CBS,54.13,-0.0055422131904674,-0.0055422131904674,0.0493256973951597,38.64,29.981,-0.5,-1.0
tw-08c0923bbe38,Starbucks,58.37,-0.0051396265204727,-0.0051396265204727,0.0090800068528353,19.881,23.202,0.0,-1.0
tw-73604a3c5451,BMW,75.73,-0.0109599894361547,-0.0109599894361547,-0.01650600818698,29.288,28.103,0.0,-1.0
tw-fea7c6900c6b,PayPal,81.15,0.0273567467652495,0.0273567467652495,0.0527418361059766,70.947,48.917,0.0,-1.0
tw-0790cd5c773d,PayPal,81.15,0.0273567467652495,0.0273567467652495,0.0527418361059766,70.947,48.917,0.4,-1.0
tw-078a02b594e6,BMW,75.73,-0.0109599894361547,-0.0109599894361547,-0.01650600818698,29.288,28.103,0.1363636363636363,1.0
tw-1da955d9edaa,Disney,113.04,0.0013269639065816,0.0013269639065816,0.0462668082094832,36.806,27.707,-0.125,1.0
tw-fdf605b95b23,adidas,204.4,-0.0048923679060665,-0.0048923679060665,-0.0176125244618395,32.201,28.69400000000001,0.0,1.0
tw-97eec91d27e7,Honda,2985.0,-0.0025125628140703,-0.0025125628140703,0.0311557788944723,24.699,31.06900000000001,0.0,1.0
tw-589f91e18a74,Reuters,50.0275,0.0114497026635349,0.0114497026635349,0.0345669881565138,12.837,23.833,-0.2,-1.0
tw-1ab06c820fa6,Nike,72.19,-0.0016622800941959,-0.0016622800941959,0.0375398254605902,20.449,29.659,0.0,1.0
tw-665563ae2743,McDonald's,173.23,0.0006349939386943,0.0006349939386943,-0.0380996363216532,36.023,25.618,-0.1625,-1.0
tw-b3b0b326541c,Honda,2985.0,-0.0025125628140703,-0.0025125628140703,0.0311557788944723,24.699,31.06900000000001,0.4,1.0
tw-bf7485b52257,McDonald's,173.23,0.0006349939386943,0.0006349939386943,-0.0380996363216532,36.023,25.618,0.0,1.0
tw-aa6303f952bc,Facebook,142.09,0.0230839608698712,0.0230839608698712,0.0893095925117882,42.854,35.125,0.0,1.0
tw-cb16a51b1a2b,PayPal,81.15,0.0273567467652495,0.0273567467652495,0.0527418361059766,70.947,48.917,0.4333333333333333,1.0
tw-43b2db62654a,eBay,26.82,0.0193885160328113,0.0193885160328113,0.0622669649515286,51.611,37.935,0.1363636363636363,-1.0
tw-31b91c7e6946,Netflix,284.84,0.0526260356691476,0.0526260356691476,0.1569302064316811,77.245,59.56800000000001,0.0,1.0
tw-446d87f78f8c,BMW,75.73,-0.0109599894361547,-0.0109599894361547,-0.01650600818698,29.288,28.103,0.5,1.0
tw-1f8f19fbc719,Samsung,41400.0,-0.0096618357487922,-0.0096618357487922,0.0519323671497584,23.375,28.728,0.1875,1.0
tw-d728ce5b9174,Microsoft,103.85,0.0299470389985556,0.0299470389985556,0.0556571978815599,49.276,36.971,0.0,-1.0
tw-a17a55e0693a,adidas,204.4,-0.0048923679060665,-0.0048923679060665,-0.0176125244618395,32.201,28.69400000000001,0.0,-1.0
tw-a69c52229c53,adidas,204.4,-0.0048923679060665,-0.0048923679060665,-0.0176125244618395,32.201,28.69400000000001,0.2666666666666666,1.0
tw-960e22ec2e34,Apple,212.24,0.0191292875989446,0.0191292875989446,0.039624952883528,31.249,29.962,0.023538961038961,1.0
tw-12adf8dfc7ff,Walmart,99.8,-0.0086172344689378,-0.0086172344689378,-0.0266533066132264,11.386,16.889,0.0,1.0
tw-cadd2f0ba79b,Apple,212.24,0.0191292875989446,0.0191292875989446,0.039624952883528,31.249,29.962,0.0,-1.0
tw-827b63af982e,Apple,213.3,-0.0049695264885138,0.0140646976090014,0.0442100328176276,31.718000000000004,30.011,0.0,-1.0
tw-76873d7b25e3,Sony,5862.0,-0.0102354145342886,-0.004776526782668,0.0549300580006823,30.629,33.301,0.0,1.0
tw-03879c393c7b,Toyota,6485.0,-0.0090979182729375,0.0075558982266769,0.0090979182729375,23.017,24.145,0.0,1.0
tw-b091fca7b90d,HP,23.67,-0.0274609209970427,-0.0228136882129278,0.0114068441064638,36.764,33.635,0.0,-1.0
tw-6a4fedc0b744,PayPal,80.9,0.0030902348578491,0.03053152039555,0.0824474660074164,70.858,48.916,0.0,1.0
tw-5466e2010c55,Next,5306.0,-0.0120618168111571,-0.0271390878251036,-0.0399547681869581,14.347,35.546,0.0,-1.0
tw-5dbc111e8e77,HP,23.67,-0.0274609209970427,-0.0228136882129278,0.0114068441064638,36.764,33.635,0.5,-1.0
tw-9da1f49507be,eBay,27.42,-0.0218818380743983,-0.0029175784099198,0.0280816921954777,56.25899999999999,38.887,0.0,1.0
tw-289e94f1f79e,Amazon,1530.42,0.0055278943035245,0.0734373570653806,0.1556958220619176,74.85300000000002,51.705,0.2333333333333333,1.0
tw-081876b9b736,eBay,27.42,-0.0218818380743983,-0.0029175784099198,0.0280816921954777,56.25899999999999,38.887,0.0,-1.0
tw-974f0a308f5c,Reuters,50.6113,-0.0115349734150278,-0.0002173427673267,0.020238563324791,13.632,24.041,0.2,-1.0
tw-cf0cd4716ad4,Apple,213.3,-0.0049695264885138,0.0140646976090014,0.0442100328176276,31.718000000000004,30.011,0.1363636363636363,-1.0
tw-b11ea93fa78a,Microsoft,103.73,0.001156849513159,0.0311385327292007,0.0421286031042127,49.328,36.831,0.0625,1.0
tw-6713f88954f1,Intel,47.76,-0.0494137353433835,-0.0433417085427135,-0.0682579564489111,54.365,39.413,0.0,1.0
tw-8a9e2c59971d,Starbucks,58.59,-0.0037549069807135,-0.0088752346816863,0.0037549069807134,15.563,23.167,0.7,1.0
tw-60a802d024cf,Walmart,102.42,-0.0255809412224175,-0.0339777387229057,-0.0451083772700644,16.214000000000002,18.35,0.3333333333333333,-1.0
tw-289eafa60bd9,Facebook,146.22,-0.0282451101080563,-0.0058131582546846,0.0558747093420871,47.683,35.937,-0.0714285714285714,1.0
tw-38b6b1f30de5,Sony,5862.0,-0.0102354145342886,-0.004776526782668,0.0549300580006823,30.629,33.301,0.0616666666666666,1.0
tw-2f68651b5046,Apple,213.3,-0.0049695264885138,0.0140646976090014,0.0442100328176276,31.718000000000004,30.011,0.0,-1.0
tw-f84985d80d36,Microsoft,103.73,0.001156849513159,0.0311385327292007,0.0421286031042127,49.328,36.831,0.0681818181818181,1.0
tw-f7b9ce80aa4b,Walmart,102.42,-0.0255809412224175,-0.0339777387229057,-0.0451083772700644,16.214000000000002,18.35,0.0,1.0
tw-16980edcac6f,HP,23.67,-0.0274609209970427,-0.0228136882129278,0.0114068441064638,36.764,33.635,0.1363636363636363,-1.0
tw-0593f797d26d,Nike,74.51,-0.0311367601664207,-0.0327472822439942,-0.0155683800832104,29.06,31.66,0.0,-1.0
tw-9ab021c48be5,Starbucks,58.59,-0.0037549069807135,-0.0088752346816863,0.0037549069807134,15.563,23.167,0.0,1.0
tw-168f36b86777,Facebook,146.22,-0.0282451101080563,-0.0058131582546846,0.0558747093420871,47.683,35.937,0.0,1.0
tw-0ec4dfbbafde,Amazon,1530.42,0.0055278943035245,0.0734373570653806,0.1556958220619176,74.85300000000002,51.705,0.0,-1.0
tw-4c074c6adccd,Next,5306.0,-0.0120618168111571,-0.0271390878251036,-0.0399547681869581,14.347,35.546,0.125,1.0
tw-7ea7b17066c3,Starbucks,58.59,-0.0037549069807135,-0.0088752346816863,0.0037549069807134,15.563,23.167,0.0,1.0
tw-00cb116bfbf0,Starbucks,58.59,-0.0037549069807135,-0.0088752346816863,0.0037549069807134,15.563,23.167,0.3125,1.0
tw-654af300d628,Intel,47.76,-0.0494137353433835,-0.0433417085427135,-0.0682579564489111,54.365,39.413,0.0,-1.0
tw-f4f09c181a29,CBS,56.24,-0.0375177809388335,-0.0428520625889047,0.0003556187766713,43.676,32.162,0.1,1.0
tw-55154f15db56,McDonald's,178.49,-0.0294694380637571,-0.02885315703961,-0.0075074233850636,37.972,26.796,-0.2,1.0
tw-114a57feee3e,Reuters,50.6113,-0.0115349734150278,-0.0002173427673267,0.020238563324791,13.632,24.041,-0.1,1.0
tw-1fbf0a43be86,Intel,47.76,-0.0494137353433835,-0.0433417085427135,-0.0682579564489111,54.365,39.413,0.5,-1.0
tw-3fee1e6a0c43,Microsoft,103.73,0.001156849513159,0.0311385327292007,0.0421286031042127,49.328,36.831,0.0,1.0
tw-4ddd4461602b,Sony,5862.0,-0.0102354145342886,-0.004776526782668,0.0549300580006823,30.629,33.301,0.0,-1.0
tw-f763bc3b0a0c,Amazon,1530.42,0.0055278943035245,0.0734373570653806,0.1556958220619176,74.85300000000002,51.705,0.0,-1.0
tw-31f2666511c6,Microsoft,103.73,0.001156849513159,0.0311385327292007,0.0421286031042127,49.328,36.831,0.0,-1.0
tw-b4e732927874,PayPal,80.9,0.0030902348578491,0.03053152039555,0.0824474660074164,70.858,48.916,0.0,1.0
tw-4b5a5ba322bc,Facebook,146.22,-0.0282451101080563,-0.0058131582546846,0.0558747093420871,47.683,35.937,-0.1333333333333333,-1.0
tw-84681e2b2cfe,BMW,76.87,-0.0148302328606738,-0.0256276831013399,-0.0309613633407052,29.799,28.388,0.0,-1.0
tw-a021ef087280,PayPal,80.9,0.0030902348578491,0.03053152039555,0.0824474660074164,70.858,48.916,0.0,-1.0
tw-4c7109668bcf,Apple,213.3,-0.0049695264885138,0.0140646976090014,0.0442100328176276,31.718000000000004,30.011,0.375,1.0
tw-85cfd51fe8d9,Samsung,42350.0,-0.0224321133412042,-0.0318772136953955,0.0165289256198347,26.398000000000003,29.6,0.75,1.0
tw-b2efd279b8b7,Facebook,146.22,-0.0282451101080563,-0.0058131582546846,0.0558747093420871,47.683,35.937,0.0,1.0
tw-e72a29e2990a,Google,1049.51,-0.014082762431992,0.0326247486922468,0.0623147945231585,49.636,35.57,0.8,1.0
tw-578ea9817d9a,Facebook,146.22,-0.0282451101080563,-0.0058131582546846,0.0558747093420871,47.683,35.937,0.25,1.0
tw-bdfadd3ca265,HP,23.67,-0.0274609209970427,-0.0228136882129278,0.0114068441064638,36.764,33.635,0.8,1.0
tw-2fe50d025e84,Facebook,146.22,-0.0282451101080563,-0.0058131582546846,0.0558747093420871,47.683,35.937,0.175,-1.0
tw-6bfda9d5f1e7,Reuters,50.6113,-0.0115349734150278,-0.0002173427673267,0.020238563324791,13.632,24.041,0.0,1.0
tw-08dec62ad2b1,Walmart,102.42,-0.0255809412224175,-0.0339777387229057,-0.0451083772700644,16.214000000000002,18.35,0.4454545454545455,1.0
tw-37fb826e5ba8,McDonald's,178.49,-0.0294694380637571,-0.02885315703961,-0.0075074233850636,37.972,26.796,0.7000000000000001,1.0
tw-7321753b2ddb,HP,23.67,-0.0274609209970427,-0.0228136882129278,0.0114068441064638,36.764,33.635,0.8,-1.0
tw-6cde9b56fed1,eBay,29.03,-0.05545986910093,-0.058215638994144,-0.0599379951774027,69.068,43.409,0.0,1.0
tw-5822645ba4d9,McDonald's,176.9,0.0089881288863765,-0.0201243640474844,0.0025438100621819,38.858,26.997,0.0,1.0
tw-82499f9d2d99,Reuters,51.3272,-0.0139477703829548,-0.0141620817032684,-0.0047206939010894,16.152,24.38,0.0,1.0
tw-859658d69bcd,Samsung,42400.0,-0.0011792452830188,-0.0330188679245283,0.0035377358490566,26.562,29.462,0.45,-1.0
tw-1cf0c639b966,Facebook,151.79,-0.0366954344818498,-0.0422952763686671,-0.0378812833519994,52.117,37.464,0.0,1.0
tw-b2aaf0682531,eBay,29.03,-0.05545986910093,-0.058215638994144,-0.0599379951774027,69.068,43.409,0.4,1.0
